year,state_abbreviation,net_generation_mwh,co2e_kg_per_mwh,reported_co2e_kg_per_mwh,co2_kg_per_mwh,provider_gwp_basis,harmonized_gwp_basis,source_file,source_field,technology,use_phase_kgco2e_per_vcore_year,embodied_kgco2e_per_vcore_year,total_kgco2e_per_vcore_year,embodied_share_pct,regret_vs_lowest_pct
2012,AK,6928294.496,494.2599499802626,494.3179380358594,493.14717390357555,IPCC SAR GWP100,IPCC AR5 GWP100; CH4=28 and N2O=265,eGRID2012_Data.xlsx,"ST12!STCO2AN, STCH4AN, STN2OAN, STNGENAN; reported comparison from STC2ERTA",Air-cooled,31.236833206135465,3.5104211643502636,34.74725437048573,10.102729634177976,26.027699147237705
2012,AK,6928294.496,494.2599499802626,494.3179380358594,493.14717390357555,IPCC SAR GWP100,IPCC AR5 GWP100; CH4=28 and N2O=265,eGRID2012_Data.xlsx,"ST12!STCO2AN, STCH4AN, STN2OAN, STNGENAN; reported comparison from STC2ERTA",Cold plate,26.524145761557634,2.9474308328855217,29.471576594443157,10.000926904742713,6.892905805936733
2012,AK,6928294.496,494.2599499802626,494.3179380358594,493.14717390357555,IPCC SAR GWP100,IPCC AR5 GWP100; CH4=28 and N2O=265,eGRID2012_Data.xlsx,"ST12!STCO2AN, STCH4AN, STN2OAN, STNGENAN; reported comparison from STC2ERTA",One-phase,26.001885664870066,3.049789121460012,29.05167478633008,10.497808280901774,5.369929107403526
2012,AK,6928294.496,494.2599499802626,494.3179380358594,493.14717390357555,IPCC SAR GWP100,IPCC AR5 GWP100; CH4=28 and N2O=265,eGRID2012_Data.xlsx,"ST12!STCO2AN, STCH4AN, STN2OAN, STNGENAN; reported comparison from STC2ERTA",Two-phase,24.751795007905166,2.819329915902762,27.57112492380793,10.225661534282352,0.0
2012,AL,153105216.953,454.3730409055167,454.5841777966787,452.5257823164536,IPCC SAR GWP100,IPCC AR5 GWP100; CH4=28 and N2O=265,eGRID2012_Data.xlsx,"ST12!STCO2AN, STCH4AN, STN2OAN, STNGENAN; reported comparison from STC2ERTA",Air-cooled,28.717068489118187,3.5104211643502636,32.22748965346845,10.892629870016753,26.01422593416047
2012,AL,153105216.953,454.3730409055167,454.5841777966787,452.5257823164536,IPCC SAR GWP100,IPCC AR5 GWP100; CH4=28 and N2O=265,eGRID2012_Data.xlsx,"ST12!STCO2AN, STCH4AN, STN2OAN, STNGENAN; reported comparison from STC2ERTA",Cold plate,24.384536851846878,2.9474308328855217,27.3319676847324,10.783822324405689,6.872014794933334
2012,AL,153105216.953,454.3730409055167,454.5841777966787,452.5257823164536,IPCC SAR GWP100,IPCC AR5 GWP100; CH4=28 and N2O=265,eGRID2012_Data.xlsx,"ST12!STCO2AN, STCH4AN, STN2OAN, STNGENAN; reported comparison from STC2ERTA",One-phase,23.904405627700747,3.049789121460012,26.95419474916076,11.314710566729023,5.394867037946538
2012,AL,153105216.953,454.3730409055167,454.5841777966787,452.5257823164536,IPCC SAR GWP100,IPCC AR5 GWP100; CH4=28 and N2O=265,eGRID2012_Data.xlsx,"ST12!STCO2AN, STCH4AN, STN2OAN, STNGENAN; reported comparison from STC2ERTA",Two-phase,22.755155357138214,2.819329915902762,25.574485273040978,11.02399475806742,0.0
2012,AR,65005677.87300001,561.1093914393774,561.4238710069459,558.5029552729593,IPCC SAR GWP100,IPCC AR5 GWP100; CH4=28 and N2O=265,eGRID2012_Data.xlsx,"ST12!STCO2AN, STCH4AN, STN2OAN, STNGENAN; reported comparison from STC2ERTA",Air-cooled,35.45989455253693,3.5104211643502636,38.97031571688719,9.007936168269419,26.04637764413804
2012,AR,65005677.87300001,561.1093914393774,561.4238710069459,558.5029552729593,IPCC SAR GWP100,IPCC AR5 GWP100; CH4=28 and N2O=265,eGRID2012_Data.xlsx,"ST12!STCO2AN, STCH4AN, STN2OAN, STNGENAN; reported comparison from STC2ERTA",Cold plate,30.110075678741143,2.9474308328855217,33.05750651162666,8.916071246477348,6.921867916313462
2012,AR,65005677.87300001,561.1093914393774,561.4238710069459,558.5029552729593,IPCC SAR GWP100,IPCC AR5 GWP100; CH4=28 and N2O=265,eGRID2012_Data.xlsx,"ST12!STCO2AN, STCH4AN, STN2OAN, STNGENAN; reported comparison from STC2ERTA",One-phase,29.517208667052476,3.049789121460012,32.56699778851249,9.364661554820316,5.3353565777717105
2012,AR,65005677.87300001,561.1093914393774,561.4238710069459,558.5029552729593,IPCC SAR GWP100,IPCC AR5 GWP100; CH4=28 and N2O=265,eGRID2012_Data.xlsx,"ST12!STCO2AN, STCH4AN, STN2OAN, STNGENAN; reported comparison from STC2ERTA",Two-phase,28.098112096521113,2.819329915902762,30.917442012423876,9.118897723718026,0.0
2012,AZ,110614113.36099999,482.5465316272703,482.790167687186,480.6223546248839,IPCC SAR GWP100,IPCC AR5 GWP100; CH4=28 and N2O=265,eGRID2012_Data.xlsx,"ST12!STCO2AN, STCH4AN, STN2OAN, STNGENAN; reported comparison from STC2ERTA",Air-cooled,30.496864655897014,3.5104211643502636,34.007285820247276,10.322556121959686,26.023949309589355
2012,AZ,110614113.36099999,482.5465316272703,482.790167687186,480.6223546248839,IPCC SAR GWP100,IPCC AR5 GWP100; CH4=28 and N2O=265,eGRID2012_Data.xlsx,"ST12!STCO2AN, STCH4AN, STN2OAN, STNGENAN; reported comparison from STC2ERTA",Cold plate,25.895815944768202,2.9474308328855217,28.843246777653725,10.218790053722525,6.8870914616431245
2012,AZ,110614113.36099999,482.5465316272703,482.790167687186,480.6223546248839,IPCC SAR GWP100,IPCC AR5 GWP100; CH4=28 and N2O=265,eGRID2012_Data.xlsx,"ST12!STCO2AN, STCH4AN, STN2OAN, STNGENAN; reported comparison from STC2ERTA",One-phase,25.385927654276323,3.049789121460012,28.435716775736335,10.725205717558488,5.376869782228866
2012,AZ,110614113.36099999,482.5465316272703,482.790167687186,480.6223546248839,IPCC SAR GWP100,IPCC AR5 GWP100; CH4=28 and N2O=265,eGRID2012_Data.xlsx,"ST12!STCO2AN, STCH4AN, STN2OAN, STNGENAN; reported comparison from STC2ERTA",Two-phase,24.165450363205352,2.819329915902762,26.984780279108115,10.447852036377391,0.0
2012,CA,199189655.76309997,261.3139690543445,261.2998055293646,260.3537247134843,IPCC SAR GWP100,IPCC AR5 GWP100; CH4=28 and N2O=265,eGRID2012_Data.xlsx,"ST12!STCO2AN, STCH4AN, STN2OAN, STNGENAN; reported comparison from STC2ERTA",Air-cooled,16.521000936250633,3.5104211643502636,20.031422100600896,17.524572877154633,25.901219375735774
2012,CA,199189655.76309997,261.3139690543445,261.2998055293646,260.3537247134843,IPCC SAR GWP100,IPCC AR5 GWP100; CH4=28 and N2O=265,eGRID2012_Data.xlsx,"ST12!STCO2AN, STCH4AN, STN2OAN, STNGENAN; reported comparison from STC2ERTA",Cold plate,14.028484708042386,2.9474308328855217,16.975915540927907,17.362426349138246,6.696791465355467
2012,CA,199189655.76309997,261.3139690543445,261.2998055293646,260.3537247134843,IPCC SAR GWP100,IPCC AR5 GWP100; CH4=28 and N2O=265,eGRID2012_Data.xlsx,"ST12!STCO2AN, STCH4AN, STN2OAN, STNGENAN; reported comparison from STC2ERTA",One-phase,13.752264020452106,3.049789121460012,16.80205314191212,18.15128839137178,5.60403390027866
2012,CA,199189655.76309997,261.3139690543445,261.2998055293646,260.3537247134843,IPCC SAR GWP100,IPCC AR5 GWP100; CH4=28 and N2O=265,eGRID2012_Data.xlsx,"ST12!STCO2AN, STCH4AN, STN2OAN, STNGENAN; reported comparison from STC2ERTA",Two-phase,13.091097481007294,2.819329915902762,15.910427396910055,17.720013709061647,0.0
2012,CO,52547910.61299999,760.198501012236,760.6469914145814,756.9203756152335,IPCC SAR GWP100,IPCC AR5 GWP100; CH4=28 and N2O=265,eGRID2012_Data.xlsx,"ST12!STCO2AN, STCH4AN, STN2OAN, STNGENAN; reported comparison from STC2ERTA",Air-cooled,48.036896016952134,3.5104211643502636,51.5473171813024,6.810094795047041,26.08389218813798
2012,CO,52547910.61299999,760.198501012236,760.6469914145814,756.9203756152335,IPCC SAR GWP100,IPCC AR5 GWP100; CH4=28 and N2O=265,eGRID2012_Data.xlsx,"ST12!STCO2AN, STCH4AN, STN2OAN, STNGENAN; reported comparison from STC2ERTA",Cold plate,40.78959040048153,2.9474308328855217,43.73702123336705,6.738983931162009,6.980036427937009
2012,CO,52547910.61299999,760.198501012236,760.6469914145814,756.9203756152335,IPCC SAR GWP100,IPCC AR5 GWP100; CH4=28 and N2O=265,eGRID2012_Data.xlsx,"ST12!STCO2AN, STCH4AN, STN2OAN, STNGENAN; reported comparison from STC2ERTA",One-phase,39.98644387814276,3.049789121460012,43.03623299960277,7.086561506180529,5.265919904629324
2012,CO,52547910.61299999,760.198501012236,760.6469914145814,756.9203756152335,IPCC SAR GWP100,IPCC AR5 GWP100; CH4=28 and N2O=265,eGRID2012_Data.xlsx,"ST12!STCO2AN, STCH4AN, STN2OAN, STNGENAN; reported comparison from STC2ERTA",Two-phase,38.06401869169359,2.819329915902762,40.88334860759635,6.89603472299457,0.0
2012,CT,35557337.401,239.7168008176756,239.68896895265962,238.10589897015092,IPCC SAR GWP100,IPCC AR5 GWP100; CH4=28 and N2O=265,eGRID2012_Data.xlsx,"ST12!STCO2AN, STCH4AN, STN2OAN, STNGENAN; reported comparison from STC2ERTA",Air-cooled,15.156648977860854,3.5104211643502636,18.667070142211116,18.80542119147174,25.879417406989404
2012,CT,35557337.401,239.7168008176756,239.68896895265962,238.10589897015092,IPCC SAR GWP100,IPCC AR5 GWP100; CH4=28 and N2O=265,eGRID2012_Data.xlsx,"ST12!STCO2AN, STCH4AN, STN2OAN, STNGENAN; reported comparison from STC2ERTA",Cold plate,12.86997193641837,2.9474308328855217,15.817402769303891,18.634101159802704,6.6629862277803875
2012,CT,35557337.401,239.7168008176756,239.68896895265962,238.10589897015092,IPCC SAR GWP100,IPCC AR5 GWP100; CH4=28 and N2O=265,eGRID2012_Data.xlsx,"ST12!STCO2AN, STCH4AN, STN2OAN, STNGENAN; reported comparison from STC2ERTA",One-phase,12.61656235074109,3.049789121460012,15.666351472201102,19.4671307283745,5.644387747514701
2012,CT,35557337.401,239.7168008176756,239.68896895265962,238.10589897015092,IPCC SAR GWP100,IPCC AR5 GWP100; CH4=28 and N2O=265,eGRID2012_Data.xlsx,"ST12!STCO2AN, STCH4AN, STN2OAN, STNGENAN; reported comparison from STC2ERTA",Two-phase,12.009996853109307,2.819329915902762,14.829326769012068,19.01185373967308,0.0
2012,DC,71786.78,559.8383302374101,559.8332523955094,558.8328250929319,IPCC SAR GWP100,IPCC AR5 GWP100; CH4=28 and N2O=265,eGRID2012_Data.xlsx,"ST12!STCO2AN, STCH4AN, STN2OAN, STNGENAN; reported comparison from STC2ERTA",Air-cooled,35.379598153438046,3.5104211643502636,38.89001931778831,9.026534894891645,26.046060281200667
2012,DC,71786.78,559.8383302374101,559.8332523955094,558.8328250929319,IPCC SAR GWP100,IPCC AR5 GWP100; CH4=28 and N2O=265,eGRID2012_Data.xlsx,"ST12!STCO2AN, STCH4AN, STN2OAN, STNGENAN; reported comparison from STC2ERTA",Cold plate,30.04189356246283,2.9474308328855217,32.98932439534835,8.934498923236886,6.9213758263733105
2012,DC,71786.78,559.8383302374101,559.8332523955094,558.8328250929319,IPCC SAR GWP100,IPCC AR5 GWP100; CH4=28 and N2O=265,eGRID2012_Data.xlsx,"ST12!STCO2AN, STCH4AN, STN2OAN, STNGENAN; reported comparison from STC2ERTA",One-phase,29.450369055786762,3.049789121460012,32.500158177246774,9.383920856099575,5.335943993323133
2012,DC,71786.78,559.8383302374101,559.8332523955094,558.8328250929319,IPCC SAR GWP100,IPCC AR5 GWP100; CH4=28 and N2O=265,eGRID2012_Data.xlsx,"ST12!STCO2AN, STCH4AN, STN2OAN, STNGENAN; reported comparison from STC2ERTA",Two-phase,28.034485928104715,2.819329915902762,30.853815844007478,9.13770254595702,0.0
2012,DE,8633823.2578,571.3130010635252,571.4295315872655,569.9525020470321,IPCC SAR GWP100,IPCC AR5 GWP100; CH4=28 and N2O=265,eGRID2012_Data.xlsx,"ST12!STCO2AN, STCH4AN, STN2OAN, STNGENAN; reported comparison from STC2ERTA",Air-cooled,36.104484371942725,3.5104211643502636,39.61490553629299,8.86136447084093,26.04887875432238
2012,DE,8633823.2578,571.3130010635252,571.4295315872655,569.9525020470321,IPCC SAR GWP100,IPCC AR5 GWP100; CH4=28 and N2O=265,eGRID2012_Data.xlsx,"ST12!STCO2AN, STCH4AN, STN2OAN, STNGENAN; reported comparison from STC2ERTA",Cold plate,30.657416512349627,2.9474308328855217,33.60484734523515,8.770850236590762,6.925746035072655
2012,DE,8633823.2578,571.3130010635252,571.4295315872655,569.9525020470321,IPCC SAR GWP100,IPCC AR5 GWP100; CH4=28 and N2O=265,eGRID2012_Data.xlsx,"ST12!STCO2AN, STCH4AN, STN2OAN, STNGENAN; reported comparison from STC2ERTA",One-phase,30.05377236652623,3.049789121460012,33.10356148798624,9.212873130182153,5.330727206017594
2012,DE,8633823.2578,571.3130010635252,571.4295315872655,569.9525020470321,IPCC SAR GWP100,IPCC AR5 GWP100; CH4=28 and N2O=265,eGRID2012_Data.xlsx,"ST12!STCO2AN, STCH4AN, STN2OAN, STNGENAN; reported comparison from STC2ERTA",Two-phase,28.608879464289398,2.819329915902762,31.42820938019216,8.97069852690896,0.0
2012,FL,221099929.55259997,517.5204264953462,517.6417385146392,515.5550247311198,IPCC SAR GWP100,IPCC AR5 GWP100; CH4=28 and N2O=265,eGRID2012_Data.xlsx,"ST12!STCO2AN, STCH4AN, STN2OAN, STNGENAN; reported comparison from STC2ERTA",Air-cooled,32.70626088010947,3.5104211643502636,36.21668204445973,9.692829288008376,26.03469189314518
2012,FL,221099929.55259997,517.5204264953462,517.6417385146392,515.5550247311198,IPCC SAR GWP100,IPCC AR5 GWP100; CH4=28 and N2O=265,eGRID2012_Data.xlsx,"ST12!STCO2AN, STCH4AN, STN2OAN, STNGENAN; reported comparison from STC2ERTA",Cold plate,27.77188152124078,2.9474308328855217,30.719312354126302,9.59471618019345,6.9037484706270025
2012,FL,221099929.55259997,517.5204264953462,517.6417385146392,515.5550247311198,IPCC SAR GWP100,IPCC AR5 GWP100; CH4=28 and N2O=265,eGRID2012_Data.xlsx,"ST12!STCO2AN, STCH4AN, STN2OAN, STNGENAN; reported comparison from STC2ERTA",One-phase,27.22505352312669,3.049789121460012,30.274842644586702,10.073674559644093,5.356986046921519
2012,FL,221099929.55259997,517.5204264953462,517.6417385146392,515.5550247311198,IPCC SAR GWP100,IPCC AR5 GWP100; CH4=28 and N2O=265,eGRID2012_Data.xlsx,"ST12!STCO2AN, STCH4AN, STN2OAN, STNGENAN; reported comparison from STC2ERTA",Two-phase,25.91615671913022,2.819329915902762,28.735486635032984,9.811317802655774,0.0
2012,GA,122014744.25300002,491.94842944531047,492.1877319826492,489.92069645279645,IPCC SAR GWP100,IPCC AR5 GWP100; CH4=28 and N2O=265,eGRID2012_Data.xlsx,"ST12!STCO2AN, STCH4AN, STN2OAN, STNGENAN; reported comparison from STC2ERTA",Air-cooled,31.09080815626964,3.5104211643502636,34.60122932061991,10.145365448788544,26.026971840811306
2012,GA,122014744.25300002,491.94842944531047,492.1877319826492,489.92069645279645,IPCC SAR GWP100,IPCC AR5 GWP100; CH4=28 and N2O=265,eGRID2012_Data.xlsx,"ST12!STCO2AN, STCH4AN, STN2OAN, STNGENAN; reported comparison from STC2ERTA",Cold plate,26.400151447475917,2.9474308328855217,29.34758228036144,10.0431810863611,6.891778074454291
2012,GA,122014744.25300002,491.94842944531047,492.1877319826492,489.92069645279645,IPCC SAR GWP100,IPCC AR5 GWP100; CH4=28 and N2O=265,eGRID2012_Data.xlsx,"ST12!STCO2AN, STCH4AN, STN2OAN, STNGENAN; reported comparison from STC2ERTA",One-phase,25.88033279727425,3.049789121460012,28.93012191873426,10.541915896611073,5.371275298326328
2012,GA,122014744.25300002,491.94842944531047,492.1877319826492,489.92069645279645,IPCC SAR GWP100,IPCC AR5 GWP100; CH4=28 and N2O=265,eGRID2012_Data.xlsx,"ST12!STCO2AN, STCH4AN, STN2OAN, STNGENAN; reported comparison from STC2ERTA",Two-phase,24.636086028174528,2.819329915902762,27.45541594407729,10.268756888059277,0.0
2012,HI,10469268.697999999,670.574660405638,670.6966419750073,667.2141361606315,IPCC SAR GWP100,IPCC AR5 GWP100; CH4=28 and N2O=265,eGRID2012_Data.xlsx,"ST12!STCO2AN, STCH4AN, STN2OAN, STNGENAN; reported comparison from STC2ERTA",Air-cooled,42.37511382819214,3.5104211643502636,45.885534992542404,7.65038734956626,26.06954675502211
2012,HI,10469268.697999999,670.574660405638,670.6966419750073,667.2141361606315,IPCC SAR GWP100,IPCC AR5 GWP100; CH4=28 and N2O=265,eGRID2012_Data.xlsx,"ST12!STCO2AN, STCH4AN, STN2OAN, STNGENAN; reported comparison from STC2ERTA",Cold plate,35.98199882889533,2.9474308328855217,38.92942966178085,7.571215038321446,6.957792988354039
2012,HI,10469268.697999999,670.574660405638,670.6966419750073,667.2141361606315,IPCC SAR GWP100,IPCC AR5 GWP100; CH4=28 and N2O=265,eGRID2012_Data.xlsx,"ST12!STCO2AN, STCH4AN, STN2OAN, STNGENAN; reported comparison from STC2ERTA",One-phase,35.273513724178905,3.049789121460012,38.32330284563891,7.958053964566025,5.292472250576918
2012,HI,10469268.697999999,670.574660405638,670.6966419750073,667.2141361606315,IPCC SAR GWP100,IPCC AR5 GWP100; CH4=28 and N2O=265,eGRID2012_Data.xlsx,"ST12!STCO2AN, STCH4AN, STN2OAN, STNGENAN; reported comparison from STC2ERTA",Two-phase,33.57767171820877,2.819329915902762,36.39700163411153,7.746049919838631,0.0
2012,IA,56602145.65100001,639.3075041586324,639.7195546818368,636.3380494182813,IPCC SAR GWP100,IPCC AR5 GWP100; CH4=28 and N2O=265,eGRID2012_Data.xlsx,"ST12!STCO2AN, STCH4AN, STN2OAN, STNGENAN; reported comparison from STC2ERTA",Air-cooled,40.39988238157815,3.5104211643502636,43.910303545928414,7.994527208582158,26.063672558469285
2012,IA,56602145.65100001,639.3075041586324,639.7195546818368,636.3380494182813,IPCC SAR GWP100,IPCC AR5 GWP100; CH4=28 and N2O=265,eGRID2012_Data.xlsx,"ST12!STCO2AN, STCH4AN, STN2OAN, STNGENAN; reported comparison from STC2ERTA",Cold plate,34.30476969183571,2.9474308328855217,37.25220052472123,7.912098591141088,6.948684700366781
2012,IA,56602145.65100001,639.3075041586324,639.7195546818368,636.3380494182813,IPCC SAR GWP100,IPCC AR5 GWP100; CH4=28 and N2O=265,eGRID2012_Data.xlsx,"ST12!STCO2AN, STCH4AN, STN2OAN, STNGENAN; reported comparison from STC2ERTA",One-phase,33.62930920774844,3.049789121460012,36.67909832920845,8.314787604883382,5.303344958133027
2012,IA,56602145.65100001,639.3075041586324,639.7195546818368,636.3380494182813,IPCC SAR GWP100,IPCC AR5 GWP100; CH4=28 and N2O=265,eGRID2012_Data.xlsx,"ST12!STCO2AN, STCH4AN, STN2OAN, STNGENAN; reported comparison from STC2ERTA",Two-phase,32.01251549583747,2.819329915902762,34.83184541174023,8.094115837320793,0.0
2012,ID,15499089.316,52.12778651231866,52.13348084501698,51.8038153326558,IPCC SAR GWP100,IPCC AR5 GWP100; CH4=28 and N2O=265,eGRID2012_Data.xlsx,"ST12!STCO2AN, STCH4AN, STN2OAN, STNGENAN; reported comparison from STC2ERTA",Air-cooled,3.306139863180885,3.5104211643502636,6.816561027531149,51.49841907337376,25.32547808935284
2012,ID,15499089.316,52.12778651231866,52.13348084501698,51.8038153326558,IPCC SAR GWP100,IPCC AR5 GWP100; CH4=28 and N2O=265,eGRID2012_Data.xlsx,"ST12!STCO2AN, STCH4AN, STN2OAN, STNGENAN; reported comparison from STC2ERTA",Cold plate,2.8073439794748993,2.9474308328855217,5.754774812360421,51.217135839179456,5.804070665945482
2012,ID,15499089.316,52.12778651231866,52.13348084501698,51.8038153326558,IPCC SAR GWP100,IPCC AR5 GWP100; CH4=28 and N2O=265,eGRID2012_Data.xlsx,"ST12!STCO2AN, STCH4AN, STN2OAN, STNGENAN; reported comparison from STC2ERTA",One-phase,2.7520674118019537,3.049789121460012,5.801856533261965,52.565745188210215,6.669688850455824
2012,ID,15499089.316,52.12778651231866,52.13348084501698,51.8038153326558,IPCC SAR GWP100,IPCC AR5 GWP100; CH4=28 and N2O=265,eGRID2012_Data.xlsx,"ST12!STCO2AN, STCH4AN, STN2OAN, STNGENAN; reported comparison from STC2ERTA",Two-phase,2.619756478542245,2.819329915902762,5.439086394445007,51.8346227922059,0.0
2012,IL,197522000.958,454.39311885956795,454.67638520585797,452.36179271621273,IPCC SAR GWP100,IPCC AR5 GWP100; CH4=28 and N2O=265,eGRID2012_Data.xlsx,"ST12!STCO2AN, STCH4AN, STN2OAN, STNGENAN; reported comparison from STC2ERTA",Air-cooled,28.718336868177428,3.5104211643502636,32.22875803252769,10.892201185063605,26.014233245395914
2012,IL,197522000.958,454.39311885956795,454.67638520585797,452.36179271621273,IPCC SAR GWP100,IPCC AR5 GWP100; CH4=28 and N2O=265,eGRID2012_Data.xlsx,"ST12!STCO2AN, STCH4AN, STN2OAN, STNGENAN; reported comparison from STC2ERTA",Cold plate,24.38561387110892,2.9474308328855217,27.333044703994442,10.783397403417649,6.872026131434805
2012,IL,197522000.958,454.39311885956795,454.67638520585797,452.36179271621273,IPCC SAR GWP100,IPCC AR5 GWP100; CH4=28 and N2O=265,eGRID2012_Data.xlsx,"ST12!STCO2AN, STCH4AN, STN2OAN, STNGENAN; reported comparison from STC2ERTA",One-phase,23.905461440467054,3.049789121460012,26.955250561927066,11.31426737975749,5.394853505385311
2012,IL,197522000.958,454.39311885956795,454.67638520585797,452.36179271621273,IPCC SAR GWP100,IPCC AR5 GWP100; CH4=28 and N2O=265,eGRID2012_Data.xlsx,"ST12!STCO2AN, STCH4AN, STN2OAN, STNGENAN; reported comparison from STC2ERTA",Two-phase,22.75616040967537,2.819329915902762,25.575490325578134,11.023561542760103,0.0
2012,IN,114878967.34740001,867.340099761104,867.8846107891013,863.4105839467014,IPCC SAR GWP100,IPCC AR5 GWP100; CH4=28 and N2O=265,eGRID2012_Data.xlsx,"ST12!STCO2AN, STCH4AN, STN2OAN, STNGENAN; reported comparison from STC2ERTA",Air-cooled,54.8053227142003,3.5104211643502636,58.31574387855056,6.019679988411244,26.097389090917478
2012,IN,114878967.34740001,867.340099761104,867.8846107891013,863.4105839467014,IPCC SAR GWP100,IPCC AR5 GWP100; CH4=28 and N2O=265,eGRID2012_Data.xlsx,"ST12!STCO2AN, STCH4AN, STN2OAN, STNGENAN; reported comparison from STC2ERTA",Cold plate,46.53686750471008,2.9474308328855217,49.484298337595604,5.956295091378949,7.000964171220048
2012,IN,114878967.34740001,867.340099761104,867.8846107891013,863.4105839467014,IPCC SAR GWP100,IPCC AR5 GWP100; CH4=28 and N2O=265,eGRID2012_Data.xlsx,"ST12!STCO2AN, STCH4AN, STN2OAN, STNGENAN; reported comparison from STC2ERTA",One-phase,45.62055716842127,3.049789121460012,48.67034628988128,6.266216195166198,5.240938126182604
2012,IN,114878967.34740001,867.340099761104,867.8846107891013,863.4105839467014,IPCC SAR GWP100,IPCC AR5 GWP100; CH4=28 and N2O=265,eGRID2012_Data.xlsx,"ST12!STCO2AN, STCH4AN, STN2OAN, STNGENAN; reported comparison from STC2ERTA",Two-phase,43.427261150708716,2.819329915902762,46.24659106661148,6.096297804614242,0.0
2012,KS,44286624.611999996,726.621096613354,727.0757184352591,723.3624283690865,IPCC SAR GWP100,IPCC AR5 GWP100; CH4=28 and N2O=265,eGRID2012_Data.xlsx,"ST12!STCO2AN, STCH4AN, STN2OAN, STNGENAN; reported comparison from STC2ERTA",Air-cooled,45.915719900377795,3.5104211643502636,49.42614106472806,7.1023573532739395,26.078902325866338
2012,KS,44286624.611999996,726.621096613354,727.0757184352591,723.3624283690865,IPCC SAR GWP100,IPCC AR5 GWP100; CH4=28 and N2O=265,eGRID2012_Data.xlsx,"ST12!STCO2AN, STCH4AN, STN2OAN, STNGENAN; reported comparison from STC2ERTA",Cold plate,38.98843520236427,2.9474308328855217,41.935866035249795,7.028424858110755,6.972299352376421
2012,KS,44286624.611999996,726.621096613354,727.0757184352591,723.3624283690865,IPCC SAR GWP100,IPCC AR5 GWP100; CH4=28 and N2O=265,eGRID2012_Data.xlsx,"ST12!STCO2AN, STCH4AN, STN2OAN, STNGENAN; reported comparison from STC2ERTA",One-phase,38.22075340323937,3.049789121460012,41.27054252469938,7.389748074270624,5.275155774205187
2012,KS,44286624.611999996,726.621096613354,727.0757184352591,723.3624283690865,IPCC SAR GWP100,IPCC AR5 GWP100; CH4=28 and N2O=265,eGRID2012_Data.xlsx,"ST12!STCO2AN, STCH4AN, STN2OAN, STNGENAN; reported comparison from STC2ERTA",Two-phase,36.383217181929794,2.819329915902762,39.20254709783256,7.191700857770637,0.0
2012,KY,89957452.21,945.140654890686,945.7709144811539,940.6713247395894,IPCC SAR GWP100,IPCC AR5 GWP100; CH4=28 and N2O=265,eGRID2012_Data.xlsx,"ST12!STCO2AN, STCH4AN, STN2OAN, STNGENAN; reported comparison from STC2ERTA",Air-cooled,59.720195747167374,3.5104211643502636,63.230616911517636,5.551774339419469,26.105380278955327
2012,KY,89957452.21,945.140654890686,945.7709144811539,940.6713247395894,IPCC SAR GWP100,IPCC AR5 GWP100; CH4=28 and N2O=265,eGRID2012_Data.xlsx,"ST12!STCO2AN, STCH4AN, STN2OAN, STNGENAN; reported comparison from STC2ERTA",Cold plate,50.71023578009473,2.9474308328855217,53.65766661298025,5.493028338605601,7.013354979282793
2012,KY,89957452.21,945.140654890686,945.7709144811539,940.6713247395894,IPCC SAR GWP100,IPCC AR5 GWP100; CH4=28 and N2O=265,eGRID2012_Data.xlsx,"ST12!STCO2AN, STCH4AN, STN2OAN, STNGENAN; reported comparison from STC2ERTA",One-phase,49.7117518749148,3.049789121460012,52.76154099637481,5.780326093336734,5.226147022449501
2012,KY,89957452.21,945.140654890686,945.7709144811539,940.6713247395894,IPCC SAR GWP100,IPCC AR5 GWP100; CH4=28 and N2O=265,eGRID2012_Data.xlsx,"ST12!STCO2AN, STCH4AN, STN2OAN, STNGENAN; reported comparison from STC2ERTA",Two-phase,47.32176380400545,2.819329915902762,50.14109371990821,5.622793016147082,0.0
2012,LA,103347602.39899999,525.3788371220971,525.534693645618,523.7305698352345,IPCC SAR GWP100,IPCC AR5 GWP100; CH4=28 and N2O=265,eGRID2012_Data.xlsx,"ST12!STCO2AN, STCH4AN, STN2OAN, STNGENAN; reported comparison from STC2ERTA",Air-cooled,33.20269808942078,3.5104211643502636,36.71311925377104,9.561762213897653,26.0369280119245
2012,LA,103347602.39899999,525.3788371220971,525.534693645618,523.7305698352345,IPCC SAR GWP100,IPCC AR5 GWP100; CH4=28 and N2O=265,eGRID2012_Data.xlsx,"ST12!STCO2AN, STCH4AN, STN2OAN, STNGENAN; reported comparison from STC2ERTA",Cold plate,28.193421464625555,2.9474308328855217,31.140852297511078,9.464836751180037,6.907215704593805
2012,LA,103347602.39899999,525.3788371220971,525.534693645618,523.7305698352345,IPCC SAR GWP100,IPCC AR5 GWP100; CH4=28 and N2O=265,eGRID2012_Data.xlsx,"ST12!STCO2AN, STCH4AN, STN2OAN, STNGENAN; reported comparison from STC2ERTA",One-phase,27.638293350324165,3.049789121460012,30.688082471784178,9.93802439192513,5.35284715484845
2012,LA,103347602.39899999,525.3788371220971,525.534693645618,523.7305698352345,IPCC SAR GWP100,IPCC AR5 GWP100; CH4=28 and N2O=265,eGRID2012_Data.xlsx,"ST12!STCO2AN, STCH4AN, STN2OAN, STNGENAN; reported comparison from STC2ERTA",Two-phase,26.309529246943203,2.819329915902762,29.128859162845966,9.678820238517387,0.0
2012,MA,36198121.51100001,410.7034504289817,410.7054747429866,408.1999731705908,IPCC SAR GWP100,IPCC AR5 GWP100; CH4=28 and N2O=265,eGRID2012_Data.xlsx,"ST12!STCO2AN, STCH4AN, STN2OAN, STNGENAN; reported comparison from STC2ERTA",Air-cooled,25.958341482140458,3.5104211643502636,29.46876264649072,11.912346665048391,25.996837032862462
2012,MA,36198121.51100001,410.7034504289817,410.7054747429866,408.1999731705908,IPCC SAR GWP100,IPCC AR5 GWP100; CH4=28 and N2O=265,eGRID2012_Data.xlsx,"ST12!STCO2AN, STCH4AN, STN2OAN, STNGENAN; reported comparison from STC2ERTA",Cold plate,22.042017788965353,2.9474308328855217,24.989448621850876,11.794701345704267,6.845052278548369
2012,MA,36198121.51100001,410.7034504289817,410.7054747429866,408.1999731705908,IPCC SAR GWP100,IPCC AR5 GWP100; CH4=28 and N2O=265,eGRID2012_Data.xlsx,"ST12!STCO2AN, STCH4AN, STN2OAN, STNGENAN; reported comparison from STC2ERTA",One-phase,21.6080107357264,3.049789121460012,24.65779985718641,12.368455981976687,5.427052620576478
2012,MA,36198121.51100001,410.7034504289817,410.7054747429866,408.1999731705908,IPCC SAR GWP100,IPCC AR5 GWP100; CH4=28 and N2O=265,eGRID2012_Data.xlsx,"ST12!STCO2AN, STCH4AN, STN2OAN, STNGENAN; reported comparison from STC2ERTA",Two-phase,20.569164065739557,2.819329915902762,23.38849398164232,12.054345688592262,0.0
2012,MD,37808347.212,537.0555257910838,537.3367612535643,534.3391711022015,IPCC SAR GWP100,IPCC AR5 GWP100; CH4=28 and N2O=265,eGRID2012_Data.xlsx,"ST12!STCO2AN, STCH4AN, STN2OAN, STNGENAN; reported comparison from STC2ERTA",Air-cooled,33.9403463254516,3.5104211643502636,37.45076748980186,9.37342917019305,26.04014127709686
2012,MD,37808347.212,537.0555257910838,537.3367612535643,534.3391711022015,IPCC SAR GWP100,IPCC AR5 GWP100; CH4=28 and N2O=265,eGRID2012_Data.xlsx,"ST12!STCO2AN, STCH4AN, STN2OAN, STNGENAN; reported comparison from STC2ERTA",Cold plate,28.81978103200303,2.9474308328855217,31.76721186488855,9.278216940855417,6.912198061637209
2012,MD,37808347.212,537.0555257910838,537.3367612535643,534.3391711022015,IPCC SAR GWP100,IPCC AR5 GWP100; CH4=28 and N2O=265,eGRID2012_Data.xlsx,"ST12!STCO2AN, STCH4AN, STN2OAN, STNGENAN; reported comparison from STC2ERTA",One-phase,28.25231990569211,3.049789121460012,31.302109027152124,9.74307871336899,5.346899636374203
2012,MD,37808347.212,537.0555257910838,537.3367612535643,534.3391711022015,IPCC SAR GWP100,IPCC AR5 GWP100; CH4=28 and N2O=265,eGRID2012_Data.xlsx,"ST12!STCO2AN, STCH4AN, STN2OAN, STNGENAN; reported comparison from STC2ERTA",Two-phase,26.894035294841537,2.819329915902762,29.7133652107443,9.488423461652527,0.0
2012,ME,14420135.401999999,259.2529875211957,259.2166344561971,255.21781703124665,IPCC SAR GWP100,IPCC AR5 GWP100; CH4=28 and N2O=265,eGRID2012_Data.xlsx,"ST12!STCO2AN, STCH4AN, STN2OAN, STNGENAN; reported comparison from STC2ERTA",Air-cooled,16.390803117715215,3.5104211643502636,19.901224282065478,17.63922216340114,25.899267564353433
2012,ME,14420135.401999999,259.2529875211957,259.2166344561971,255.21781703124665,IPCC SAR GWP100,IPCC AR5 GWP100; CH4=28 and N2O=265,eGRID2012_Data.xlsx,"ST12!STCO2AN, STCH4AN, STN2OAN, STNGENAN; reported comparison from STC2ERTA",Cold plate,13.917929777781657,2.9474308328855217,16.865360610667178,17.47623961874435,6.693765066765067
2012,ME,14420135.401999999,259.2529875211957,259.2166344561971,255.21781703124665,IPCC SAR GWP100,IPCC AR5 GWP100; CH4=28 and N2O=265,eGRID2012_Data.xlsx,"ST12!STCO2AN, STCH4AN, STN2OAN, STNGENAN; reported comparison from STC2ERTA",One-phase,13.643885915378748,3.049789121460012,16.69367503683876,18.269129563921013,5.607646560184398
2012,ME,14420135.401999999,259.2529875211957,259.2166344561971,255.21781703124665,IPCC SAR GWP100,IPCC AR5 GWP100; CH4=28 and N2O=265,eGRID2012_Data.xlsx,"ST12!STCO2AN, STCH4AN, STN2OAN, STNGENAN; reported comparison from STC2ERTA",Two-phase,12.987929861754772,2.819329915902762,15.807259777657533,17.835665102990774,0.0
2012,MI,108166077.441,599.6253743105458,599.9605647723747,596.7718252913878,IPCC SAR GWP100,IPCC AR5 GWP100; CH4=28 and N2O=265,eGRID2012_Data.xlsx,"ST12!STCO2AN, STCH4AN, STN2OAN, STNGENAN; reported comparison from STC2ERTA",Air-cooled,37.893054126224214,3.5104211643502636,41.40347529057448,8.478566448139228,26.055411315981015
2012,MI,108166077.441,599.6253743105458,599.9605647723747,596.7718252913878,IPCC SAR GWP100,IPCC AR5 GWP100; CH4=28 and N2O=265,eGRID2012_Data.xlsx,"ST12!STCO2AN, STCH4AN, STN2OAN, STNGENAN; reported comparison from STC2ERTA",Cold plate,32.17614552544169,2.9474308328855217,35.12357635832721,8.3916022753951,6.93587515696128
2012,MI,108166077.441,599.6253743105458,599.9605647723747,596.7718252913878,IPCC SAR GWP100,IPCC AR5 GWP100; CH4=28 and N2O=265,eGRID2012_Data.xlsx,"ST12!STCO2AN, STCH4AN, STN2OAN, STNGENAN; reported comparison from STC2ERTA",One-phase,31.54259762443801,3.049789121460012,34.59238674589802,8.81635934479617,5.318635912873426
2012,MI,108166077.441,599.6253743105458,599.9605647723747,596.7718252913878,IPCC SAR GWP100,IPCC AR5 GWP100; CH4=28 and N2O=265,eGRID2012_Data.xlsx,"ST12!STCO2AN, STCH4AN, STN2OAN, STNGENAN; reported comparison from STC2ERTA",Two-phase,30.026126584801574,2.819329915902762,32.84545650070434,8.583622260942862,0.0
2012,MN,52193624.220999986,529.4799037700917,529.7696269083569,526.3380940014063,IPCC SAR GWP100,IPCC AR5 GWP100; CH4=28 and N2O=265,eGRID2012_Data.xlsx,"ST12!STCO2AN, STCH4AN, STN2OAN, STNGENAN; reported comparison from STC2ERTA",Air-cooled,33.46177364281571,3.5104211643502636,36.97219480716597,9.494760001832166,26.038071158842225
2012,MN,52193624.220999986,529.4799037700917,529.7696269083569,526.3380940014063,IPCC SAR GWP100,IPCC AR5 GWP100; CH4=28 and N2O=265,eGRID2012_Data.xlsx,"ST12!STCO2AN, STCH4AN, STN2OAN, STNGENAN; reported comparison from STC2ERTA",Cold plate,28.41341040192134,2.9474308328855217,31.360841234806863,9.398443143847233,6.90898822126822
2012,MN,52193624.220999986,529.4799037700917,529.7696269083569,526.3380940014063,IPCC SAR GWP100,IPCC AR5 GWP100; CH4=28 and N2O=265,eGRID2012_Data.xlsx,"ST12!STCO2AN, STCH4AN, STN2OAN, STNGENAN; reported comparison from STC2ERTA",One-phase,27.85395070820943,3.049789121460012,30.903739829669444,9.868673300608204,5.350731273634968
2012,MN,52193624.220999986,529.4799037700917,529.7696269083569,526.3380940014063,IPCC SAR GWP100,IPCC AR5 GWP100; CH4=28 and N2O=265,eGRID2012_Data.xlsx,"ST12!STCO2AN, STCH4AN, STN2OAN, STNGENAN; reported comparison from STC2ERTA",Two-phase,26.514818462622447,2.819329915902762,29.33414837852521,9.6110849359674,0.0
2012,MO,91804321.40999998,785.9467421171474,786.4515106620867,782.3395378595554,IPCC SAR GWP100,IPCC AR5 GWP100; CH4=28 and N2O=265,eGRID2012_Data.xlsx,"ST12!STCO2AN, STCH4AN, STN2OAN, STNGENAN; reported comparison from STC2ERTA",Air-cooled,49.663482557910456,3.5104211643502636,53.17390372226072,6.601774401755388,26.08744912866272
2012,MO,91804321.40999998,785.9467421171474,786.4515106620867,782.3395378595554,IPCC SAR GWP100,IPCC AR5 GWP100; CH4=28 and N2O=265,eGRID2012_Data.xlsx,"ST12!STCO2AN, STCH4AN, STN2OAN, STNGENAN; reported comparison from STC2ERTA",Cold plate,42.17077453721701,2.9474308328855217,45.11820537010253,6.5326863263019535,6.985551673870893
2012,MO,91804321.40999998,785.9467421171474,786.4515106620867,782.3395378595554,IPCC SAR GWP100,IPCC AR5 GWP100; CH4=28 and N2O=265,eGRID2012_Data.xlsx,"ST12!STCO2AN, STCH4AN, STN2OAN, STNGENAN; reported comparison from STC2ERTA",One-phase,41.34043251658474,3.049789121460012,44.39022163804475,6.870407510752734,5.259336268250747
2012,MO,91804321.40999998,785.9467421171474,786.4515106620867,782.3395378595554,IPCC SAR GWP100,IPCC AR5 GWP100; CH4=28 and N2O=265,eGRID2012_Data.xlsx,"ST12!STCO2AN, STCH4AN, STN2OAN, STNGENAN; reported comparison from STC2ERTA",Two-phase,39.35291172251817,2.819329915902762,42.172241638420935,6.685274024737203,0.0
2012,MS,54584295.177999996,445.69113431633656,445.788401903682,444.43380589493825,IPCC SAR GWP100,IPCC AR5 GWP100; CH4=28 and N2O=265,eGRID2012_Data.xlsx,"ST12!STCO2AN, STCH4AN, STN2OAN, STNGENAN; reported comparison from STC2ERTA",Air-cooled,28.16860879626857,3.5104211643502636,31.67902996061883,11.081214193471755,26.011009704840802
2012,MS,54584295.177999996,445.69113431633656,445.788401903682,444.43380589493825,IPCC SAR GWP100,IPCC AR5 GWP100; CH4=28 and N2O=265,eGRID2012_Data.xlsx,"ST12!STCO2AN, STCH4AN, STN2OAN, STNGENAN; reported comparison from STC2ERTA",Cold plate,23.91882303439674,2.9474308328855217,26.866253867282264,10.970754789430856,6.86702784180484
2012,MS,54584295.177999996,445.69113431633656,445.788401903682,444.43380589493825,IPCC SAR GWP100,IPCC AR5 GWP100; CH4=28 and N2O=265,eGRID2012_Data.xlsx,"ST12!STCO2AN, STCH4AN, STN2OAN, STNGENAN; reported comparison from STC2ERTA",One-phase,23.447861709463076,3.049789121460012,26.49765083092309,11.509658501125955,5.400820042840326
2012,MS,54584295.177999996,445.69113431633656,445.788401903682,444.43380589493825,IPCC SAR GWP100,IPCC AR5 GWP100; CH4=28 and N2O=265,eGRID2012_Data.xlsx,"ST12!STCO2AN, STCH4AN, STN2OAN, STNGENAN; reported comparison from STC2ERTA",Two-phase,22.320560665738896,2.819329915902762,25.13989058164166,11.214567170636654,0.0
2012,MT,27795017.083,585.740746870752,586.1233263347476,583.0349996238921,IPCC SAR GWP100,IPCC AR5 GWP100; CH4=28 and N2O=265,eGRID2012_Data.xlsx,"ST12!STCO2AN, STCH4AN, STN2OAN, STNGENAN; reported comparison from STC2ERTA",Air-cooled,37.01592438257421,3.5104211643502636,40.526345546924475,8.662071837406685,26.052279657658506
2012,MT,27795017.083,585.740746870752,586.1233263347476,583.0349996238921,IPCC SAR GWP100,IPCC AR5 GWP100; CH4=28 and N2O=265,eGRID2012_Data.xlsx,"ST12!STCO2AN, STCH4AN, STN2OAN, STNGENAN; reported comparison from STC2ERTA",Cold plate,31.43134796485541,2.9474308328855217,34.37877879774093,8.573401778539035,6.931019336148592
2012,MT,27795017.083,585.740746870752,586.1233263347476,583.0349996238921,IPCC SAR GWP100,IPCC AR5 GWP100; CH4=28 and N2O=265,eGRID2012_Data.xlsx,"ST12!STCO2AN, STCH4AN, STN2OAN, STNGENAN; reported comparison from STC2ERTA",One-phase,30.812465118459002,3.049789121460012,33.86225423991901,9.006456273855282,5.324432383045985
2012,MT,27795017.083,585.740746870752,586.1233263347476,583.0349996238921,IPCC SAR GWP100,IPCC AR5 GWP100; CH4=28 and N2O=265,eGRID2012_Data.xlsx,"ST12!STCO2AN, STCH4AN, STN2OAN, STNGENAN; reported comparison from STC2ERTA",Two-phase,29.33109660314848,2.819329915902762,32.150426519051244,8.769183557276055,0.0
2012,NC,116971226.61099999,481.30751684002286,481.57895136449986,478.99239449691584,IPCC SAR GWP100,IPCC AR5 GWP100; CH4=28 and N2O=265,eGRID2012_Data.xlsx,"ST12!STCO2AN, STCH4AN, STN2OAN, STNGENAN; reported comparison from STC2ERTA",Air-cooled,30.418592716125538,3.5104211643502636,33.9290138804758,10.346369560626426,26.023543109294756
2012,NC,116971226.61099999,481.30751684002286,481.57895136449986,478.99239449691584,IPCC SAR GWP100,IPCC AR5 GWP100; CH4=28 and N2O=265,eGRID2012_Data.xlsx,"ST12!STCO2AN, STCH4AN, STN2OAN, STNGENAN; reported comparison from STC2ERTA",Cold plate,25.82935285851877,2.9474308328855217,28.776783691404294,10.242391451710176,6.886461624144391
2012,NC,116971226.61099999,481.30751684002286,481.57895136449986,478.99239449691584,IPCC SAR GWP100,IPCC AR5 GWP100; CH4=28 and N2O=265,eGRID2012_Data.xlsx,"ST12!STCO2AN, STCH4AN, STN2OAN, STNGENAN; reported comparison from STC2ERTA",One-phase,25.32077322535983,3.049789121460012,28.370562346819842,10.74983669402617,5.377621629221552
2012,NC,116971226.61099999,481.30751684002286,481.57895136449986,478.99239449691584,IPCC SAR GWP100,IPCC AR5 GWP100; CH4=28 and N2O=265,eGRID2012_Data.xlsx,"ST12!STCO2AN, STCH4AN, STN2OAN, STNGENAN; reported comparison from STC2ERTA",Two-phase,24.103428358755995,2.819329915902762,26.922758274658758,10.471920771046987,0.0
2012,ND,36125158.886,843.9460734714537,844.4898304874455,840.1184380449001,IPCC SAR GWP100,IPCC AR5 GWP100; CH4=28 and N2O=265,eGRID2012_Data.xlsx,"ST12!STCO2AN, STCH4AN, STN2OAN, STNGENAN; reported comparison from STC2ERTA",Air-cooled,53.327458337114294,3.5104211643502636,56.837879501464556,6.176200088991373,26.094716167891896
2012,ND,36125158.886,843.9460734714537,844.4898304874455,840.1184380449001,IPCC SAR GWP100,IPCC AR5 GWP100; CH4=28 and N2O=265,eGRID2012_Data.xlsx,"ST12!STCO2AN, STCH4AN, STN2OAN, STNGENAN; reported comparison from STC2ERTA",Cold plate,45.28196788364531,2.9474308328855217,48.22939871653083,6.111274266986201,6.996819646523611
2012,ND,36125158.886,843.9460734714537,844.4898304874455,840.1184380449001,IPCC SAR GWP100,IPCC AR5 GWP100; CH4=28 and N2O=265,eGRID2012_Data.xlsx,"ST12!STCO2AN, STCH4AN, STN2OAN, STNGENAN; reported comparison from STC2ERTA",One-phase,44.39036650512359,3.049789121460012,47.440155626583596,6.4287080874393885,5.245885510921289
2012,ND,36125158.886,843.9460734714537,844.4898304874455,840.1184380449001,IPCC SAR GWP100,IPCC AR5 GWP100; CH4=28 and N2O=265,eGRID2012_Data.xlsx,"ST12!STCO2AN, STCH4AN, STN2OAN, STNGENAN; reported comparison from STC2ERTA",Two-phase,42.256214269300344,2.819329915902762,45.07554418520311,6.254677490567623,0.0
2012,NE,34200814.916,746.3856737332081,746.8754785946351,742.9239127675949,IPCC SAR GWP100,IPCC AR5 GWP100; CH4=28 and N2O=265,eGRID2012_Data.xlsx,"ST12!STCO2AN, STCH4AN, STN2OAN, STNGENAN; reported comparison from STC2ERTA",Air-cooled,47.164302085075256,3.5104211643502636,50.67472324942552,6.927361294252475,26.081890024228095
2012,NE,34200814.916,746.3856737332081,746.8754785946351,742.9239127675949,IPCC SAR GWP100,IPCC AR5 GWP100; CH4=28 and N2O=265,eGRID2012_Data.xlsx,"ST12!STCO2AN, STCH4AN, STN2OAN, STNGENAN; reported comparison from STC2ERTA",Cold plate,40.04864433571825,2.9474308328855217,42.996075168603774,6.855116010769675,6.976931954784793
2012,NE,34200814.916,746.3856737332081,746.8754785946351,742.9239127675949,IPCC SAR GWP100,IPCC AR5 GWP100; CH4=28 and N2O=265,eGRID2012_Data.xlsx,"ST12!STCO2AN, STCH4AN, STN2OAN, STNGENAN; reported comparison from STC2ERTA",One-phase,39.260087032082396,3.049789121460012,42.309876153542405,7.208220393726365,5.269625763375418
2012,NE,34200814.916,746.3856737332081,746.8754785946351,742.9239127675949,IPCC SAR GWP100,IPCC AR5 GWP100; CH4=28 and N2O=265,eGRID2012_Data.xlsx,"ST12!STCO2AN, STCH4AN, STN2OAN, STNGENAN; reported comparison from STC2ERTA",Two-phase,37.372582847847674,2.819329915902762,40.19191276375044,7.014669673660192,0.0
2012,NH,19264434.942,234.15258259285312,234.1645204567588,231.7331079565679,IPCC SAR GWP100,IPCC AR5 GWP100; CH4=28 and N2O=265,eGRID2012_Data.xlsx,"ST12!STCO2AN, STCH4AN, STN2OAN, STNGENAN; reported comparison from STC2ERTA",Air-cooled,14.805142153042254,3.5104211643502636,18.315563317392517,19.16632922240921,25.87327557184289
2012,NH,19264434.942,234.15258259285312,234.1645204567588,231.7331079565679,IPCC SAR GWP100,IPCC AR5 GWP100; CH4=28 and N2O=265,eGRID2012_Data.xlsx,"ST12!STCO2AN, STCH4AN, STN2OAN, STNGENAN; reported comparison from STC2ERTA",Cold plate,12.571496793431097,2.9474308328855217,15.518927626316618,18.99249035666189,6.653462950378652
2012,NH,19264434.942,234.15258259285312,234.1645204567588,231.7331079565679,IPCC SAR GWP100,IPCC AR5 GWP100; CH4=28 and N2O=265,eGRID2012_Data.xlsx,"ST12!STCO2AN, STCH4AN, STN2OAN, STNGENAN; reported comparison from STC2ERTA",One-phase,12.323964179567977,3.049789121460012,15.373753301027989,19.83763536296685,5.655755834504195
2012,NH,19264434.942,234.15258259285312,234.1645204567588,231.7331079565679,IPCC SAR GWP100,IPCC AR5 GWP100; CH4=28 and N2O=265,eGRID2012_Data.xlsx,"ST12!STCO2AN, STCH4AN, STN2OAN, STNGENAN; reported comparison from STC2ERTA",Two-phase,11.731465901704134,2.819329915902762,14.550795817606895,19.375778144665386,0.0
2012,NJ,65232564.118,235.28684265658478,235.30687567808639,234.47730143668517,IPCC SAR GWP100,IPCC AR5 GWP100; CH4=28 and N2O=265,eGRID2012_Data.xlsx,"ST12!STCO2AN, STCH4AN, STN2OAN, STNGENAN; reported comparison from STC2ERTA",Air-cooled,14.876796451527929,3.5104211643502636,18.387217615878193,19.091638755169004,25.874546584807344
2012,NJ,65232564.118,235.28684265658478,235.30687567808639,234.47730143668517,IPCC SAR GWP100,IPCC AR5 GWP100; CH4=28 and N2O=265,eGRID2012_Data.xlsx,"ST12!STCO2AN, STCH4AN, STN2OAN, STNGENAN; reported comparison from STC2ERTA",Cold plate,12.632340639058281,2.9474308328855217,15.579771471943802,18.91831878402891,6.655433730895055
2012,NJ,65232564.118,235.28684265658478,235.30687567808639,234.47730143668517,IPCC SAR GWP100,IPCC AR5 GWP100; CH4=28 and N2O=265,eGRID2012_Data.xlsx,"ST12!STCO2AN, STCH4AN, STN2OAN, STNGENAN; reported comparison from STC2ERTA",One-phase,12.383610010639453,3.049789121460012,15.433399132099465,19.760968373563582,5.653403282604019
2012,NJ,65232564.118,235.28684265658478,235.30687567808639,234.47730143668517,IPCC SAR GWP100,IPCC AR5 GWP100; CH4=28 and N2O=265,eGRID2012_Data.xlsx,"ST12!STCO2AN, STCH4AN, STN2OAN, STNGENAN; reported comparison from STC2ERTA",Two-phase,11.788244144743325,2.819329915902762,14.607574060646087,19.300466348469527,0.0
2012,NM,36635909.33,803.4899790321422,803.9514215538795,800.0863303832165,IPCC SAR GWP100,IPCC AR5 GWP100; CH4=28 and N2O=265,eGRID2012_Data.xlsx,"ST12!STCO2AN, STCH4AN, STN2OAN, STNGENAN; reported comparison from STC2ERTA",Air-cooled,50.77173662988784,3.5104211643502636,54.2821577942381,6.466988983114604,26.08975061238361
2012,NM,36635909.33,803.4899790321422,803.9514215538795,800.0863303832165,IPCC SAR GWP100,IPCC AR5 GWP100; CH4=28 and N2O=265,eGRID2012_Data.xlsx,"ST12!STCO2AN, STCH4AN, STN2OAN, STNGENAN; reported comparison from STC2ERTA",Cold plate,43.11182679920476,2.9474308328855217,46.05925763209029,6.399214803740118,6.989120260032311
2012,NM,36635909.33,803.4899790321422,803.9514215538795,800.0863303832165,IPCC SAR GWP100,IPCC AR5 GWP100; CH4=28 and N2O=265,eGRID2012_Data.xlsx,"ST12!STCO2AN, STCH4AN, STN2OAN, STNGENAN; reported comparison from STC2ERTA",One-phase,42.262955471361174,3.049789121460012,45.31274459282118,6.7305327648221605,5.255076390458546
2012,NM,36635909.33,803.4899790321422,803.9514215538795,800.0863303832165,IPCC SAR GWP100,IPCC AR5 GWP100; CH4=28 and N2O=265,eGRID2012_Data.xlsx,"ST12!STCO2AN, STCH4AN, STN2OAN, STNGENAN; reported comparison from STC2ERTA",Two-phase,40.231082612161124,2.819329915902762,43.05041252806389,6.548903367801377,0.0
2012,NV,35142773.975999996,416.9967391202233,417.06387390575577,416.1089130285342,IPCC SAR GWP100,IPCC AR5 GWP100; CH4=28 and N2O=265,eGRID2012_Data.xlsx,"ST12!STCO2AN, STCH4AN, STN2OAN, STNGENAN; reported comparison from STC2ERTA",Air-cooled,26.355905674654803,3.5104211643502636,29.866326839005065,11.753776027675741,25.999540771629313
2012,NV,35142773.975999996,416.9967391202233,417.06387390575577,416.1089130285342,IPCC SAR GWP100,IPCC AR5 GWP100; CH4=28 and N2O=265,eGRID2012_Data.xlsx,"ST12!STCO2AN, STCH4AN, STN2OAN, STNGENAN; reported comparison from STC2ERTA",Cold plate,22.379601644609057,2.9474308328855217,25.32703247749458,11.637489846094633,6.849244584867953
2012,NV,35142773.975999996,416.9967391202233,417.06387390575577,416.1089130285342,IPCC SAR GWP100,IPCC AR5 GWP100; CH4=28 and N2O=265,eGRID2012_Data.xlsx,"ST12!STCO2AN, STCH4AN, STN2OAN, STNGENAN; reported comparison from STC2ERTA",One-phase,21.938947569495255,3.049789121460012,24.988736690955268,12.204655077917124,5.422048198157858
2012,NV,35142773.975999996,416.9967391202233,417.06387390575577,416.1089130285342,IPCC SAR GWP100,IPCC AR5 GWP100; CH4=28 and N2O=265,eGRID2012_Data.xlsx,"ST12!STCO2AN, STCH4AN, STN2OAN, STNGENAN; reported comparison from STC2ERTA",Two-phase,20.88419047480799,2.819329915902762,23.703520390710754,11.894140066247871,0.0
2012,NY,135662526.46399996,256.0484913564343,256.046472781625,255.23953798744816,IPCC SAR GWP100,IPCC AR5 GWP100; CH4=28 and N2O=265,eGRID2012_Data.xlsx,"ST12!STCO2AN, STCH4AN, STN2OAN, STNGENAN; reported comparison from STC2ERTA",Air-cooled,16.18836636442727,3.5104211643502636,19.698787528777533,17.820493567037897,25.89618168877943
2012,NY,135662526.46399996,256.0484913564343,256.046472781625,255.23953798744816,IPCC SAR GWP100,IPCC AR5 GWP100; CH4=28 and N2O=265,eGRID2012_Data.xlsx,"ST12!STCO2AN, STCH4AN, STN2OAN, STNGENAN; reported comparison from STC2ERTA",Cold plate,13.746034569446287,2.9474308328855217,16.69346540233181,17.656195174872515,6.688980234802444
2012,NY,135662526.46399996,256.0484913564343,256.046472781625,255.23953798744816,IPCC SAR GWP100,IPCC AR5 GWP100; CH4=28 and N2O=265,eGRID2012_Data.xlsx,"ST12!STCO2AN, STCH4AN, STN2OAN, STNGENAN; reported comparison from STC2ERTA",One-phase,13.47537532153511,3.049789121460012,16.52516444299512,18.45542373862907,5.613358289842929
2012,NY,135662526.46399996,256.0484913564343,256.046472781625,255.23953798744816,IPCC SAR GWP100,IPCC AR5 GWP100; CH4=28 and N2O=265,eGRID2012_Data.xlsx,"ST12!STCO2AN, STCH4AN, STN2OAN, STNGENAN; reported comparison from STC2ERTA",Two-phase,12.827520738769,2.819329915902762,15.646850654671761,18.018513617377565,0.0
2012,OH,129741418.34499998,736.1428251993694,736.578696719413,732.9351404998242,IPCC SAR GWP100,IPCC AR5 GWP100; CH4=28 and N2O=265,eGRID2012_Data.xlsx,"ST12!STCO2AN, STCH4AN, STN2OAN, STNGENAN; reported comparison from STC2ERTA",Air-cooled,46.51723343683899,3.5104211643502636,50.027654601189255,7.0169613033724225,26.080360270372218
2012,OH,129741418.34499998,736.1428251993694,736.578696719413,732.9351404998242,IPCC SAR GWP100,IPCC AR5 GWP100; CH4=28 and N2O=265,eGRID2012_Data.xlsx,"ST12!STCO2AN, STCH4AN, STN2OAN, STNGENAN; reported comparison from STC2ERTA",Cold plate,39.49919865310719,2.9474308328855217,42.446629485992716,6.943851298860293,6.974559981265749
2012,OH,129741418.34499998,736.1428251993694,736.578696719413,732.9351404998242,IPCC SAR GWP100,IPCC AR5 GWP100; CH4=28 and N2O=265,eGRID2012_Data.xlsx,"ST12!STCO2AN, STCH4AN, STN2OAN, STNGENAN; reported comparison from STC2ERTA",One-phase,38.721459928056476,3.049789121460012,41.771249049516484,7.301168126058979,5.272457225713834
2012,OH,129741418.34499998,736.1428251993694,736.578696719413,732.9351404998242,IPCC SAR GWP100,IPCC AR5 GWP100; CH4=28 and N2O=265,eGRID2012_Data.xlsx,"ST12!STCO2AN, STCH4AN, STN2OAN, STNGENAN; reported comparison from STC2ERTA",Two-phase,36.85985127766916,2.819329915902762,39.67918119357192,7.105312738558972,0.0
2012,OK,77757667.6767,624.3274607211923,624.5843367986424,622.1730762916426,IPCC SAR GWP100,IPCC AR5 GWP100; CH4=28 and N2O=265,eGRID2012_Data.xlsx,"ST12!STCO2AN, STCH4AN, STN2OAN, STNGENAN; reported comparison from STC2ERTA",Air-cooled,39.453552224926675,3.5104211643502636,42.96397338927694,8.170615721558015,26.06066707784094
2012,OK,77757667.6767,624.3274607211923,624.5843367986424,622.1730762916426,IPCC SAR GWP100,IPCC AR5 GWP100; CH4=28 and N2O=265,eGRID2012_Data.xlsx,"ST12!STCO2AN, STCH4AN, STN2OAN, STNGENAN; reported comparison from STC2ERTA",Cold plate,33.50121195447034,2.9474308328855217,36.448642787355865,8.086531095495259,6.94402452550591
2012,OK,77757667.6767,624.3274607211923,624.5843367986424,622.1730762916426,IPCC SAR GWP100,IPCC AR5 GWP100; CH4=28 and N2O=265,eGRID2012_Data.xlsx,"ST12!STCO2AN, STCH4AN, STN2OAN, STNGENAN; reported comparison from STC2ERTA",One-phase,32.84157351213263,3.049789121460012,35.89136263359264,8.497278725788894,5.308907882635827
2012,OK,77757667.6767,624.3274607211923,624.5843367986424,622.1730762916426,IPCC SAR GWP100,IPCC AR5 GWP100; CH4=28 and N2O=265,eGRID2012_Data.xlsx,"ST12!STCO2AN, STCH4AN, STN2OAN, STNGENAN; reported comparison from STC2ERTA",Two-phase,31.26265170866472,2.819329915902762,34.08198162456748,8.27220068058041,0.0
2012,OR,60612559.41,118.69190777497103,118.71983648454595,118.18279085758503,IPCC SAR GWP100,IPCC AR5 GWP100; CH4=28 and N2O=265,eGRID2012_Data.xlsx,"ST12!STCO2AN, STCH4AN, STN2OAN, STNGENAN; reported comparison from STC2ERTA",Air-cooled,7.511176755424945,3.5104211643502636,11.021597919775209,31.850383128673055,25.657801795962023
2012,OR,60612559.41,118.69190777497103,118.71983648454595,118.18279085758503,IPCC SAR GWP100,IPCC AR5 GWP100; CH4=28 and N2O=265,eGRID2012_Data.xlsx,"ST12!STCO2AN, STCH4AN, STN2OAN, STNGENAN; reported comparison from STC2ERTA",Cold plate,6.377968784063008,2.9474308328855217,9.32539961694853,31.60648287424259,6.319358160595856
2012,OR,60612559.41,118.69190777497103,118.71983648454595,118.18279085758503,IPCC SAR GWP100,IPCC AR5 GWP100; CH4=28 and N2O=265,eGRID2012_Data.xlsx,"ST12!STCO2AN, STCH4AN, STN2OAN, STNGENAN; reported comparison from STC2ERTA",One-phase,6.252386658863609,3.049789121460012,9.302175780323621,32.785761024975066,6.054582011003373
2012,OR,60612559.41,118.69190777497103,118.71983648454595,118.18279085758503,IPCC SAR GWP100,IPCC AR5 GWP100; CH4=28 and N2O=265,eGRID2012_Data.xlsx,"ST12!STCO2AN, STCH4AN, STN2OAN, STNGENAN; reported comparison from STC2ERTA",Two-phase,5.951791146418244,2.819329915902762,8.771121062321006,32.14332462031613,0.0
2012,PA,223416431.35199994,483.33457850786266,483.57730055072983,481.1579322728749,IPCC SAR GWP100,IPCC AR5 GWP100; CH4=28 and N2O=265,eGRID2012_Data.xlsx,"ST12!STCO2AN, STCH4AN, STN2OAN, STNGENAN; reported comparison from STC2ERTA",Air-cooled,30.546647724355665,3.5104211643502636,34.05706888870593,10.307467080687017,26.024206693891117
2012,PA,223416431.35199994,483.33457850786266,483.57730055072983,481.1579322728749,IPCC SAR GWP100,IPCC AR5 GWP100; CH4=28 and N2O=265,eGRID2012_Data.xlsx,"ST12!STCO2AN, STCH4AN, STN2OAN, STNGENAN; reported comparison from STC2ERTA",Cold plate,25.93808826333331,2.9474308328855217,28.885519096218832,10.203835434175547,6.887490551173547
2012,PA,223416431.35199994,483.33457850786266,483.57730055072983,481.1579322728749,IPCC SAR GWP100,IPCC AR5 GWP100; CH4=28 and N2O=265,eGRID2012_Data.xlsx,"ST12!STCO2AN, STCH4AN, STN2OAN, STNGENAN; reported comparison from STC2ERTA",One-phase,25.427367631420164,3.049789121460012,28.477156752880177,10.70959839117912,5.376393382738742
2012,PA,223416431.35199994,483.33457850786266,483.57730055072983,481.1579322728749,IPCC SAR GWP100,IPCC AR5 GWP100; CH4=28 and N2O=265,eGRID2012_Data.xlsx,"ST12!STCO2AN, STCH4AN, STN2OAN, STNGENAN; reported comparison from STC2ERTA",Two-phase,24.20489803375574,2.819329915902762,27.024227949658503,10.432601150177868,0.0
2012,RI,8309035.853,411.8666283420352,411.8467500008195,411.42338117309777,IPCC SAR GWP100,IPCC AR5 GWP100; CH4=28 and N2O=265,eGRID2012_Data.xlsx,"ST12!STCO2AN, STCH4AN, STN2OAN, STNGENAN; reported comparison from STC2ERTA",Air-cooled,26.031822599953664,3.5104211643502636,29.542243764303926,11.882716804983943,25.997342233603238
2012,RI,8309035.853,411.8666283420352,411.8467500008195,411.42338117309777,IPCC SAR GWP100,IPCC AR5 GWP100; CH4=28 and N2O=265,eGRID2012_Data.xlsx,"ST12!STCO2AN, STCH4AN, STN2OAN, STNGENAN; reported comparison from STC2ERTA",Cold plate,22.104412842482393,2.9474308328855217,25.051843675367916,11.76532502389661,6.845835622074081
2012,RI,8309035.853,411.8666283420352,411.8467500008195,411.42338117309777,IPCC SAR GWP100,IPCC AR5 GWP100; CH4=28 and N2O=265,eGRID2012_Data.xlsx,"ST12!STCO2AN, STCH4AN, STN2OAN, STNGENAN; reported comparison from STC2ERTA",One-phase,21.669177231423873,3.049789121460012,24.718966352883886,12.337850531133565,5.426117531009367
2012,RI,8309035.853,411.8666283420352,411.8467500008195,411.42338117309777,IPCC SAR GWP100,IPCC AR5 GWP100; CH4=28 and N2O=265,eGRID2012_Data.xlsx,"ST12!STCO2AN, STCH4AN, STN2OAN, STNGENAN; reported comparison from STC2ERTA",Two-phase,20.6273898645285,2.819329915902762,23.446719780431263,12.024410844265674,0.0
2012,SC,96755682.345,350.28003175959816,350.47735500875496,348.5714559112253,IPCC SAR GWP100,IPCC AR5 GWP100; CH4=28 and N2O=265,eGRID2012_Data.xlsx,"ST12!STCO2AN, STCH4AN, STN2OAN, STNGENAN; reported comparison from STC2ERTA",Air-cooled,22.141229502885256,3.5104211643502636,25.65165066723552,13.684971816780873,25.966620447923503
2012,SC,96755682.345,350.28003175959816,350.47735500875496,348.5714559112253,IPCC SAR GWP100,IPCC AR5 GWP100; CH4=28 and N2O=265,eGRID2012_Data.xlsx,"ST12!STCO2AN, STCH4AN, STN2OAN, STNGENAN; reported comparison from STC2ERTA",Cold plate,18.80079183440648,2.9474308328855217,21.748222667292,13.552513591459027,6.798199682599204
2012,SC,96755682.345,350.28003175959816,350.47735500875496,348.5714559112253,IPCC SAR GWP100,IPCC AR5 GWP100; CH4=28 and N2O=265,eGRID2012_Data.xlsx,"ST12!STCO2AN, STCH4AN, STN2OAN, STNGENAN; reported comparison from STC2ERTA",One-phase,18.430604479476813,3.049789121460012,21.480393600936825,14.198013212043755,5.48298130604552
2012,SC,96755682.345,350.28003175959816,350.47735500875496,348.5714559112253,IPCC SAR GWP100,IPCC AR5 GWP100; CH4=28 and N2O=265,eGRID2012_Data.xlsx,"ST12!STCO2AN, STCH4AN, STN2OAN, STNGENAN; reported comparison from STC2ERTA",Two-phase,17.544517725655815,2.819329915902762,20.36384764155858,13.844780051040393,0.0
2012,SD,12017721.954,254.6617176345289,254.8235470417611,253.5066900807431,IPCC SAR GWP100,IPCC AR5 GWP100; CH4=28 and N2O=265,eGRID2012_Data.xlsx,"ST12!STCO2AN, STCH4AN, STN2OAN, STNGENAN; reported comparison from STC2ERTA",Air-cooled,16.10076009018838,3.5104211643502636,19.611181254538643,17.900100553799337,25.894826546238292
2012,SD,12017721.954,254.6617176345289,254.8235470417611,253.5066900807431,IPCC SAR GWP100,IPCC AR5 GWP100; CH4=28 and N2O=265,eGRID2012_Data.xlsx,"ST12!STCO2AN, STCH4AN, STN2OAN, STNGENAN; reported comparison from STC2ERTA",Cold plate,13.671645415712133,2.9474308328855217,16.619076248597654,17.735226608243227,6.686879006418689
2012,SD,12017721.954,254.6617176345289,254.8235470417611,253.5066900807431,IPCC SAR GWP100,IPCC AR5 GWP100; CH4=28 and N2O=265,eGRID2012_Data.xlsx,"ST12!STCO2AN, STCH4AN, STN2OAN, STNGENAN; reported comparison from STC2ERTA",One-phase,13.402450889303053,3.049789121460012,16.452240010763063,18.537227267927275,5.615866559427407
2012,SD,12017721.954,254.6617176345289,254.8235470417611,253.5066900807431,IPCC SAR GWP100,IPCC AR5 GWP100; CH4=28 and N2O=265,eGRID2012_Data.xlsx,"ST12!STCO2AN, STCH4AN, STN2OAN, STNGENAN; reported comparison from STC2ERTA",Two-phase,12.75810228885579,2.819329915902762,15.577432204758551,18.098810374161157,0.0
2012,TN,77385936.54100001,500.0632866948322,500.37128622523164,497.7923561574476,IPCC SAR GWP100,IPCC AR5 GWP100; CH4=28 and N2O=265,eGRID2012_Data.xlsx,"ST12!STCO2AN, STCH4AN, STN2OAN, STNGENAN; reported comparison from STC2ERTA",Air-cooled,31.603445797423014,3.5104211643502636,35.113866961773276,9.997250283404801,26.029498511186077
2012,TN,77385936.54100001,500.0632866948322,500.37128622523164,497.7923561574476,IPCC SAR GWP100,IPCC AR5 GWP100; CH4=28 and N2O=265,eGRID2012_Data.xlsx,"ST12!STCO2AN, STCH4AN, STN2OAN, STNGENAN; reported comparison from STC2ERTA",Cold plate,26.83544767059441,2.9474308328855217,29.78287850347993,9.896393434708246,6.895695825795323
2012,TN,77385936.54100001,500.0632866948322,500.37128622523164,497.7923561574476,IPCC SAR GWP100,IPCC AR5 GWP100; CH4=28 and N2O=265,eGRID2012_Data.xlsx,"ST12!STCO2AN, STCH4AN, STN2OAN, STNGENAN; reported comparison from STC2ERTA",One-phase,26.307058043230374,3.049789121460012,29.356847164690386,10.38868072021104,5.366598616531859
2012,TN,77385936.54100001,500.0632866948322,500.37128622523164,497.7923561574476,IPCC SAR GWP100,IPCC AR5 GWP100; CH4=28 and N2O=265,eGRID2012_Data.xlsx,"ST12!STCO2AN, STCH4AN, STN2OAN, STNGENAN; reported comparison from STC2ERTA",Two-phase,25.04229563730584,2.819329915902762,27.861625553208604,10.119043163933705,0.0
2012,TX,429697350.6938001,547.2391810351714,547.4493701801143,545.4392162157662,IPCC SAR GWP100,IPCC AR5 GWP100; CH4=28 and N2O=265,eGRID2012_Data.xlsx,"ST12!STCO2AN, STCH4AN, STN2OAN, STNGENAN; reported comparison from STC2ERTA",Air-cooled,34.58367557230383,3.5104211643502636,38.094096736654095,9.215131647871678,26.04284221461426
2012,TX,429697350.6938001,547.2391810351714,547.4493701801143,545.4392162157662,IPCC SAR GWP100,IPCC AR5 GWP100; CH4=28 and N2O=265,eGRID2012_Data.xlsx,"ST12!STCO2AN, STCH4AN, STN2OAN, STNGENAN; reported comparison from STC2ERTA",Cold plate,29.366051475091037,2.9474308328855217,32.31348230797656,9.121365517940326,6.916386024454435
2012,TX,429697350.6938001,547.2391810351714,547.4493701801143,545.4392162157662,IPCC SAR GWP100,IPCC AR5 GWP100; CH4=28 and N2O=265,eGRID2012_Data.xlsx,"ST12!STCO2AN, STCH4AN, STN2OAN, STNGENAN; reported comparison from STC2ERTA",One-phase,28.787834290621287,3.049789121460012,31.8376234120813,9.579198428180163,5.341900398863131
2012,TX,429697350.6938001,547.2391810351714,547.4493701801143,545.4392162157662,IPCC SAR GWP100,IPCC AR5 GWP100; CH4=28 and N2O=265,eGRID2012_Data.xlsx,"ST12!STCO2AN, STCH4AN, STN2OAN, STNGENAN; reported comparison from STC2ERTA",Two-phase,27.403803795879885,2.819329915902762,30.223133711782648,9.328383822765643,0.0
2012,UT,39400420.758,820.4564722763827,820.9580075521128,816.8082919969178,IPCC SAR GWP100,IPCC AR5 GWP100; CH4=28 and N2O=265,eGRID2012_Data.xlsx,"ST12!STCO2AN, STCH4AN, STN2OAN, STNGENAN; reported comparison from STC2ERTA",Air-cooled,51.84355623286171,3.5104211643502636,55.35397739721197,6.341768612506377,26.091888846586198
2012,UT,39400420.758,820.4564722763827,820.9580075521128,816.8082919969178,IPCC SAR GWP100,IPCC AR5 GWP100; CH4=28 and N2O=265,eGRID2012_Data.xlsx,"ST12!STCO2AN, STCH4AN, STN2OAN, STNGENAN; reported comparison from STC2ERTA",Cold plate,44.02194144468649,2.9474308328855217,46.96937227757201,6.2752187009595755,6.9924357181935015
2012,UT,39400420.758,820.4564722763827,820.9580075521128,816.8082919969178,IPCC SAR GWP100,IPCC AR5 GWP100; CH4=28 and N2O=265,eGRID2012_Data.xlsx,"ST12!STCO2AN, STCH4AN, STN2OAN, STNGENAN; reported comparison from STC2ERTA",One-phase,43.15514997091175,3.049789121460012,46.20493909237176,6.600569509166433,5.251118675567268
2012,UT,39400420.758,820.4564722763827,820.9580075521128,816.8082919969178,IPCC SAR GWP100,IPCC AR5 GWP100; CH4=28 and N2O=265,eGRID2012_Data.xlsx,"ST12!STCO2AN, STCH4AN, STN2OAN, STNGENAN; reported comparison from STC2ERTA",Two-phase,41.08038314538716,2.819329915902762,43.89971306128992,6.422205794298921,0.0
2012,VA,70739234.747,372.3456848736803,372.4703163542424,370.52946504297023,IPCC SAR GWP100,IPCC AR5 GWP100; CH4=28 and N2O=265,eGRID2012_Data.xlsx,"ST12!STCO2AN, STCH4AN, STN2OAN, STNGENAN; reported comparison from STC2ERTA",Air-cooled,23.535176927355142,3.5104211643502636,27.045598091705404,12.979639616203837,25.978641970116435
2012,VA,70739234.747,372.3456848736803,372.4703163542424,370.52946504297023,IPCC SAR GWP100,IPCC AR5 GWP100; CH4=28 and N2O=265,eGRID2012_Data.xlsx,"ST12!STCO2AN, STCH4AN, STN2OAN, STNGENAN; reported comparison from STC2ERTA",Cold plate,19.98443501701069,2.9474308328855217,22.931865849896212,12.852991780862268,6.816839761322102
2012,VA,70739234.747,372.3456848736803,372.4703163542424,370.52946504297023,IPCC SAR GWP100,IPCC AR5 GWP100; CH4=28 and N2O=265,eGRID2012_Data.xlsx,"ST12!STCO2AN, STCH4AN, STN2OAN, STNGENAN; reported comparison from STC2ERTA",One-phase,19.590941742691665,3.049789121460012,22.640730864151678,13.470365156316184,5.460730348998388
2012,VA,70739234.747,372.3456848736803,372.4703163542424,370.52946504297023,IPCC SAR GWP100,IPCC AR5 GWP100; CH4=28 and N2O=265,eGRID2012_Data.xlsx,"ST12!STCO2AN, STCH4AN, STN2OAN, STNGENAN; reported comparison from STC2ERTA",Two-phase,18.6490695435238,2.819329915902762,21.468399459426564,13.132464398340705,0.0
2012,VT,6568121.002,3.396303171165729,3.37294715150058,1.9033026087614229,IPCC SAR GWP100,IPCC AR5 GWP100; CH4=28 and N2O=265,eGRID2012_Data.xlsx,"ST12!STCO2AN, STCH4AN, STN2OAN, STNGENAN; reported comparison from STC2ERTA",Air-cooled,0.22763929296003899,3.5104211643502636,3.7380604573103025,93.91022976862618,24.61408984337401
2012,VT,6568121.002,3.396303171165729,3.37294715150058,1.9033026087614229,IPCC SAR GWP100,IPCC AR5 GWP100; CH4=28 and N2O=265,eGRID2012_Data.xlsx,"ST12!STCO2AN, STCH4AN, STN2OAN, STNGENAN; reported comparison from STC2ERTA",Cold plate,0.19329545180476362,2.9474308328855217,3.1407262846902855,93.8455174286598,4.701021260489613
2012,VT,6568121.002,3.396303171165729,3.37294715150058,1.9033026087614229,IPCC SAR GWP100,IPCC AR5 GWP100; CH4=28 and N2O=265,eGRID2012_Data.xlsx,"ST12!STCO2AN, STCH4AN, STN2OAN, STNGENAN; reported comparison from STC2ERTA",One-phase,0.18948946678807985,3.049789121460012,3.2392785882480917,94.1502571753002,7.986416387207451
2012,VT,6568121.002,3.396303171165729,3.37294715150058,1.9033026087614229,IPCC SAR GWP100,IPCC AR5 GWP100; CH4=28 and N2O=265,eGRID2012_Data.xlsx,"ST12!STCO2AN, STCH4AN, STN2OAN, STNGENAN; reported comparison from STC2ERTA",Two-phase,0.18037939626942223,2.819329915902762,2.9997093121721843,93.9867708001745,0.0
2012,WA,116834423.661,57.39603558916774,57.419739700996345,57.01010049108086,IPCC SAR GWP100,IPCC AR5 GWP100; CH4=28 and N2O=265,eGRID2012_Data.xlsx,"ST12!STCO2AN, STCH4AN, STN2OAN, STNGENAN; reported comparison from STC2ERTA",Air-cooled,3.6389495105623606,3.5104211643502636,7.149370674912625,49.10112125908433,25.36593141608403
2012,WA,116834423.661,57.39603558916774,57.419739700996345,57.01010049108086,IPCC SAR GWP100,IPCC AR5 GWP100; CH4=28 and N2O=265,eGRID2012_Data.xlsx,"ST12!STCO2AN, STCH4AN, STN2OAN, STNGENAN; reported comparison from STC2ERTA",Cold plate,3.0899427800557784,2.9474308328855217,6.0373736129413,48.81975212810436,5.866795933409152
2012,WA,116834423.661,57.39603558916774,57.419739700996345,57.01010049108086,IPCC SAR GWP100,IPCC AR5 GWP100; CH4=28 and N2O=265,eGRID2012_Data.xlsx,"ST12!STCO2AN, STCH4AN, STN2OAN, STNGENAN; reported comparison from STC2ERTA",One-phase,3.0291018455511183,3.049789121460012,6.07889096701113,50.17015666197304,6.594812705732855
2012,WA,116834423.661,57.39603558916774,57.419739700996345,57.01010049108086,IPCC SAR GWP100,IPCC AR5 GWP100; CH4=28 and N2O=265,eGRID2012_Data.xlsx,"ST12!STCO2AN, STCH4AN, STN2OAN, STNGENAN; reported comparison from STC2ERTA",Two-phase,2.883471949130392,2.819329915902762,5.702801865033154,49.43762702312246,0.0
2012,WI,63742909.901,618.4237649290749,618.7824180242433,615.421358889589,IPCC SAR GWP100,IPCC AR5 GWP100; CH4=28 and N2O=265,eGRID2012_Data.xlsx,"ST12!STCO2AN, STCH4AN, STN2OAN, STNGENAN; reported comparison from STC2ERTA",Air-cooled,39.08059967728493,3.5104211643502636,42.59102084163519,8.242162537974725,26.059445956953375
2012,WI,63742909.901,618.4237649290749,618.7824180242433,615.421358889589,IPCC SAR GWP100,IPCC AR5 GWP100; CH4=28 and N2O=265,eGRID2012_Data.xlsx,"ST12!STCO2AN, STCH4AN, STN2OAN, STNGENAN; reported comparison from STC2ERTA",Cold plate,33.18452659553803,2.9474308328855217,36.131957428423554,8.157407023199072,6.94213110559545
2012,WI,63742909.901,618.4237649290749,618.7824180242433,615.421358889589,IPCC SAR GWP100,IPCC AR5 GWP100; CH4=28 and N2O=265,eGRID2012_Data.xlsx,"ST12!STCO2AN, STCH4AN, STN2OAN, STNGENAN; reported comparison from STC2ERTA",One-phase,32.531123683937565,3.049789121460012,35.580912805397574,8.571419002486532,5.3111680879561085
2012,WI,63742909.901,618.4237649290749,618.7824180242433,615.421358889589,IPCC SAR GWP100,IPCC AR5 GWP100; CH4=28 and N2O=265,eGRID2012_Data.xlsx,"ST12!STCO2AN, STCH4AN, STN2OAN, STNGENAN; reported comparison from STC2ERTA",Two-phase,30.967127352979038,2.819329915902762,33.7864572688818,8.344556203291067,0.0
2012,WV,73413404.20399998,898.3320538699384,898.9368141618589,894.0767366887252,IPCC SAR GWP100,IPCC AR5 GWP100; CH4=28 and N2O=265,eGRID2012_Data.xlsx,"ST12!STCO2AN, STCH4AN, STN2OAN, STNGENAN; reported comparison from STC2ERTA",Air-cooled,56.7631688919655,3.5104211643502636,60.27359005631576,5.824144805494997,26.100728441014297
2012,WV,73413404.20399998,898.3320538699384,898.9368141618589,894.0767366887252,IPCC SAR GWP100,IPCC AR5 GWP100; CH4=28 and N2O=265,eGRID2012_Data.xlsx,"ST12!STCO2AN, STCH4AN, STN2OAN, STNGENAN; reported comparison from STC2ERTA",Cold plate,48.199334280873316,2.9474308328855217,51.14676511375884,5.762692569764577,7.006142030370444
2012,WV,73413404.20399998,898.3320538699384,898.9368141618589,894.0767366887252,IPCC SAR GWP100,IPCC AR5 GWP100; CH4=28 and N2O=265,eGRID2012_Data.xlsx,"ST12!STCO2AN, STCH4AN, STN2OAN, STNGENAN; reported comparison from STC2ERTA",One-phase,47.25028999465586,3.049789121460012,50.30007911611587,6.063189511928374,5.234757233748422
2012,WV,73413404.20399998,898.3320538699384,898.9368141618589,894.0767366887252,IPCC SAR GWP100,IPCC AR5 GWP100; CH4=28 and N2O=265,eGRID2012_Data.xlsx,"ST12!STCO2AN, STCH4AN, STN2OAN, STNGENAN; reported comparison from STC2ERTA",Two-phase,44.97864143722049,2.819329915902762,47.79797135312325,5.898430071590348,0.0
2012,WY,49588606.105000004,956.2005044201436,956.8340785430383,951.735208793041,IPCC SAR GWP100,IPCC AR5 GWP100; CH4=28 and N2O=265,eGRID2012_Data.xlsx,"ST12!STCO2AN, STCH4AN, STN2OAN, STNGENAN; reported comparison from STC2ERTA",Air-cooled,60.4188765741932,3.5104211643502636,63.92929773854346,5.4910992119874384,26.106416601269267
2012,WY,49588606.105000004,956.2005044201436,956.8340785430383,951.735208793041,IPCC SAR GWP100,IPCC AR5 GWP100; CH4=28 and N2O=265,eGRID2012_Data.xlsx,"ST12!STCO2AN, STCH4AN, STN2OAN, STNGENAN; reported comparison from STC2ERTA",Cold plate,51.30350693452144,2.9474308328855217,54.25093776740696,5.43295831220873,7.014961858112634
2012,WY,49588606.105000004,956.2005044201436,956.8340785430383,951.735208793041,IPCC SAR GWP100,IPCC AR5 GWP100; CH4=28 and N2O=265,eGRID2012_Data.xlsx,"ST12!STCO2AN, STCH4AN, STN2OAN, STNGENAN; reported comparison from STC2ERTA",One-phase,50.29334152776713,3.049789121460012,53.34313064922714,5.717304335800542,5.2242288657531555
2012,WY,49588606.105000004,956.2005044201436,956.8340785430383,951.735208793041,IPCC SAR GWP100,IPCC AR5 GWP100; CH4=28 and N2O=265,eGRID2012_Data.xlsx,"ST12!STCO2AN, STCH4AN, STN2OAN, STNGENAN; reported comparison from STC2ERTA",Two-phase,47.87539241585526,2.819329915902762,50.69472233175802,5.561387430929028,0.0
2014,AK,6045142.31,398.2972892428671,398.29764572752003,396.90166610776515,IPCC SAR GWP100,IPCC AR5 GWP100; CH4=28 and N2O=265,eGRID2014_Data_v2.xlsx,"ST14!STCO2AN, STCH4AN, STN2OAN, STNGENAN; reported comparison from STC2ERTA",Air-cooled,25.174610479775247,3.5104211643502636,28.68503164412551,12.237815205859022,25.991287933181304
2014,AK,6045142.31,398.2972892428671,398.29764572752003,396.90166610776515,IPCC SAR GWP100,IPCC AR5 GWP100; CH4=28 and N2O=265,eGRID2014_Data_v2.xlsx,"ST14!STCO2AN, STCH4AN, STN2OAN, STNGENAN; reported comparison from STC2ERTA",Cold plate,21.37652794217437,2.9474308328855217,24.323958775059893,12.11739774821364,6.83644807242223
2014,AK,6045142.31,398.2972892428671,398.29764572752003,396.90166610776515,IPCC SAR GWP100,IPCC AR5 GWP100; CH4=28 and N2O=265,eGRID2014_Data_v2.xlsx,"ST14!STCO2AN, STCH4AN, STN2OAN, STNGENAN; reported comparison from STC2ERTA",One-phase,20.955624375654804,3.049789121460012,24.005413497114816,12.704588995422064,5.437323597635291
2014,AK,6045142.31,398.2972892428671,398.29764572752003,396.90166610776515,IPCC SAR GWP100,IPCC AR5 GWP100; CH4=28 and N2O=265,eGRID2014_Data_v2.xlsx,"ST14!STCO2AN, STCH4AN, STN2OAN, STNGENAN; reported comparison from STC2ERTA",Two-phase,19.948142434517557,2.819329915902762,22.76747235042032,12.38314852219734,0.0
2014,AL,149248102.877,480.6935003516088,480.66185545686005,478.0212386282057,IPCC SAR GWP100,IPCC AR5 GWP100; CH4=28 and N2O=265,eGRID2014_Data_v2.xlsx,"ST14!STCO2AN, STCH4AN, STN2OAN, STNGENAN; reported comparison from STC2ERTA",Air-cooled,30.379803621681713,3.5104211643502636,33.89022478603198,10.358211509405805,26.02334111495299
2014,AL,149248102.877,480.6935003516088,480.66185545686005,478.0212386282057,IPCC SAR GWP100,IPCC AR5 GWP100; CH4=28 and N2O=265,eGRID2014_Data_v2.xlsx,"ST14!STCO2AN, STCH4AN, STN2OAN, STNGENAN; reported comparison from STC2ERTA",Cold plate,25.796415857888864,2.9474308328855217,28.743846690774387,10.254128003791253,6.886148420011695
2014,AL,149248102.877,480.6935003516088,480.66185545686005,478.0212386282057,IPCC SAR GWP100,IPCC AR5 GWP100; CH4=28 and N2O=265,eGRID2014_Data_v2.xlsx,"ST14!STCO2AN, STCH4AN, STN2OAN, STNGENAN; reported comparison from STC2ERTA",One-phase,25.288484753858366,3.049789121460012,28.33827387531838,10.762084998113695,5.377995505952837
2014,AL,149248102.877,480.6935003516088,480.66185545686005,478.0212386282057,IPCC SAR GWP100,IPCC AR5 GWP100; CH4=28 and N2O=265,eGRID2014_Data_v2.xlsx,"ST14!STCO2AN, STCH4AN, STN2OAN, STNGENAN; reported comparison from STC2ERTA",Two-phase,24.07269221761518,2.819329915902762,26.892022133517944,10.483889615681885,0.0
2014,AR,61592136.606,586.4937608638078,586.46953323728,582.3158870342319,IPCC SAR GWP100,IPCC AR5 GWP100; CH4=28 and N2O=265,eGRID2014_Data_v2.xlsx,"ST14!STCO2AN, STCH4AN, STN2OAN, STNGENAN; reported comparison from STC2ERTA",Air-cooled,37.06349432808106,3.5104211643502636,40.573915492431325,8.651916192325828,26.052452967358963
2014,AR,61592136.606,586.4937608638078,586.46953323728,582.3158870342319,IPCC SAR GWP100,IPCC AR5 GWP100; CH4=28 and N2O=265,eGRID2014_Data_v2.xlsx,"ST14!STCO2AN, STCH4AN, STN2OAN, STNGENAN; reported comparison from STC2ERTA",Cold plate,31.471741053366227,2.9474308328855217,34.419171886251746,8.563340345973957,6.931288063054208
2014,AR,61592136.606,586.4937608638078,586.46953323728,582.3158870342319,IPCC SAR GWP100,IPCC AR5 GWP100; CH4=28 and N2O=265,eGRID2014_Data_v2.xlsx,"ST14!STCO2AN, STCH4AN, STN2OAN, STNGENAN; reported comparison from STC2ERTA",One-phase,30.852062867564705,3.049789121460012,33.90185198902471,8.995936630386273,5.324111599484804
2014,AR,61592136.606,586.4937608638078,586.46953323728,582.3158870342319,IPCC SAR GWP100,IPCC AR5 GWP100; CH4=28 and N2O=265,eGRID2014_Data_v2.xlsx,"ST14!STCO2AN, STCH4AN, STN2OAN, STNGENAN; reported comparison from STC2ERTA",Two-phase,29.368790614316406,2.819329915902762,32.188120530219166,8.758914374189356,0.0
2014,AZ,108779907.038,507.01716339555117,506.9919853506201,503.90059243792905,IPCC SAR GWP100,IPCC AR5 GWP100; CH4=28 and N2O=265,eGRID2014_Data_v2.xlsx,"ST14!STCO2AN, STCH4AN, STN2OAN, STNGENAN; reported comparison from STC2ERTA",Air-cooled,32.04274113424955,3.5104211643502636,35.553162298599815,9.873724128580578,26.03160579946573
2014,AZ,108779907.038,507.01716339555117,506.9919853506201,503.90059243792905,IPCC SAR GWP100,IPCC AR5 GWP100; CH4=28 and N2O=265,eGRID2014_Data_v2.xlsx,"ST14!STCO2AN, STCH4AN, STN2OAN, STNGENAN; reported comparison from STC2ERTA",Cold plate,27.208466710951903,2.9474308328855217,30.155897543837426,9.773978136783564,6.8989633004789885
2014,AZ,108779907.038,507.01716339555117,506.9919853506201,503.90059243792905,IPCC SAR GWP100,IPCC AR5 GWP100; CH4=28 and N2O=265,eGRID2014_Data_v2.xlsx,"ST14!STCO2AN, STCH4AN, STN2OAN, STNGENAN; reported comparison from STC2ERTA",One-phase,26.67273234337136,3.049789121460012,29.722521464831374,10.2608694389156,5.362698180277303
2014,AZ,108779907.038,507.01716339555117,506.9919853506201,503.90059243792905,IPCC SAR GWP100,IPCC AR5 GWP100; CH4=28 and N2O=265,eGRID2014_Data_v2.xlsx,"ST14!STCO2AN, STCH4AN, STN2OAN, STNGENAN; reported comparison from STC2ERTA",Two-phase,25.39038944224774,2.819329915902762,28.209719358150505,9.994179240525431,0.0
2014,CA,197243679.949,251.99178190795038,251.92520229800002,251.06328700320523,IPCC SAR GWP100,IPCC AR5 GWP100; CH4=28 and N2O=265,eGRID2014_Data_v2.xlsx,"ST14!STCO2AN, STCH4AN, STN2OAN, STNGENAN; reported comparison from STC2ERTA",Air-cooled,15.932092976175374,3.5104211643502636,19.44251414052564,18.055386967846935,25.892183203601714
2014,CA,197243679.949,251.99178190795038,251.92520229800002,251.06328700320523,IPCC SAR GWP100,IPCC AR5 GWP100; CH4=28 and N2O=265,eGRID2014_Data_v2.xlsx,"ST14!STCO2AN, STCH4AN, STN2OAN, STNGENAN; reported comparison from STC2ERTA",Cold plate,13.528425035856742,2.9474308328855217,16.475855868742265,17.889394374208752,6.682780347858919
2014,CA,197243679.949,251.99178190795038,251.92520229800002,251.06328700320523,IPCC SAR GWP100,IPCC AR5 GWP100; CH4=28 and N2O=265,eGRID2014_Data_v2.xlsx,"ST14!STCO2AN, STCH4AN, STN2OAN, STNGENAN; reported comparison from STC2ERTA",One-phase,13.26205051692701,3.049789121460012,16.31183963838702,18.696782147630202,5.620759193032665
2014,CA,197243679.949,251.99178190795038,251.92520229800002,251.06328700320523,IPCC SAR GWP100,IPCC AR5 GWP100; CH4=28 and N2O=265,eGRID2014_Data_v2.xlsx,"ST14!STCO2AN, STCH4AN, STN2OAN, STNGENAN; reported comparison from STC2ERTA",Two-phase,12.624451934382442,2.819329915902762,15.443781850285204,18.255437322502043,0.0
2014,CO,53847380.231,722.722318317569,722.68558991013,717.9769608535275,IPCC SAR GWP100,IPCC AR5 GWP100; CH4=28 and N2O=265,eGRID2014_Data_v2.xlsx,"ST14!STCO2AN, STCH4AN, STN2OAN, STNGENAN; reported comparison from STC2ERTA",Air-cooled,45.66942345332089,3.5104211643502636,49.17984461767115,7.137926505544326,26.078295072945856
2014,CO,53847380.231,722.722318317569,722.68558991013,717.9769608535275,IPCC SAR GWP100,IPCC AR5 GWP100; CH4=28 and N2O=265,eGRID2014_Data_v2.xlsx,"ST14!STCO2AN, STCH4AN, STN2OAN, STNGENAN; reported comparison from STC2ERTA",Cold plate,38.77929739318943,2.9474308328855217,41.726728226074954,7.063651904161701,6.971357770931008
2014,CO,53847380.231,722.722318317569,722.68558991013,717.9769608535275,IPCC SAR GWP100,IPCC AR5 GWP100; CH4=28 and N2O=265,eGRID2014_Data_v2.xlsx,"ST14!STCO2AN, STCH4AN, STN2OAN, STNGENAN; reported comparison from STC2ERTA",One-phase,38.01573351489873,3.049789121460012,41.065522636358736,7.4266414395022915,5.276279754881963
2014,CO,53847380.231,722.722318317569,722.68558991013,717.9769608535275,IPCC SAR GWP100,IPCC AR5 GWP100; CH4=28 and N2O=265,eGRID2014_Data_v2.xlsx,"ST14!STCO2AN, STCH4AN, STN2OAN, STNGENAN; reported comparison from STC2ERTA",Two-phase,36.18805401899014,2.819329915902762,39.0073839348929,7.22768263723734,0.0
2014,CT,33651815.798,244.18526579684325,244.1506290762,242.2934523268175,IPCC SAR GWP100,IPCC AR5 GWP100; CH4=28 and N2O=265,eGRID2014_Data_v2.xlsx,"ST14!STCO2AN, STCH4AN, STN2OAN, STNGENAN; reported comparison from STC2ERTA",Air-cooled,15.438934084802444,3.5104211643502636,18.949355249152706,18.52528024407177,25.88418518297173
2014,CT,33651815.798,244.18526579684325,244.1506290762,242.2934523268175,IPCC SAR GWP100,IPCC AR5 GWP100; CH4=28 and N2O=265,eGRID2014_Data_v2.xlsx,"ST14!STCO2AN, STCH4AN, STN2OAN, STNGENAN; reported comparison from STC2ERTA",Cold plate,13.109668812008337,2.9474308328855217,16.05709964489386,18.355935368581967,6.670378945459343
2014,CT,33651815.798,244.18526579684325,244.1506290762,242.2934523268175,IPCC SAR GWP100,IPCC AR5 GWP100; CH4=28 and N2O=265,eGRID2014_Data_v2.xlsx,"ST14!STCO2AN, STCH4AN, STN2OAN, STNGENAN; reported comparison from STC2ERTA",One-phase,12.851539597863217,3.049789121460012,15.90132871932323,19.179460882120626,5.635562943393357
2014,CT,33651815.798,244.18526579684325,244.1506290762,242.2934523268175,IPCC SAR GWP100,IPCC AR5 GWP100; CH4=28 and N2O=265,eGRID2014_Data_v2.xlsx,"ST14!STCO2AN, STCH4AN, STN2OAN, STNGENAN; reported comparison from STC2ERTA",Two-phase,12.233677117196718,2.819329915902762,15.05300703309948,18.729346965051203,0.0
2014,DC,67612.0,537.8768578754109,537.8516886512,537.3245339732055,IPCC SAR GWP100,IPCC AR5 GWP100; CH4=28 and N2O=265,eGRID2014_Data_v2.xlsx,"ST14!STCO2AN, STCH4AN, STN2OAN, STNGENAN; reported comparison from STC2ERTA",Air-cooled,33.99223211091478,3.5104211643502636,37.50265327526504,9.360460814823387,26.0403625441638
2014,DC,67612.0,537.8768578754109,537.8516886512,537.3245339732055,IPCC SAR GWP100,IPCC AR5 GWP100; CH4=28 and N2O=265,eGRID2014_Data_v2.xlsx,"ST14!STCO2AN, STCH4AN, STN2OAN, STNGENAN; reported comparison from STC2ERTA",Cold plate,28.863838831572416,2.9474308328855217,31.81126966445794,9.265366846324351,6.912541149266249
2014,DC,67612.0,537.8768578754109,537.8516886512,537.3245339732055,IPCC SAR GWP100,IPCC AR5 GWP100; CH4=28 and N2O=265,eGRID2014_Data_v2.xlsx,"ST14!STCO2AN, STCH4AN, STN2OAN, STNGENAN; reported comparison from STC2ERTA",One-phase,28.2955102077417,3.049789121460012,31.345299329201712,9.729653845158168,5.346490087240285
2014,DC,67612.0,537.8768578754109,537.8516886512,537.3245339732055,IPCC SAR GWP100,IPCC AR5 GWP100; CH4=28 and N2O=265,eGRID2014_Data_v2.xlsx,"ST14!STCO2AN, STCH4AN, STN2OAN, STNGENAN; reported comparison from STC2ERTA",Two-phase,26.935149140061817,2.819329915902762,29.75447905596458,9.475312643182033,0.0
2014,DE,7598247.016,474.44581075391756,474.42269240751,473.0115836626081,IPCC SAR GWP100,IPCC AR5 GWP100; CH4=28 and N2O=265,eGRID2014_Data_v2.xlsx,"ST14!STCO2AN, STCH4AN, STN2OAN, STNGENAN; reported comparison from STC2ERTA",Air-cooled,29.9851200481404,3.5104211643502636,33.495541212490664,10.480264050909584,26.02125923835907
2014,DE,7598247.016,474.44581075391756,474.42269240751,473.0115836626081,IPCC SAR GWP100,IPCC AR5 GWP100; CH4=28 and N2O=265,eGRID2014_Data_v2.xlsx,"ST14!STCO2AN, STCH4AN, STN2OAN, STNGENAN; reported comparison from STC2ERTA",Cold plate,25.46127802348617,2.9474308328855217,28.408708856371693,10.375096058701915,6.882920347644528
2014,DE,7598247.016,474.44581075391756,474.42269240751,473.0115836626081,IPCC SAR GWP100,IPCC AR5 GWP100; CH4=28 and N2O=265,eGRID2014_Data_v2.xlsx,"ST14!STCO2AN, STCH4AN, STN2OAN, STNGENAN; reported comparison from STC2ERTA",One-phase,24.95994577920303,3.049789121460012,28.00973490066304,10.888318408853694,5.381848907038456
2014,DE,7598247.016,474.44581075391756,474.42269240751,473.0115836626081,IPCC SAR GWP100,IPCC AR5 GWP100; CH4=28 and N2O=265,eGRID2014_Data_v2.xlsx,"ST14!STCO2AN, STCH4AN, STN2OAN, STNGENAN; reported comparison from STC2ERTA",Two-phase,23.759948385972116,2.819329915902762,26.57927830187488,10.607247811178864,0.0
2014,FL,229963756.27,498.7233002679562,498.69079138725,496.0846383778195,IPCC SAR GWP100,IPCC AR5 GWP100; CH4=28 and N2O=265,eGRID2014_Data_v2.xlsx,"ST14!STCO2AN, STCH4AN, STN2OAN, STNGENAN; reported comparison from STC2ERTA",Air-cooled,31.5187952040818,3.5104211643502636,35.02921636843207,10.021409349921441,26.029086379034162
2014,FL,229963756.27,498.7233002679562,498.69079138725,496.0846383778195,IPCC SAR GWP100,IPCC AR5 GWP100; CH4=28 and N2O=265,eGRID2014_Data_v2.xlsx,"ST14!STCO2AN, STCH4AN, STN2OAN, STNGENAN; reported comparison from STC2ERTA",Cold plate,26.76356827546598,2.9474308328855217,29.7109991083515,9.920335637777407,6.8950567906022275
2014,FL,229963756.27,498.7233002679562,498.69079138725,496.0846383778195,IPCC SAR GWP100,IPCC AR5 GWP100; CH4=28 and N2O=265,eGRID2014_Data_v2.xlsx,"ST14!STCO2AN, STCH4AN, STN2OAN, STNGENAN; reported comparison from STC2ERTA",One-phase,26.236593952488636,3.049789121460012,29.28638307394865,10.413676259575103,5.367361442957885
2014,FL,229963756.27,498.7233002679562,498.69079138725,496.0846383778195,IPCC SAR GWP100,IPCC AR5 GWP100; CH4=28 and N2O=265,eGRID2014_Data_v2.xlsx,"ST14!STCO2AN, STCH4AN, STN2OAN, STNGENAN; reported comparison from STC2ERTA",Two-phase,24.97521924323438,2.819329915902762,27.794549159137144,10.143463381113843,0.0
2014,GA,125805607.875,501.56983110275013,501.55704157328,498.3278183267063,IPCC SAR GWP100,IPCC AR5 GWP100; CH4=28 and N2O=265,eGRID2014_Data_v2.xlsx,"ST14!STCO2AN, STCH4AN, STN2OAN, STNGENAN; reported comparison from STC2ERTA",Air-cooled,31.69861831220919,3.5104211643502636,35.209039476559454,9.970227011410916,26.029959507325493
2014,GA,125805607.875,501.56983110275013,501.55704157328,498.3278183267063,IPCC SAR GWP100,IPCC AR5 GWP100; CH4=28 and N2O=265,eGRID2014_Data_v2.xlsx,"ST14!STCO2AN, STCH4AN, STN2OAN, STNGENAN; reported comparison from STC2ERTA",Cold plate,26.916261549454152,2.9474308328855217,29.863692382339675,9.869612890295265,6.8964106274811865
2014,GA,125805607.875,501.56983110275013,501.55704157328,498.3278183267063,IPCC SAR GWP100,IPCC AR5 GWP100; CH4=28 and N2O=265,eGRID2014_Data_v2.xlsx,"ST14!STCO2AN, STCH4AN, STN2OAN, STNGENAN; reported comparison from STC2ERTA",One-phase,26.386280697831044,3.049789121460012,29.436069819291056,10.36072118384948,5.365745346444029
2014,GA,125805607.875,501.56983110275013,501.55704157328,498.3278183267063,IPCC SAR GWP100,IPCC AR5 GWP100; CH4=28 and N2O=265,eGRID2014_Data_v2.xlsx,"ST14!STCO2AN, STCH4AN, STN2OAN, STNGENAN; reported comparison from STC2ERTA",Two-phase,25.117709510435326,2.819329915902762,27.93703942633809,10.091727591023098,0.0
2014,HI,10204158.502,607.2989722958507,607.2962269058299,602.8713620518298,IPCC SAR GWP100,IPCC AR5 GWP100; CH4=28 and N2O=265,eGRID2014_Data_v2.xlsx,"ST14!STCO2AN, STCH4AN, STN2OAN, STNGENAN; reported comparison from STC2ERTA",Air-cooled,38.37781621745851,3.5104211643502636,41.88823738180877,8.380446119880828,26.05708587747486
2014,HI,10204158.502,607.2989722958507,607.2962269058299,602.8713620518298,IPCC SAR GWP100,IPCC AR5 GWP100; CH4=28 and N2O=265,eGRID2014_Data_v2.xlsx,"ST14!STCO2AN, STCH4AN, STN2OAN, STNGENAN; reported comparison from STC2ERTA",Cold plate,32.5877717707376,2.9474308328855217,35.53520260362312,8.294397152487335,6.938471663258139
2014,HI,10204158.502,607.2989722958507,607.2962269058299,602.8713620518298,IPCC SAR GWP100,IPCC AR5 GWP100; CH4=28 and N2O=265,eGRID2014_Data_v2.xlsx,"ST14!STCO2AN, STCH4AN, STN2OAN, STNGENAN; reported comparison from STC2ERTA",One-phase,31.94611895413739,3.049789121460012,34.9959080755974,8.714702058514737,5.315536422203726
2014,HI,10204158.502,607.2989722958507,607.2962269058299,602.8713620518298,IPCC SAR GWP100,IPCC AR5 GWP100; CH4=28 and N2O=265,eGRID2014_Data_v2.xlsx,"ST14!STCO2AN, STCH4AN, STN2OAN, STNGENAN; reported comparison from STC2ERTA",Two-phase,30.4102478505731,2.819329915902762,33.22957776647586,8.484398856091044,0.0
2014,IA,56846167.863,611.8657981543408,611.8339649753101,607.3093117783437,IPCC SAR GWP100,IPCC AR5 GWP100; CH4=28 and N2O=265,eGRID2014_Data_v2.xlsx,"ST14!STCO2AN, STCH4AN, STN2OAN, STNGENAN; reported comparison from STC2ERTA",Air-cooled,38.66631504912835,3.5104211643502636,42.17673621347861,8.32312189018652,26.058064216720524
2014,IA,56846167.863,611.8657981543408,611.8339649753101,607.3093117783437,IPCC SAR GWP100,IPCC AR5 GWP100; CH4=28 and N2O=265,eGRID2014_Data_v2.xlsx,"ST14!STCO2AN, STCH4AN, STN2OAN, STNGENAN; reported comparison from STC2ERTA",Cold plate,32.83274490910768,2.9474308328855217,35.780175741993204,8.237608596836168,6.939988635923022
2014,IA,56846167.863,611.8657981543408,611.8339649753101,607.3093117783437,IPCC SAR GWP100,IPCC AR5 GWP100; CH4=28 and N2O=265,eGRID2014_Data_v2.xlsx,"ST14!STCO2AN, STCH4AN, STN2OAN, STNGENAN; reported comparison from STC2ERTA",One-phase,32.18626857449181,3.049789121460012,35.23605769595182,8.655307434720184,5.31372558791976
2014,IA,56846167.863,611.8657981543408,611.8339649753101,607.3093117783437,IPCC SAR GWP100,IPCC AR5 GWP100; CH4=28 and N2O=265,eGRID2014_Data_v2.xlsx,"ST14!STCO2AN, STCH4AN, STN2OAN, STNGENAN; reported comparison from STC2ERTA",Two-phase,30.63885181610279,2.819329915902762,33.45818173200555,8.426428962832242,0.0
2014,ID,15102586.656,66.8860486339835,66.88763806493999,66.54988773676311,IPCC SAR GWP100,IPCC AR5 GWP100; CH4=28 and N2O=265,eGRID2014_Data_v2.xlsx,"ST14!STCO2AN, STCH4AN, STN2OAN, STNGENAN; reported comparison from STC2ERTA",Air-cooled,4.238459489877869,3.5104211643502636,7.748880654228133,45.302300048134335,25.43008832996987
2014,ID,15102586.656,66.8860486339835,66.88763806493999,66.54988773676311,IPCC SAR GWP100,IPCC AR5 GWP100; CH4=28 and N2O=265,eGRID2014_Data_v2.xlsx,"ST14!STCO2AN, STCH4AN, STN2OAN, STNGENAN; reported comparison from STC2ERTA",Cold plate,3.599004949448468,2.9474308328855217,6.54643578233399,45.023443762167005,5.966275009873634
2014,ID,15102586.656,66.8860486339835,66.88763806493999,66.54988773676311,IPCC SAR GWP100,IPCC AR5 GWP100; CH4=28 and N2O=265,eGRID2014_Data_v2.xlsx,"ST14!STCO2AN, STCH4AN, STN2OAN, STNGENAN; reported comparison from STC2ERTA",One-phase,3.5281405872263987,3.049789121460012,6.57792970868641,46.363966422940756,6.476062957386564
2014,ID,15102586.656,66.8860486339835,66.88763806493999,66.54988773676311,IPCC SAR GWP100,IPCC AR5 GWP100; CH4=28 and N2O=265,eGRID2014_Data_v2.xlsx,"ST14!STCO2AN, STCH4AN, STN2OAN, STNGENAN; reported comparison from STC2ERTA",Two-phase,3.358518443609746,2.819329915902762,6.177848359512508,45.63611393215282,0.0
2014,IL,202134056.529,452.1365530598411,452.11320528143006,448.80267943089814,IPCC SAR GWP100,IPCC AR5 GWP100; CH4=28 and N2O=265,eGRID2014_Data_v2.xlsx,"ST14!STCO2AN, STCH4AN, STN2OAN, STNGENAN; reported comparison from STC2ERTA",Air-cooled,28.575783458658425,3.5104211643502636,32.08620462300869,10.940593334722351,26.013407921111952
2014,IL,202134056.529,452.1365530598411,452.11320528143006,448.80267943089814,IPCC SAR GWP100,IPCC AR5 GWP100; CH4=28 and N2O=265,eGRID2014_Data_v2.xlsx,"ST14!STCO2AN, STCH4AN, STN2OAN, STNGENAN; reported comparison from STC2ERTA",Cold plate,24.264567432504304,2.9474308328855217,27.211998265389827,10.831364915358957,6.87074641748695
2014,IL,202134056.529,452.1365530598411,452.11320528143006,448.80267943089814,IPCC SAR GWP100,IPCC AR5 GWP100; CH4=28 and N2O=265,eGRID2014_Data_v2.xlsx,"ST14!STCO2AN, STCH4AN, STN2OAN, STNGENAN; reported comparison from STC2ERTA",One-phase,23.786798404717242,3.049789121460012,26.836587526177254,11.364295547953521,5.396381120182925
2014,IL,202134056.529,452.1365530598411,452.11320528143006,448.80267943089814,IPCC SAR GWP100,IPCC AR5 GWP100; CH4=28 and N2O=265,eGRID2014_Data_v2.xlsx,"ST14!STCO2AN, STCH4AN, STN2OAN, STNGENAN; reported comparison from STC2ERTA",Two-phase,22.64320232756738,2.819329915902762,25.462532243470143,11.072464784510103,0.0
2014,IN,115023340.266,899.4594658555213,899.4147027019,893.0605650950398,IPCC SAR GWP100,IPCC AR5 GWP100; CH4=28 and N2O=265,eGRID2014_Data_v2.xlsx,"ST14!STCO2AN, STCH4AN, STN2OAN, STNGENAN; reported comparison from STC2ERTA",Air-cooled,56.834390578697125,3.5104211643502636,60.34481174304739,5.817270885354474,26.100845837049125
2014,IN,115023340.266,899.4594658555213,899.4147027019,893.0605650950398,IPCC SAR GWP100,IPCC AR5 GWP100; CH4=28 and N2O=265,eGRID2014_Data_v2.xlsx,"ST14!STCO2AN, STCH4AN, STN2OAN, STNGENAN; reported comparison from STC2ERTA",Cold plate,48.25981078269369,2.9474308328855217,51.207241615579214,5.755886745496558,7.006324059841895
2014,IN,115023340.266,899.4594658555213,899.4147027019,893.0605650950398,IPCC SAR GWP100,IPCC AR5 GWP100; CH4=28 and N2O=265,eGRID2014_Data_v2.xlsx,"ST14!STCO2AN, STCH4AN, STN2OAN, STNGENAN; reported comparison from STC2ERTA",One-phase,47.30957571491546,3.049789121460012,50.35936483637547,6.056051603051781,5.2345399422867755
2014,IN,115023340.266,899.4594658555213,899.4147027019,893.0605650950398,IPCC SAR GWP100,IPCC AR5 GWP100; CH4=28 and N2O=265,eGRID2014_Data_v2.xlsx,"ST14!STCO2AN, STCH4AN, STN2OAN, STNGENAN; reported comparison from STC2ERTA",Two-phase,45.035076882467614,2.819329915902762,47.85440679837038,5.891473961388171,0.0
2014,KS,49727761.916,643.6893511941761,643.6570984697701,639.0483129116201,IPCC SAR GWP100,IPCC AR5 GWP100; CH4=28 and N2O=265,eGRID2014_Data_v2.xlsx,"ST14!STCO2AN, STCH4AN, STN2OAN, STNGENAN; reported comparison from STC2ERTA",Air-cooled,40.676695597032854,3.5104211643502636,44.187116761383116,7.944444946039477,26.064527389239966
2014,KS,49727761.916,643.6893511941761,643.6570984697701,639.0483129116201,IPCC SAR GWP100,IPCC AR5 GWP100; CH4=28 and N2O=265,eGRID2014_Data_v2.xlsx,"ST14!STCO2AN, STCH4AN, STN2OAN, STNGENAN; reported comparison from STC2ERTA",Cold plate,34.539820217828336,2.9474308328855217,37.48725105071386,7.862488580179299,6.950010165861453
2014,KS,49727761.916,643.6893511941761,643.6570984697701,639.0483129116201,IPCC SAR GWP100,IPCC AR5 GWP100; CH4=28 and N2O=265,eGRID2014_Data_v2.xlsx,"ST14!STCO2AN, STCH4AN, STN2OAN, STNGENAN; reported comparison from STC2ERTA",One-phase,33.85973159183841,3.049789121460012,36.90952071329842,8.262879231485602,5.301762728989701
2014,KS,49727761.916,643.6893511941761,643.6570984697701,639.0483129116201,IPCC SAR GWP100,IPCC AR5 GWP100; CH4=28 and N2O=265,eGRID2014_Data_v2.xlsx,"ST14!STCO2AN, STCH4AN, STN2OAN, STNGENAN; reported comparison from STC2ERTA",Two-phase,32.23185988069234,2.819329915902762,35.051189796595104,8.043464236916241,0.0
2014,KY,90896434.998,945.4608131804167,945.41305135123,938.2378048530062,IPCC SAR GWP100,IPCC AR5 GWP100; CH4=28 and N2O=265,eGRID2014_Data_v2.xlsx,"ST14!STCO2AN, STCH4AN, STN2OAN, STNGENAN; reported comparison from STC2ERTA",Air-cooled,59.740421018591945,3.5104211643502636,63.25084218294221,5.549999088070595,26.10541059974718
2014,KY,90896434.998,945.4608131804167,945.41305135123,938.2378048530062,IPCC SAR GWP100,IPCC AR5 GWP100; CH4=28 and N2O=265,eGRID2014_Data_v2.xlsx,"ST14!STCO2AN, STCH4AN, STN2OAN, STNGENAN; reported comparison from STC2ERTA",Cold plate,50.727409673613074,2.9474308328855217,53.6748405064986,5.491270779889259,7.013401993457724
2014,KY,90896434.998,945.4608131804167,945.41305135123,938.2378048530062,IPCC SAR GWP100,IPCC AR5 GWP100; CH4=28 and N2O=265,eGRID2014_Data_v2.xlsx,"ST14!STCO2AN, STCH4AN, STN2OAN, STNGENAN; reported comparison from STC2ERTA",One-phase,49.728587614685615,3.049789121460012,52.778376736145624,5.778482230908294,5.226090900884683
2014,KY,90896434.998,945.4608131804167,945.41305135123,938.2378048530062,IPCC SAR GWP100,IPCC AR5 GWP100; CH4=28 and N2O=265,eGRID2014_Data_v2.xlsx,"ST14!STCO2AN, STCH4AN, STN2OAN, STNGENAN; reported comparison from STC2ERTA",Two-phase,47.337790133210355,2.819329915902762,50.15712004911312,5.620996407174325,0.0
2014,LA,103522968.665,444.36822144961087,444.35405420021004,442.31132587189984,IPCC SAR GWP100,IPCC AR5 GWP100; CH4=28 and N2O=265,eGRID2014_Data_v2.xlsx,"ST14!STCO2AN, STCH4AN, STN2OAN, STNGENAN; reported comparison from STC2ERTA",Air-cooled,28.085036786238486,3.5104211643502636,31.59545795058875,11.110524714786893,26.010509840502415
2014,LA,103522968.665,444.36822144961087,444.35405420021004,442.31132587189984,IPCC SAR GWP100,IPCC AR5 GWP100; CH4=28 and N2O=265,eGRID2014_Data_v2.xlsx,"ST14!STCO2AN, STCH4AN, STN2OAN, STNGENAN; reported comparison from STC2ERTA",Cold plate,23.847859497184245,2.9474308328855217,26.79529033006977,10.999809282073366,6.866252772685599
2014,LA,103522968.665,444.36822144961087,444.35405420021004,442.31132587189984,IPCC SAR GWP100,IPCC AR5 GWP100; CH4=28 and N2O=265,eGRID2014_Data_v2.xlsx,"ST14!STCO2AN, STCH4AN, STN2OAN, STNGENAN; reported comparison from STC2ERTA",One-phase,23.37829544340642,3.049789121460012,26.42808456486643,11.53995520929432,5.401745255117474
2014,LA,103522968.665,444.36822144961087,444.35405420021004,442.31132587189984,IPCC SAR GWP100,IPCC AR5 GWP100; CH4=28 and N2O=265,eGRID2014_Data_v2.xlsx,"ST14!STCO2AN, STCH4AN, STN2OAN, STNGENAN; reported comparison from STC2ERTA",Two-phase,22.25433893170419,2.819329915902762,25.073668847606953,11.244185815159796,0.0
2014,MA,31014178.671,406.26928604167296,406.21600773061004,403.02662440322496,IPCC SAR GWP100,IPCC AR5 GWP100; CH4=28 and N2O=265,eGRID2014_Data_v2.xlsx,"ST14!STCO2AN, STCH4AN, STN2OAN, STNGENAN; reported comparison from STC2ERTA",Air-cooled,25.678223237037603,3.5104211643502636,29.188644401387865,12.026667343904979,25.994887858398652
2014,MA,31014178.671,406.26928604167296,406.21600773061004,403.02662440322496,IPCC SAR GWP100,IPCC AR5 GWP100; CH4=28 and N2O=265,eGRID2014_Data_v2.xlsx,"ST14!STCO2AN, STCH4AN, STN2OAN, STNGENAN; reported comparison from STC2ERTA",Cold plate,21.804160861710624,2.9474308328855217,24.751591694596147,11.90804562895652,6.842029968655572
2014,MA,31014178.671,406.26928604167296,406.21600773061004,403.02662440322496,IPCC SAR GWP100,IPCC AR5 GWP100; CH4=28 and N2O=265,eGRID2014_Data_v2.xlsx,"ST14!STCO2AN, STCH4AN, STN2OAN, STNGENAN; reported comparison from STC2ERTA",One-phase,21.374837208379912,3.049789121460012,24.424626329839924,12.486533387550907,5.4306603997391845
2014,MA,31014178.671,406.26928604167296,406.21600773061004,403.02662440322496,IPCC SAR GWP100,IPCC AR5 GWP100; CH4=28 and N2O=265,eGRID2014_Data_v2.xlsx,"ST14!STCO2AN, STCH4AN, STN2OAN, STNGENAN; reported comparison from STC2ERTA",Two-phase,20.347200804130882,2.819329915902762,23.166530720033645,12.169840836222832,0.0
2014,MD,37819444.988,530.586888852448,530.55384101027,526.2878630061208,IPCC SAR GWP100,IPCC AR5 GWP100; CH4=28 and N2O=265,eGRID2014_Data_v2.xlsx,"ST14!STCO2AN, STCH4AN, STN2OAN, STNGENAN; reported comparison from STC2ERTA",Air-cooled,33.53170490641798,3.5104211643502636,37.04212607076824,9.476834989556686,26.038376986925726
2014,MD,37819444.988,530.586888852448,530.55384101027,526.2878630061208,IPCC SAR GWP100,IPCC AR5 GWP100; CH4=28 and N2O=265,eGRID2014_Data_v2.xlsx,"ST14!STCO2AN, STCH4AN, STN2OAN, STNGENAN; reported comparison from STC2ERTA",Cold plate,28.47279116618883,2.9474308328855217,31.420221999074354,9.380681119860814,6.909462425737556
2014,MD,37819444.988,530.586888852448,530.55384101027,526.2878630061208,IPCC SAR GWP100,IPCC AR5 GWP100; CH4=28 and N2O=265,eGRID2014_Data_v2.xlsx,"ST14!STCO2AN, STCH4AN, STN2OAN, STNGENAN; reported comparison from STC2ERTA",One-phase,27.9121622659748,3.049789121460012,30.961951387434812,9.850119210179038,5.350165208253199
2014,MD,37819444.988,530.586888852448,530.55384101027,526.2878630061208,IPCC SAR GWP100,IPCC AR5 GWP100; CH4=28 and N2O=265,eGRID2014_Data_v2.xlsx,"ST14!STCO2AN, STCH4AN, STN2OAN, STNGENAN; reported comparison from STC2ERTA",Two-phase,26.57023138780294,2.819329915902762,29.389561303705705,9.592963592645647,0.0
2014,ME,13245795.392,162.00050934016778,161.61450783863,156.99677549275523,IPCC SAR GWP100,IPCC AR5 GWP100; CH4=28 and N2O=265,eGRID2014_Data_v2.xlsx,"ST14!STCO2AN, STCH4AN, STN2OAN, STNGENAN; reported comparison from STC2ERTA",Air-cooled,10.247099109369268,3.5104211643502636,13.757520273719532,25.516380092538096,25.765310083035644
2014,ME,13245795.392,162.00050934016778,161.61450783863,156.99677549275523,IPCC SAR GWP100,IPCC AR5 GWP100; CH4=28 and N2O=265,eGRID2014_Data_v2.xlsx,"ST14!STCO2AN, STCH4AN, STN2OAN, STNGENAN; reported comparison from STC2ERTA",Cold plate,8.70112372199921,2.9474308328855217,11.648554554884731,25.302974879827808,6.486056096369275
2014,ME,13245795.392,162.00050934016778,161.61450783863,156.99677549275523,IPCC SAR GWP100,IPCC AR5 GWP100; CH4=28 and N2O=265,eGRID2014_Data_v2.xlsx,"ST14!STCO2AN, STCH4AN, STN2OAN, STNGENAN; reported comparison from STC2ERTA",One-phase,8.529798705269437,3.049789121460012,11.57958782672945,26.337631071980887,5.855592046214064
2014,ME,13245795.392,162.00050934016778,161.61450783863,156.99677549275523,IPCC SAR GWP100,IPCC AR5 GWP100; CH4=28 and N2O=265,eGRID2014_Data_v2.xlsx,"ST14!STCO2AN, STCH4AN, STN2OAN, STNGENAN; reported comparison from STC2ERTA",Two-phase,8.119712229054562,2.819329915902762,10.939042144957323,25.773096753287632,0.0
2014,MI,106747581.842,581.7188288798532,581.68594810326,577.3845026602347,IPCC SAR GWP100,IPCC AR5 GWP100; CH4=28 and N2O=265,eGRID2014_Data_v2.xlsx,"ST14!STCO2AN, STCH4AN, STN2OAN, STNGENAN; reported comparison from STC2ERTA",Air-cooled,36.76184886548632,3.5104211643502636,40.272270029836584,8.716720368008787,26.051347069201668
2014,MI,106747581.842,581.7188288798532,581.68594810326,577.3845026602347,IPCC SAR GWP100,IPCC AR5 GWP100; CH4=28 and N2O=265,eGRID2014_Data_v2.xlsx,"ST14!STCO2AN, STCH4AN, STN2OAN, STNGENAN; reported comparison from STC2ERTA",Cold plate,31.21560471056295,2.9474308328855217,34.16303554344847,8.627543735500277,6.929573302778369
2014,MI,106747581.842,581.7188288798532,581.68594810326,577.3845026602347,IPCC SAR GWP100,IPCC AR5 GWP100; CH4=28 and N2O=265,eGRID2014_Data_v2.xlsx,"ST14!STCO2AN, STCH4AN, STN2OAN, STNGENAN; reported comparison from STC2ERTA",One-phase,30.600969846132084,3.049789121460012,33.6507589675921,9.063061919040697,5.326158535971004
2014,MI,106747581.842,581.7188288798532,581.68594810326,577.3845026602347,IPCC SAR GWP100,IPCC AR5 GWP100; CH4=28 and N2O=265,eGRID2014_Data_v2.xlsx,"ST14!STCO2AN, STCH4AN, STN2OAN, STNGENAN; reported comparison from STC2ERTA",Two-phase,29.129769372760354,2.819329915902762,31.949099288663117,8.824442562307784,0.0
2014,MN,56981323.968,549.0736279655731,548.82227371202,544.4622767949804,IPCC SAR GWP100,IPCC AR5 GWP100; CH4=28 and N2O=265,eGRID2014_Data_v2.xlsx,"ST14!STCO2AN, STCH4AN, STN2OAN, STNGENAN; reported comparison from STC2ERTA",Air-cooled,34.699562582796545,3.5104211643502636,38.20998374714681,9.18718308696583,26.04331909649369
2014,MN,56981323.968,549.0736279655731,548.82227371202,544.4622767949804,IPCC SAR GWP100,IPCC AR5 GWP100; CH4=28 and N2O=265,eGRID2014_Data_v2.xlsx,"ST14!STCO2AN, STCH4AN, STN2OAN, STNGENAN; reported comparison from STC2ERTA",Cold plate,29.46445466269637,2.9474308328855217,32.41188549558189,9.093672854321573,6.917125457916451
2014,MN,56981323.968,549.0736279655731,548.82227371202,544.4622767949804,IPCC SAR GWP100,IPCC AR5 GWP100; CH4=28 and N2O=265,eGRID2014_Data_v2.xlsx,"ST14!STCO2AN, STCH4AN, STN2OAN, STNGENAN; reported comparison from STC2ERTA",One-phase,28.88429992069941,3.049789121460012,31.93408904215942,9.550261845370558,5.341017725434161
2014,MN,56981323.968,549.0736279655731,548.82227371202,544.4622767949804,IPCC SAR GWP100,IPCC AR5 GWP100; CH4=28 and N2O=265,eGRID2014_Data_v2.xlsx,"ST14!STCO2AN, STCH4AN, STN2OAN, STNGENAN; reported comparison from STC2ERTA",Two-phase,27.495631655281173,2.819329915902762,30.314961571183936,9.30012696629209,0.0
2014,MO,87833977.052,797.3863488653529,797.34235808843,791.0772903358068,IPCC SAR GWP100,IPCC AR5 GWP100; CH4=28 and N2O=265,eGRID2014_Data_v2.xlsx,"ST14!STCO2AN, STCH4AN, STN2OAN, STNGENAN; reported comparison from STC2ERTA",Air-cooled,50.38615368308249,3.5104211643502636,53.89657484743275,6.513254644265163,26.088960608958335
2014,MO,87833977.052,797.3863488653529,797.34235808843,791.0772903358068,IPCC SAR GWP100,IPCC AR5 GWP100; CH4=28 and N2O=265,eGRID2014_Data_v2.xlsx,"ST14!STCO2AN, STCH4AN, STN2OAN, STNGENAN; reported comparison from STC2ERTA",Cold plate,42.78441658393917,2.9474308328855217,45.73184741682469,6.445029010136086,6.987895313157666
2014,MO,87833977.052,797.3863488653529,797.34235808843,791.0772903358068,IPCC SAR GWP100,IPCC AR5 GWP100; CH4=28 and N2O=265,eGRID2014_Data_v2.xlsx,"ST14!STCO2AN, STCH4AN, STN2OAN, STNGENAN; reported comparison from STC2ERTA",One-phase,41.94199195911924,3.049789121460012,44.99178108057925,6.77854721065145,5.2565386289339155
2014,MO,87833977.052,797.3863488653529,797.34235808843,791.0772903358068,IPCC SAR GWP100,IPCC AR5 GWP100; CH4=28 and N2O=265,eGRID2014_Data_v2.xlsx,"ST14!STCO2AN, STCH4AN, STN2OAN, STNGENAN; reported comparison from STC2ERTA",Two-phase,39.92555003800775,2.819329915902762,42.74487995391051,6.5957137297910124,0.0
2014,MS,55127091.661,449.6813963017305,449.66698163002,447.7719327338972,IPCC SAR GWP100,IPCC AR5 GWP100; CH4=28 and N2O=265,eGRID2014_Data_v2.xlsx,"ST14!STCO2AN, STCH4AN, STN2OAN, STNGENAN; reported comparison from STC2ERTA",Air-cooled,28.420684517242815,3.5104211643502636,31.931105681593078,10.993735072487238,26.012501605433023
2014,MS,55127091.661,449.6813963017305,449.66698163002,447.7719327338972,IPCC SAR GWP100,IPCC AR5 GWP100; CH4=28 and N2O=265,eGRID2014_Data_v2.xlsx,"ST14!STCO2AN, STCH4AN, STN2OAN, STNGENAN; reported comparison from STC2ERTA",Cold plate,24.132868200945747,2.9474308328855217,27.08029903383127,10.88404093766953,6.869341121607486
2014,MS,55127091.661,449.6813963017305,449.66698163002,447.7719327338972,IPCC SAR GWP100,IPCC AR5 GWP100; CH4=28 and N2O=265,eGRID2014_Data_v2.xlsx,"ST14!STCO2AN, STCH4AN, STN2OAN, STNGENAN; reported comparison from STC2ERTA",One-phase,23.657692329372868,3.049789121460012,26.70748145083288,11.419231450462744,5.398058644120329
2014,MS,55127091.661,449.6813963017305,449.66698163002,447.7719327338972,IPCC SAR GWP100,IPCC AR5 GWP100; CH4=28 and N2O=265,eGRID2014_Data_v2.xlsx,"ST14!STCO2AN, STCH4AN, STN2OAN, STNGENAN; reported comparison from STC2ERTA",Two-phase,22.5203032750761,2.819329915902762,25.339633190978862,11.126167039018025,0.0
2014,MT,30257616.001,590.7974325202091,590.77866075228,586.6382654621598,IPCC SAR GWP100,IPCC AR5 GWP100; CH4=28 and N2O=265,eGRID2014_Data_v2.xlsx,"ST14!STCO2AN, STCH4AN, STN2OAN, STNGENAN; reported comparison from STC2ERTA",Air-cooled,37.33536899184871,3.5104211643502636,40.84579015619897,8.594327961158326,26.053435740048325
2014,MT,30257616.001,590.7974325202091,590.77866075228,586.6382654621598,IPCC SAR GWP100,IPCC AR5 GWP100; CH4=28 and N2O=265,eGRID2014_Data_v2.xlsx,"ST14!STCO2AN, STCH4AN, STN2OAN, STNGENAN; reported comparison from STC2ERTA",Cold plate,31.702598104817625,2.9474308328855217,34.65002893770315,8.506286786036082,6.932811910034875
2014,MT,30257616.001,590.7974325202091,590.77866075228,586.6382654621598,IPCC SAR GWP100,IPCC AR5 GWP100; CH4=28 and N2O=265,eGRID2014_Data_v2.xlsx,"ST14!STCO2AN, STCH4AN, STN2OAN, STNGENAN; reported comparison from STC2ERTA",One-phase,31.078374346574456,3.049789121460012,34.128163468034465,8.936282564154213,5.322292559221231
2014,MT,30257616.001,590.7974325202091,590.77866075228,586.6382654621598,IPCC SAR GWP100,IPCC AR5 GWP100; CH4=28 and N2O=265,eGRID2014_Data_v2.xlsx,"ST14!STCO2AN, STCH4AN, STN2OAN, STNGENAN; reported comparison from STC2ERTA",Two-phase,29.58422173375838,2.819329915902762,32.40355164966114,8.700681784468046,0.0
2014,NC,126271599.062,447.54301759556205,447.50742835645,444.39967491385903,IPCC SAR GWP100,IPCC AR5 GWP100; CH4=28 and N2O=265,eGRID2014_Data_v2.xlsx,"ST14!STCO2AN, STCH4AN, STN2OAN, STNGENAN; reported comparison from STC2ERTA",Air-cooled,28.285597308421316,3.5104211643502636,31.79601847277158,11.040442586723245,26.01170503418406
2014,NC,126271599.062,447.54301759556205,447.50742835645,444.39967491385903,IPCC SAR GWP100,IPCC AR5 GWP100; CH4=28 and N2O=265,eGRID2014_Data_v2.xlsx,"ST14!STCO2AN, STCH4AN, STN2OAN, STNGENAN; reported comparison from STC2ERTA",Cold plate,24.018161540585577,2.9474308328855217,26.9655923734711,10.930339641955058,6.868105990935103
2014,NC,126271599.062,447.54301759556205,447.50742835645,444.39967491385903,IPCC SAR GWP100,IPCC AR5 GWP100; CH4=28 and N2O=265,eGRID2014_Data_v2.xlsx,"ST14!STCO2AN, STCH4AN, STN2OAN, STNGENAN; reported comparison from STC2ERTA",One-phase,23.545244241713547,3.049789121460012,26.59503336317356,11.467513801592325,5.399533039156257
2014,NC,126271599.062,447.54301759556205,447.50742835645,444.39967491385903,IPCC SAR GWP100,IPCC AR5 GWP100; CH4=28 and N2O=265,eGRID2014_Data_v2.xlsx,"ST14!STCO2AN, STCH4AN, STN2OAN, STNGENAN; reported comparison from STC2ERTA",Two-phase,22.413261345477324,2.819329915902762,25.232591261380087,11.173366566666921,0.0
2014,ND,36462507.669,826.6287549239231,826.5868189594399,820.5062076814886,IPCC SAR GWP100,IPCC AR5 GWP100; CH4=28 and N2O=265,eGRID2014_Data_v2.xlsx,"ST14!STCO2AN, STCH4AN, STN2OAN, STNGENAN; reported comparison from STC2ERTA",Air-cooled,52.233476143917876,3.5104211643502636,55.74389730826814,6.297408925209083,26.09264633978363
2014,ND,36462507.669,826.6287549239231,826.5868189594399,820.5062076814886,IPCC SAR GWP100,IPCC AR5 GWP100; CH4=28 and N2O=265,eGRID2014_Data_v2.xlsx,"ST14!STCO2AN, STCH4AN, STN2OAN, STNGENAN; reported comparison from STC2ERTA",Cold plate,44.35303430829201,2.9474308328855217,47.30046514117753,6.231293548780831,6.993610256043659
2014,ND,36462507.669,826.6287549239231,826.5868189594399,820.5062076814886,IPCC SAR GWP100,IPCC AR5 GWP100; CH4=28 and N2O=265,eGRID2014_Data_v2.xlsx,"ST14!STCO2AN, STCH4AN, STN2OAN, STNGENAN; reported comparison from STC2ERTA",One-phase,43.47972362019408,3.049789121460012,46.52951274165409,6.554526238848368,5.2497166111423965
2014,ND,36462507.669,826.6287549239231,826.5868189594399,820.5062076814886,IPCC SAR GWP100,IPCC AR5 GWP100; CH4=28 and N2O=265,eGRID2014_Data_v2.xlsx,"ST14!STCO2AN, STCH4AN, STN2OAN, STNGENAN; reported comparison from STC2ERTA",Two-phase,41.389352292300146,2.819329915902762,44.20868220820291,6.377321772734578,0.0
2014,NE,39431137.998,636.7722821239898,636.7393612349,631.9462686038045,IPCC SAR GWP100,IPCC AR5 GWP100; CH4=28 and N2O=265,eGRID2014_Data_v2.xlsx,"ST14!STCO2AN, STCH4AN, STN2OAN, STNGENAN; reported comparison from STC2ERTA",Air-cooled,40.23972549850843,3.5104211643502636,43.75014666285869,8.023792906117055,26.063173041300125
2014,NE,39431137.998,636.7722821239898,636.7393612349,631.9462686038045,IPCC SAR GWP100,IPCC AR5 GWP100; CH4=28 and N2O=265,eGRID2014_Data_v2.xlsx,"ST14!STCO2AN, STCH4AN, STN2OAN, STNGENAN; reported comparison from STC2ERTA",Cold plate,34.16877560808128,2.9474308328855217,37.116206440966806,7.941088585045456,6.94791016955385
2014,NE,39431137.998,636.7722821239898,636.7393612349,631.9462686038045,IPCC SAR GWP100,IPCC AR5 GWP100; CH4=28 and N2O=265,eGRID2014_Data_v2.xlsx,"ST14!STCO2AN, STCH4AN, STN2OAN, STNGENAN; reported comparison from STC2ERTA",One-phase,33.495992845793964,3.049789121460012,36.54578196725397,8.345119346995247,5.304269527825434
2014,NE,39431137.998,636.7722821239898,636.7393612349,631.9462686038045,IPCC SAR GWP100,IPCC AR5 GWP100; CH4=28 and N2O=265,eGRID2014_Data_v2.xlsx,"ST14!STCO2AN, STCH4AN, STN2OAN, STNGENAN; reported comparison from STC2ERTA",Two-phase,31.885608574361566,2.819329915902762,34.704938490264325,8.123713910899626,0.0
2014,NH,19538394.984,174.47237259643467,174.42350277506,171.4005903085362,IPCC SAR GWP100,IPCC AR5 GWP100; CH4=28 and N2O=265,eGRID2014_Data_v2.xlsx,"ST14!STCO2AN, STCH4AN, STN2OAN, STNGENAN; reported comparison from STC2ERTA",Air-cooled,11.03498069050945,3.5104211643502636,14.545401854859714,24.134232930645425,25.788793995703728
2014,NH,19538394.984,174.47237259643467,174.42350277506,171.4005903085362,IPCC SAR GWP100,IPCC AR5 GWP100; CH4=28 and N2O=265,eGRID2014_Data_v2.xlsx,"ST14!STCO2AN, STCH4AN, STN2OAN, STNGENAN; reported comparison from STC2ERTA",Cold plate,9.370137951549982,2.9474308328855217,12.317568784435503,23.92867362437545,6.522469287130739
2014,NH,19538394.984,174.47237259643467,174.42350277506,171.4005903085362,IPCC SAR GWP100,IPCC AR5 GWP100; CH4=28 and N2O=265,eGRID2014_Data_v2.xlsx,"ST14!STCO2AN, STCH4AN, STN2OAN, STNGENAN; reported comparison from STC2ERTA",One-phase,9.185640053048576,3.049789121460012,12.235429174508589,24.92588594941951,5.812125043975147
2014,NH,19538394.984,174.47237259643467,174.42350277506,171.4005903085362,IPCC SAR GWP100,IPCC AR5 GWP100; CH4=28 and N2O=265,eGRID2014_Data_v2.xlsx,"ST14!STCO2AN, STCH4AN, STN2OAN, STNGENAN; reported comparison from STC2ERTA",Two-phase,8.744022742805857,2.819329915902762,11.563352658708618,24.38159588412675,0.0
2014,NJ,66819245.204,252.4734216187905,252.4513694472,251.33359367126488,IPCC SAR GWP100,IPCC AR5 GWP100; CH4=28 and N2O=265,eGRID2014_Data_v2.xlsx,"ST14!STCO2AN, STCH4AN, STN2OAN, STNGENAN; reported comparison from STC2ERTA",Air-cooled,15.962519468923036,3.5104211643502636,19.4729406332733,18.027175404376404,25.892663422993188
2014,NJ,66819245.204,252.4734216187905,252.4513694472,251.33359367126488,IPCC SAR GWP100,IPCC AR5 GWP100; CH4=28 and N2O=265,eGRID2014_Data_v2.xlsx,"ST14!STCO2AN, STCH4AN, STN2OAN, STNGENAN; reported comparison from STC2ERTA",Cold plate,13.554261096872475,2.9474308328855217,16.501691929757996,17.861385641131328,6.683524956330089
2014,NJ,66819245.204,252.4734216187905,252.4513694472,251.33359367126488,IPCC SAR GWP100,IPCC AR5 GWP100; CH4=28 and N2O=265,eGRID2014_Data_v2.xlsx,"ST14!STCO2AN, STCH4AN, STN2OAN, STNGENAN; reported comparison from STC2ERTA",One-phase,13.28737786622605,3.049789121460012,16.33716698768606,18.667796710156374,5.619870342113353
2014,NJ,66819245.204,252.4734216187905,252.4513694472,251.33359367126488,IPCC SAR GWP100,IPCC AR5 GWP100; CH4=28 and N2O=265,eGRID2014_Data_v2.xlsx,"ST14!STCO2AN, STCH4AN, STN2OAN, STNGENAN; reported comparison from STC2ERTA",Two-phase,12.64856162265749,2.819329915902762,15.467891538560252,18.22698270720603,0.0
2014,NM,32305545.001,767.740267380408,767.7010038936701,762.7555426830521,IPCC SAR GWP100,IPCC AR5 GWP100; CH4=28 and N2O=265,eGRID2014_Data_v2.xlsx,"ST14!STCO2AN, STCH4AN, STN2OAN, STNGENAN; reported comparison from STC2ERTA",Air-cooled,48.51332994576061,3.5104211643502636,52.02375111011087,6.747727892439515,26.084957042976555
2014,NM,32305545.001,767.740267380408,767.7010038936701,762.7555426830521,IPCC SAR GWP100,IPCC AR5 GWP100; CH4=28 and N2O=265,eGRID2014_Data_v2.xlsx,"ST14!STCO2AN, STCH4AN, STN2OAN, STNGENAN; reported comparison from STC2ERTA",Cold plate,41.19414494959585,2.9474308328855217,44.141575782481375,6.677221600356368,6.981687548128002
2014,NM,32305545.001,767.740267380408,767.7010038936701,762.7555426830521,IPCC SAR GWP100,IPCC AR5 GWP100; CH4=28 and N2O=265,eGRID2014_Data_v2.xlsx,"ST14!STCO2AN, STCH4AN, STN2OAN, STNGENAN; reported comparison from STC2ERTA",One-phase,40.38303275326949,3.049789121460012,43.4328218747295,7.0218534965476636,5.263948936319807
2014,NM,32305545.001,767.740267380408,767.7010038936701,762.7555426830521,IPCC SAR GWP100,IPCC AR5 GWP100; CH4=28 and N2O=265,eGRID2014_Data_v2.xlsx,"ST14!STCO2AN, STCH4AN, STN2OAN, STNGENAN; reported comparison from STC2ERTA",Two-phase,38.441540793977694,2.819329915902762,41.26087070988046,6.832938489656342,0.0
2014,NV,35801018.998,439.30211533294704,439.28016994939003,437.56963269381436,IPCC SAR GWP100,IPCC AR5 GWP100; CH4=28 and N2O=265,eGRID2014_Data_v2.xlsx,"ST14!STCO2AN, STCH4AN, STN2OAN, STNGENAN; reported comparison from STC2ERTA",Air-cooled,27.76499706038474,3.5104211643502636,31.275418224735002,11.22421813555143,26.008570939926436
2014,NV,35801018.998,439.30211533294704,439.28016994939003,437.56963269381436,IPCC SAR GWP100,IPCC AR5 GWP100; CH4=28 and N2O=265,eGRID2014_Data_v2.xlsx,"ST14!STCO2AN, STCH4AN, STN2OAN, STNGENAN; reported comparison from STC2ERTA",Cold plate,23.576104025622346,2.9474308328855217,26.52353485850787,11.112511392651284,6.863246393061417
2014,NV,35801018.998,439.30211533294704,439.28016994939003,437.56963269381436,IPCC SAR GWP100,IPCC AR5 GWP100; CH4=28 and N2O=265,eGRID2014_Data_v2.xlsx,"ST14!STCO2AN, STCH4AN, STN2OAN, STNGENAN; reported comparison from STC2ERTA",One-phase,23.11189083366413,3.049789121460012,26.161679955124143,11.657466671449997,5.405334018066332
2014,NV,35801018.998,439.30211533294704,439.28016994939003,437.56963269381436,IPCC SAR GWP100,IPCC AR5 GWP100; CH4=28 and N2O=265,eGRID2014_Data_v2.xlsx,"ST14!STCO2AN, STCH4AN, STN2OAN, STNGENAN; reported comparison from STC2ERTA",Two-phase,22.00074223589182,2.819329915902762,24.820072151794584,11.359072200355847,0.0
2014,NY,133648655.493,237.62888656459722,237.61028069317,236.5629364722777,IPCC SAR GWP100,IPCC AR5 GWP100; CH4=28 and N2O=265,eGRID2014_Data_v2.xlsx,"ST14!STCO2AN, STCH4AN, STN2OAN, STNGENAN; reported comparison from STC2ERTA",Air-cooled,15.024749746030045,3.5104211643502636,18.53517091038031,18.939243567397114,25.877139984114738
2014,NY,133648655.493,237.62888656459722,237.61028069317,236.5629364722777,IPCC SAR GWP100,IPCC AR5 GWP100; CH4=28 and N2O=265,eGRID2014_Data_v2.xlsx,"ST14!STCO2AN, STCH4AN, STN2OAN, STNGENAN; reported comparison from STC2ERTA",Cold plate,12.757972284346383,2.9474308328855217,15.705403117231905,18.766986182300617,6.659454949379207
2014,NY,133648655.493,237.62888656459722,237.61028069317,236.5629364722777,IPCC SAR GWP100,IPCC AR5 GWP100; CH4=28 and N2O=265,eGRID2014_Data_v2.xlsx,"ST14!STCO2AN, STCH4AN, STN2OAN, STNGENAN; reported comparison from STC2ERTA",One-phase,12.50676797041078,3.049789121460012,15.556557091870792,19.604524982289973,5.648603090442905
2014,NY,133648655.493,237.62888656459722,237.61028069317,236.5629364722777,IPCC SAR GWP100,IPCC AR5 GWP100; CH4=28 and N2O=265,eGRID2014_Data_v2.xlsx,"ST14!STCO2AN, STCH4AN, STN2OAN, STNGENAN; reported comparison from STC2ERTA",Two-phase,11.905481048756416,2.819329915902762,14.724810964659177,19.146798710485303,0.0
2014,OH,134484232.266,730.4718915456967,730.43476195921,725.3445381191606,IPCC SAR GWP100,IPCC AR5 GWP100; CH4=28 and N2O=265,eGRID2014_Data_v2.xlsx,"ST14!STCO2AN, STCH4AN, STN2OAN, STNGENAN; reported comparison from STC2ERTA",Air-cooled,46.158985107636724,3.5104211643502636,49.669406271986986,7.067572229729074,26.079496199145623
2014,OH,134484232.266,730.4718915456967,730.43476195921,725.3445381191606,IPCC SAR GWP100,IPCC AR5 GWP100; CH4=28 and N2O=265,eGRID2014_Data_v2.xlsx,"ST14!STCO2AN, STCH4AN, STN2OAN, STNGENAN; reported comparison from STC2ERTA",Cold plate,39.19499909357153,2.9474308328855217,42.142429926457055,6.993974571540123,6.973220187899543
2014,OH,134484232.266,730.4718915456967,730.43476195921,725.3445381191606,IPCC SAR GWP100,IPCC AR5 GWP100; CH4=28 and N2O=265,eGRID2014_Data_v2.xlsx,"ST14!STCO2AN, STCH4AN, STN2OAN, STNGENAN; reported comparison from STC2ERTA",One-phase,38.42325005402487,3.049789121460012,41.47303917548488,7.353666820884379,5.274056558264251
2014,OH,134484232.266,730.4718915456967,730.43476195921,725.3445381191606,IPCC SAR GWP100,IPCC AR5 GWP100; CH4=28 and N2O=265,eGRID2014_Data_v2.xlsx,"ST14!STCO2AN, STCH4AN, STN2OAN, STNGENAN; reported comparison from STC2ERTA",Two-phase,36.57597841681214,2.819329915902762,39.395308332714905,7.15651186707813,0.0
2014,OK,70003762.499,618.2461455464515,618.21646321358,614.6510168816485,IPCC SAR GWP100,IPCC AR5 GWP100; CH4=28 and N2O=265,eGRID2014_Data_v2.xlsx,"ST14!STCO2AN, STCH4AN, STN2OAN, STNGENAN; reported comparison from STC2ERTA",Air-cooled,39.06937897696559,3.5104211643502636,42.57980014131585,8.244334526464925,26.059408887043432
2014,OK,70003762.499,618.2461455464515,618.21646321358,614.6510168816485,IPCC SAR GWP100,IPCC AR5 GWP100; CH4=28 and N2O=265,eGRID2014_Data_v2.xlsx,"ST14!STCO2AN, STCH4AN, STN2OAN, STNGENAN; reported comparison from STC2ERTA",Cold plate,33.174998757397304,2.9474308328855217,36.12242959028283,8.159558662904557,6.942073626515155
2014,OK,70003762.499,618.2461455464515,618.21646321358,614.6510168816485,IPCC SAR GWP100,IPCC AR5 GWP100; CH4=28 and N2O=265,eGRID2014_Data_v2.xlsx,"ST14!STCO2AN, STCH4AN, STN2OAN, STNGENAN; reported comparison from STC2ERTA",One-phase,32.52178344881008,3.049789121460012,35.57157257027009,8.573669649929831,5.311236701644195
2014,OK,70003762.499,618.2461455464515,618.21646321358,614.6510168816485,IPCC SAR GWP100,IPCC AR5 GWP100; CH4=28 and N2O=265,eGRID2014_Data_v2.xlsx,"ST14!STCO2AN, STCH4AN, STN2OAN, STNGENAN; reported comparison from STC2ERTA",Two-phase,30.958236167617297,2.819329915902762,33.77756608352006,8.346752720227233,0.0
2014,OR,60110811.966,141.44468374865843,141.43282252022,140.6221360165021,IPCC SAR GWP100,IPCC AR5 GWP100; CH4=28 and N2O=265,eGRID2014_Data_v2.xlsx,"ST14!STCO2AN, STCH4AN, STN2OAN, STNGENAN; reported comparison from STC2ERTA",Air-cooled,8.948531602983063,3.5104211643502636,12.458952767333328,28.175892708690494,25.72014725251868
2014,OR,60110811.966,141.44468374865843,141.43282252022,140.6221360165021,IPCC SAR GWP100,IPCC AR5 GWP100; CH4=28 and N2O=265,eGRID2014_Data_v2.xlsx,"ST14!STCO2AN, STCH4AN, STN2OAN, STNGENAN; reported comparison from STC2ERTA",Cold plate,7.5984705307069245,2.9474308328855217,10.545901363592446,27.948590938475114,6.416028465701973
2014,OR,60110811.966,141.44468374865843,141.43282252022,140.6221360165021,IPCC SAR GWP100,IPCC AR5 GWP100; CH4=28 and N2O=265,eGRID2014_Data_v2.xlsx,"ST14!STCO2AN, STCH4AN, STN2OAN, STNGENAN; reported comparison from STC2ERTA",One-phase,7.448856741455466,3.049789121460012,10.498645862915478,29.04935704358623,5.939185137490877
2014,OR,60110811.966,141.44468374865843,141.43282252022,140.6221360165021,IPCC SAR GWP100,IPCC AR5 GWP100; CH4=28 and N2O=265,eGRID2014_Data_v2.xlsx,"ST14!STCO2AN, STCH4AN, STN2OAN, STNGENAN; reported comparison from STC2ERTA",Two-phase,7.090738628885493,2.819329915902762,9.910068544788254,28.449146473214444,0.0
2014,PA,221043691.598,451.56343847012755,451.56980162217,448.6129713858665,IPCC SAR GWP100,IPCC AR5 GWP100; CH4=28 and N2O=265,eGRID2014_Data_v2.xlsx,"ST14!STCO2AN, STCH4AN, STN2OAN, STNGENAN; reported comparison from STC2ERTA",Air-cooled,28.53957824859158,3.5104211643502636,32.049999412941844,10.952952351483505,26.01319714079191
2014,PA,221043691.598,451.56343847012755,451.56980162217,448.6129713858665,IPCC SAR GWP100,IPCC AR5 GWP100; CH4=28 and N2O=265,eGRID2014_Data_v2.xlsx,"ST14!STCO2AN, STCH4AN, STN2OAN, STNGENAN; reported comparison from STC2ERTA",Cold plate,24.23382448673885,2.9474308328855217,27.181255319624373,10.843615566046099,6.870419590177113
2014,PA,221043691.598,451.56343847012755,451.56980162217,448.6129713858665,IPCC SAR GWP100,IPCC AR5 GWP100; CH4=28 and N2O=265,eGRID2014_Data_v2.xlsx,"ST14!STCO2AN, STCH4AN, STN2OAN, STNGENAN; reported comparison from STC2ERTA",One-phase,23.756660787167533,3.049789121460012,26.806449908627545,11.377072054880529,5.396771259116395
2014,PA,221043691.598,451.56343847012755,451.56980162217,448.6129713858665,IPCC SAR GWP100,IPCC AR5 GWP100; CH4=28 and N2O=265,eGRID2014_Data_v2.xlsx,"ST14!STCO2AN, STCH4AN, STN2OAN, STNGENAN; reported comparison from STC2ERTA",Two-phase,22.61451363393833,2.819329915902762,25.433843549841093,11.08495422792823,0.0
2014,RI,6239678.499,405.3770040247822,405.35917174368,404.94914483075746,IPCC SAR GWP100,IPCC AR5 GWP100; CH4=28 and N2O=265,eGRID2014_Data_v2.xlsx,"ST14!STCO2AN, STCH4AN, STN2OAN, STNGENAN; reported comparison from STC2ERTA",Air-cooled,25.621855351033272,3.5104211643502636,29.132276515383534,12.049937678219404,25.994491105183528
2014,RI,6239678.499,405.3770040247822,405.35917174368,404.94914483075746,IPCC SAR GWP100,IPCC AR5 GWP100; CH4=28 and N2O=265,eGRID2014_Data_v2.xlsx,"ST14!STCO2AN, STCH4AN, STN2OAN, STNGENAN; reported comparison from STC2ERTA",Cold plate,21.75629717415999,2.9474308328855217,24.703728007045513,11.93111757077682,6.841414779410404
2014,RI,6239678.499,405.3770040247822,405.35917174368,404.94914483075746,IPCC SAR GWP100,IPCC AR5 GWP100; CH4=28 and N2O=265,eGRID2014_Data_v2.xlsx,"ST14!STCO2AN, STCH4AN, STN2OAN, STNGENAN; reported comparison from STC2ERTA",One-phase,21.327915956235593,3.049789121460012,24.377705077695605,12.510566978063977,5.431394760879704
2014,RI,6239678.499,405.3770040247822,405.35917174368,404.94914483075746,IPCC SAR GWP100,IPCC AR5 GWP100; CH4=28 and N2O=265,eGRID2014_Data_v2.xlsx,"ST14!STCO2AN, STCH4AN, STN2OAN, STNGENAN; reported comparison from STC2ERTA",Two-phase,20.30253538141658,2.819329915902762,23.121865297319342,12.193349799635861,0.0
2014,SC,97158465.241,334.73547876694073,334.65047155386003,332.2335074276283,IPCC SAR GWP100,IPCC AR5 GWP100; CH4=28 and N2O=265,eGRID2014_Data_v2.xlsx,"ST14!STCO2AN, STCH4AN, STN2OAN, STNGENAN; reported comparison from STC2ERTA",Air-cooled,21.15923773964024,3.5104211643502636,24.669658903990502,14.229710990379468,25.95733760698602
2014,SC,97158465.241,334.73547876694073,334.65047155386003,332.2335074276283,IPCC SAR GWP100,IPCC AR5 GWP100; CH4=28 and N2O=265,eGRID2014_Data_v2.xlsx,"ST14!STCO2AN, STCH4AN, STN2OAN, STNGENAN; reported comparison from STC2ERTA",Cold plate,17.966952741529298,2.9474308328855217,20.91438357441482,14.092841045964176,6.783806090583999
2014,SC,97158465.241,334.73547876694073,334.65047155386003,332.2335074276283,IPCC SAR GWP100,IPCC AR5 GWP100; CH4=28 and N2O=265,eGRID2014_Data_v2.xlsx,"ST14!STCO2AN, STCH4AN, STN2OAN, STNGENAN; reported comparison from STC2ERTA",One-phase,17.613183667858628,3.049789121460012,20.66297278931864,14.759682222669074,5.5001631646870885
2014,SC,97158465.241,334.73547876694073,334.65047155386003,332.2335074276283,IPCC SAR GWP100,IPCC AR5 GWP100; CH4=28 and N2O=265,eGRID2014_Data_v2.xlsx,"ST14!STCO2AN, STCH4AN, STN2OAN, STNGENAN; reported comparison from STC2ERTA",Two-phase,16.766395991519275,2.819329915902762,19.585725907422038,14.394819621336438,0.0
2014,SD,10995239.493,282.50460020907326,282.49052415044997,280.51582616530226,IPCC SAR GWP100,IPCC AR5 GWP100; CH4=28 and N2O=265,eGRID2014_Data_v2.xlsx,"ST14!STCO2AN, STCH4AN, STN2OAN, STNGENAN; reported comparison from STC2ERTA",Air-cooled,17.85967083957537,3.5104211643502636,21.37009200392563,16.426794810735526,25.91991122394528
2014,SD,10995239.493,282.50460020907326,282.49052415044997,280.51582616530226,IPCC SAR GWP100,IPCC AR5 GWP100; CH4=28 and N2O=265,eGRID2014_Data_v2.xlsx,"ST14!STCO2AN, STCH4AN, STN2OAN, STNGENAN; reported comparison from STC2ERTA",Cold plate,15.165190065082912,2.9474308328855217,18.112620897968434,16.2728014321556,6.725774277723984
2014,SD,10995239.493,282.50460020907326,282.49052415044997,280.51582616530226,IPCC SAR GWP100,IPCC AR5 GWP100; CH4=28 and N2O=265,eGRID2014_Data_v2.xlsx,"ST14!STCO2AN, STCH4AN, STN2OAN, STNGENAN; reported comparison from STC2ERTA",One-phase,14.866587663298704,3.049789121460012,17.916376784758715,17.02235422987106,5.569436658351523
2014,SD,10995239.493,282.50460020907326,282.49052415044997,280.51582616530226,IPCC SAR GWP100,IPCC AR5 GWP100; CH4=28 and N2O=265,eGRID2014_Data_v2.xlsx,"ST14!STCO2AN, STCH4AN, STN2OAN, STNGENAN; reported comparison from STC2ERTA",Two-phase,14.15184787179396,2.819329915902762,16.97117778769672,16.61245878849162,0.0
2014,TN,79506885.795,486.7168341041721,486.66696484329,483.28829172032505,IPCC SAR GWP100,IPCC AR5 GWP100; CH4=28 and N2O=265,eGRID2014_Data_v2.xlsx,"ST14!STCO2AN, STCH4AN, STN2OAN, STNGENAN; reported comparison from STC2ERTA",Air-cooled,30.76031402523509,3.5104211643502636,34.27073518958535,10.243203552333062,26.02530289349265
2014,TN,79506885.795,486.7168341041721,486.66696484329,483.28829172032505,IPCC SAR GWP100,IPCC AR5 GWP100; CH4=28 and N2O=265,eGRID2014_Data_v2.xlsx,"ST14!STCO2AN, STCH4AN, STN2OAN, STNGENAN; reported comparison from STC2ERTA",Cold plate,26.119518822297447,2.9474308328855217,29.06694965518297,10.140144968255933,6.8891902732669985
2014,TN,79506885.795,486.7168341041721,486.66696484329,483.28829172032505,IPCC SAR GWP100,IPCC AR5 GWP100; CH4=28 and N2O=265,eGRID2014_Data_v2.xlsx,"ST14!STCO2AN, STCH4AN, STN2OAN, STNGENAN; reported comparison from STC2ERTA",One-phase,25.60522582495853,3.049789121460012,28.655014946418543,10.643125216171596,5.374364397568954
2014,TN,79506885.795,486.7168341041721,486.66696484329,483.28829172032505,IPCC SAR GWP100,IPCC AR5 GWP100; CH4=28 and N2O=265,eGRID2014_Data_v2.xlsx,"ST14!STCO2AN, STCH4AN, STN2OAN, STNGENAN; reported comparison from STC2ERTA",Two-phase,24.374205352604758,2.819329915902762,27.19353526850752,10.367647634133805,0.0
2014,TX,438052226.109,540.0007613462666,539.97359375806,537.4436478148011,IPCC SAR GWP100,IPCC AR5 GWP100; CH4=28 and N2O=265,eGRID2014_Data_v2.xlsx,"ST14!STCO2AN, STCH4AN, STN2OAN, STNGENAN; reported comparison from STC2ERTA",Air-cooled,34.126404879684195,3.5104211643502636,37.63682604403446,9.32709139777921,26.040931899270102
2014,TX,438052226.109,540.0007613462666,539.97359375806,537.4436478148011,IPCC SAR GWP100,IPCC AR5 GWP100; CH4=28 and N2O=265,eGRID2014_Data_v2.xlsx,"ST14!STCO2AN, STCH4AN, STN2OAN, STNGENAN; reported comparison from STC2ERTA",Cold plate,28.97776901305358,2.9474308328855217,31.925199845939105,9.232301902913337,6.913423967917076
2014,TX,438052226.109,540.0007613462666,539.97359375806,537.4436478148011,IPCC SAR GWP100,IPCC AR5 GWP100; CH4=28 and N2O=265,eGRID2014_Data_v2.xlsx,"ST14!STCO2AN, STCH4AN, STN2OAN, STNGENAN; reported comparison from STC2ERTA",One-phase,28.407197105381385,3.049789121460012,31.456986226841398,9.695109059296051,5.345436252641633
2014,TX,438052226.109,540.0007613462666,539.97359375806,537.4436478148011,IPCC SAR GWP100,IPCC AR5 GWP100; CH4=28 and N2O=265,eGRID2014_Data_v2.xlsx,"ST14!STCO2AN, STCH4AN, STN2OAN, STNGENAN; reported comparison from STC2ERTA",Two-phase,27.041466475314976,2.819329915902762,29.86079639121774,9.441576436762235,0.0
2014,UT,43784525.997,809.168464220192,809.13485252369,803.5103309364921,IPCC SAR GWP100,IPCC AR5 GWP100; CH4=28 and N2O=265,eGRID2014_Data_v2.xlsx,"ST14!STCO2AN, STCH4AN, STN2OAN, STNGENAN; reported comparison from STC2ERTA",Air-cooled,51.13046201009065,3.5104211643502636,54.640883174440916,6.424532255716385,26.09047558555455
2014,UT,43784525.997,809.168464220192,809.13485252369,803.5103309364921,IPCC SAR GWP100,IPCC AR5 GWP100; CH4=28 and N2O=265,eGRID2014_Data_v2.xlsx,"ST14!STCO2AN, STCH4AN, STN2OAN, STNGENAN; reported comparison from STC2ERTA",Cold plate,43.41643143726393,2.9474308328855217,46.363862270149454,6.357172781921519,6.9902443736646225
2014,UT,43784525.997,809.168464220192,809.13485252369,803.5103309364921,IPCC SAR GWP100,IPCC AR5 GWP100; CH4=28 and N2O=265,eGRID2014_Data_v2.xlsx,"ST14!STCO2AN, STCH4AN, STN2OAN, STNGENAN; reported comparison from STC2ERTA",One-phase,42.561562447925255,3.049789121460012,45.61135156938526,6.686469522440236,5.25373451822071
2014,UT,43784525.997,809.168464220192,809.13485252369,803.5103309364921,IPCC SAR GWP100,IPCC AR5 GWP100; CH4=28 and N2O=265,eGRID2014_Data_v2.xlsx,"ST14!STCO2AN, STCH4AN, STN2OAN, STNGENAN; reported comparison from STC2ERTA",Two-phase,40.5153334840827,2.819329915902762,43.334663399985466,6.505946267263973,0.0
2014,VA,77345531.756,400.87615523979173,400.80102201755,397.7026585710148,IPCC SAR GWP100,IPCC AR5 GWP100; CH4=28 and N2O=265,eGRID2014_Data_v2.xlsx,"ST14!STCO2AN, STCH4AN, STN2OAN, STNGENAN; reported comparison from STC2ERTA",Air-cooled,25.337524470849086,3.5104211643502636,28.84794563519935,12.168704173051959,25.992466205912113
2014,VA,77345531.756,400.87615523979173,400.80102201755,397.7026585710148,IPCC SAR GWP100,IPCC AR5 GWP100; CH4=28 and N2O=265,eGRID2014_Data_v2.xlsx,"ST14!STCO2AN, STCH4AN, STN2OAN, STNGENAN; reported comparison from STC2ERTA",Cold plate,21.51486317024707,2.9474308328855217,24.462294003132595,12.048873390647987,6.838275053740128
2014,VA,77345531.756,400.87615523979173,400.80102201755,397.7026585710148,IPCC SAR GWP100,IPCC AR5 GWP100; CH4=28 and N2O=265,eGRID2014_Data_v2.xlsx,"ST14!STCO2AN, STCH4AN, STN2OAN, STNGENAN; reported comparison from STC2ERTA",One-phase,21.09123578482536,3.049789121460012,24.141024906285374,12.633221386826731,5.435142701114715
2014,VA,77345531.756,400.87615523979173,400.80102201755,397.7026585710148,IPCC SAR GWP100,IPCC AR5 GWP100; CH4=28 and N2O=265,eGRID2014_Data_v2.xlsx,"ST14!STCO2AN, STCH4AN, STN2OAN, STNGENAN; reported comparison from STC2ERTA",Two-phase,20.07723406440107,2.819329915902762,22.89656398030383,12.31333189699562,0.0
2014,VT,7024733.008,10.45007915266899,10.418563146530001,8.638127899334323,IPCC SAR GWP100,IPCC AR5 GWP100; CH4=28 and N2O=265,eGRID2014_Data_v2.xlsx,"ST14!STCO2AN, STCH4AN, STN2OAN, STNGENAN; reported comparison from STC2ERTA",Air-cooled,0.6732455395265147,3.5104211643502636,4.183666703876778,83.90776351991295,24.781136016457506
2014,VT,7024733.008,10.45007915266899,10.418563146530001,8.638127899334323,IPCC SAR GWP100,IPCC AR5 GWP100; CH4=28 and N2O=265,eGRID2014_Data_v2.xlsx,"ST14!STCO2AN, STCH4AN, STN2OAN, STNGENAN; reported comparison from STC2ERTA",Cold plate,0.5716732776936015,2.9474308328855217,3.519104110579123,83.7551473406246,4.960036197754847
2014,VT,7024733.008,10.45007915266899,10.418563146530001,8.638127899334323,IPCC SAR GWP100,IPCC AR5 GWP100; CH4=28 and N2O=265,eGRID2014_Data_v2.xlsx,"ST14!STCO2AN, STCH4AN, STN2OAN, STNGENAN; reported comparison from STC2ERTA",One-phase,0.5604170380406481,3.049789121460012,3.61020615950066,84.47686881908811,7.677226156343631
2014,VT,7024733.008,10.45007915266899,10.418563146530001,8.638127899334323,IPCC SAR GWP100,IPCC AR5 GWP100; CH4=28 and N2O=265,eGRID2014_Data_v2.xlsx,"ST14!STCO2AN, STCH4AN, STN2OAN, STNGENAN; reported comparison from STC2ERTA",Two-phase,0.5334739112117709,2.819329915902762,3.3528038271145326,84.08872279083248,0.0
2014,WA,116272503.358,102.44368672031356,102.43794006369,101.73376324545477,IPCC SAR GWP100,IPCC AR5 GWP100; CH4=28 and N2O=265,eGRID2014_Data_v2.xlsx,"ST14!STCO2AN, STCH4AN, STN2OAN, STNGENAN; reported comparison from STC2ERTA",Air-cooled,6.484732363579476,3.5104211643502636,9.99515352792974,35.12123305100812,25.6023569455728
2014,WA,116272503.358,102.44368672031356,102.43794006369,101.73376324545477,IPCC SAR GWP100,IPCC AR5 GWP100; CH4=28 and N2O=265,eGRID2014_Data_v2.xlsx,"ST14!STCO2AN, STCH4AN, STN2OAN, STNGENAN; reported comparison from STC2ERTA",Cold plate,5.506383611335095,2.9474308328855217,8.453814444220617,34.86509968172425,6.233387652082212
2014,WA,116272503.358,102.44368672031356,102.43794006369,101.73376324545477,IPCC SAR GWP100,IPCC AR5 GWP100; CH4=28 and N2O=265,eGRID2014_Data_v2.xlsx,"ST14!STCO2AN, STCH4AN, STN2OAN, STNGENAN; reported comparison from STC2ERTA",One-phase,5.3979629872325585,3.049789121460012,8.44775210869257,36.10178284376785,6.157206367943879
2014,WA,116272503.358,102.44368672031356,102.43794006369,101.73376324545477,IPCC SAR GWP100,IPCC AR5 GWP100; CH4=28 and N2O=265,eGRID2014_Data_v2.xlsx,"ST14!STCO2AN, STCH4AN, STN2OAN, STNGENAN; reported comparison from STC2ERTA",Two-phase,5.138445535923301,2.819329915902762,7.957775451826063,35.42861862552069,0.0
2014,WI,61008457.569,691.9911690104174,691.955160435,686.9725299965338,IPCC SAR GWP100,IPCC AR5 GWP100; CH4=28 and N2O=265,eGRID2014_Data_v2.xlsx,"ST14!STCO2AN, STCH4AN, STN2OAN, STNGENAN; reported comparison from STC2ERTA",Air-cooled,43.728053025433354,3.5104211643502636,47.23847418978362,7.43127551124306,26.073287106904843
2014,WI,61008457.569,691.9911690104174,691.955160435,686.9725299965338,IPCC SAR GWP100,IPCC AR5 GWP100; CH4=28 and N2O=265,eGRID2014_Data_v2.xlsx,"ST14!STCO2AN, STCH4AN, STN2OAN, STNGENAN; reported comparison from STC2ERTA",Cold plate,37.13082067768319,2.9474308328855217,40.07825151056871,7.354190169968564,6.963592624408954
2014,WI,61008457.569,691.9911690104174,691.955160435,686.9725299965338,IPCC SAR GWP100,IPCC AR5 GWP100; CH4=28 and N2O=265,eGRID2014_Data_v2.xlsx,"ST14!STCO2AN, STCH4AN, STN2OAN, STNGENAN; reported comparison from STC2ERTA",One-phase,36.39971528520262,3.049789121460012,39.449504406662626,7.7308680231352485,5.285549133208933
2014,WI,61008457.569,691.9911690104174,691.955160435,686.9725299965338,IPCC SAR GWP100,IPCC AR5 GWP100; CH4=28 and N2O=265,eGRID2014_Data_v2.xlsx,"ST14!STCO2AN, STCH4AN, STN2OAN, STNGENAN; reported comparison from STC2ERTA",Two-phase,34.649728973414035,2.819329915902762,37.4690588893168,7.524421481284151,0.0
2014,WV,80357567.778,903.2965662623578,903.2575372605401,896.3392329390445,IPCC SAR GWP100,IPCC AR5 GWP100; CH4=28 and N2O=265,eGRID2014_Data_v2.xlsx,"ST14!STCO2AN, STCH4AN, STN2OAN, STNGENAN; reported comparison from STC2ERTA",Air-cooled,57.076790665469474,3.5104211643502636,60.587211829819736,5.793996882065645,26.10124332302526
2014,WV,80357567.778,903.2965662623578,903.2575372605401,896.3392329390445,IPCC SAR GWP100,IPCC AR5 GWP100; CH4=28 and N2O=265,eGRID2014_Data_v2.xlsx,"ST14!STCO2AN, STCH4AN, STN2OAN, STNGENAN; reported comparison from STC2ERTA",Cold plate,48.46564007376603,2.9474308328855217,51.413070906651555,5.732843381864977,7.006940385276161
2014,WV,80357567.778,903.2965662623578,903.2575372605401,896.3392329390445,IPCC SAR GWP100,IPCC AR5 GWP100; CH4=28 and N2O=265,eGRID2014_Data_v2.xlsx,"ST14!STCO2AN, STCH4AN, STN2OAN, STNGENAN; reported comparison from STC2ERTA",One-phase,47.51135222983347,3.049789121460012,50.56114135129348,6.031883458228125,5.233804224859351
2014,WV,80357567.778,903.2965662623578,903.2575372605401,896.3392329390445,IPCC SAR GWP100,IPCC AR5 GWP100; CH4=28 and N2O=265,eGRID2014_Data_v2.xlsx,"ST14!STCO2AN, STCH4AN, STN2OAN, STNGENAN; reported comparison from STC2ERTA",Two-phase,45.227152603399176,2.819329915902762,48.04648251930194,5.867921579420802,0.0
2014,WY,49696183.631,913.0112175636486,912.96486757091,906.230949065026,IPCC SAR GWP100,IPCC AR5 GWP100; CH4=28 and N2O=265,eGRID2014_Data_v2.xlsx,"ST14!STCO2AN, STCH4AN, STN2OAN, STNGENAN; reported comparison from STC2ERTA",Air-cooled,57.69049165546715,3.5104211643502636,61.20091281981741,5.735896741745259,26.10223559948157
2014,WY,49696183.631,913.0112175636486,912.96486757091,906.230949065026,IPCC SAR GWP100,IPCC AR5 GWP100; CH4=28 and N2O=265,eGRID2014_Data_v2.xlsx,"ST14!STCO2AN, STCH4AN, STN2OAN, STNGENAN; reported comparison from STC2ERTA",Cold plate,48.986752262229274,2.9474308328855217,51.9341830951148,5.675319524112766,7.0084789684076165
2014,WY,49696183.631,913.0112175636486,912.96486757091,906.230949065026,IPCC SAR GWP100,IPCC AR5 GWP100; CH4=28 and N2O=265,eGRID2014_Data_v2.xlsx,"ST14!STCO2AN, STCH4AN, STN2OAN, STNGENAN; reported comparison from STC2ERTA",One-phase,48.02220372585525,3.049789121460012,51.07199284731526,5.971549084794196,5.231967593819298
2014,WY,49696183.631,913.0112175636486,912.96486757091,906.230949065026,IPCC SAR GWP100,IPCC AR5 GWP100; CH4=28 and N2O=265,eGRID2014_Data_v2.xlsx,"ST14!STCO2AN, STCH4AN, STN2OAN, STNGENAN; reported comparison from STC2ERTA",Two-phase,45.71344393134299,2.819329915902762,48.53277384724575,5.809125859520101,0.0
2016,AK,6335033.511,421.8598131761124,421.84680080081006,419.96381653886704,IPCC SAR GWP100,IPCC AR5 GWP100; CH4=28 and N2O=265,egrid2016_data.xlsx,"ST16!STCO2AN, STCH4AN, STN2OAN, STNGENAN; reported comparison from STC2ERTA",Air-cooled,26.663119312074254,3.5104211643502636,30.173540476424517,11.634104281176615,26.00158133430275
2016,AK,6335033.511,421.8598131761124,421.84680080081006,419.96381653886704,IPCC SAR GWP100,IPCC AR5 GWP100; CH4=28 and N2O=265,egrid2016_data.xlsx,"ST16!STCO2AN, STCH4AN, STN2OAN, STNGENAN; reported comparison from STC2ERTA",Cold plate,22.64046609412218,2.9474308328855217,25.5878969270077,11.518847528944615,6.85240859756624
2016,AK,6335033.511,421.8598131761124,421.84680080081006,419.96381653886704,IPCC SAR GWP100,IPCC AR5 GWP100; CH4=28 and N2O=265,egrid2016_data.xlsx,"ST16!STCO2AN, STCH4AN, STN2OAN, STNGENAN; reported comparison from STC2ERTA",One-phase,22.194675601276032,3.049789121460012,25.244464722736044,12.08102114644271,5.418271266113073
2016,AK,6335033.511,421.8598131761124,421.84680080081006,419.96381653886704,IPCC SAR GWP100,IPCC AR5 GWP100; CH4=28 and N2O=265,egrid2016_data.xlsx,"ST16!STCO2AN, STCH4AN, STN2OAN, STNGENAN; reported comparison from STC2ERTA",Two-phase,21.127623889676226,2.819329915902762,23.94695380557899,11.773229859598821,0.0
2016,AL,142863240.209,416.1843024115792,416.15648451916,414.09223612634827,IPCC SAR GWP100,IPCC AR5 GWP100; CH4=28 and N2O=265,egrid2016_data.xlsx,"ST16!STCO2AN, STCH4AN, STN2OAN, STNGENAN; reported comparison from STC2ERTA",Air-cooled,26.30458183430872,3.5104211643502636,29.815002998658983,11.774009093704116,25.999195777436125
2016,AL,142863240.209,416.1843024115792,416.15648451916,414.09223612634827,IPCC SAR GWP100,IPCC AR5 GWP100; CH4=28 and N2O=265,egrid2016_data.xlsx,"ST16!STCO2AN, STCH4AN, STN2OAN, STNGENAN; reported comparison from STC2ERTA",Cold plate,22.336021009741273,2.9474308328855217,25.283451842626796,11.657549179721899,6.8487096510370105
2016,AL,142863240.209,416.1843024115792,416.15648451916,414.09223612634827,IPCC SAR GWP100,IPCC AR5 GWP100; CH4=28 and N2O=265,egrid2016_data.xlsx,"ST16!STCO2AN, STCH4AN, STN2OAN, STNGENAN; reported comparison from STC2ERTA",One-phase,21.896225036780297,3.049789121460012,24.94601415824031,12.225556764757098,5.4226867571399495
2016,AL,142863240.209,416.1843024115792,416.15648451916,414.09223612634827,IPCC SAR GWP100,IPCC AR5 GWP100; CH4=28 and N2O=265,egrid2016_data.xlsx,"ST16!STCO2AN, STCH4AN, STN2OAN, STNGENAN; reported comparison from STC2ERTA",Two-phase,20.84352191001202,2.819329915902762,23.66285182591478,11.914582133397479,0.0
2016,AR,60445059.072,509.2191669313832,509.19961941541004,506.050405336533,IPCC SAR GWP100,IPCC AR5 GWP100; CH4=28 and N2O=265,egrid2016_data.xlsx,"ST16!STCO2AN, STCH4AN, STN2OAN, STNGENAN; reported comparison from STC2ERTA",Air-cooled,32.18184769690497,3.5104211643502636,35.69226886125523,9.835242410607597,26.032262290811214
2016,AR,60445059.072,509.2191669313832,509.19961941541004,506.050405336533,IPCC SAR GWP100,IPCC AR5 GWP100; CH4=28 and N2O=265,egrid2016_data.xlsx,"ST16!STCO2AN, STCH4AN, STN2OAN, STNGENAN; reported comparison from STC2ERTA",Cold plate,27.326586326980607,2.9474308328855217,30.27401715986613,9.7358431731118,6.899981229004548
2016,AR,60445059.072,509.2191669313832,509.19961941541004,506.050405336533,IPCC SAR GWP100,IPCC AR5 GWP100; CH4=28 and N2O=265,egrid2016_data.xlsx,"ST16!STCO2AN, STCH4AN, STN2OAN, STNGENAN; reported comparison from STC2ERTA",One-phase,26.788526185644997,3.049789121460012,29.83831530710501,10.22104998244926,5.361483062882355
2016,AR,60445059.072,509.2191669313832,509.19961941541004,506.050405336533,IPCC SAR GWP100,IPCC AR5 GWP100; CH4=28 and N2O=265,egrid2016_data.xlsx,"ST16!STCO2AN, STCH4AN, STN2OAN, STNGENAN; reported comparison from STC2ERTA",Two-phase,25.500616272873607,2.819329915902762,28.31994618877637,9.955279918646546,0.0
2016,AZ,108734630.779,425.0362534546797,425.04870934064,422.850058386151,IPCC SAR GWP100,IPCC AR5 GWP100; CH4=28 and N2O=265,egrid2016_data.xlsx,"ST16!STCO2AN, STCH4AN, STN2OAN, STNGENAN; reported comparison from STC2ERTA",Air-cooled,26.863783698593835,3.5104211643502636,30.374204862944097,11.55724464291378,26.002891928363958
2016,AZ,108734630.779,425.0362534546797,425.04870934064,422.850058386151,IPCC SAR GWP100,IPCC AR5 GWP100; CH4=28 and N2O=265,egrid2016_data.xlsx,"ST16!STCO2AN, STCH4AN, STN2OAN, STNGENAN; reported comparison from STC2ERTA",Cold plate,22.81085633189294,2.9474308328855217,25.758287164778462,11.442650724524102,6.854440750906132
2016,AZ,108734630.779,425.0362534546797,425.04870934064,422.850058386151,IPCC SAR GWP100,IPCC AR5 GWP100; CH4=28 and N2O=265,egrid2016_data.xlsx,"ST16!STCO2AN, STCH4AN, STN2OAN, STNGENAN; reported comparison from STC2ERTA",One-phase,22.36171085740656,3.049789121460012,25.411499978866573,12.001609995460178,5.415845452501933
2016,AZ,108734630.779,425.0362534546797,425.04870934064,422.850058386151,IPCC SAR GWP100,IPCC AR5 GWP100; CH4=28 and N2O=265,egrid2016_data.xlsx,"ST16!STCO2AN, STCH4AN, STN2OAN, STNGENAN; reported comparison from STC2ERTA",Two-phase,21.286628604646634,2.819329915902762,24.105958520549397,11.695572750195318,0.0
2016,CA,197323836.964,205.97538596813195,205.95769792983003,205.26916296050487,IPCC SAR GWP100,IPCC AR5 GWP100; CH4=28 and N2O=265,egrid2016_data.xlsx,"ST16!STCO2AN, STCH4AN, STN2OAN, STNGENAN; reported comparison from STC2ERTA",Air-cooled,13.025111874276337,3.5104211643502636,16.5355330386266,21.229561551780677,25.83817554631498
2016,CA,197323836.964,205.97538596813195,205.95769792983003,205.26916296050487,IPCC SAR GWP100,IPCC AR5 GWP100; CH4=28 and N2O=265,egrid2016_data.xlsx,"ST16!STCO2AN, STCH4AN, STN2OAN, STNGENAN; reported comparison from STC2ERTA",Cold plate,11.060018908896387,2.9474308328855217,14.007449741781908,21.04188047945532,6.5990382919605794
2016,CA,197323836.964,205.97538596813195,205.95769792983003,205.26916296050487,IPCC SAR GWP100,IPCC AR5 GWP100; CH4=28 and N2O=265,egrid2016_data.xlsx,"ST16!STCO2AN, STCH4AN, STN2OAN, STNGENAN; reported comparison from STC2ERTA",One-phase,10.842247275583384,3.049789121460012,13.892036397043396,21.953506557966474,5.720723410809425
2016,CA,197323836.964,205.97538596813195,205.95769792983003,205.26916296050487,IPCC SAR GWP100,IPCC AR5 GWP100; CH4=28 and N2O=265,egrid2016_data.xlsx,"ST16!STCO2AN, STCH4AN, STN2OAN, STNGENAN; reported comparison from STC2ERTA",Two-phase,10.320985387334185,2.819329915902762,13.140315303236946,21.455572798989508,0.0
2016,CO,54418479.931,670.4190571185492,670.38457527965,666.0426651709566,IPCC SAR GWP100,IPCC AR5 GWP100; CH4=28 and N2O=265,egrid2016_data.xlsx,"ST16!STCO2AN, STCH4AN, STN2OAN, STNGENAN; reported comparison from STC2ERTA",Air-cooled,42.36528394460995,3.5104211643502636,45.87570510896021,7.652026614114375,26.069518772768774
2016,CO,54418479.931,670.4190571185492,670.38457527965,666.0426651709566,IPCC SAR GWP100,IPCC AR5 GWP100; CH4=28 and N2O=265,egrid2016_data.xlsx,"ST16!STCO2AN, STCH4AN, STN2OAN, STNGENAN; reported comparison from STC2ERTA",Cold plate,35.973651975575315,2.9474308328855217,38.92108280846084,7.572838729565858,6.957749600220908
2016,CO,54418479.931,670.4190571185492,670.38457527965,666.0426651709566,IPCC SAR GWP100,IPCC AR5 GWP100; CH4=28 and N2O=265,egrid2016_data.xlsx,"ST16!STCO2AN, STCH4AN, STN2OAN, STNGENAN; reported comparison from STC2ERTA",One-phase,35.26533122029586,3.049789121460012,38.31512034175587,7.95975347136349,5.2925240436782595
2016,CO,54418479.931,670.4190571185492,670.38457527965,666.0426651709566,IPCC SAR GWP100,IPCC AR5 GWP100; CH4=28 and N2O=265,egrid2016_data.xlsx,"ST16!STCO2AN, STCH4AN, STN2OAN, STNGENAN; reported comparison from STC2ERTA",Two-phase,33.56988260393549,2.819329915902762,36.38921251983825,7.7477079625335445,0.0
2016,CT,36496559.656,227.80095081166738,227.76460470995002,226.10069821869672,IPCC SAR GWP100,IPCC AR5 GWP100; CH4=28 and N2O=265,egrid2016_data.xlsx,"ST16!STCO2AN, STCH4AN, STN2OAN, STNGENAN; reported comparison from STC2ERTA",Air-cooled,14.403892268582027,3.5104211643502636,17.91431343293229,19.59562211241083,25.86597076207664
2016,CT,36496559.656,227.80095081166738,227.76460470995002,226.10069821869672,IPCC SAR GWP100,IPCC AR5 GWP100; CH4=28 and N2O=265,egrid2016_data.xlsx,"ST16!STCO2AN, STCH4AN, STN2OAN, STNGENAN; reported comparison from STC2ERTA",Cold plate,12.230783304582912,2.9474308328855217,15.178214137468434,19.418824943374545,6.6421364122819515
2016,CT,36496559.656,227.80095081166738,227.76460470995002,226.10069821869672,IPCC SAR GWP100,IPCC AR5 GWP100; CH4=28 and N2O=265,egrid2016_data.xlsx,"ST16!STCO2AN, STCH4AN, STN2OAN, STNGENAN; reported comparison from STC2ERTA",One-phase,11.989959335033099,3.049789121460012,15.039748456493111,20.27819235329914,5.669276502331266
2016,CT,36496559.656,227.80095081166738,227.76460470995002,226.10069821869672,IPCC SAR GWP100,IPCC AR5 GWP100; CH4=28 and N2O=265,egrid2016_data.xlsx,"ST16!STCO2AN, STCH4AN, STN2OAN, STNGENAN; reported comparison from STC2ERTA",Two-phase,11.413518982387279,2.819329915902762,14.23284889829004,19.808612710287967,0.0
2016,DC,76473.999,219.12858425615545,219.10416558954,218.53429887065434,IPCC SAR GWP100,IPCC AR5 GWP100; CH4=28 and N2O=265,egrid2016_data.xlsx,"ST16!STCO2AN, STCH4AN, STN2OAN, STNGENAN; reported comparison from STC2ERTA",Air-cooled,13.85603524565078,3.5104211643502636,17.366456410001042,20.213802294915343,25.85545335223911
2016,DC,76473.999,219.12858425615545,219.10416558954,218.53429887065434,IPCC SAR GWP100,IPCC AR5 GWP100; CH4=28 and N2O=265,egrid2016_data.xlsx,"ST16!STCO2AN, STCH4AN, STN2OAN, STNGENAN; reported comparison from STC2ERTA",Cold plate,11.765581232502598,2.9474308328855217,14.713012065388119,20.03281734417425,6.625828548420287
2016,DC,76473.999,219.12858425615545,219.10416558954,218.53429887065434,IPCC SAR GWP100,IPCC AR5 GWP100; CH4=28 and N2O=265,egrid2016_data.xlsx,"ST16!STCO2AN, STCH4AN, STN2OAN, STNGENAN; reported comparison from STC2ERTA",One-phase,11.533917085905351,3.049789121460012,14.583706207365363,20.912304993635598,5.688743457579171
2016,DC,76473.999,219.12858425615545,219.10416558954,218.53429887065434,IPCC SAR GWP100,IPCC AR5 GWP100; CH4=28 and N2O=265,egrid2016_data.xlsx,"ST16!STCO2AN, STCH4AN, STN2OAN, STNGENAN; reported comparison from STC2ERTA",Two-phase,10.979401841390672,2.819329915902762,13.798731757293433,20.431804643296886,0.0
2016,DE,8731261.003,403.42758774497486,403.39647755869004,402.5246887656987,IPCC SAR GWP100,IPCC AR5 GWP100; CH4=28 and N2O=265,egrid2016_data.xlsx,"ST16!STCO2AN, STCH4AN, STN2OAN, STNGENAN; reported comparison from STC2ERTA",Air-cooled,25.49870541350784,3.5104211643502636,29.0091265778581,12.101092237053683,25.99361894189567
2016,DE,8731261.003,403.42758774497486,403.39647755869004,402.5246887656987,IPCC SAR GWP100,IPCC AR5 GWP100; CH4=28 and N2O=265,egrid2016_data.xlsx,"ST16!STCO2AN, STCH4AN, STN2OAN, STNGENAN; reported comparison from STC2ERTA",Cold plate,21.651726814165567,2.9474308328855217,24.59915764705109,11.981836431861947,6.8400624388262665
2016,DE,8731261.003,403.42758774497486,403.39647755869004,402.5246887656987,IPCC SAR GWP100,IPCC AR5 GWP100; CH4=28 and N2O=265,egrid2016_data.xlsx,"ST16!STCO2AN, STCH4AN, STN2OAN, STNGENAN; reported comparison from STC2ERTA",One-phase,21.225404585315214,3.049789121460012,24.275193706775227,12.563397673769387,5.433009071242734
2016,DE,8731261.003,403.42758774497486,403.39647755869004,402.5246887656987,IPCC SAR GWP100,IPCC AR5 GWP100; CH4=28 and N2O=265,egrid2016_data.xlsx,"ST16!STCO2AN, STCH4AN, STN2OAN, STNGENAN; reported comparison from STC2ERTA",Two-phase,20.20495244179045,2.819329915902762,23.024282357693213,12.245028410020023,0.0
2016,FL,238226428.16,466.80366367722854,466.7315801817901,464.5715526539579,IPCC SAR GWP100,IPCC AR5 GWP100; CH4=28 and N2O=265,egrid2016_data.xlsx,"ST16!STCO2AN, STCH4AN, STN2OAN, STNGENAN; reported comparison from STC2ERTA",Air-cooled,29.502344796490483,3.5104211643502636,33.012765960840746,10.63352634103508,26.01864510774783
2016,FL,238226428.16,466.80366367722854,466.7315801817901,464.5715526539579,IPCC SAR GWP100,IPCC AR5 GWP100; CH4=28 and N2O=265,egrid2016_data.xlsx,"ST16!STCO2AN, STCH4AN, STN2OAN, STNGENAN; reported comparison from STC2ERTA",Cold plate,25.051338864150395,2.9474308328855217,27.998769697035918,10.527001238906402,6.87886698405189
2016,FL,238226428.16,466.80366367722854,466.7315801817901,464.5715526539579,IPCC SAR GWP100,IPCC AR5 GWP100; CH4=28 and N2O=265,egrid2016_data.xlsx,"ST16!STCO2AN, STCH4AN, STN2OAN, STNGENAN; reported comparison from STC2ERTA",One-phase,24.558078316762426,3.049789121460012,27.60786743822244,11.046811668030726,5.386687471324425
2016,FL,238226428.16,466.80366367722854,466.7315801817901,464.5715526539579,IPCC SAR GWP100,IPCC AR5 GWP100; CH4=28 and N2O=265,egrid2016_data.xlsx,"ST16!STCO2AN, STCH4AN, STN2OAN, STNGENAN; reported comparison from STC2ERTA",Two-phase,23.37740147461039,2.819329915902762,26.196731390513154,10.762143848693084,0.0
2016,GA,132902274.317,456.9874517680668,456.97072597176003,454.38782132330164,IPCC SAR GWP100,IPCC AR5 GWP100; CH4=28 and N2O=265,egrid2016_data.xlsx,"ST16!STCO2AN, STCH4AN, STN2OAN, STNGENAN; reported comparison from STC2ERTA",Air-cooled,28.88222794619458,3.5104211643502636,32.392649110544845,10.837091935180778,26.015173142458824
2016,GA,132902274.317,456.9874517680668,456.97072597176003,454.38782132330164,IPCC SAR GWP100,IPCC AR5 GWP100; CH4=28 and N2O=265,egrid2016_data.xlsx,"ST16!STCO2AN, STCH4AN, STN2OAN, STNGENAN; reported comparison from STC2ERTA",Cold plate,24.524778773442613,2.9474308328855217,27.472209606328136,10.728772367136388,6.873483497229516
2016,GA,132902274.317,456.9874517680668,456.97072597176003,454.38782132330164,IPCC SAR GWP100,IPCC AR5 GWP100; CH4=28 and N2O=265,egrid2016_data.xlsx,"ST16!STCO2AN, STCH4AN, STN2OAN, STNGENAN; reported comparison from STC2ERTA",One-phase,24.041886187622833,3.049789121460012,27.091675309082845,11.257292458534408,5.393113824765794
2016,GA,132902274.317,456.9874517680668,456.97072597176003,454.38782132330164,IPCC SAR GWP100,IPCC AR5 GWP100; CH4=28 and N2O=265,egrid2016_data.xlsx,"ST16!STCO2AN, STCH4AN, STN2OAN, STNGENAN; reported comparison from STC2ERTA",Two-phase,22.886026274756354,2.819329915902762,25.705356190659117,10.967869478218931,0.0
2016,HI,9948844.667,695.3098420329005,695.3035793103401,690.4137893069073,IPCC SAR GWP100,IPCC AR5 GWP100; CH4=28 and N2O=265,egrid2016_data.xlsx,"ST16!STCO2AN, STCH4AN, STN2OAN, STNGENAN; reported comparison from STC2ERTA",Air-cooled,43.93770264189523,3.5104211643502636,47.44812380624549,7.398440407644094,26.073847638149307
2016,HI,9948844.667,695.3098420329005,695.3035793103401,690.4137893069073,IPCC SAR GWP100,IPCC AR5 GWP100; CH4=28 and N2O=265,egrid2016_data.xlsx,"ST16!STCO2AN, STCH4AN, STN2OAN, STNGENAN; reported comparison from STC2ERTA",Cold plate,37.30884054766147,2.9474308328855217,40.25627138054699,7.321668728390494,6.9644617611418935
2016,HI,9948844.667,695.3098420329005,695.3035793103401,690.4137893069073,IPCC SAR GWP100,IPCC AR5 GWP100; CH4=28 and N2O=265,egrid2016_data.xlsx,"ST16!STCO2AN, STCH4AN, STN2OAN, STNGENAN; reported comparison from STC2ERTA",One-phase,36.57422994617839,3.049789121460012,39.6240190676384,7.696819235459195,5.284511630932243
2016,HI,9948844.667,695.3098420329005,695.3035793103401,690.4137893069073,IPCC SAR GWP100,IPCC AR5 GWP100; CH4=28 and N2O=265,egrid2016_data.xlsx,"ST16!STCO2AN, STCH4AN, STN2OAN, STNGENAN; reported comparison from STC2ERTA",Two-phase,34.81585350645828,2.819329915902762,37.635183422361045,7.491208118379062,0.0
2016,IA,54396530.724,455.18479465079747,455.34777247190004,452.62091130331976,IPCC SAR GWP100,IPCC AR5 GWP100; CH4=28 and N2O=265,egrid2016_data.xlsx,"ST16!STCO2AN, STCH4AN, STN2OAN, STNGENAN; reported comparison from STC2ERTA",Air-cooled,28.768349184807892,3.5104211643502636,32.27877034915816,10.875324946948657,26.0145210708443
2016,IA,54396530.724,455.18479465079747,455.34777247190004,452.62091130331976,IPCC SAR GWP100,IPCC AR5 GWP100; CH4=28 and N2O=265,egrid2016_data.xlsx,"ST16!STCO2AN, STCH4AN, STN2OAN, STNGENAN; reported comparison from STC2ERTA",Cold plate,24.428080851273833,2.9474308328855217,27.375511684159356,10.7666693755026,6.872472421757325
2016,IA,54396530.724,455.18479465079747,455.34777247190004,452.62091130331976,IPCC SAR GWP100,IPCC AR5 GWP100; CH4=28 and N2O=265,egrid2016_data.xlsx,"ST16!STCO2AN, STCH4AN, STN2OAN, STNGENAN; reported comparison from STC2ERTA",One-phase,23.94709224632625,3.049789121460012,26.996881367786262,11.2968201027069,5.394320761562432
2016,IA,54396530.724,455.18479465079747,455.34777247190004,452.62091130331976,IPCC SAR GWP100,IPCC AR5 GWP100; CH4=28 and N2O=265,egrid2016_data.xlsx,"ST16!STCO2AN, STCH4AN, STN2OAN, STNGENAN; reported comparison from STC2ERTA",Two-phase,22.795789734483645,2.819329915902762,25.615119650386408,11.006506916161259,0.0
2016,ID,15660938.441,85.85199529150658,85.85278864701,85.59069888275765,IPCC SAR GWP100,IPCC AR5 GWP100; CH4=28 and N2O=265,egrid2016_data.xlsx,"ST16!STCO2AN, STCH4AN, STN2OAN, STNGENAN; reported comparison from STC2ERTA",Air-cooled,5.436590012423575,3.5104211643502636,8.947011176773838,39.23568547073248,25.53268146219596
2016,ID,15660938.441,85.85199529150658,85.85278864701,85.59069888275765,IPCC SAR GWP100,IPCC AR5 GWP100; CH4=28 and N2O=265,egrid2016_data.xlsx,"ST16!STCO2AN, STCH4AN, STN2OAN, STNGENAN; reported comparison from STC2ERTA",Cold plate,4.616374040984019,2.9474308328855217,7.563804873869541,38.96756833413202,6.125351708350957
2016,ID,15660938.441,85.85199529150658,85.85278864701,85.59069888275765,IPCC SAR GWP100,IPCC AR5 GWP100; CH4=28 and N2O=265,egrid2016_data.xlsx,"ST16!STCO2AN, STCH4AN, STN2OAN, STNGENAN; reported comparison from STC2ERTA",One-phase,4.525477694135986,3.049789121460012,7.575266815595999,40.259824448441734,6.286170584203132
2016,ID,15660938.441,85.85199529150658,85.85278864701,85.59069888275765,IPCC SAR GWP100,IPCC AR5 GWP100; CH4=28 and N2O=265,egrid2016_data.xlsx,"ST16!STCO2AN, STCH4AN, STN2OAN, STNGENAN; reported comparison from STC2ERTA",Two-phase,4.307906651148681,2.819329915902762,7.127236567051442,39.557125533566044,0.0
2016,IL,187437381.035,370.0595603358064,370.14997120717004,368.0077344996838,IPCC SAR GWP100,IPCC AR5 GWP100; CH4=28 and N2O=265,egrid2016_data.xlsx,"ST16!STCO2AN, STCH4AN, STN2OAN, STNGENAN; reported comparison from STC2ERTA",Air-cooled,23.390756211815436,3.5104211643502636,26.9011773761657,13.049321653335806,25.9774542231225
2016,IL,187437381.035,370.0595603358064,370.14997120717004,368.0077344996838,IPCC SAR GWP100,IPCC AR5 GWP100; CH4=28 and N2O=265,egrid2016_data.xlsx,"ST16!STCO2AN, STCH4AN, STN2OAN, STNGENAN; reported comparison from STC2ERTA",Cold plate,19.861802992032846,2.9474308328855217,22.80923382491837,12.92209486521878,6.814998089600799
2016,IL,187437381.035,370.0595603358064,370.14997120717004,368.0077344996838,IPCC SAR GWP100,IPCC AR5 GWP100; CH4=28 and N2O=265,egrid2016_data.xlsx,"ST16!STCO2AN, STCH4AN, STN2OAN, STNGENAN; reported comparison from STC2ERTA",One-phase,19.470724340744386,3.049789121460012,22.5205134622044,13.542271700769144,5.462928781686105
2016,IL,187437381.035,370.0595603358064,370.14997120717004,368.0077344996838,IPCC SAR GWP100,IPCC AR5 GWP100; CH4=28 and N2O=265,egrid2016_data.xlsx,"ST16!STCO2AN, STCH4AN, STN2OAN, STNGENAN; reported comparison from STC2ERTA",Two-phase,18.534631824362446,2.819329915902762,21.35396174026521,13.20284240552239,0.0
2016,IN,101397209.392,827.803850770832,827.76298397485,822.2282690827121,IPCC SAR GWP100,IPCC AR5 GWP100; CH4=28 and N2O=265,egrid2016_data.xlsx,"ST16!STCO2AN, STCH4AN, STN2OAN, STNGENAN; reported comparison from STC2ERTA",Air-cooled,52.30771015008281,3.5104211643502636,55.818131314433074,6.289033834858177,26.092789355202896
2016,IN,101397209.392,827.803850770832,827.76298397485,822.2282690827121,IPCC SAR GWP100,IPCC AR5 GWP100; CH4=28 and N2O=265,egrid2016_data.xlsx,"ST16!STCO2AN, STCH4AN, STN2OAN, STNGENAN; reported comparison from STC2ERTA",Cold plate,44.41606866222249,2.9474308328855217,47.363499495108016,6.223000547478443,6.993832009880685
2016,IN,101397209.392,827.803850770832,827.76298397485,822.2282690827121,IPCC SAR GWP100,IPCC AR5 GWP100; CH4=28 and N2O=265,egrid2016_data.xlsx,"ST16!STCO2AN, STCH4AN, STN2OAN, STNGENAN; reported comparison from STC2ERTA",One-phase,43.54151682848789,3.049789121460012,46.5913059499479,6.545833088980889,5.249451900076751
2016,IN,101397209.392,827.803850770832,827.76298397485,822.2282690827121,IPCC SAR GWP100,IPCC AR5 GWP100; CH4=28 and N2O=265,egrid2016_data.xlsx,"ST16!STCO2AN, STCH4AN, STN2OAN, STNGENAN; reported comparison from STC2ERTA",Two-phase,41.448174673272135,2.819329915902762,44.2675045891749,6.36884762777479,0.0
2016,KS,47599990.322,546.1778299516731,546.15061465272,542.2938610267768,IPCC SAR GWP100,IPCC AR5 GWP100; CH4=28 and N2O=265,egrid2016_data.xlsx,"ST16!STCO2AN, STCH4AN, STN2OAN, STNGENAN; reported comparison from STC2ERTA",Air-cooled,34.516627132737966,3.5104211643502636,38.02704829708823,9.23137956152926,26.042564980689065
2016,KS,47599990.322,546.1778299516731,546.15061465272,542.2938610267768,IPCC SAR GWP100,IPCC AR5 GWP100; CH4=28 and N2O=265,egrid2016_data.xlsx,"ST16!STCO2AN, STCH4AN, STN2OAN, STNGENAN; reported comparison from STC2ERTA",Cold plate,29.309118604450976,2.9474308328855217,32.256549437336496,9.137464745295764,6.915956156912917
2016,KS,47599990.322,546.1778299516731,546.15061465272,542.2938610267768,IPCC SAR GWP100,IPCC AR5 GWP100; CH4=28 and N2O=265,egrid2016_data.xlsx,"ST16!STCO2AN, STCH4AN, STN2OAN, STNGENAN; reported comparison from STC2ERTA",One-phase,28.73202242748859,3.049789121460012,31.781811548948603,9.5960204054539,5.342413538552293
2016,KS,47599990.322,546.1778299516731,546.15061465272,542.2938610267768,IPCC SAR GWP100,IPCC AR5 GWP100; CH4=28 and N2O=265,egrid2016_data.xlsx,"ST16!STCO2AN, STCH4AN, STN2OAN, STNGENAN; reported comparison from STC2ERTA",Two-phase,27.350675195397802,2.819329915902762,30.170005111300565,9.344810865964174,0.0
2016,KY,80273501.005,892.6615075290118,892.7078859190801,886.4560028929725,IPCC SAR GWP100,IPCC AR5 GWP100; CH4=28 and N2O=265,egrid2016_data.xlsx,"ST16!STCO2AN, STCH4AN, STN2OAN, STNGENAN; reported comparison from STC2ERTA",Air-cooled,56.40494503036464,3.5104211643502636,59.9153661947149,5.858966384252719,26.10013374510507
2016,KY,80273501.005,892.6615075290118,892.7078859190801,886.4560028929725,IPCC SAR GWP100,IPCC AR5 GWP100; CH4=28 and N2O=265,egrid2016_data.xlsx,"ST16!STCO2AN, STCH4AN, STN2OAN, STNGENAN; reported comparison from STC2ERTA",Cold plate,47.895155497522666,2.9474308328855217,50.84258633040819,5.797169352737486,7.005219919311045
2016,KY,80273501.005,892.6615075290118,892.7078859190801,886.4560028929725,IPCC SAR GWP100,IPCC AR5 GWP100; CH4=28 and N2O=265,egrid2016_data.xlsx,"ST16!STCO2AN, STCH4AN, STN2OAN, STNGENAN; reported comparison from STC2ERTA",One-phase,46.95210048772644,3.049789121460012,50.00188960918645,6.099347735249785,5.235857972317159
2016,KY,80273501.005,892.6615075290118,892.7078859190801,886.4560028929725,IPCC SAR GWP100,IPCC AR5 GWP100; CH4=28 and N2O=265,egrid2016_data.xlsx,"ST16!STCO2AN, STCH4AN, STN2OAN, STNGENAN; reported comparison from STC2ERTA",Two-phase,44.69478796427806,2.819329915902762,47.51411788018083,5.933667805877052,0.0
2016,LA,106842115.053,400.13813251529854,400.12925171758,398.63966115732484,IPCC SAR GWP100,IPCC AR5 GWP100; CH4=28 and N2O=265,egrid2016_data.xlsx,"ST16!STCO2AN, STCH4AN, STN2OAN, STNGENAN; reported comparison from STC2ERTA",Air-cooled,25.290901564620626,3.5104211643502636,28.801322728970888,12.188402586174194,25.992130365782494
2016,LA,106842115.053,400.13813251529854,400.12925171758,398.63966115732484,IPCC SAR GWP100,IPCC AR5 GWP100; CH4=28 and N2O=265,egrid2016_data.xlsx,"ST16!STCO2AN, STCH4AN, STN2OAN, STNGENAN; reported comparison from STC2ERTA",Cold plate,21.47527424161047,2.9474308328855217,24.422705074495994,12.068404478107743,6.837754313824362
2016,LA,106842115.053,400.13813251529854,400.12925171758,398.63966115732484,IPCC SAR GWP100,IPCC AR5 GWP100; CH4=28 and N2O=265,egrid2016_data.xlsx,"ST16!STCO2AN, STCH4AN, STN2OAN, STNGENAN; reported comparison from STC2ERTA",One-phase,21.052426361696057,3.049789121460012,24.10221548315607,12.653563418646593,5.435764316595537
2016,LA,106842115.053,400.13813251529854,400.12925171758,398.63966115732484,IPCC SAR GWP100,IPCC AR5 GWP100; CH4=28 and N2O=265,egrid2016_data.xlsx,"ST16!STCO2AN, STCH4AN, STN2OAN, STNGENAN; reported comparison from STC2ERTA",Two-phase,20.040290478922213,2.819329915902762,22.859620394824976,12.333231555065584,0.0
2016,MA,31951671.137,375.40560381197093,375.35403646818,372.5477591110687,IPCC SAR GWP100,IPCC AR5 GWP100; CH4=28 and N2O=265,egrid2016_data.xlsx,"ST16!STCO2AN, STCH4AN, STN2OAN, STNGENAN; reported comparison from STC2ERTA",Air-cooled,23.728480343350327,3.5104211643502636,27.23890150770059,12.887528387875141,25.980212062411347
2016,MA,31951671.137,375.40560381197093,375.35403646818,372.5477591110687,IPCC SAR GWP100,IPCC AR5 GWP100; CH4=28 and N2O=265,egrid2016_data.xlsx,"ST16!STCO2AN, STCH4AN, STN2OAN, STNGENAN; reported comparison from STC2ERTA",Cold plate,20.148574830679646,2.9474308328855217,23.09600566356517,12.761647515246354,6.819274281968446
2016,MA,31951671.137,375.40560381197093,375.35403646818,372.5477591110687,IPCC SAR GWP100,IPCC AR5 GWP100; CH4=28 and N2O=265,egrid2016_data.xlsx,"ST16!STCO2AN, STCH4AN, STN2OAN, STNGENAN; reported comparison from STC2ERTA",One-phase,19.751849645492403,3.049789121460012,22.801638766952415,13.375306716463852,5.457824223163965
2016,MA,31951671.137,375.40560381197093,375.35403646818,372.5477591110687,IPCC SAR GWP100,IPCC AR5 GWP100; CH4=28 and N2O=265,egrid2016_data.xlsx,"ST16!STCO2AN, STCH4AN, STN2OAN, STNGENAN; reported comparison from STC2ERTA",Two-phase,18.802241489459117,2.819329915902762,21.62157140536188,13.039431145155357,0.0
2016,MD,37166746.524,462.3279669183563,462.41655596598,459.3449100166763,IPCC SAR GWP100,IPCC AR5 GWP100; CH4=28 and N2O=265,egrid2016_data.xlsx,"ST16!STCO2AN, STCH4AN, STN2OAN, STNGENAN; reported comparison from STC2ERTA",Air-cooled,29.219602838322178,3.5104211643502636,32.730024002672444,10.725385242808358,26.017078360961943
2016,MD,37166746.524,462.3279669183563,462.41655596598,459.3449100166763,IPCC SAR GWP100,IPCC AR5 GWP100; CH4=28 and N2O=265,egrid2016_data.xlsx,"ST16!STCO2AN, STCH4AN, STN2OAN, STNGENAN; reported comparison from STC2ERTA",Cold plate,24.811254062279655,2.9474308328855217,27.758684895165178,10.618049248431381,6.8764376508144265
2016,MD,37166746.524,462.3279669183563,462.41655596598,459.3449100166763,IPCC SAR GWP100,IPCC AR5 GWP100; CH4=28 and N2O=265,egrid2016_data.xlsx,"ST16!STCO2AN, STCH4AN, STN2OAN, STNGENAN; reported comparison from STC2ERTA",One-phase,24.32272078162312,3.049789121460012,27.37250990308313,11.141795663818522,5.389587404866747
2016,MD,37166746.524,462.3279669183563,462.41655596598,459.3449100166763,IPCC SAR GWP100,IPCC AR5 GWP100; CH4=28 and N2O=265,egrid2016_data.xlsx,"ST16!STCO2AN, STCH4AN, STN2OAN, STNGENAN; reported comparison from STC2ERTA",Two-phase,23.15335920558355,2.819329915902762,25.97268912148631,10.854978869209301,0.0
2016,ME,11514427.426,157.72275859637236,157.67777965940002,152.84417735645985,IPCC SAR GWP100,IPCC AR5 GWP100; CH4=28 and N2O=265,egrid2016_data.xlsx,"ST16!STCO2AN, STCH4AN, STN2OAN, STNGENAN; reported comparison from STC2ERTA",Air-cooled,9.976861940271734,3.5104211643502636,13.487283104621998,26.027637568809293,25.75662558413818
2016,ME,11514427.426,157.72275859637236,157.67777965940002,152.84417735645985,IPCC SAR GWP100,IPCC AR5 GWP100; CH4=28 and N2O=265,egrid2016_data.xlsx,"ST16!STCO2AN, STCH4AN, STN2OAN, STNGENAN; reported comparison from STC2ERTA",Cold plate,8.471657117108998,2.9474308328855217,11.41908794999452,25.811438232130754,6.4725902689540815
2016,ME,11514427.426,157.72275859637236,157.67777965940002,152.84417735645985,IPCC SAR GWP100,IPCC AR5 GWP100; CH4=28 and N2O=265,egrid2016_data.xlsx,"ST16!STCO2AN, STCH4AN, STN2OAN, STNGENAN; reported comparison from STC2ERTA",One-phase,8.30485029494556,3.049789121460012,11.354639416405572,26.859409705724094,5.871666417565891
2016,ME,11514427.426,157.72275859637236,157.67777965940002,152.84417735645985,IPCC SAR GWP100,IPCC AR5 GWP100; CH4=28 and N2O=265,egrid2016_data.xlsx,"ST16!STCO2AN, STCH4AN, STN2OAN, STNGENAN; reported comparison from STC2ERTA",Two-phase,7.905578646150102,2.819329915902762,10.724908562052864,26.287682543776498,0.0
2016,MI,112121789.925,501.55925188512435,501.6799651055501,498.8854128466928,IPCC SAR GWP100,IPCC AR5 GWP100; CH4=28 and N2O=265,egrid2016_data.xlsx,"ST16!STCO2AN, STCH4AN, STN2OAN, STNGENAN; reported comparison from STC2ERTA",Air-cooled,31.69794999420899,3.5104211643502636,35.20837115855925,9.97041626419253,26.029956278807553
2016,MI,112121789.925,501.55925188512435,501.6799651055501,498.8854128466928,IPCC SAR GWP100,IPCC AR5 GWP100; CH4=28 and N2O=265,egrid2016_data.xlsx,"ST16!STCO2AN, STCH4AN, STN2OAN, STNGENAN; reported comparison from STC2ERTA",Cold plate,26.91569406030007,2.9474308328855217,29.863124893185592,9.869800442612387,6.896405621473822
2016,MI,112121789.925,501.55925188512435,501.6799651055501,498.8854128466928,IPCC SAR GWP100,IPCC AR5 GWP100; CH4=28 and N2O=265,egrid2016_data.xlsx,"ST16!STCO2AN, STCH4AN, STN2OAN, STNGENAN; reported comparison from STC2ERTA",One-phase,26.385724382531272,3.049789121460012,29.435513503991285,10.360916995881448,5.3657513221942565
2016,MI,112121789.925,501.55925188512435,501.6799651055501,498.8854128466928,IPCC SAR GWP100,IPCC AR5 GWP100; CH4=28 and N2O=265,egrid2016_data.xlsx,"ST16!STCO2AN, STCH4AN, STN2OAN, STNGENAN; reported comparison from STC2ERTA",Two-phase,25.117179941063426,2.819329915902762,27.93650985696619,10.091918891578146,0.0
2016,MN,60036475.896,463.00349960592797,462.79258404071004,459.3395296065265,IPCC SAR GWP100,IPCC AR5 GWP100; CH4=28 and N2O=265,egrid2016_data.xlsx,"ST16!STCO2AN, STCH4AN, STN2OAN, STNGENAN; reported comparison from STC2ERTA",Air-cooled,29.262278078665947,3.5104211643502636,32.77269924301621,10.711419094044645,26.017316565290315
2016,MN,60036475.896,463.00349960592797,462.79258404071004,459.3395296065265,IPCC SAR GWP100,IPCC AR5 GWP100; CH4=28 and N2O=265,egrid2016_data.xlsx,"ST16!STCO2AN, STCH4AN, STN2OAN, STNGENAN; reported comparison from STC2ERTA",Cold plate,24.847490907667215,2.9474308328855217,27.794921740552738,10.604206266158418,6.876807000665641
2016,MN,60036475.896,463.00349960592797,462.79258404071004,459.3395296065265,IPCC SAR GWP100,IPCC AR5 GWP100; CH4=28 and N2O=265,egrid2016_data.xlsx,"ST16!STCO2AN, STCH4AN, STN2OAN, STNGENAN; reported comparison from STC2ERTA",One-phase,24.358244123980423,3.049789121460012,27.408033245440436,11.127354867636738,5.389146506102471
2016,MN,60036475.896,463.00349960592797,462.79258404071004,459.3395296065265,IPCC SAR GWP100,IPCC AR5 GWP100; CH4=28 and N2O=265,egrid2016_data.xlsx,"ST16!STCO2AN, STCH4AN, STN2OAN, STNGENAN; reported comparison from STC2ERTA",Two-phase,23.187174694942907,2.819329915902762,26.00650461084567,10.840864460989492,0.0
2016,MO,78611512.544,770.4498874451207,770.63302497335,765.547052681676,IPCC SAR GWP100,IPCC AR5 GWP100; CH4=28 and N2O=265,egrid2016_data.xlsx,"ST16!STCO2AN, STCH4AN, STN2OAN, STNGENAN; reported comparison from STC2ERTA",Air-cooled,48.68450402753241,3.5104211643502636,52.194925191882675,6.7255986122118285,26.085334883462007
2016,MO,78611512.544,770.4498874451207,770.63302497335,765.547052681676,IPCC SAR GWP100,IPCC AR5 GWP100; CH4=28 and N2O=265,egrid2016_data.xlsx,"ST16!STCO2AN, STCH4AN, STN2OAN, STNGENAN; reported comparison from STC2ERTA",Cold plate,41.33949407207426,2.9474308328855217,44.28692490495978,6.655307044259089,6.9822734120710495
2016,MO,78611512.544,770.4498874451207,770.63302497335,765.547052681676,IPCC SAR GWP100,IPCC AR5 GWP100; CH4=28 and N2O=265,egrid2016_data.xlsx,"ST16!STCO2AN, STCH4AN, STN2OAN, STNGENAN; reported comparison from STC2ERTA",One-phase,40.52551995335306,3.049789121460012,43.57530907481307,6.9988926899495425,5.263249581256657
2016,MO,78611512.544,770.4498874451207,770.63302497335,765.547052681676,IPCC SAR GWP100,IPCC AR5 GWP100; CH4=28 and N2O=265,egrid2016_data.xlsx,"ST16!STCO2AN, STCH4AN, STN2OAN, STNGENAN; reported comparison from STC2ERTA",Two-phase,38.5771776479034,2.819329915902762,41.39650756380616,6.810550169134947,0.0
2016,MS,62881294.963,427.72928782282867,427.75075908873004,426.7016883710862,IPCC SAR GWP100,IPCC AR5 GWP100; CH4=28 and N2O=265,egrid2016_data.xlsx,"ST16!STCO2AN, STCH4AN, STN2OAN, STNGENAN; reported comparison from STC2ERTA",Air-cooled,27.033910016726445,3.5104211643502636,30.544331181076707,11.492872911635706,26.003989602294
2016,MS,62881294.963,427.72928782282867,427.75075908873004,426.7016883710862,IPCC SAR GWP100,IPCC AR5 GWP100; CH4=28 and N2O=265,egrid2016_data.xlsx,"ST16!STCO2AN, STCH4AN, STN2OAN, STNGENAN; reported comparison from STC2ERTA",Cold plate,22.955315766376845,2.9474308328855217,25.902746599262368,11.378835142407082,6.856142759032857
2016,MS,62881294.963,427.72928782282867,427.75075908873004,426.7016883710862,IPCC SAR GWP100,IPCC AR5 GWP100; CH4=28 and N2O=265,egrid2016_data.xlsx,"ST16!STCO2AN, STCH4AN, STN2OAN, STNGENAN; reported comparison from STC2ERTA",One-phase,22.503325887441058,3.049789121460012,25.55311500890107,11.935097229428429,5.413813738457951
2016,MS,62881294.963,427.72928782282867,427.75075908873004,426.7016883710862,IPCC SAR GWP100,IPCC AR5 GWP100; CH4=28 and N2O=265,egrid2016_data.xlsx,"ST16!STCO2AN, STCH4AN, STN2OAN, STNGENAN; reported comparison from STC2ERTA",Two-phase,21.421435219775628,2.819329915902762,24.24076513567839,11.630531875221939,0.0
2016,MT,27783529.992,571.5798722487729,571.56176640486,567.454048437915,IPCC SAR GWP100,IPCC AR5 GWP100; CH4=28 and N2O=265,egrid2016_data.xlsx,"ST16!STCO2AN, STCH4AN, STN2OAN, STNGENAN; reported comparison from STC2ERTA",Air-cooled,36.121343351797876,3.5104211643502636,39.63176451614814,8.857594929743607,26.048943079357034
2016,MT,27783529.992,571.5798722487729,571.56176640486,567.454048437915,IPCC SAR GWP100,IPCC AR5 GWP100; CH4=28 and N2O=265,egrid2016_data.xlsx,"ST16!STCO2AN, STCH4AN, STN2OAN, STNGENAN; reported comparison from STC2ERTA",Cold plate,30.671731985244023,2.9474308328855217,33.619162818129546,8.767115495499738,6.925845774830286
2016,MT,27783529.992,571.5798722487729,571.56176640486,567.454048437915,IPCC SAR GWP100,IPCC AR5 GWP100; CH4=28 and N2O=265,egrid2016_data.xlsx,"ST16!STCO2AN, STCH4AN, STN2OAN, STNGENAN; reported comparison from STC2ERTA",One-phase,30.06780596793925,3.049789121460012,33.11759508939926,9.208969169492113,5.330608145089988
2016,MT,27783529.992,571.5798722487729,571.56176640486,567.454048437915,IPCC SAR GWP100,IPCC AR5 GWP100; CH4=28 and N2O=265,egrid2016_data.xlsx,"ST16!STCO2AN, STCH4AN, STN2OAN, STNGENAN; reported comparison from STC2ERTA",Two-phase,28.622238373326795,2.819329915902762,31.441568289229558,8.966887052095728,0.0
2016,NC,130768152.699,395.8512546588214,395.83101041946003,393.46458378559447,IPCC SAR GWP100,IPCC AR5 GWP100; CH4=28 and N2O=265,egrid2016_data.xlsx,"ST16!STCO2AN, STCH4AN, STN2OAN, STNGENAN; reported comparison from STC2ERTA",Air-cooled,25.020087810948425,3.5104211643502636,28.530508975298687,12.304095827345865,25.990157936783874
2016,NC,130768152.699,395.8512546588214,395.83101041946003,393.46458378559447,IPCC SAR GWP100,IPCC AR5 GWP100; CH4=28 and N2O=265,egrid2016_data.xlsx,"ST16!STCO2AN, STCH4AN, STN2OAN, STNGENAN; reported comparison from STC2ERTA",Cold plate,21.245318041209686,2.9474308328855217,24.19274887409521,12.183116719082438,6.83469594640469
2016,NC,130768152.699,395.8512546588214,395.83101041946003,393.46458378559447,IPCC SAR GWP100,IPCC AR5 GWP100; CH4=28 and N2O=265,egrid2016_data.xlsx,"ST16!STCO2AN, STCH4AN, STN2OAN, STNGENAN; reported comparison from STC2ERTA",One-phase,20.826997995991057,3.049789121460012,23.87678711745107,12.773029748340727,5.439415138198855
2016,NC,130768152.699,395.8512546588214,395.83101041946003,393.46458378559447,IPCC SAR GWP100,IPCC AR5 GWP100; CH4=28 and N2O=265,egrid2016_data.xlsx,"ST16!STCO2AN, STCH4AN, STN2OAN, STNGENAN; reported comparison from STC2ERTA",Two-phase,19.82570001541457,2.819329915902762,22.64502993131733,12.450104612154746,0.0
2016,ND,37856451.758,759.5483032373353,759.6869339005101,754.6661939071403,IPCC SAR GWP100,IPCC AR5 GWP100; CH4=28 and N2O=265,egrid2016_data.xlsx,"ST16!STCO2AN, STCH4AN, STN2OAN, STNGENAN; reported comparison from STC2ERTA",Air-cooled,47.99582125206605,3.5104211643502636,51.50624241641631,6.815525652151642,26.083799462331037
2016,ND,37856451.758,759.5483032373353,759.6869339005101,754.6661939071403,IPCC SAR GWP100,IPCC AR5 GWP100; CH4=28 and N2O=265,egrid2016_data.xlsx,"ST16!STCO2AN, STCH4AN, STN2OAN, STNGENAN; reported comparison from STC2ERTA",Cold plate,40.75471256751522,2.9474308328855217,43.70214340040074,6.7443621835227745,6.979892651107966
2016,ND,37856451.758,759.5483032373353,759.6869339005101,754.6661939071403,IPCC SAR GWP100,IPCC AR5 GWP100; CH4=28 and N2O=265,egrid2016_data.xlsx,"ST16!STCO2AN, STCH4AN, STN2OAN, STNGENAN; reported comparison from STC2ERTA",One-phase,39.9522527892692,3.049789121460012,43.00204191072921,7.092196058483156,5.266091533306172
2016,ND,37856451.758,759.5483032373353,759.6869339005101,754.6661939071403,IPCC SAR GWP100,IPCC AR5 GWP100; CH4=28 and N2O=265,egrid2016_data.xlsx,"ST16!STCO2AN, STCH4AN, STN2OAN, STNGENAN; reported comparison from STC2ERTA",Two-phase,38.031471405169725,2.819329915902762,40.85080132107249,6.9015290391585,0.0
2016,NE,37197843.2,585.4609760558545,585.4557542903301,581.121114207405,IPCC SAR GWP100,IPCC AR5 GWP100; CH4=28 and N2O=265,egrid2016_data.xlsx,"ST16!STCO2AN, STCH4AN, STN2OAN, STNGENAN; reported comparison from STC2ERTA",Air-cooled,36.99825049796941,3.5104211643502636,40.50867166231967,8.665851088905452,26.05221516350733
2016,NE,37197843.2,585.4609760558545,585.4557542903301,581.121114207405,IPCC SAR GWP100,IPCC AR5 GWP100; CH4=28 and N2O=265,egrid2016_data.xlsx,"ST16!STCO2AN, STCH4AN, STN2OAN, STNGENAN; reported comparison from STC2ERTA",Cold plate,31.41634053153663,2.9474308328855217,34.36377136442215,8.577145976291431,6.930919334165786
2016,NE,37197843.2,585.4609760558545,585.4557542903301,581.121114207405,IPCC SAR GWP100,IPCC AR5 GWP100; CH4=28 and N2O=265,egrid2016_data.xlsx,"ST16!STCO2AN, STCH4AN, STN2OAN, STNGENAN; reported comparison from STC2ERTA",One-phase,30.797753181313656,3.049789121460012,33.84754230277367,9.010370957450856,5.324551756995932
2016,NE,37197843.2,585.4609760558545,585.4557542903301,581.121114207405,IPCC SAR GWP100,IPCC AR5 GWP100; CH4=28 and N2O=265,egrid2016_data.xlsx,"ST16!STCO2AN, STCH4AN, STN2OAN, STNGENAN; reported comparison from STC2ERTA",Two-phase,29.317091970673584,2.819329915902762,32.13642188657634,8.773005052813362,0.0
2016,NH,19282493.05,143.74519804583,143.69443407704,140.8696098987101,IPCC SAR GWP100,IPCC AR5 GWP100; CH4=28 and N2O=265,egrid2016_data.xlsx,"ST16!STCO2AN, STCH4AN, STN2OAN, STNGENAN; reported comparison from STC2ERTA",Air-cooled,9.093861358822101,3.5104211643502636,12.604282523172365,27.85101934914997,25.725662388997094
2016,NH,19282493.05,143.74519804583,143.69443407704,140.8696098987101,IPCC SAR GWP100,IPCC AR5 GWP100; CH4=28 and N2O=265,egrid2016_data.xlsx,"ST16!STCO2AN, STCH4AN, STN2OAN, STNGENAN; reported comparison from STC2ERTA",Cold plate,7.721874449469376,2.9474308328855217,10.669305282354898,27.625330374228202,6.424580009880465
2016,NH,19282493.05,143.74519804583,143.69443407704,140.8696098987101,IPCC SAR GWP100,IPCC AR5 GWP100; CH4=28 and N2O=265,egrid2016_data.xlsx,"ST16!STCO2AN, STCH4AN, STN2OAN, STNGENAN; reported comparison from STC2ERTA",One-phase,7.569830838608435,3.049789121460012,10.619619960068446,28.71843938792283,5.928977023832616
2016,NH,19282493.05,143.74519804583,143.69443407704,140.8696098987101,IPCC SAR GWP100,IPCC AR5 GWP100; CH4=28 and N2O=265,egrid2016_data.xlsx,"ST16!STCO2AN, STCH4AN, STN2OAN, STNGENAN; reported comparison from STC2ERTA",Two-phase,7.205896663675339,2.819329915902762,10.025226579578101,28.122356073685964,0.0
2016,NJ,77598196.669,253.95310276509954,253.93189494287998,253.02394856683475,IPCC SAR GWP100,IPCC AR5 GWP100; CH4=28 and N2O=265,egrid2016_data.xlsx,"ST16!STCO2AN, STCH4AN, STN2OAN, STNGENAN; reported comparison from STC2ERTA",Air-cooled,16.05599495828518,3.5104211643502636,19.56641612263544,17.94105339653503,25.894129421061727
2016,NJ,77598196.669,253.95310276509954,253.93189494287998,253.02394856683475,IPCC SAR GWP100,IPCC AR5 GWP100; CH4=28 and N2O=265,egrid2016_data.xlsx,"ST16!STCO2AN, STCH4AN, STN2OAN, STNGENAN; reported comparison from STC2ERTA",Cold plate,13.633633979796068,2.9474308328855217,16.58106481268159,17.775883914471265,6.685798072743032
2016,NJ,77598196.669,253.95310276509954,253.93189494287998,253.02394856683475,IPCC SAR GWP100,IPCC AR5 GWP100; CH4=28 and N2O=265,egrid2016_data.xlsx,"ST16!STCO2AN, STCH4AN, STN2OAN, STNGENAN; reported comparison from STC2ERTA",One-phase,13.365187898082445,3.049789121460012,16.414977019542455,18.579307895644074,5.617156887067365
2016,NJ,77598196.669,253.95310276509954,253.93189494287998,253.02394856683475,IPCC SAR GWP100,IPCC AR5 GWP100; CH4=28 and N2O=265,egrid2016_data.xlsx,"ST16!STCO2AN, STCH4AN, STN2OAN, STNGENAN; reported comparison from STC2ERTA",Two-phase,12.722630787597712,2.819329915902762,15.541960703500473,18.14011738729832,0.0
2016,NM,32922552.001,717.8924042176814,717.8561919467401,713.4038805005014,IPCC SAR GWP100,IPCC AR5 GWP100; CH4=28 and N2O=265,egrid2016_data.xlsx,"ST16!STCO2AN, STCH4AN, STN2OAN, STNGENAN; reported comparison from STC2ERTA",Air-cooled,45.36430462066542,3.5104211643502636,48.874725785015684,7.182487692701306,26.077534312126403
2016,NM,32922552.001,717.8924042176814,717.8561919467401,713.4038805005014,IPCC SAR GWP100,IPCC AR5 GWP100; CH4=28 and N2O=265,egrid2016_data.xlsx,"ST16!STCO2AN, STCH4AN, STN2OAN, STNGENAN; reported comparison from STC2ERTA",Cold plate,38.52021170615633,2.9474308328855217,41.467642539041854,7.107784895441092,6.9701781664402995
2016,NM,32922552.001,717.8924042176814,717.8561919467401,713.4038805005014,IPCC SAR GWP100,IPCC AR5 GWP100; CH4=28 and N2O=265,egrid2016_data.xlsx,"ST16!STCO2AN, STCH4AN, STN2OAN, STNGENAN; reported comparison from STC2ERTA",One-phase,37.7617492217871,3.049789121460012,40.81153834324711,7.47285999319515,5.277687867435854
2016,NM,32922552.001,717.8924042176814,717.8561919467401,713.4038805005014,IPCC SAR GWP100,IPCC AR5 GWP100; CH4=28 and N2O=265,egrid2016_data.xlsx,"ST16!STCO2AN, STCH4AN, STN2OAN, STNGENAN; reported comparison from STC2ERTA",Two-phase,35.94628050920119,2.819329915902762,38.76561042510395,7.272760276404706,0.0
2016,NV,39228694.003,349.9810711890645,349.96420355743004,349.2261956449471,IPCC SAR GWP100,IPCC AR5 GWP100; CH4=28 and N2O=265,egrid2016_data.xlsx,"ST16!STCO2AN, STCH4AN, STN2OAN, STNGENAN; reported comparison from STC2ERTA",Air-cooled,22.12234334913495,3.5104211643502636,25.632764513485213,13.695054868168652,25.966448611314075
2016,NV,39228694.003,349.9810711890645,349.96420355743004,349.2261956449471,IPCC SAR GWP100,IPCC AR5 GWP100; CH4=28 and N2O=265,egrid2016_data.xlsx,"ST16!STCO2AN, STCH4AN, STN2OAN, STNGENAN; reported comparison from STC2ERTA",Cold plate,18.784755026461113,2.9474308328855217,21.732185859346636,13.56251438286813,6.7979332398080405
2016,NV,39228694.003,349.9810711890645,349.96420355743004,349.2261956449471,IPCC SAR GWP100,IPCC AR5 GWP100; CH4=28 and N2O=265,egrid2016_data.xlsx,"ST16!STCO2AN, STCH4AN, STN2OAN, STNGENAN; reported comparison from STC2ERTA",One-phase,18.414883436078338,3.049789121460012,21.46467255753835,14.208412046746698,5.483299363023186
2016,NV,39228694.003,349.9810711890645,349.96420355743004,349.2261956449471,IPCC SAR GWP100,IPCC AR5 GWP100; CH4=28 and N2O=265,egrid2016_data.xlsx,"ST16!STCO2AN, STCH4AN, STN2OAN, STNGENAN; reported comparison from STC2ERTA",Two-phase,17.529552501651498,2.819329915902762,20.34888241755426,13.85496194852758,0.0
2016,NY,134090832.639,211.33575183414303,211.31779896612,210.47579027446193,IPCC SAR GWP100,IPCC AR5 GWP100; CH4=28 and N2O=265,egrid2016_data.xlsx,"ST16!STCO2AN, STCH4AN, STN2OAN, STNGENAN; reported comparison from STC2ERTA",Air-cooled,13.363740790198786,3.5104211643502636,16.87416195454905,20.803528932611083,25.84542167490187
2016,NY,134090832.639,211.33575183414303,211.31779896612,210.47579027446193,IPCC SAR GWP100,IPCC AR5 GWP100; CH4=28 and N2O=265,egrid2016_data.xlsx,"ST16!STCO2AN, STCH4AN, STN2OAN, STNGENAN; reported comparison from STC2ERTA",Cold plate,11.347559027503578,2.9474308328855217,14.2949898603891,20.61862835630787,6.610273841429959
2016,NY,134090832.639,211.33575183414303,211.31779896612,210.47579027446193,IPCC SAR GWP100,IPCC AR5 GWP100; CH4=28 and N2O=265,egrid2016_data.xlsx,"ST16!STCO2AN, STCH4AN, STN2OAN, STNGENAN; reported comparison from STC2ERTA",One-phase,11.124125732869027,3.049789121460012,14.17391485432904,21.516914365606873,5.7073113575471845
2016,NY,134090832.639,211.33575183414303,211.31779896612,210.47579027446193,IPCC SAR GWP100,IPCC AR5 GWP100; CH4=28 and N2O=265,egrid2016_data.xlsx,"ST16!STCO2AN, STCH4AN, STN2OAN, STNGENAN; reported comparison from STC2ERTA",Two-phase,10.589311995711864,2.819329915902762,13.408641911614625,21.02621529075697,0.0
2016,OH,118922077.758,669.1539917861774,669.20024560158,664.9484489927447,IPCC SAR GWP100,IPCC AR5 GWP100; CH4=28 and N2O=265,egrid2016_data.xlsx,"ST16!STCO2AN, STCH4AN, STN2OAN, STNGENAN; reported comparison from STC2ERTA",Air-cooled,42.285366320928986,3.5104211643502636,45.79578748527925,7.6653800646591455,26.069290829769564
2016,OH,118922077.758,669.1539917861774,669.20024560158,664.9484489927447,IPCC SAR GWP100,IPCC AR5 GWP100; CH4=28 and N2O=265,egrid2016_data.xlsx,"ST16!STCO2AN, STCH4AN, STN2OAN, STNGENAN; reported comparison from STC2ERTA",Cold plate,35.90579148903231,2.9474308328855217,38.85322232191783,7.586065342186098,6.957396161165419
2016,OH,118922077.758,669.1539917861774,669.20024560158,664.9484489927447,IPCC SAR GWP100,IPCC AR5 GWP100; CH4=28 and N2O=265,egrid2016_data.xlsx,"ST16!STCO2AN, STCH4AN, STN2OAN, STNGENAN; reported comparison from STC2ERTA",One-phase,35.19880690588001,3.049789121460012,38.24859602734002,7.973597564940759,5.292945949473826
2016,OH,118922077.758,669.1539917861774,669.20024560158,664.9484489927447,IPCC SAR GWP100,IPCC AR5 GWP100; CH4=28 and N2O=265,egrid2016_data.xlsx,"ST16!STCO2AN, STCH4AN, STN2OAN, STNGENAN; reported comparison from STC2ERTA",Two-phase,33.506556573866554,2.819329915902762,36.32588648976932,7.761214352461259,0.0
2016,OK,78655008.003,475.490533862022,475.50587098707,473.42146485331347,IPCC SAR GWP100,IPCC AR5 GWP100; CH4=28 and N2O=265,egrid2016_data.xlsx,"ST16!STCO2AN, STCH4AN, STN2OAN, STNGENAN; reported comparison from STC2ERTA",Air-cooled,30.051118053198177,3.5104211643502636,33.56153921754844,10.459654849545032,26.021610769136714
2016,OK,78655008.003,475.490533862022,475.50587098707,473.42146485331347,IPCC SAR GWP100,IPCC AR5 GWP100; CH4=28 and N2O=265,egrid2016_data.xlsx,"ST16!STCO2AN, STCH4AN, STN2OAN, STNGENAN; reported comparison from STC2ERTA",Cold plate,25.517318938215666,2.9474308328855217,28.46474977110119,10.354669746220281,6.883465416834911
2016,OK,78655008.003,475.490533862022,475.50587098707,473.42146485331347,IPCC SAR GWP100,IPCC AR5 GWP100; CH4=28 and N2O=265,egrid2016_data.xlsx,"ST16!STCO2AN, STCH4AN, STN2OAN, STNGENAN; reported comparison from STC2ERTA",One-phase,25.014883249025825,3.049789121460012,28.064672370485837,10.867004186613334,5.381198249317354
2016,OK,78655008.003,475.490533862022,475.50587098707,473.42146485331347,IPCC SAR GWP100,IPCC AR5 GWP100; CH4=28 and N2O=265,egrid2016_data.xlsx,"ST16!STCO2AN, STCH4AN, STN2OAN, STNGENAN; reported comparison from STC2ERTA",Two-phase,23.812244631284205,2.819329915902762,26.63157454718697,10.586418429399853,0.0
2016,OR,60181811.826,139.33556632930996,139.32633955394,138.74962369967932,IPCC SAR GWP100,IPCC AR5 GWP100; CH4=28 and N2O=265,egrid2016_data.xlsx,"ST16!STCO2AN, STCH4AN, STN2OAN, STNGENAN; reported comparison from STC2ERTA",Air-cooled,8.815292909371541,3.5104211643502636,12.325714073721805,28.48046890714767,25.714977125480075
2016,OR,60181811.826,139.33556632930996,139.32633955394,138.74962369967932,IPCC SAR GWP100,IPCC AR5 GWP100; CH4=28 and N2O=265,egrid2016_data.xlsx,"ST16!STCO2AN, STCH4AN, STN2OAN, STNGENAN; reported comparison from STC2ERTA",Cold plate,7.485333500870705,2.9474308328855217,10.432764333756227,28.25167653168223,6.408011878995223
2016,OR,60181811.826,139.33556632930996,139.32633955394,138.74962369967932,IPCC SAR GWP100,IPCC AR5 GWP100; CH4=28 and N2O=265,egrid2016_data.xlsx,"ST16!STCO2AN, STCH4AN, STN2OAN, STNGENAN; reported comparison from STC2ERTA",One-phase,7.337947378314807,3.049789121460012,10.38773649977482,29.359515631977416,5.948754663946643
2016,OR,60181811.826,139.33556632930996,139.32633955394,138.74962369967932,IPCC SAR GWP100,IPCC AR5 GWP100; CH4=28 and N2O=265,egrid2016_data.xlsx,"ST16!STCO2AN, STCH4AN, STN2OAN, STNGENAN; reported comparison from STC2ERTA",Two-phase,6.985161446665058,2.819329915902762,9.80449136256782,28.75549390217804,0.0
2016,PA,215066508.488,390.04693533523965,390.11030344902,388.0229434948906,IPCC SAR GWP100,IPCC AR5 GWP100; CH4=28 and N2O=265,egrid2016_data.xlsx,"ST16!STCO2AN, STCH4AN, STN2OAN, STNGENAN; reported comparison from STC2ERTA",Air-cooled,24.65341314557249,3.5104211643502636,28.163834309922752,12.464287091454246,25.987426972587734
2016,PA,215066508.488,390.04693533523965,390.11030344902,388.0229434948906,IPCC SAR GWP100,IPCC AR5 GWP100; CH4=28 and N2O=265,egrid2016_data.xlsx,"ST16!STCO2AN, STCH4AN, STN2OAN, STNGENAN; reported comparison from STC2ERTA",Cold plate,20.933963423175246,2.9474308328855217,23.88139425606077,12.341954583064195,6.830461425452294
2016,PA,215066508.488,390.04693533523965,390.11030344902,388.0229434948906,IPCC SAR GWP100,IPCC AR5 GWP100; CH4=28 and N2O=265,egrid2016_data.xlsx,"ST16!STCO2AN, STCH4AN, STN2OAN, STNGENAN; reported comparison from STC2ERTA",One-phase,20.52177394647259,3.049789121460012,23.5715630679326,12.938425477642712,5.444469952892939
2016,PA,215066508.488,390.04693533523965,390.11030344902,388.0229434948906,IPCC SAR GWP100,IPCC AR5 GWP100; CH4=28 and N2O=265,egrid2016_data.xlsx,"ST16!STCO2AN, STCH4AN, STN2OAN, STNGENAN; reported comparison from STC2ERTA",Two-phase,19.535150199046026,2.819329915902762,22.35448011494879,12.611923432822005,0.0
2016,RI,6564885.1,395.4103727654017,395.3919330053,394.998291484022,IPCC SAR GWP100,IPCC AR5 GWP100; CH4=28 and N2O=265,egrid2016_data.xlsx,"ST16!STCO2AN, STCH4AN, STN2OAN, STNGENAN; reported comparison from STC2ERTA",Air-cooled,24.992236100570747,3.5104211643502636,28.50265726492101,12.316118920851052,25.989952961210538
2016,RI,6564885.1,395.4103727654017,395.3919330053,394.998291484022,IPCC SAR GWP100,IPCC AR5 GWP100; CH4=28 and N2O=265,egrid2016_data.xlsx,"ST16!STCO2AN, STCH4AN, STN2OAN, STNGENAN; reported comparison from STC2ERTA",Cold plate,21.221668306267244,2.9474308328855217,24.169099139152767,12.195038035616424,6.8343781196966935
2016,RI,6564885.1,395.4103727654017,395.3919330053,394.998291484022,IPCC SAR GWP100,IPCC AR5 GWP100; CH4=28 and N2O=265,egrid2016_data.xlsx,"ST16!STCO2AN, STCH4AN, STN2OAN, STNGENAN; reported comparison from STC2ERTA",One-phase,20.8038139240324,3.049789121460012,23.853603045492413,12.785444260322453,5.439794532971454
2016,RI,6564885.1,395.4103727654017,395.3919330053,394.998291484022,IPCC SAR GWP100,IPCC AR5 GWP100; CH4=28 and N2O=265,egrid2016_data.xlsx,"ST16!STCO2AN, STCH4AN, STN2OAN, STNGENAN; reported comparison from STC2ERTA",Two-phase,19.80363056230008,2.819329915902762,22.62296047820284,12.462250104795869,0.0
2016,SC,96985763.86,286.9243926071705,287.03415892074,285.50382060171944,IPCC SAR GWP100,IPCC AR5 GWP100; CH4=28 and N2O=265,egrid2016_data.xlsx,"ST16!STCO2AN, STCH4AN, STN2OAN, STNGENAN; reported comparison from STC2ERTA",Air-cooled,18.138881166963653,3.5104211643502636,21.649302331313915,16.214938988000235,25.92351912830879
2016,SC,96985763.86,286.9243926071705,287.03415892074,285.50382060171944,IPCC SAR GWP100,IPCC AR5 GWP100; CH4=28 and N2O=265,egrid2016_data.xlsx,"ST16!STCO2AN, STCH4AN, STN2OAN, STNGENAN; reported comparison from STC2ERTA",Cold plate,15.40227605177392,2.9474308328855217,18.349706884659444,16.062549943779246,6.731368546093797
2016,SC,96985763.86,286.9243926071705,287.03415892074,285.50382060171944,IPCC SAR GWP100,IPCC AR5 GWP100; CH4=28 and N2O=265,egrid2016_data.xlsx,"ST16!STCO2AN, STCH4AN, STN2OAN, STNGENAN; reported comparison from STC2ERTA",One-phase,15.099005429891482,3.049789121460012,18.148794551351493,16.80436192514451,5.562758691640268
2016,SC,96985763.86,286.9243926071705,287.03415892074,285.50382060171944,IPCC SAR GWP100,IPCC AR5 GWP100; CH4=28 and N2O=265,egrid2016_data.xlsx,"ST16!STCO2AN, STCH4AN, STN2OAN, STNGENAN; reported comparison from STC2ERTA",Two-phase,14.373091707300546,2.819329915902762,17.19242162320331,16.398678311249217,0.0
2016,SD,10289415.719,234.3202890877847,234.30858183194002,232.83626696845738,IPCC SAR GWP100,IPCC AR5 GWP100; CH4=28 and N2O=265,egrid2016_data.xlsx,"ST16!STCO2AN, STCH4AN, STN2OAN, STNGENAN; reported comparison from STC2ERTA",Air-cooled,14.815736629238726,3.5104211643502636,18.32615779358899,19.155249037407657,25.87346412251339
2016,SD,10289415.719,234.3202890877847,234.30858183194002,232.83626696845738,IPCC SAR GWP100,IPCC AR5 GWP100; CH4=28 and N2O=265,egrid2016_data.xlsx,"ST16!STCO2AN, STCH4AN, STN2OAN, STNGENAN; reported comparison from STC2ERTA",Cold plate,12.580492885610102,2.9474308328855217,15.527923718495623,18.98148707012759,6.653755309306675
2016,SD,10289415.719,234.3202890877847,234.30858183194002,232.83626696845738,IPCC SAR GWP100,IPCC AR5 GWP100; CH4=28 and N2O=265,egrid2016_data.xlsx,"ST16!STCO2AN, STCH4AN, STN2OAN, STNGENAN; reported comparison from STC2ERTA",One-phase,12.332783138805041,3.049789121460012,15.382572260265054,19.826262278240463,5.655406841023747
2016,SD,10289415.719,234.3202890877847,234.30858183194002,232.83626696845738,IPCC SAR GWP100,IPCC AR5 GWP100; CH4=28 and N2O=265,egrid2016_data.xlsx,"ST16!STCO2AN, STCH4AN, STN2OAN, STNGENAN; reported comparison from STC2ERTA",Two-phase,11.739860872516338,2.819329915902762,14.5591907884191,19.364605882803303,0.0
2016,TN,79340633.31,452.81910048307003,452.86979735459005,450.0863594436554,IPCC SAR GWP100,IPCC AR5 GWP100; CH4=28 and N2O=265,egrid2016_data.xlsx,"ST16!STCO2AN, STCH4AN, STN2OAN, STNGENAN; reported comparison from STC2ERTA",Air-cooled,28.618901838965115,3.5104211643502636,32.12932300331538,10.925910776233998,26.013658329842904
2016,TN,79340633.31,452.81910048307003,452.86979735459005,450.0863594436554,IPCC SAR GWP100,IPCC AR5 GWP100; CH4=28 and N2O=265,egrid2016_data.xlsx,"ST16!STCO2AN, STCH4AN, STN2OAN, STNGENAN; reported comparison from STC2ERTA",Cold plate,24.301180561521246,2.9474308328855217,27.24861139440677,10.81681114029367,6.8711346909837046
2016,TN,79340633.31,452.81910048307003,452.86979735459005,450.0863594436554,IPCC SAR GWP100,IPCC AR5 GWP100; CH4=28 and N2O=265,egrid2016_data.xlsx,"ST16!STCO2AN, STCH4AN, STN2OAN, STNGENAN; reported comparison from STC2ERTA",One-phase,23.822690621683996,3.049789121460012,26.87247974314401,11.349116831088526,5.395917631963387
2016,TN,79340633.31,452.81910048307003,452.86979735459005,450.0863594436554,IPCC SAR GWP100,IPCC AR5 GWP100; CH4=28 and N2O=265,egrid2016_data.xlsx,"ST16!STCO2AN, STCH4AN, STN2OAN, STNGENAN; reported comparison from STC2ERTA",Two-phase,22.677368957179965,2.819329915902762,25.496698873082728,11.057627224358733,0.0
2016,TX,453941342.056,478.38962211535426,478.35942058674004,476.0575184560906,IPCC SAR GWP100,IPCC AR5 GWP100; CH4=28 and N2O=265,egrid2016_data.xlsx,"ST16!STCO2AN, STCH4AN, STN2OAN, STNGENAN; reported comparison from STC2ERTA",Air-cooled,30.234261356645845,3.5104211643502636,33.74468252099611,10.402886920527589,26.02257906882366
2016,TX,453941342.056,478.38962211535426,478.35942058674004,476.0575184560906,IPCC SAR GWP100,IPCC AR5 GWP100; CH4=28 and N2O=265,egrid2016_data.xlsx,"ST16!STCO2AN, STCH4AN, STN2OAN, STNGENAN; reported comparison from STC2ERTA",Cold plate,25.67283149109971,2.9474308328855217,28.620262323985234,10.2984060716153,6.8849668225722915
2016,TX,453941342.056,478.38962211535426,478.35942058674004,476.0575184560906,IPCC SAR GWP100,IPCC AR5 GWP100; CH4=28 and N2O=265,egrid2016_data.xlsx,"ST16!STCO2AN, STCH4AN, STN2OAN, STNGENAN; reported comparison from STC2ERTA",One-phase,25.167333761698078,3.049789121460012,28.21712288315809,10.808292305663574,5.379405997521136
2016,TX,453941342.056,478.38962211535426,478.35942058674004,476.0575184560906,IPCC SAR GWP100,IPCC AR5 GWP100; CH4=28 and N2O=265,egrid2016_data.xlsx,"ST16!STCO2AN, STCH4AN, STN2OAN, STNGENAN; reported comparison from STC2ERTA",Two-phase,23.957365792385673,2.819329915902762,26.776695708288436,10.529043413784878,0.0
2016,UT,38133928.003,743.1889363078752,743.15848153008,738.1634187712572,IPCC SAR GWP100,IPCC AR5 GWP100; CH4=28 and N2O=265,egrid2016_data.xlsx,"ST16!STCO2AN, STCH4AN, STN2OAN, STNGENAN; reported comparison from STC2ERTA",Air-cooled,46.96235547249549,3.5104211643502636,50.47277663684575,6.9550783576024084,26.081416802849454
2016,UT,38133928.003,743.1889363078752,743.15848153008,738.1634187712572,IPCC SAR GWP100,IPCC AR5 GWP100; CH4=28 and N2O=265,egrid2016_data.xlsx,"ST16!STCO2AN, STCH4AN, STN2OAN, STNGENAN; reported comparison from STC2ERTA",Cold plate,39.87716532077551,2.9474308328855217,42.824596153661034,6.882565389080846,6.9761981971450115
2016,UT,38133928.003,743.1889363078752,743.15848153008,738.1634187712572,IPCC SAR GWP100,IPCC AR5 GWP100; CH4=28 and N2O=265,egrid2016_data.xlsx,"ST16!STCO2AN, STCH4AN, STN2OAN, STNGENAN; reported comparison from STC2ERTA",One-phase,39.09198443678872,3.049789121460012,42.14177355824873,7.236973824190304,5.270501661485527
2016,UT,38133928.003,743.1889363078752,743.15848153008,738.1634187712572,IPCC SAR GWP100,IPCC AR5 GWP100; CH4=28 and N2O=265,egrid2016_data.xlsx,"ST16!STCO2AN, STCH4AN, STN2OAN, STNGENAN; reported comparison from STC2ERTA",Two-phase,37.21256210809697,2.819329915902762,40.03189202399973,7.042709633140823,0.0
2016,VA,92554816.451,371.57521859373054,371.4830791826,369.1342372307261,IPCC SAR GWP100,IPCC AR5 GWP100; CH4=28 and N2O=265,egrid2016_data.xlsx,"ST16!STCO2AN, STCH4AN, STN2OAN, STNGENAN; reported comparison from STC2ERTA",Air-cooled,23.486504473336932,3.5104211643502636,26.996925637687195,13.003040462688027,25.978243094591846
2016,VA,92554816.451,371.57521859373054,371.4830791826,369.1342372307261,IPCC SAR GWP100,IPCC AR5 GWP100; CH4=28 and N2O=265,egrid2016_data.xlsx,"ST16!STCO2AN, STCH4AN, STN2OAN, STNGENAN; reported comparison from STC2ERTA",Cold plate,19.943105754968272,2.9474308328855217,22.890536587853795,12.876198081129697,6.81622128131103
2016,VA,92554816.451,371.57521859373054,371.4830791826,369.1342372307261,IPCC SAR GWP100,IPCC AR5 GWP100; CH4=28 and N2O=265,egrid2016_data.xlsx,"ST16!STCO2AN, STCH4AN, STN2OAN, STNGENAN; reported comparison from STC2ERTA",One-phase,19.550426253299435,3.049789121460012,22.600215374759447,13.49451352957504,5.461468638378242
2016,VA,92554816.451,371.57521859373054,371.4830791826,369.1342372307261,IPCC SAR GWP100,IPCC AR5 GWP100; CH4=28 and N2O=265,egrid2016_data.xlsx,"ST16!STCO2AN, STCH4AN, STN2OAN, STNGENAN; reported comparison from STC2ERTA",Two-phase,18.610501914198505,2.819329915902762,21.429831830101268,13.156099115731786,0.0
2016,VT,1911207.085,30.390928693241758,30.311310125250003,25.804714935318305,IPCC SAR GWP100,IPCC AR5 GWP100; CH4=28 and N2O=265,egrid2016_data.xlsx,"ST16!STCO2AN, STCH4AN, STN2OAN, STNGENAN; reported comparison from STC2ERTA",Air-cooled,1.9329633332900447,3.5104211643502636,5.4433844976403085,64.4896785423117,25.10670969452933
2016,VT,1911207.085,30.390928693241758,30.311310125250003,25.804714935318305,IPCC SAR GWP100,IPCC AR5 GWP100; CH4=28 and N2O=265,egrid2016_data.xlsx,"ST16!STCO2AN, STCH4AN, STN2OAN, STNGENAN; reported comparison from STC2ERTA",Cold plate,1.6413379956154164,2.9474308328855217,4.588768828500938,64.23140809750467,5.464857375303311
2016,VT,1911207.085,30.390928693241758,30.311310125250003,25.804714935318305,IPCC SAR GWP100,IPCC AR5 GWP100; CH4=28 and N2O=265,egrid2016_data.xlsx,"ST16!STCO2AN, STCH4AN, STN2OAN, STNGENAN; reported comparison from STC2ERTA",One-phase,1.6090200711102107,3.049789121460012,4.658809192570223,65.4628467361092,7.074613125299245
2016,VT,1911207.085,30.390928693241758,30.311310125250003,25.804714935318305,IPCC SAR GWP100,IPCC AR5 GWP100; CH4=28 and N2O=265,egrid2016_data.xlsx,"ST16!STCO2AN, STCH4AN, STN2OAN, STNGENAN; reported comparison from STC2ERTA",Two-phase,1.5316633369222203,2.819329915902762,4.350993252824982,64.79738652943779,0.0
2016,WA,114086582.682,85.21773281482784,85.24361409410001,84.75095980338385,IPCC SAR GWP100,IPCC AR5 GWP100; CH4=28 and N2O=265,egrid2016_data.xlsx,"ST16!STCO2AN, STCH4AN, STN2OAN, STNGENAN; reported comparison from STC2ERTA",Air-cooled,5.396521923741442,3.5104211643502636,8.906943088091706,39.412188105743965,25.529694237980394
2016,WA,114086582.682,85.21773281482784,85.24361409410001,84.75095980338385,IPCC SAR GWP100,IPCC AR5 GWP100; CH4=28 and N2O=265,egrid2016_data.xlsx,"ST16!STCO2AN, STCH4AN, STN2OAN, STNGENAN; reported comparison from STC2ERTA",Cold plate,4.582351007420452,2.9474308328855217,7.529781840305974,39.14364181321025,6.120719841134137
2016,WA,114086582.682,85.21773281482784,85.24361409410001,84.75095980338385,IPCC SAR GWP100,IPCC AR5 GWP100; CH4=28 and N2O=265,egrid2016_data.xlsx,"ST16!STCO2AN, STCH4AN, STN2OAN, STNGENAN; reported comparison from STC2ERTA",One-phase,4.492124573675682,3.049789121460012,7.541913695135694,40.43786822205395,6.291699717423049
2016,WA,114086582.682,85.21773281482784,85.24361409410001,84.75095980338385,IPCC SAR GWP100,IPCC AR5 GWP100; CH4=28 and N2O=265,egrid2016_data.xlsx,"ST16!STCO2AN, STCH4AN, STN2OAN, STNGENAN; reported comparison from STC2ERTA",Two-phase,4.276157046095121,2.819329915902762,7.095486961997883,39.73412862292006,0.0
2016,WI,64966610.542,633.2804542253202,633.4372087813,629.9854517412301,IPCC SAR GWP100,IPCC AR5 GWP100; CH4=28 and N2O=265,egrid2016_data.xlsx,"ST16!STCO2AN, STCH4AN, STN2OAN, STNGENAN; reported comparison from STC2ERTA",Air-cooled,40.019137216762246,3.5104211643502636,43.52955838111251,8.064453890424574,26.062479031958397
2016,WI,64966610.542,633.2804542253202,633.4372087813,629.9854517412301,IPCC SAR GWP100,IPCC AR5 GWP100; CH4=28 and N2O=265,egrid2016_data.xlsx,"ST16!STCO2AN, STCH4AN, STN2OAN, STNGENAN; reported comparison from STC2ERTA",Cold plate,33.9814673844942,2.9474308328855217,36.928898217379725,7.9813668296726545,6.946834067163765
2016,WI,64966610.542,633.2804542253202,633.4372087813,629.9854517412301,IPCC SAR GWP100,IPCC AR5 GWP100; CH4=28 and N2O=265,egrid2016_data.xlsx,"ST16!STCO2AN, STCH4AN, STN2OAN, STNGENAN; reported comparison from STC2ERTA",One-phase,33.31237271877521,3.049789121460012,36.36216184023522,8.387260182328816,5.305554088283304
2016,WI,64966610.542,633.2804542253202,633.4372087813,629.9854517412301,IPCC SAR GWP100,IPCC AR5 GWP100; CH4=28 and N2O=265,egrid2016_data.xlsx,"ST16!STCO2AN, STCH4AN, STN2OAN, STNGENAN; reported comparison from STC2ERTA",Two-phase,31.710816338064866,2.819329915902762,34.53014625396763,8.164836300335136,0.0
2016,WV,75942967.562,902.8908679212245,902.90237443483,896.1883729144995,IPCC SAR GWP100,IPCC AR5 GWP100; CH4=28 and N2O=265,egrid2016_data.xlsx,"ST16!STCO2AN, STCH4AN, STN2OAN, STNGENAN; reported comparison from STC2ERTA",Air-cooled,57.05116159594633,3.5104211643502636,60.561582760296595,5.79644884488001,26.10120144696426
2016,WV,75942967.562,902.8908679212245,902.90237443483,896.1883729144995,IPCC SAR GWP100,IPCC AR5 GWP100; CH4=28 and N2O=265,egrid2016_data.xlsx,"ST16!STCO2AN, STCH4AN, STN2OAN, STNGENAN; reported comparison from STC2ERTA",Cold plate,48.44387765081878,2.9474308328855217,51.3913084837043,5.735271040666583,7.006875453975359
2016,WV,75942967.562,902.8908679212245,902.90237443483,896.1883729144995,IPCC SAR GWP100,IPCC AR5 GWP100; CH4=28 and N2O=265,egrid2016_data.xlsx,"ST16!STCO2AN, STCH4AN, STN2OAN, STNGENAN; reported comparison from STC2ERTA",One-phase,47.49001830872053,3.049789121460012,50.53980743018054,6.034429643748085,5.233881734380974
2016,WV,75942967.562,902.8908679212245,902.90237443483,896.1883729144995,IPCC SAR GWP100,IPCC AR5 GWP100; CH4=28 and N2O=265,egrid2016_data.xlsx,"ST16!STCO2AN, STCH4AN, STN2OAN, STNGENAN; reported comparison from STC2ERTA",Two-phase,45.20684435157052,2.819329915902762,48.02617426747328,5.870402876983293,0.0
2016,WY,46656629.978,925.8131374203496,925.76705862179,919.096251493984,IPCC SAR GWP100,IPCC AR5 GWP100; CH4=28 and N2O=265,egrid2016_data.xlsx,"ST16!STCO2AN, STCH4AN, STN2OAN, STNGENAN; reported comparison from STC2ERTA",Air-cooled,58.499223811286704,3.5104211643502636,62.00964497563697,5.661088957579867,26.103513244230193
2016,WY,46656629.978,925.8131374203496,925.76705862179,919.096251493984,IPCC SAR GWP100,IPCC AR5 GWP100; CH4=28 and N2O=265,egrid2016_data.xlsx,"ST16!STCO2AN, STCH4AN, STN2OAN, STNGENAN; reported comparison from STC2ERTA",Cold plate,49.67347134932301,2.9474308328855217,52.62090218220853,5.601254844851495,7.0104600318962484
2016,WY,46656629.978,925.8131374203496,925.76705862179,919.096251493984,IPCC SAR GWP100,IPCC AR5 GWP100; CH4=28 and N2O=265,egrid2016_data.xlsx,"ST16!STCO2AN, STCH4AN, STN2OAN, STNGENAN; reported comparison from STC2ERTA",One-phase,48.69540132275485,3.049789121460012,51.745190444214856,5.893860077194827,5.229602766972374
2016,WY,46656629.978,925.8131374203496,925.76705862179,919.096251493984,IPCC SAR GWP100,IPCC AR5 GWP100; CH4=28 and N2O=265,egrid2016_data.xlsx,"ST16!STCO2AN, STCH4AN, STN2OAN, STNGENAN; reported comparison from STC2ERTA",Two-phase,46.35427625916087,2.819329915902762,49.17360617506363,5.733421107790278,0.0
2018,AK,6244300.149,413.62093515239224,413.66943755445004,411.645308627904,IPCC AR4 GWP100,IPCC AR5 GWP100; CH4=28 and N2O=265,egrid2018_data.xlsx,"ST18!STCO2AN, STCH4AN, STN2OAN, STNGENAN; reported comparison from STC2ERTA",Air-cooled,26.142646940723644,3.5104211643502636,29.653068105073906,11.838306754334129,25.998099449980018
2018,AK,6244300.149,413.62093515239224,413.66943755445004,411.645308627904,IPCC AR4 GWP100,IPCC AR5 GWP100; CH4=28 and N2O=265,egrid2018_data.xlsx,"ST18!STCO2AN, STCH4AN, STN2OAN, STNGENAN; reported comparison from STC2ERTA",Cold plate,22.198517163144903,2.9474308328855217,25.145947996030426,11.72129534886021,6.847009730697495
2018,AK,6244300.149,413.62093515239224,413.66943755445004,411.645308627904,IPCC AR4 GWP100,IPCC AR5 GWP100; CH4=28 and N2O=265,egrid2018_data.xlsx,"ST18!STCO2AN, STCH4AN, STN2OAN, STNGENAN; reported comparison from STC2ERTA",One-phase,21.76142863919525,3.049789121460012,24.81121776065526,12.291976761802712,5.42471597895926
2018,AK,6244300.149,413.62093515239224,413.66943755445004,411.645308627904,IPCC AR4 GWP100,IPCC AR5 GWP100; CH4=28 and N2O=265,egrid2018_data.xlsx,"ST18!STCO2AN, STCH4AN, STN2OAN, STNGENAN; reported comparison from STC2ERTA",Two-phase,20.715206108464713,2.819329915902762,23.534536024367476,11.979543225256913,0.0
2018,AL,143221259.248,393.80101810563417,393.85334768626,391.8891935188003,IPCC AR4 GWP100,IPCC AR5 GWP100; CH4=28 and N2O=265,egrid2018_data.xlsx,"ST18!STCO2AN, STCH4AN, STN2OAN, STNGENAN; reported comparison from STC2ERTA",Air-cooled,24.890568782071576,3.5104211643502636,28.400989946421838,12.36020705958713,25.989201330783885
2018,AL,143221259.248,393.80101810563417,393.85334768626,391.8891935188003,IPCC AR4 GWP100,IPCC AR5 GWP100; CH4=28 and N2O=265,egrid2018_data.xlsx,"ST18!STCO2AN, STCH4AN, STN2OAN, STNGENAN; reported comparison from STC2ERTA",Cold plate,21.135339491906866,2.9474308328855217,24.08277032479239,12.23875323783345,6.83321267241821
2018,AL,143221259.248,393.80101810563417,393.85334768626,391.8891935188003,IPCC AR4 GWP100,IPCC AR5 GWP100; CH4=28 and N2O=265,egrid2018_data.xlsx,"ST18!STCO2AN, STCH4AN, STN2OAN, STNGENAN; reported comparison from STC2ERTA",One-phase,20.71918492294179,3.049789121460012,23.7689740444018,12.830966602777348,5.441185745837029
2018,AL,143221259.248,393.80101810563417,393.85334768626,391.8891935188003,IPCC AR4 GWP100,IPCC AR5 GWP100; CH4=28 and N2O=265,egrid2018_data.xlsx,"ST18!STCO2AN, STCH4AN, STN2OAN, STNGENAN; reported comparison from STC2ERTA",Two-phase,19.723070263184976,2.819329915902762,22.54240017908774,12.506786737457592,0.0
2018,AR,67999351.643,552.8999517979905,552.99441633128,549.4507337402325,IPCC AR4 GWP100,IPCC AR5 GWP100; CH4=28 and N2O=265,egrid2018_data.xlsx,"ST18!STCO2AN, STCH4AN, STN2OAN, STNGENAN; reported comparison from STC2ERTA",Air-cooled,34.941281884002365,3.5104211643502636,38.45170304835263,9.129429611832652,26.044304546348897
2018,AR,67999351.643,552.8999517979905,552.99441633128,549.4507337402325,IPCC AR4 GWP100,IPCC AR5 GWP100; CH4=28 and N2O=265,egrid2018_data.xlsx,"ST18!STCO2AN, STCH4AN, STN2OAN, STNGENAN; reported comparison from STC2ERTA",Cold plate,29.66970587802462,2.9474308328855217,32.61713671091014,9.036448720220228,6.918653456000556
2018,AR,67999351.643,552.8999517979905,552.99441633128,549.4507337402325,IPCC AR4 GWP100,IPCC AR5 GWP100; CH4=28 and N2O=265,egrid2018_data.xlsx,"ST18!STCO2AN, STCH4AN, STN2OAN, STNGENAN; reported comparison from STC2ERTA",One-phase,29.085509742177457,3.049789121460012,32.135298863637466,9.490464471488034,5.339193729932679
2018,AR,67999351.643,552.8999517979905,552.99441633128,549.4507337402325,IPCC AR4 GWP100,IPCC AR5 GWP100; CH4=28 and N2O=265,egrid2018_data.xlsx,"ST18!STCO2AN, STCH4AN, STN2OAN, STNGENAN; reported comparison from STC2ERTA",Two-phase,27.6871679276497,2.819329915902762,30.506497843552463,9.241735745483568,0.0
2018,AZ,111639090.046,440.94352785916584,441.00291377065,438.64398264616017,IPCC AR4 GWP100,IPCC AR5 GWP100; CH4=28 and N2O=265,egrid2018_data.xlsx,"ST18!STCO2AN, STCH4AN, STN2OAN, STNGENAN; reported comparison from STC2ERTA",Air-cooled,27.86868956164839,3.5104211643502636,31.379110725998654,11.187127624498807,26.00920346612896
2018,AZ,111639090.046,440.94352785916584,441.00291377065,438.64398264616017,IPCC AR4 GWP100,IPCC AR5 GWP100; CH4=28 and N2O=265,egrid2018_data.xlsx,"ST18!STCO2AN, STCH4AN, STN2OAN, STNGENAN; reported comparison from STC2ERTA",Cold plate,23.664152484304047,2.9474308328855217,26.61158331718957,11.07574396365078,6.864227162220304
2018,AZ,111639090.046,440.94352785916584,441.00291377065,438.64398264616017,IPCC AR4 GWP100,IPCC AR5 GWP100; CH4=28 and N2O=265,egrid2018_data.xlsx,"ST18!STCO2AN, STCH4AN, STN2OAN, STNGENAN; reported comparison from STC2ERTA",One-phase,23.19820561930099,3.049789121460012,26.247994740761,11.619131867334373,5.404163258395656
2018,AZ,111639090.046,440.94352785916584,441.00291377065,438.64398264616017,IPCC AR4 GWP100,IPCC AR5 GWP100; CH4=28 and N2O=265,egrid2018_data.xlsx,"ST18!STCO2AN, STCH4AN, STN2OAN, STNGENAN; reported comparison from STC2ERTA",Two-phase,22.082907272219213,2.819329915902762,24.902237188121976,11.32159289386073,0.0
2018,CA,195212859.582,191.41717612581962,191.42913431873,190.6853533022388,IPCC AR4 GWP100,IPCC AR5 GWP100; CH4=28 and N2O=265,egrid2018_data.xlsx,"ST18!STCO2AN, STCH4AN, STN2OAN, STNGENAN; reported comparison from STC2ERTA",Air-cooled,12.10543009510288,3.5104211643502636,15.615851259453144,22.479857844606517,25.816914837509163
2018,CA,195212859.582,191.41717612581962,191.42913431873,190.6853533022388,IPCC AR4 GWP100,IPCC AR5 GWP100; CH4=28 and N2O=265,egrid2018_data.xlsx,"ST18!STCO2AN, STCH4AN, STN2OAN, STNGENAN; reported comparison from STC2ERTA",Cold plate,10.279089119885185,2.9474308328855217,13.226519952770706,22.284250455979468,6.566072309825777
2018,CA,195212859.582,191.41717612581962,191.42913431873,190.6853533022388,IPCC AR4 GWP100,IPCC AR5 GWP100; CH4=28 and N2O=265,egrid2018_data.xlsx,"ST18!STCO2AN, STCH4AN, STN2OAN, STNGENAN; reported comparison from STC2ERTA",One-phase,10.076693984303029,3.049789121460012,13.126483105763041,23.233863151974305,5.760075425540845
2018,CA,195212859.582,191.41717612581962,191.42913431873,190.6853533022388,IPCC AR4 GWP100,IPCC AR5 GWP100; CH4=28 and N2O=265,egrid2018_data.xlsx,"ST18!STCO2AN, STCH4AN, STN2OAN, STNGENAN; reported comparison from STC2ERTA",Two-phase,9.592237542749999,2.819329915902762,12.41156745865276,22.71534135631884,0.0
2018,CO,55375731.38,621.9409885481101,622.0429684469,618.0507205417375,IPCC AR4 GWP100,IPCC AR5 GWP100; CH4=28 and N2O=265,egrid2018_data.xlsx,"ST18!STCO2AN, STCH4AN, STN2OAN, STNGENAN; reported comparison from STC2ERTA",Air-cooled,39.30279227587654,3.5104211643502636,42.813213440226804,8.1993872505069,26.060176018696744
2018,CO,55375731.38,621.9409885481101,622.0429684469,618.0507205417375,IPCC AR4 GWP100,IPCC AR5 GWP100; CH4=28 and N2O=265,egrid2018_data.xlsx,"ST18!STCO2AN, STCH4AN, STN2OAN, STNGENAN; reported comparison from STC2ERTA",Cold plate,33.3731970933856,2.9474308328855217,36.32062792627112,8.115032699513467,6.943263109359243
2018,CO,55375731.38,621.9409885481101,622.0429684469,618.0507205417375,IPCC AR4 GWP100,IPCC AR5 GWP100; CH4=28 and N2O=265,egrid2018_data.xlsx,"ST18!STCO2AN, STCH4AN, STN2OAN, STNGENAN; reported comparison from STC2ERTA",One-phase,32.716079262053746,3.049789121460012,35.765868383513755,8.527093732933965,5.309816797143463
2018,CO,55375731.38,621.9409885481101,622.0429684469,618.0507205417375,IPCC AR4 GWP100,IPCC AR5 GWP100; CH4=28 and N2O=265,egrid2018_data.xlsx,"ST18!STCO2AN, STCH4AN, STN2OAN, STNGENAN; reported comparison from STC2ERTA",Two-phase,31.143190835993472,2.819329915902762,33.962520751896236,8.30129758771027,0.0
2018,CT,39453552.523,231.07362319244365,231.09760144471002,229.68428036722526,IPCC AR4 GWP100,IPCC AR5 GWP100; CH4=28 and N2O=265,egrid2018_data.xlsx,"ST18!STCO2AN, STCH4AN, STN2OAN, STNGENAN; reported comparison from STC2ERTA",Air-cooled,14.610635899179819,3.5104211643502636,18.12105706353008,19.372055129252015,25.869774852246152
2018,CT,39453552.523,231.07362319244365,231.09760144471002,229.68428036722526,IPCC AR4 GWP100,IPCC AR5 GWP100; CH4=28 and N2O=265,egrid2018_data.xlsx,"ST18!STCO2AN, STCH4AN, STN2OAN, STNGENAN; reported comparison from STC2ERTA",Cold plate,12.406335613520952,2.9474308328855217,15.353766446406473,19.196793458945468,6.648034878307385
2018,CT,39453552.523,231.07362319244365,231.09760144471002,229.68428036722526,IPCC AR4 GWP100,IPCC AR5 GWP100; CH4=28 and N2O=265,egrid2018_data.xlsx,"ST18!STCO2AN, STCH4AN, STN2OAN, STNGENAN; reported comparison from STC2ERTA",One-phase,12.162055021214503,3.049789121460012,15.211844142674515,20.048779706493917,5.66223541006301
2018,CT,39453552.523,231.07362319244365,231.09760144471002,229.68428036722526,IPCC AR4 GWP100,IPCC AR5 GWP100; CH4=28 and N2O=265,egrid2018_data.xlsx,"ST18!STCO2AN, STCH4AN, STN2OAN, STNGENAN; reported comparison from STC2ERTA",Two-phase,11.577340837502268,2.819329915902762,14.39667075340503,19.583207563706683,0.0
2018,DC,74889.001,199.6092574346396,199.6123942659,199.0700587532599,IPCC AR4 GWP100,IPCC AR5 GWP100; CH4=28 and N2O=265,egrid2018_data.xlsx,"ST18!STCO2AN, STCH4AN, STN2OAN, STNGENAN; reported comparison from STC2ERTA",Air-cooled,12.622946190476908,3.5104211643502636,16.133367354827172,21.75876298570695,25.829175844329665
2018,DC,74889.001,199.6092574346396,199.6123942659,199.0700587532599,IPCC AR4 GWP100,IPCC AR5 GWP100; CH4=28 and N2O=265,egrid2018_data.xlsx,"ST18!STCO2AN, STCH4AN, STN2OAN, STNGENAN; reported comparison from STC2ERTA",Cold plate,10.71852778695713,2.9474308328855217,13.665958619842652,21.567684455051115,6.585083723579199
2018,DC,74889.001,199.6092574346396,199.6123942659,199.0700587532599,IPCC AR4 GWP100,IPCC AR5 GWP100; CH4=28 and N2O=265,egrid2018_data.xlsx,"ST18!STCO2AN, STCH4AN, STN2OAN, STNGENAN; reported comparison from STC2ERTA",One-phase,10.507480109543227,3.049789121460012,13.55726923100324,22.495600474508883,5.7373811999894775
2018,DC,74889.001,199.6092574346396,199.6123942659,199.0700587532599,IPCC AR4 GWP100,IPCC AR5 GWP100; CH4=28 and N2O=265,egrid2018_data.xlsx,"ST18!STCO2AN, STCH4AN, STN2OAN, STNGENAN; reported comparison from STC2ERTA",Two-phase,10.002312796584418,2.819329915902762,12.82164271248718,21.988835433364372,0.0
2018,DE,6240644.191,408.4040994041017,408.40821965482,407.4428857110588,IPCC AR4 GWP100,IPCC AR5 GWP100; CH4=28 and N2O=265,egrid2018_data.xlsx,"ST18!STCO2AN, STCH4AN, STN2OAN, STNGENAN; reported comparison from STC2ERTA",Air-cooled,25.81308521338138,3.5104211643502636,29.323506377731643,11.971355400444496,25.995830922837303
2018,DE,6240644.191,408.4040994041017,408.40821965482,407.4428857110588,IPCC AR4 GWP100,IPCC AR5 GWP100; CH4=28 and N2O=265,egrid2018_data.xlsx,"ST18!STCO2AN, STCH4AN, STN2OAN, STNGENAN; reported comparison from STC2ERTA",Cold plate,21.91867627031906,2.9474308328855217,24.866107103204584,11.853205733621552,6.843492245653038
2018,DE,6240644.191,408.4040994041017,408.40821965482,407.4428857110588,IPCC AR4 GWP100,IPCC AR5 GWP100; CH4=28 and N2O=265,egrid2018_data.xlsx,"ST18!STCO2AN, STCH4AN, STN2OAN, STNGENAN; reported comparison from STC2ERTA",One-phase,21.487097810032086,3.049789121460012,24.5368869314921,12.429405286722544,5.428914856539224
2018,DE,6240644.191,408.4040994041017,408.40821965482,407.4428857110588,IPCC AR4 GWP100,IPCC AR5 GWP100; CH4=28 and N2O=265,egrid2018_data.xlsx,"ST18!STCO2AN, STCH4AN, STN2OAN, STNGENAN; reported comparison from STC2ERTA",Two-phase,20.454064261472855,2.819329915902762,23.273394177375618,12.11396109400953,0.0
2018,FL,243456187.354,429.8363131417445,429.88037526588005,427.87886867742344,IPCC AR4 GWP100,IPCC AR5 GWP100; CH4=28 and N2O=265,egrid2018_data.xlsx,"ST18!STCO2AN, STCH4AN, STN2OAN, STNGENAN; reported comparison from STC2ERTA",Air-cooled,27.16701654665377,3.5104211643502636,30.677437711004032,11.443006412139406,26.00483994454259
2018,FL,243456187.354,429.8363131417445,429.88037526588005,427.87886867742344,IPCC AR4 GWP100,IPCC AR5 GWP100; CH4=28 and N2O=265,egrid2018_data.xlsx,"ST18!STCO2AN, STCH4AN, STN2OAN, STNGENAN; reported comparison from STC2ERTA",Cold plate,23.06834057200644,2.9474308328855217,26.015771404891964,11.329400105088913,6.857461264809506
2018,FL,243456187.354,429.8363131417445,429.88037526588005,427.87886867742344,IPCC AR4 GWP100,IPCC AR5 GWP100; CH4=28 and N2O=265,egrid2018_data.xlsx,"ST18!STCO2AN, STCH4AN, STN2OAN, STNGENAN; reported comparison from STC2ERTA",One-phase,22.61412523606831,3.049789121460012,25.663914357528324,11.88356958713657,5.412239817240194
2018,FL,243456187.354,429.8363131417445,429.88037526588005,427.87886867742344,IPCC AR4 GWP100,IPCC AR5 GWP100; CH4=28 and N2O=265,egrid2018_data.xlsx,"ST18!STCO2AN, STCH4AN, STN2OAN, STNGENAN; reported comparison from STC2ERTA",Two-phase,21.526907676641954,2.819329915902762,24.346237592544718,11.580146234858459,0.0
2018,GA,129232893.261,422.61856222422216,422.68367872346,420.22952034544534,IPCC AR4 GWP100,IPCC AR5 GWP100; CH4=28 and N2O=265,egrid2018_data.xlsx,"ST18!STCO2AN, STCH4AN, STN2OAN, STNGENAN; reported comparison from STC2ERTA",Air-cooled,26.711051556633855,3.5104211643502636,30.221472720984117,11.615652211127426,26.001895972555268
2018,GA,129232893.261,422.61856222422216,422.68367872346,420.22952034544534,IPCC AR4 GWP100,IPCC AR5 GWP100; CH4=28 and N2O=265,egrid2018_data.xlsx,"ST18!STCO2AN, STCH4AN, STN2OAN, STNGENAN; reported comparison from STC2ERTA",Cold plate,22.681166821785183,2.9474308328855217,25.628597654670706,11.500554468880058,6.85289646272198
2018,GA,129232893.261,422.61856222422216,422.68367872346,420.22952034544534,IPCC AR4 GWP100,IPCC AR5 GWP100; CH4=28 and N2O=265,egrid2018_data.xlsx,"ST18!STCO2AN, STCH4AN, STN2OAN, STNGENAN; reported comparison from STC2ERTA",One-phase,22.23457493212288,3.049789121460012,25.28436405358289,12.061957006301865,5.417688893753692
2018,GA,129232893.261,422.61856222422216,422.68367872346,420.22952034544534,IPCC AR4 GWP100,IPCC AR5 GWP100; CH4=28 and N2O=265,egrid2018_data.xlsx,"ST18!STCO2AN, STCH4AN, STN2OAN, STNGENAN; reported comparison from STC2ERTA",Two-phase,21.16560498346313,2.819329915902762,23.984934899365893,11.754586484107149,0.0
2018,HI,9796772.998,691.4790887413594,691.62993470571,686.4321014675221,IPCC AR4 GWP100,IPCC AR5 GWP100; CH4=28 and N2O=265,egrid2018_data.xlsx,"ST18!STCO2AN, STCH4AN, STN2OAN, STNGENAN; reported comparison from STC2ERTA",Air-cooled,43.69570351968863,3.5104211643502636,47.20612468403889,7.436368030306013,26.073200172463462
2018,HI,9796772.998,691.4790887413594,691.62993470571,686.4321014675221,IPCC AR4 GWP100,IPCC AR5 GWP100; CH4=28 and N2O=265,egrid2018_data.xlsx,"ST18!STCO2AN, STCH4AN, STN2OAN, STNGENAN; reported comparison from STC2ERTA",Cold plate,37.10335172780517,2.9474308328855217,40.05078256069069,7.359234063452197,6.963457827433617
2018,HI,9796772.998,691.4790887413594,691.62993470571,686.4321014675221,IPCC AR4 GWP100,IPCC AR5 GWP100; CH4=28 and N2O=265,egrid2018_data.xlsx,"ST18!STCO2AN, STCH4AN, STN2OAN, STNGENAN; reported comparison from STC2ERTA",One-phase,36.37278719860246,3.049789121460012,39.42257632006247,7.736148689774872,5.285710042492231
2018,HI,9796772.998,691.4790887413594,691.62993470571,686.4321014675221,IPCC AR4 GWP100,IPCC AR5 GWP100; CH4=28 and N2O=265,egrid2018_data.xlsx,"ST18!STCO2AN, STCH4AN, STN2OAN, STNGENAN; reported comparison from STC2ERTA",Two-phase,34.62409550636197,2.819329915902762,37.44342542226473,7.52957263954361,0.0
2018,IA,63191960.4,488.59501704450014,488.68318292794004,485.30036501045015,IPCC AR4 GWP100,IPCC AR5 GWP100; CH4=28 and N2O=265,egrid2018_data.xlsx,"ST18!STCO2AN, STCH4AN, STN2OAN, STNGENAN; reported comparison from STC2ERTA",Air-cooled,30.878963958632376,3.5104211643502636,34.38938512298264,10.207862547691285,26.025905744261934
2018,IA,63191960.4,488.59501704450014,488.68318292794004,485.30036501045015,IPCC AR4 GWP100,IPCC AR5 GWP100; CH4=28 and N2O=265,egrid2018_data.xlsx,"ST18!STCO2AN, STCH4AN, STN2OAN, STNGENAN; reported comparison from STC2ERTA",Cold plate,26.22026809183001,2.9474308328855217,29.167698924715534,10.105119503918038,6.890125028917504
2018,IA,63191960.4,488.59501704450014,488.68318292794004,485.30036501045015,IPCC AR4 GWP100,IPCC AR5 GWP100; CH4=28 and N2O=265,egrid2018_data.xlsx,"ST18!STCO2AN, STCH4AN, STN2OAN, STNGENAN; reported comparison from STC2ERTA",One-phase,25.703991342640222,3.049789121460012,28.753780464100235,10.6065674573392,5.373248564951538
2018,IA,63191960.4,488.59501704450014,488.68318292794004,485.30036501045015,IPCC AR4 GWP100,IPCC AR5 GWP100; CH4=28 and N2O=265,egrid2018_data.xlsx,"ST18!STCO2AN, STCH4AN, STN2OAN, STNGENAN; reported comparison from STC2ERTA",Two-phase,24.46822252809022,2.819329915902762,27.287552443992983,10.331926696941272,0.0
2018,ID,18172119.496,72.88311256625481,72.89002589715,72.66844612335188,IPCC AR4 GWP100,IPCC AR5 GWP100; CH4=28 and N2O=265,egrid2018_data.xlsx,"ST18!STCO2AN, STCH4AN, STN2OAN, STNGENAN; reported comparison from STC2ERTA",Air-cooled,4.617310357312007,3.5104211643502636,8.127731521662271,43.190663409515736,25.46577939903969
2018,ID,18172119.496,72.88311256625481,72.89002589715,72.66844612335188,IPCC AR4 GWP100,IPCC AR5 GWP100; CH4=28 and N2O=265,egrid2018_data.xlsx,"ST18!STCO2AN, STCH4AN, STN2OAN, STNGENAN; reported comparison from STC2ERTA",Cold plate,3.920698751230587,2.9474308328855217,6.868129584116108,42.91460719818146,6.021616116140249
2018,ID,18172119.496,72.88311256625481,72.89002589715,72.66844612335188,IPCC AR4 GWP100,IPCC AR5 GWP100; CH4=28 and N2O=265,egrid2018_data.xlsx,"ST18!STCO2AN, STCH4AN, STN2OAN, STNGENAN; reported comparison from STC2ERTA",One-phase,3.8435002420944997,3.049789121460012,6.893289363554512,44.24287100994979,6.410001402776988
2018,ID,18172119.496,72.88311256625481,72.89002589715,72.66844612335188,IPCC AR4 GWP100,IPCC AR5 GWP100; CH4=28 and N2O=265,egrid2018_data.xlsx,"ST18!STCO2AN, STCH4AN, STN2OAN, STNGENAN; reported comparison from STC2ERTA",Two-phase,3.6587165766091885,2.819329915902762,6.47804649251195,43.52129795859999,0.0
2018,IL,187990218.418,371.21812565112185,371.28485931691,368.71289339879763,IPCC AR4 GWP100,IPCC AR5 GWP100; CH4=28 and N2O=265,egrid2018_data.xlsx,"ST18!STCO2AN, STCH4AN, STN2OAN, STNGENAN; reported comparison from STC2ERTA",Air-cooled,23.463945939262633,3.5104211643502636,26.974367103612895,13.013914843177487,25.978057737873694
2018,IL,187990218.418,371.21812565112185,371.28485931691,368.71289339879763,IPCC AR4 GWP100,IPCC AR5 GWP100; CH4=28 and N2O=265,egrid2018_data.xlsx,"ST18!STCO2AN, STCH4AN, STN2OAN, STNGENAN; reported comparison from STC2ERTA",Cold plate,19.923950617121704,2.9474308328855217,22.871381450007227,12.886982097378251,6.815933874794378
2018,IL,187990218.418,371.21812565112185,371.28485931691,368.71289339879763,IPCC AR4 GWP100,IPCC AR5 GWP100; CH4=28 and N2O=265,egrid2018_data.xlsx,"ST18!STCO2AN, STCH4AN, STN2OAN, STNGENAN; reported comparison from STC2ERTA",One-phase,19.531648279876322,3.049789121460012,22.581437401336334,13.505735118879235,5.4618117200869065
2018,IL,187990218.418,371.21812565112185,371.28485931691,368.71289339879763,IPCC AR4 GWP100,IPCC AR5 GWP100; CH4=28 and N2O=265,egrid2018_data.xlsx,"ST18!STCO2AN, STCH4AN, STN2OAN, STNGENAN; reported comparison from STC2ERTA",Two-phase,18.592626727959193,2.819329915902762,21.411956643861956,13.167082125168431,0.0
2018,IN,113451149.922,792.9757722414781,793.11714516188,787.6746182052074,IPCC AR4 GWP100,IPCC AR5 GWP100; CH4=28 and N2O=265,egrid2018_data.xlsx,"ST18!STCO2AN, STCH4AN, STN2OAN, STNGENAN; reported comparison from STC2ERTA",Air-cooled,50.107525541259946,3.5104211643502636,53.61794670561021,6.547101073497388,26.08838267482152
2018,IN,113451149.922,792.9757722414781,793.11714516188,787.6746182052074,IPCC AR4 GWP100,IPCC AR5 GWP100; CH4=28 and N2O=265,egrid2018_data.xlsx,"ST18!STCO2AN, STCH4AN, STN2OAN, STNGENAN; reported comparison from STC2ERTA",Cold plate,42.54782494873073,2.9474308328855217,45.49525578161625,6.47854547083681,6.986999192214438
2018,IN,113451149.922,792.9757722414781,793.11714516188,787.6746182052074,IPCC AR4 GWP100,IPCC AR5 GWP100; CH4=28 and N2O=265,egrid2018_data.xlsx,"ST18!STCO2AN, STCH4AN, STN2OAN, STNGENAN; reported comparison from STC2ERTA",One-phase,41.71005881023455,3.049789121460012,44.75984793169456,6.813671766968736,5.257608342689579
2018,IN,113451149.922,792.9757722414781,793.11714516188,787.6746182052074,IPCC AR4 GWP100,IPCC AR5 GWP100; CH4=28 and N2O=265,egrid2018_data.xlsx,"ST18!STCO2AN, STCH4AN, STN2OAN, STNGENAN; reported comparison from STC2ERTA",Two-phase,39.70476752128098,2.819329915902762,42.52409743718374,6.629958272641655,0.0
2018,KS,51683745.199,451.9636026178785,452.05015594200006,448.74073013983366,IPCC AR4 GWP100,IPCC AR5 GWP100; CH4=28 and N2O=265,egrid2018_data.xlsx,"ST18!STCO2AN, STCH4AN, STN2OAN, STNGENAN; reported comparison from STC2ERTA",Air-cooled,28.564857708041014,3.5104211643502636,32.07527887239128,10.944320011421164,26.013344363384007
2018,KS,51683745.199,451.9636026178785,452.05015594200006,448.74073013983366,IPCC AR4 GWP100,IPCC AR5 GWP100; CH4=28 and N2O=265,egrid2018_data.xlsx,"ST18!STCO2AN, STCH4AN, STN2OAN, STNGENAN; reported comparison from STC2ERTA",Cold plate,24.255290045132217,2.9474308328855217,27.20272087801774,10.83505891231385,6.870647867483615
2018,KS,51683745.199,451.9636026178785,452.05015594200006,448.74073013983366,IPCC AR4 GWP100,IPCC AR5 GWP100; CH4=28 and N2O=265,egrid2018_data.xlsx,"ST18!STCO2AN, STCH4AN, STN2OAN, STNGENAN; reported comparison from STC2ERTA",One-phase,23.777703688985913,3.049789121460012,26.827492810445925,11.368148127030729,5.396498760881974
2018,KS,51683745.199,451.9636026178785,452.05015594200006,448.74073013983366,IPCC AR4 GWP100,IPCC AR5 GWP100; CH4=28 and N2O=265,egrid2018_data.xlsx,"ST18!STCO2AN, STCH4AN, STN2OAN, STNGENAN; reported comparison from STC2ERTA",Two-phase,22.63454485778467,2.819329915902762,25.453874773687435,11.07623079381691,0.0
2018,KY,78804496.998,832.4818767006861,832.6418235065701,826.5228672855382,IPCC AR4 GWP100,IPCC AR5 GWP100; CH4=28 and N2O=265,egrid2018_data.xlsx,"ST18!STCO2AN, STCH4AN, STN2OAN, STNGENAN; reported comparison from STC2ERTA",Air-cooled,52.6032337932222,3.5104211643502636,56.113654957572464,6.255912517201906,26.093354947399703
2018,KY,78804496.998,832.4818767006861,832.6418235065701,826.5228672855382,IPCC AR4 GWP100,IPCC AR5 GWP100; CH4=28 and N2O=265,egrid2018_data.xlsx,"ST18!STCO2AN, STCH4AN, STN2OAN, STNGENAN; reported comparison from STC2ERTA",Cold plate,44.66700678180998,2.9474308328855217,47.614437614695504,6.190204023276839,6.994708993918541
2018,KY,78804496.998,832.4818767006861,832.6418235065701,826.5228672855382,IPCC AR4 GWP100,IPCC AR5 GWP100; CH4=28 and N2O=265,egrid2018_data.xlsx,"ST18!STCO2AN, STCH4AN, STN2OAN, STNGENAN; reported comparison from STC2ERTA",One-phase,43.78751397965451,3.049789121460012,46.83730310111452,6.51145330651508,5.248405030347936
2018,KY,78804496.998,832.4818767006861,832.6418235065701,826.5228672855382,IPCC AR4 GWP100,IPCC AR5 GWP100; CH4=28 and N2O=265,egrid2018_data.xlsx,"ST18!STCO2AN, STCH4AN, STN2OAN, STNGENAN; reported comparison from STC2ERTA",Two-phase,41.68234503832498,2.819329915902762,44.501674954227745,6.335334386408123,0.0
2018,LA,101862424.388,380.7169081158361,380.75858955673,379.22069946491314,IPCC AR4 GWP100,IPCC AR5 GWP100; CH4=28 and N2O=265,egrid2018_data.xlsx,"ST18!STCO2AN, STCH4AN, STN2OAN, STNGENAN; reported comparison from STC2ERTA",Air-cooled,24.064009906725165,3.5104211643502636,27.574431071075427,12.730711126194612,25.982885198703997
2018,LA,101862424.388,380.7169081158361,380.75858955673,379.22069946491314,IPCC AR4 GWP100,IPCC AR5 GWP100; CH4=28 and N2O=265,egrid2018_data.xlsx,"ST18!STCO2AN, STCH4AN, STN2OAN, STNGENAN; reported comparison from STC2ERTA",Cold plate,20.43348319471054,2.9474308328855217,23.380914027596063,12.606140330556466,6.82341913734803
2018,LA,101862424.388,380.7169081158361,380.75858955673,379.22069946491314,IPCC AR4 GWP100,IPCC AR5 GWP100; CH4=28 and N2O=265,egrid2018_data.xlsx,"ST18!STCO2AN, STCH4AN, STN2OAN, STNGENAN; reported comparison from STC2ERTA",One-phase,20.03114816741628,3.049789121460012,23.080937288876292,13.213454390042633,5.452876443683641
2018,LA,101862424.388,380.7169081158361,380.75858955673,379.22069946491314,IPCC AR4 GWP100,IPCC AR5 GWP100; CH4=28 and N2O=265,egrid2018_data.xlsx,"ST18!STCO2AN, STCH4AN, STN2OAN, STNGENAN; reported comparison from STC2ERTA",Two-phase,19.06811219782896,2.819329915902762,21.887442113731723,12.881038822412114,0.0
2018,MA,27123442.981,332.8099534974712,332.86558557791,330.02359964860045,IPCC AR4 GWP100,IPCC AR5 GWP100; CH4=28 and N2O=265,egrid2018_data.xlsx,"ST18!STCO2AN, STCH4AN, STN2OAN, STNGENAN; reported comparison from STC2ERTA",Air-cooled,21.03759706232823,3.5104211643502636,24.548018226678494,14.300222249856322,25.95613613229979
2018,MA,27123442.981,332.8099534974712,332.86558557791,330.02359964860045,IPCC AR4 GWP100,IPCC AR5 GWP100; CH4=28 and N2O=265,egrid2018_data.xlsx,"ST18!STCO2AN, STCH4AN, STN2OAN, STNGENAN; reported comparison from STC2ERTA",Cold plate,17.8636639403161,2.9474308328855217,20.811094773201624,14.162786076400547,6.781943133266655
2018,MA,27123442.981,332.8099534974712,332.86558557791,330.02359964860045,IPCC AR4 GWP100,IPCC AR5 GWP100; CH4=28 and N2O=265,egrid2018_data.xlsx,"ST18!STCO2AN, STCH4AN, STN2OAN, STNGENAN; reported comparison from STC2ERTA",One-phase,17.51192862184318,3.049789121460012,20.56171774330319,14.832365464472474,5.5023870063277025
2018,MA,27123442.981,332.8099534974712,332.86558557791,330.02359964860045,IPCC AR4 GWP100,IPCC AR5 GWP100; CH4=28 and N2O=265,egrid2018_data.xlsx,"ST18!STCO2AN, STCH4AN, STN2OAN, STNGENAN; reported comparison from STC2ERTA",Two-phase,16.67000897656226,2.819329915902762,19.489338892465025,14.466011040491333,0.0
2018,MD,43783522.967,381.48544366707245,381.54557231868,379.0891047727217,IPCC AR4 GWP100,IPCC AR5 GWP100; CH4=28 and N2O=265,egrid2018_data.xlsx,"ST18!STCO2AN, STCH4AN, STN2OAN, STNGENAN; reported comparison from STC2ERTA",Air-cooled,24.11256039135033,3.5104211643502636,27.62298155570059,12.70833547519715,25.983266627472503
2018,MD,43783522.967,381.48544366707245,381.54557231868,379.0891047727217,IPCC AR4 GWP100,IPCC AR5 GWP100; CH4=28 and N2O=265,egrid2018_data.xlsx,"ST18!STCO2AN, STCH4AN, STN2OAN, STNGENAN; reported comparison from STC2ERTA",Cold plate,20.474708888829213,2.9474308328855217,23.422139721714736,12.583952055212743,6.824010565135463
2018,MD,43783522.967,381.48544366707245,381.54557231868,379.0891047727217,IPCC AR4 GWP100,IPCC AR5 GWP100; CH4=28 and N2O=265,egrid2018_data.xlsx,"ST18!STCO2AN, STCH4AN, STN2OAN, STNGENAN; reported comparison from STC2ERTA",One-phase,20.07156212813588,3.049789121460012,23.121351249595893,13.190358506894421,5.452170446971327
2018,MD,43783522.967,381.48544366707245,381.54557231868,379.0891047727217,IPCC AR4 GWP100,IPCC AR5 GWP100; CH4=28 and N2O=265,egrid2018_data.xlsx,"ST18!STCO2AN, STCH4AN, STN2OAN, STNGENAN; reported comparison from STC2ERTA",Two-phase,19.106583179667815,2.819329915902762,21.92591309557058,12.858437884041034,0.0
2018,ME,11280700.003,121.54019677439773,121.66299907377001,116.91210428868911,IPCC AR4 GWP100,IPCC AR5 GWP100; CH4=28 and N2O=265,egrid2018_data.xlsx,"ST18!STCO2AN, STCH4AN, STN2OAN, STNGENAN; reported comparison from STC2ERTA",Air-cooled,7.6911109316022594,3.5104211643502636,11.201532095952523,31.338759147230338,25.6664788669142
2018,ME,11280700.003,121.54019677439773,121.66299907377001,116.91210428868911,IPCC AR4 GWP100,IPCC AR5 GWP100; CH4=28 and N2O=265,egrid2018_data.xlsx,"ST18!STCO2AN, STCH4AN, STN2OAN, STNGENAN; reported comparison from STC2ERTA",Cold plate,6.530756369312702,2.9474308328855217,9.478187202198225,31.09698901285617,6.332812470544047
2018,ME,11280700.003,121.54019677439773,121.66299907377001,116.91210428868911,IPCC AR4 GWP100,IPCC AR5 GWP100; CH4=28 and N2O=265,egrid2018_data.xlsx,"ST18!STCO2AN, STCH4AN, STN2OAN, STNGENAN; reported comparison from STC2ERTA",One-phase,6.402165858479982,3.049789121460012,9.451954979939995,32.26622564255351,6.038521388234219
2018,ME,11280700.003,121.54019677439773,121.66299907377001,116.91210428868911,IPCC AR4 GWP100,IPCC AR5 GWP100; CH4=28 and N2O=265,egrid2018_data.xlsx,"ST18!STCO2AN, STCH4AN, STN2OAN, STNGENAN; reported comparison from STC2ERTA",Two-phase,6.094369422976138,2.819329915902762,8.9136993388789,31.62917896058806,0.0
2018,MI,115834924.306,506.0371214347768,506.10203712068,502.7183131150414,IPCC AR4 GWP100,IPCC AR5 GWP100; CH4=28 and N2O=265,egrid2018_data.xlsx,"ST18!STCO2AN, STCH4AN, STN2OAN, STNGENAN; reported comparison from STC2ERTA",Air-cooled,31.98082921349059,3.5104211643502636,35.491250377840856,9.890948126589569,26.03131196330244
2018,MI,115834924.306,506.0371214347768,506.10203712068,502.7183131150414,IPCC AR4 GWP100,IPCC AR5 GWP100; CH4=28 and N2O=265,egrid2018_data.xlsx,"ST18!STCO2AN, STCH4AN, STN2OAN, STNGENAN; reported comparison from STC2ERTA",Cold plate,27.155895414759616,2.9474308328855217,30.10332624764514,9.791047037920228,6.89850769018876
2018,MI,115834924.306,506.0371214347768,506.10203712068,502.7183131150414,IPCC AR4 GWP100,IPCC AR5 GWP100; CH4=28 and N2O=265,egrid2018_data.xlsx,"ST18!STCO2AN, STCH4AN, STN2OAN, STNGENAN; reported comparison from STC2ERTA",One-phase,26.62119617534038,3.049789121460012,29.670985296800392,10.278691762180507,5.363242049493122
2018,MI,115834924.306,506.0371214347768,506.10203712068,502.7183131150414,IPCC AR4 GWP100,IPCC AR5 GWP100; CH4=28 and N2O=265,egrid2018_data.xlsx,"ST18!STCO2AN, STCH4AN, STN2OAN, STNGENAN; reported comparison from STC2ERTA",Two-phase,25.34133097460287,2.819329915902762,28.160660890505632,10.011590022211797,0.0
2018,MN,61425572.326,455.0015307940494,455.00168149359,451.51014217238395,IPCC AR4 GWP100,IPCC AR5 GWP100; CH4=28 and N2O=265,egrid2018_data.xlsx,"ST18!STCO2AN, STCH4AN, STN2OAN, STNGENAN; reported comparison from STC2ERTA",Air-cooled,28.75677190767988,3.5104211643502636,32.267193072030146,10.87922694891353,26.014454521804776
2018,MN,61425572.326,455.0015307940494,455.00168149359,451.51014217238395,IPCC AR4 GWP100,IPCC AR5 GWP100; CH4=28 and N2O=265,egrid2018_data.xlsx,"ST18!STCO2AN, STCH4AN, STN2OAN, STNGENAN; reported comparison from STC2ERTA",Cold plate,24.418250232912524,2.9474308328855217,27.365681065798046,10.770537103749469,6.872369233549058
2018,MN,61425572.326,455.0015307940494,455.00168149359,451.51014217238395,IPCC AR4 GWP100,IPCC AR5 GWP100; CH4=28 and N2O=265,egrid2018_data.xlsx,"ST18!STCO2AN, STCH4AN, STN2OAN, STNGENAN; reported comparison from STC2ERTA",One-phase,23.93745519271692,3.049789121460012,26.987244314176934,11.30085415893277,5.394443938960136
2018,MN,61425572.326,455.0015307940494,455.00168149359,451.51014217238395,IPCC AR4 GWP100,IPCC AR5 GWP100; CH4=28 and N2O=265,egrid2018_data.xlsx,"ST18!STCO2AN, STCH4AN, STN2OAN, STNGENAN; reported comparison from STC2ERTA",Two-phase,22.78661600075938,2.819329915902762,25.605945916662144,11.010450170747978,0.0
2018,MO,81304229.764,776.7971828851148,776.95519542641,770.9254125832923,IPCC AR4 GWP100,IPCC AR5 GWP100; CH4=28 and N2O=265,egrid2018_data.xlsx,"ST18!STCO2AN, STCH4AN, STN2OAN, STNGENAN; reported comparison from STC2ERTA",Air-cooled,49.08547997350533,3.5104211643502636,52.59590113785559,6.6743245926129,26.08621035671885
2018,MO,81304229.764,776.7971828851148,776.95519542641,770.9254125832923,IPCC AR4 GWP100,IPCC AR5 GWP100; CH4=28 and N2O=265,egrid2018_data.xlsx,"ST18!STCO2AN, STCH4AN, STN2OAN, STNGENAN; reported comparison from STC2ERTA",Cold plate,41.67997495141561,2.9474308328855217,44.62740578430113,6.604530962725954,6.983630884957215
2018,MO,81304229.764,776.7971828851148,776.95519542641,770.9254125832923,IPCC AR4 GWP100,IPCC AR5 GWP100; CH4=28 and N2O=265,egrid2018_data.xlsx,"ST18!STCO2AN, STCH4AN, STN2OAN, STNGENAN; reported comparison from STC2ERTA",One-phase,40.859296768459366,3.049789121460012,43.909085889919375,6.9456903045211895,5.261629144383417
2018,MO,81304229.764,776.7971828851148,776.95519542641,770.9254125832923,IPCC AR4 GWP100,IPCC AR5 GWP100; CH4=28 and N2O=265,egrid2018_data.xlsx,"ST18!STCO2AN, STCH4AN, STN2OAN, STNGENAN; reported comparison from STC2ERTA",Two-phase,38.89490750074498,2.819329915902762,41.71423741664774,6.758675431946395,0.0
2018,MS,63473771.44,417.05847804497745,417.08589528529006,415.92240261862423,IPCC AR4 GWP100,IPCC AR5 GWP100; CH4=28 and N2O=265,egrid2018_data.xlsx,"ST18!STCO2AN, STCH4AN, STN2OAN, STNGENAN; reported comparison from STC2ERTA",Air-cooled,26.35980589073749,3.5104211643502636,29.870227055087753,11.752241313319171,25.999566940134876
2018,MS,63473771.44,417.05847804497745,417.08589528529006,415.92240261862423,IPCC AR4 GWP100,IPCC AR5 GWP100; CH4=28 and N2O=265,egrid2018_data.xlsx,"ST18!STCO2AN, STCH4AN, STN2OAN, STNGENAN; reported comparison from STC2ERTA",Cold plate,22.382913436787096,2.9474308328855217,25.33034426967262,11.635968313365586,6.84928516067822
2018,MS,63473771.44,417.05847804497745,417.08589528529006,415.92240261862423,IPCC AR4 GWP100,IPCC AR5 GWP100; CH4=28 and N2O=265,egrid2018_data.xlsx,"ST18!STCO2AN, STCH4AN, STN2OAN, STNGENAN; reported comparison from STC2ERTA",One-phase,21.942194152526934,3.049789121460012,24.991983273986946,12.203069632470516,5.421999762170815
2018,MS,63473771.44,417.05847804497745,417.08589528529006,415.92240261862423,IPCC AR4 GWP100,IPCC AR5 GWP100; CH4=28 and N2O=265,egrid2018_data.xlsx,"ST18!STCO2AN, STCH4AN, STN2OAN, STNGENAN; reported comparison from STC2ERTA",Two-phase,20.88728097211699,2.819329915902762,23.706610888019753,11.892589494213714,0.0
2018,MT,28195174.001,528.7519393724339,528.8574055464701,524.8536428775332,IPCC AR4 GWP100,IPCC AR5 GWP100; CH4=28 and N2O=265,egrid2018_data.xlsx,"ST18!STCO2AN, STCH4AN, STN2OAN, STNGENAN; reported comparison from STC2ERTA",Air-cooled,33.41578614849707,3.5104211643502636,36.92620731284733,9.506584671989645,26.037869412723857
2018,MT,28195174.001,528.7519393724339,528.8574055464701,524.8536428775332,IPCC AR4 GWP100,IPCC AR5 GWP100; CH4=28 and N2O=265,egrid2018_data.xlsx,"ST18!STCO2AN, STCH4AN, STN2OAN, STNGENAN; reported comparison from STC2ERTA",Cold plate,28.374361020875988,2.9474308328855217,31.32179185376151,9.410160333887658,6.908675402020492
2018,MT,28195174.001,528.7519393724339,528.8574055464701,524.8536428775332,IPCC AR4 GWP100,IPCC AR5 GWP100; CH4=28 and N2O=265,egrid2018_data.xlsx,"ST18!STCO2AN, STCH4AN, STN2OAN, STNGENAN; reported comparison from STC2ERTA",One-phase,27.815670208986088,3.049789121460012,30.8654593304461,9.880912799025346,5.35110469092297
2018,MT,28195174.001,528.7519393724339,528.8574055464701,524.8536428775332,IPCC AR4 GWP100,IPCC AR5 GWP100; CH4=28 and N2O=265,egrid2018_data.xlsx,"ST18!STCO2AN, STCH4AN, STN2OAN, STNGENAN; reported comparison from STC2ERTA",Two-phase,26.47837837201561,2.819329915902762,29.297708287918372,9.623039072531764,0.0
2018,NC,134162507.279,364.77339626840745,364.72183131538,362.6799166652462,IPCC AR4 GWP100,IPCC AR5 GWP100; CH4=28 and N2O=265,egrid2018_data.xlsx,"ST18!STCO2AN, STCH4AN, STN2OAN, STNGENAN; reported comparison from STC2ERTA",Air-cooled,23.056814825672035,3.5104211643502636,26.567235990022297,13.213347318737455,25.974658454820098
2018,NC,134162507.279,364.77339626840745,364.72183131538,362.6799166652462,IPCC AR4 GWP100,IPCC AR5 GWP100; CH4=28 and N2O=265,egrid2018_data.xlsx,"ST18!STCO2AN, STCH4AN, STN2OAN, STNGENAN; reported comparison from STC2ERTA",Cold plate,19.578243197624992,2.9474308328855217,22.525674030510515,13.084761987114318,6.810663086062041
2018,NC,134162507.279,364.77339626840745,364.72183131538,362.6799166652462,IPCC AR4 GWP100,IPCC AR5 GWP100; CH4=28 and N2O=265,egrid2018_data.xlsx,"ST18!STCO2AN, STCH4AN, STN2OAN, STNGENAN; reported comparison from STC2ERTA",One-phase,19.19274783512462,3.049789121460012,22.242536956584633,13.711516484890716,5.468103544034175
2018,NC,134162507.279,364.77339626840745,364.72183131538,362.6799166652462,IPCC AR4 GWP100,IPCC AR5 GWP100; CH4=28 and N2O=265,egrid2018_data.xlsx,"ST18!STCO2AN, STCH4AN, STN2OAN, STNGENAN; reported comparison from STC2ERTA",Two-phase,18.270019573820555,2.819329915902762,21.08934948972332,13.36850108760633,0.0
2018,ND,42612541.996,687.8931810380643,688.0315864345,682.7661455978354,IPCC AR4 GWP100,IPCC AR5 GWP100; CH4=28 and N2O=265,egrid2018_data.xlsx,"ST18!STCO2AN, STCH4AN, STN2OAN, STNGENAN; reported comparison from STC2ERTA",Air-cooled,43.46917196036647,3.5104211643502636,46.97959312471673,7.472225557661064,26.072588051667122
2018,ND,42612541.996,687.8931810380643,688.0315864345,682.7661455978354,IPCC AR4 GWP100,IPCC AR5 GWP100; CH4=28 and N2O=265,egrid2018_data.xlsx,"ST18!STCO2AN, STCH4AN, STN2OAN, STNGENAN; reported comparison from STC2ERTA",Cold plate,36.91099688634596,2.9474308328855217,39.858427719231486,7.39474937056637,6.962508698059744
2018,ND,42612541.996,687.8931810380643,688.0315864345,682.7661455978354,IPCC AR4 GWP100,IPCC AR5 GWP100; CH4=28 and N2O=265,egrid2018_data.xlsx,"ST18!STCO2AN, STCH4AN, STN2OAN, STNGENAN; reported comparison from STC2ERTA",One-phase,36.18421982155405,3.049789121460012,39.23400894301406,7.773330341769858,5.286843033250732
2018,ND,42612541.996,687.8931810380643,688.0315864345,682.7661455978354,IPCC AR4 GWP100,IPCC AR5 GWP100; CH4=28 and N2O=265,egrid2018_data.xlsx,"ST18!STCO2AN, STCH4AN, STN2OAN, STNGENAN; reported comparison from STC2ERTA",Two-phase,34.44459386859473,2.819329915902762,37.26392378449749,7.565842857041418,0.0
2018,NE,36966215.818,642.8452571862035,642.97852428425,637.9095482252741,IPCC AR4 GWP100,IPCC AR5 GWP100; CH4=28 and N2O=265,egrid2018_data.xlsx,"ST18!STCO2AN, STCH4AN, STN2OAN, STNGENAN; reported comparison from STC2ERTA",Air-cooled,40.62337187883877,3.5104211643502636,44.13379304318903,7.954043652932775,26.064363552492775
2018,NE,36966215.818,642.8452571862035,642.97852428425,637.9095482252741,IPCC AR4 GWP100,IPCC AR5 GWP100; CH4=28 and N2O=265,egrid2018_data.xlsx,"ST18!STCO2AN, STCH4AN, STN2OAN, STNGENAN; reported comparison from STC2ERTA",Cold plate,34.49454142581396,2.9474308328855217,37.44197225869949,7.871996732759445,6.949756127328222
2018,NE,36966215.818,642.8452571862035,642.97852428425,637.9095482252741,IPCC AR4 GWP100,IPCC AR5 GWP100; CH4=28 and N2O=265,egrid2018_data.xlsx,"ST18!STCO2AN, STCH4AN, STN2OAN, STNGENAN; reported comparison from STC2ERTA",One-phase,33.81534433866973,3.049789121460012,36.86513346012974,8.272828103981801,5.30206597880829
2018,NE,36966215.818,642.8452571862035,642.97852428425,637.9095482252741,IPCC AR4 GWP100,IPCC AR5 GWP100; CH4=28 and N2O=265,egrid2018_data.xlsx,"ST18!STCO2AN, STCH4AN, STN2OAN, STNGENAN; reported comparison from STC2ERTA",Two-phase,32.18960663007985,2.819329915902762,35.008936545982614,8.053172115638825,0.0
2018,NH,17063035.358,138.65405829927244,138.71535063155,135.83507174011538,IPCC AR4 GWP100,IPCC AR5 GWP100; CH4=28 and N2O=265,egrid2018_data.xlsx,"ST18!STCO2AN, STCH4AN, STN2OAN, STNGENAN; reported comparison from STC2ERTA",Air-cooled,8.772240190364547,3.5104211643502636,12.282661354714811,28.580297567210515,25.713282644179447
2018,NH,17063035.358,138.65405829927244,138.71535063155,135.83507174011538,IPCC AR4 GWP100,IPCC AR5 GWP100; CH4=28 and N2O=265,egrid2018_data.xlsx,"ST18!STCO2AN, STCH4AN, STN2OAN, STNGENAN; reported comparison from STC2ERTA",Cold plate,7.4487761268617225,2.9474308328855217,10.396206959747245,28.35102113970594,6.405384485863852
2018,NH,17063035.358,138.65405829927244,138.71535063155,135.83507174011538,IPCC AR4 GWP100,IPCC AR5 GWP100; CH4=28 and N2O=265,egrid2018_data.xlsx,"ST18!STCO2AN, STCH4AN, STN2OAN, STNGENAN; reported comparison from STC2ERTA",One-phase,7.302109818540606,3.049789121460012,10.351898940000618,29.461156249075877,5.951891024719669
2018,NH,17063035.358,138.65405829927244,138.71535063155,135.83507174011538,IPCC AR4 GWP100,IPCC AR5 GWP100; CH4=28 and N2O=265,egrid2018_data.xlsx,"ST18!STCO2AN, STCH4AN, STN2OAN, STNGENAN; reported comparison from STC2ERTA",Two-phase,6.951046846495386,2.819329915902762,9.770376762398147,28.85589762262919,0.0
2018,NJ,74975548.734,227.75020184902536,227.76732626417,226.8407349465722,IPCC AR4 GWP100,IPCC AR5 GWP100; CH4=28 and N2O=265,egrid2018_data.xlsx,"ST18!STCO2AN, STCH4AN, STN2OAN, STNGENAN; reported comparison from STC2ERTA",Air-cooled,14.400686318347805,3.5104211643502636,17.911107482698068,19.599129577784577,25.86591108284859
2018,NJ,74975548.734,227.75020184902536,227.76732626417,226.8407349465722,IPCC AR4 GWP100,IPCC AR5 GWP100; CH4=28 and N2O=265,egrid2018_data.xlsx,"ST18!STCO2AN, STCH4AN, STN2OAN, STNGENAN; reported comparison from STC2ERTA",Cold plate,12.228061034666636,2.9474308328855217,15.175491867552157,19.422308407595285,6.642043876121306
2018,NJ,74975548.734,227.75020184902536,227.76732626417,226.8407349465722,IPCC AR4 GWP100,IPCC AR5 GWP100; CH4=28 and N2O=265,egrid2018_data.xlsx,"ST18!STCO2AN, STCH4AN, STN2OAN, STNGENAN; reported comparison from STC2ERTA",One-phase,11.987290666577262,3.049789121460012,15.037079788037275,20.281791175213865,5.669386964211109
2018,NJ,74975548.734,227.75020184902536,227.76732626417,226.8407349465722,IPCC AR4 GWP100,IPCC AR5 GWP100; CH4=28 and N2O=265,egrid2018_data.xlsx,"ST18!STCO2AN, STCH4AN, STN2OAN, STNGENAN; reported comparison from STC2ERTA",Two-phase,11.41097861529951,2.819329915902762,14.23030853120227,19.81214890542198,0.0
2018,NM,32534843.004,607.9211230684574,608.0042845954,604.711025294935,IPCC AR4 GWP100,IPCC AR5 GWP100; CH4=28 and N2O=265,egrid2018_data.xlsx,"ST18!STCO2AN, STCH4AN, STN2OAN, STNGENAN; reported comparison from STC2ERTA",Air-cooled,38.417119176796405,3.5104211643502636,41.92754034114667,8.372590273093653,26.057219950480047
2018,NM,32534843.004,607.9211230684574,608.0042845954,604.711025294935,IPCC AR4 GWP100,IPCC AR5 GWP100; CH4=28 and N2O=265,egrid2018_data.xlsx,"ST18!STCO2AN, STCH4AN, STN2OAN, STNGENAN; reported comparison from STC2ERTA",Cold plate,32.62114510968843,2.9474308328855217,35.56857594257395,8.286614672581205,6.93867955135512
2018,NM,32534843.004,607.9211230684574,608.0042845954,604.711025294935,IPCC AR4 GWP100,IPCC AR5 GWP100; CH4=28 and N2O=265,egrid2018_data.xlsx,"ST18!STCO2AN, STCH4AN, STN2OAN, STNGENAN; reported comparison from STC2ERTA",One-phase,31.97883517246372,3.049789121460012,35.028624293923734,8.706562655356823,5.315288262891493
2018,NM,32534843.004,607.9211230684574,608.0042845954,604.711025294935,IPCC AR4 GWP100,IPCC AR5 GWP100; CH4=28 and N2O=265,egrid2018_data.xlsx,"ST18!STCO2AN, STCH4AN, STN2OAN, STNGENAN; reported comparison from STC2ERTA",Two-phase,30.441391173787586,2.819329915902762,33.26072108969035,8.476454579262429,0.0
2018,NV,39607668.204,338.6455634432161,338.6611352894,337.8421633683359,IPCC AR4 GWP100,IPCC AR5 GWP100; CH4=28 and N2O=265,egrid2018_data.xlsx,"ST18!STCO2AN, STCH4AN, STN2OAN, STNGENAN; reported comparison from STC2ERTA",Air-cooled,21.406248441556635,3.5104211643502636,24.916669605906897,14.088645151509581,25.959741363307497
2018,NV,39607668.204,338.6455634432161,338.6611352894,337.8421633683359,IPCC AR4 GWP100,IPCC AR5 GWP100; CH4=28 and N2O=265,egrid2018_data.xlsx,"ST18!STCO2AN, STCH4AN, STN2OAN, STNGENAN; reported comparison from STC2ERTA",Cold plate,18.176697046243525,2.9474308328855217,21.12412787912905,13.95291133319462,6.787533256440725
2018,NV,39607668.204,338.6455634432161,338.6611352894,337.8421633683359,IPCC AR4 GWP100,IPCC AR5 GWP100; CH4=28 and N2O=265,egrid2018_data.xlsx,"ST18!STCO2AN, STCH4AN, STN2OAN, STNGENAN; reported comparison from STC2ERTA",One-phase,17.818798109849116,3.049789121460012,20.868587231309128,14.614257724568988,5.495713987802242
2018,NV,39607668.204,338.6455634432161,338.6611352894,337.8421633683359,IPCC AR4 GWP100,IPCC AR5 GWP100; CH4=28 and N2O=265,egrid2018_data.xlsx,"ST18!STCO2AN, STCH4AN, STN2OAN, STNGENAN; reported comparison from STC2ERTA",Two-phase,16.962125123798682,2.819329915902762,19.781455039701445,14.252388968578689,0.0
2018,NY,132500581.801,189.99431802033644,189.91141424871,189.18737170558063,IPCC AR4 GWP100,IPCC AR5 GWP100; CH4=28 and N2O=265,egrid2018_data.xlsx,"ST18!STCO2AN, STCH4AN, STN2OAN, STNGENAN; reported comparison from STC2ERTA",Air-cooled,12.01554427204249,3.5104211643502636,15.525965436392754,22.61000244224337,25.814702201776218
2018,NY,132500581.801,189.99431802033644,189.91141424871,189.18737170558063,IPCC AR4 GWP100,IPCC AR5 GWP100; CH4=28 and N2O=265,egrid2018_data.xlsx,"ST18!STCO2AN, STCH4AN, STN2OAN, STNGENAN; reported comparison from STC2ERTA",Cold plate,10.202764331869123,2.9474308328855217,13.150195164754644,22.413590033897528,6.5626414877064665
2018,NY,132500581.801,189.99431802033644,189.91141424871,189.18737170558063,IPCC AR4 GWP100,IPCC AR5 GWP100; CH4=28 and N2O=265,egrid2018_data.xlsx,"ST18!STCO2AN, STCH4AN, STN2OAN, STNGENAN; reported comparison from STC2ERTA",One-phase,10.001872030403746,3.049789121460012,13.051661151863758,23.367057158272196,5.764170852215145
2018,NY,132500581.801,189.99431802033644,189.91141424871,189.18737170558063,IPCC AR4 GWP100,IPCC AR5 GWP100; CH4=28 and N2O=265,egrid2018_data.xlsx,"ST18!STCO2AN, STCH4AN, STN2OAN, STNGENAN; reported comparison from STC2ERTA",Two-phase,9.521012798172798,2.819329915902762,12.34034271407556,22.846447470919884,0.0
2018,OH,126184610.568,603.1101171160266,603.20799887502,599.4079070927446,IPCC AR4 GWP100,IPCC AR5 GWP100; CH4=28 and N2O=265,egrid2018_data.xlsx,"ST18!STCO2AN, STCH4AN, STN2OAN, STNGENAN; reported comparison from STC2ERTA",Air-cooled,38.11319482333051,3.5104211643502636,41.62361598768077,8.433724656188529,26.05617659874968
2018,OH,126184610.568,603.1101171160266,603.20799887502,599.4079070927446,IPCC AR4 GWP100,IPCC AR5 GWP100; CH4=28 and N2O=265,egrid2018_data.xlsx,"ST18!STCO2AN, STCH4AN, STN2OAN, STNGENAN; reported comparison from STC2ERTA",Cold plate,32.36307369128891,2.9474308328855217,35.31050452417443,8.347178474517799,6.937061773000797
2018,OH,126184610.568,603.1101171160266,603.20799887502,599.4079070927446,IPCC AR4 GWP100,IPCC AR5 GWP100; CH4=28 and N2O=265,egrid2018_data.xlsx,"ST18!STCO2AN, STCH4AN, STN2OAN, STNGENAN; reported comparison from STC2ERTA",One-phase,31.725845177049028,3.049789121460012,34.77563429850904,8.769902211649285,5.317219430522768
2018,OH,126184610.568,603.1101171160266,603.20799887502,599.4079070927446,IPCC AR4 GWP100,IPCC AR5 GWP100; CH4=28 and N2O=265,egrid2018_data.xlsx,"ST18!STCO2AN, STCH4AN, STN2OAN, STNGENAN; reported comparison from STC2ERTA",Two-phase,30.200564158921676,2.819329915902762,33.019894074824435,8.53827668106398,0.0
2018,OK,86223720.801,405.1908747096208,405.23171228771,403.5409451236488,IPCC AR4 GWP100,IPCC AR5 GWP100; CH4=28 and N2O=265,egrid2018_data.xlsx,"ST18!STCO2AN, STCH4AN, STN2OAN, STNGENAN; reported comparison from STC2ERTA",Air-cooled,25.610097055090424,3.5104211643502636,29.120518219440687,12.054803207474265,25.994408149476932
2018,OK,86223720.801,405.1908747096208,405.23171228771,403.5409451236488,IPCC AR4 GWP100,IPCC AR5 GWP100; CH4=28 and N2O=265,egrid2018_data.xlsx,"ST18!STCO2AN, STCH4AN, STN2OAN, STNGENAN; reported comparison from STC2ERTA",Cold plate,21.746312847213737,2.9474308328855217,24.69374368009926,11.935941633916215,6.841286151697834
2018,OK,86223720.801,405.1908747096208,405.23171228771,403.5409451236488,IPCC AR4 GWP100,IPCC AR5 GWP100; CH4=28 and N2O=265,egrid2018_data.xlsx,"ST18!STCO2AN, STCH4AN, STN2OAN, STNGENAN; reported comparison from STC2ERTA",One-phase,21.31812822056143,3.049789121460012,24.367917342021443,12.515592032975174,5.4315483058163805
2018,OK,86223720.801,405.1908747096208,405.23171228771,403.5409451236488,IPCC AR4 GWP100,IPCC AR5 GWP100; CH4=28 and N2O=265,egrid2018_data.xlsx,"ST18!STCO2AN, STCH4AN, STN2OAN, STNGENAN; reported comparison from STC2ERTA",Two-phase,20.29321820995752,2.819329915902762,23.112548125860283,12.198265204468113,0.0
2018,OR,63917831.946,142.49015010143262,142.50057895920003,141.98515370506718,IPCC AR4 GWP100,IPCC AR5 GWP100; CH4=28 and N2O=265,egrid2018_data.xlsx,"ST18!STCO2AN, STCH4AN, STN2OAN, STNGENAN; reported comparison from STC2ERTA",Air-cooled,9.014576560831578,3.5104211643502636,12.524997725181843,28.027319775814952,25.72266940606369
2018,OR,63917831.946,142.49015010143262,142.50057895920003,141.98515370506718,IPCC AR4 GWP100,IPCC AR5 GWP100; CH4=28 and N2O=265,egrid2018_data.xlsx,"ST18!STCO2AN, STCH4AN, STN2OAN, STNGENAN; reported comparison from STC2ERTA",Cold plate,7.654551314480033,2.9474308328855217,10.601982147365554,27.800752650936293,6.419939213432246
2018,OR,63917831.946,142.49015010143262,142.50057895920003,141.98515370506718,IPCC AR4 GWP100,IPCC AR5 GWP100; CH4=28 and N2O=265,egrid2018_data.xlsx,"ST18!STCO2AN, STCH4AN, STN2OAN, STNGENAN; reported comparison from STC2ERTA",One-phase,7.503833295300909,3.049789121460012,10.553622416760922,28.898031415416522,5.9345168160174655
2018,OR,63917831.946,142.49015010143262,142.50057895920003,141.98515370506718,IPCC AR4 GWP100,IPCC AR5 GWP100; CH4=28 and N2O=265,egrid2018_data.xlsx,"ST18!STCO2AN, STCH4AN, STN2OAN, STNGENAN; reported comparison from STC2ERTA",Two-phase,7.1430720791806745,2.819329915902762,9.962401995083436,28.299700386454337,0.0
2018,PA,215390665.858,357.76329088030843,357.81361952028004,355.74336412090844,IPCC AR4 GWP100,IPCC AR5 GWP100; CH4=28 and N2O=265,egrid2018_data.xlsx,"ST18!STCO2AN, STCH4AN, STN2OAN, STNGENAN; reported comparison from STC2ERTA",Air-cooled,22.613967369470213,3.5104211643502636,26.124388533820476,13.437333317125082,25.970840881032984
2018,PA,215390665.858,357.76329088030843,357.81361952028004,355.74336412090844,IPCC AR4 GWP100,IPCC AR5 GWP100; CH4=28 and N2O=265,egrid2018_data.xlsx,"ST18!STCO2AN, STCH4AN, STN2OAN, STNGENAN; reported comparison from STC2ERTA",Cold plate,19.202207944597966,2.9474308328855217,22.14963877748349,13.306902484937009,6.804743712892791
2018,PA,215390665.858,357.76329088030843,357.81361952028004,355.74336412090844,IPCC AR4 GWP100,IPCC AR5 GWP100; CH4=28 and N2O=265,egrid2018_data.xlsx,"ST18!STCO2AN, STCH4AN, STN2OAN, STNGENAN; reported comparison from STC2ERTA",One-phase,18.824116711503656,3.049789121460012,21.87390583296367,13.942590522009208,5.475169593490969
2018,PA,215390665.858,357.76329088030843,357.81361952028004,355.74336412090844,IPCC AR4 GWP100,IPCC AR5 GWP100; CH4=28 and N2O=265,egrid2018_data.xlsx,"ST18!STCO2AN, STCH4AN, STN2OAN, STNGENAN; reported comparison from STC2ERTA",Two-phase,17.919111100373676,2.819329915902762,20.73844101627644,13.594705183914392,0.0
2018,RI,8372772.262,394.0673472052827,394.07016483912,393.65396674466365,IPCC AR4 GWP100,IPCC AR5 GWP100; CH4=28 and N2O=265,egrid2018_data.xlsx,"ST18!STCO2AN, STCH4AN, STN2OAN, STNGENAN; reported comparison from STC2ERTA",Air-cooled,24.90739351690254,3.5104211643502636,28.417814681252803,12.352889213068462,25.989326087439313
2018,RI,8372772.262,394.0673472052827,394.07016483912,393.65396674466365,IPCC AR4 GWP100,IPCC AR5 GWP100; CH4=28 and N2O=265,egrid2018_data.xlsx,"ST18!STCO2AN, STCH4AN, STN2OAN, STNGENAN; reported comparison from STC2ERTA",Cold plate,21.149625886308982,2.9474308328855217,24.097056719194505,12.231497262226828,6.833406114965768
2018,RI,8372772.262,394.0673472052827,394.07016483912,393.65396674466365,IPCC AR4 GWP100,IPCC AR5 GWP100; CH4=28 and N2O=265,egrid2018_data.xlsx,"ST18!STCO2AN, STCH4AN, STN2OAN, STNGENAN; reported comparison from STC2ERTA",One-phase,20.733190018417684,3.049789121460012,23.782979139877696,12.82341082470333,5.440954830405742
2018,RI,8372772.262,394.0673472052827,394.07016483912,393.65396674466365,IPCC AR4 GWP100,IPCC AR5 GWP100; CH4=28 and N2O=265,egrid2018_data.xlsx,"ST18!STCO2AN, STCH4AN, STN2OAN, STNGENAN; reported comparison from STC2ERTA",Two-phase,19.736402036762993,2.819329915902762,22.555731952665756,12.499394485708802,0.0
2018,SC,99322722.723,287.7849976082588,287.83293508431,285.9954747577504,IPCC AR4 GWP100,IPCC AR5 GWP100; CH4=28 and N2O=265,egrid2018_data.xlsx,"ST18!STCO2AN, STCH4AN, STN2OAN, STNGENAN; reported comparison from STC2ERTA",Air-cooled,18.1932479295766,3.5104211643502636,21.703669093926862,16.174321259498708,25.92421087178749
2018,SC,99322722.723,287.7849976082588,287.83293508431,285.9954747577504,IPCC AR4 GWP100,IPCC AR5 GWP100; CH4=28 and N2O=265,egrid2018_data.xlsx,"ST18!STCO2AN, STCH4AN, STN2OAN, STNGENAN; reported comparison from STC2ERTA",Cold plate,15.448440524549175,2.9474308328855217,18.395871357434697,16.022240945353843,6.732441135129696
2018,SC,99322722.723,287.7849976082588,287.83293508431,285.9954747577504,IPCC AR4 GWP100,IPCC AR5 GWP100; CH4=28 and N2O=265,egrid2018_data.xlsx,"ST18!STCO2AN, STCH4AN, STN2OAN, STNGENAN; reported comparison from STC2ERTA",One-phase,15.14426092477799,3.049789121460012,18.194050046238,16.762563111068385,5.5614783251288324
2018,SC,99322722.723,287.7849976082588,287.83293508431,285.9954747577504,IPCC AR4 GWP100,IPCC AR5 GWP100; CH4=28 and N2O=265,egrid2018_data.xlsx,"ST18!STCO2AN, STCH4AN, STN2OAN, STNGENAN; reported comparison from STC2ERTA",Two-phase,14.416171457240587,2.819329915902762,17.23550137314335,16.357690181823717,0.0
2018,SD,12616395.683,235.82492640559514,235.86213569919,234.42201186033225,IPCC AR4 GWP100,IPCC AR5 GWP100; CH4=28 and N2O=265,egrid2018_data.xlsx,"ST18!STCO2AN, STCH4AN, STN2OAN, STNGENAN; reported comparison from STC2ERTA",Air-cooled,14.910788667947003,3.5104211643502636,18.421209832297265,19.056409412347957,25.87514609393495
2018,SD,12616395.683,235.82492640559514,235.86213569919,234.42201186033225,IPCC AR4 GWP100,IPCC AR5 GWP100; CH4=28 and N2O=265,egrid2018_data.xlsx,"ST18!STCO2AN, STCH4AN, STN2OAN, STNGENAN; reported comparison from STC2ERTA",Cold plate,12.661204464565433,2.9474308328855217,15.608635297450954,18.883334620335877,6.656363305133173
2018,SD,12616395.683,235.82492640559514,235.86213569919,234.42201186033225,IPCC AR4 GWP100,IPCC AR5 GWP100; CH4=28 and N2O=265,egrid2018_data.xlsx,"ST18!STCO2AN, STCH4AN, STN2OAN, STNGENAN; reported comparison from STC2ERTA",One-phase,12.41190550778513,3.049789121460012,15.461694629245143,19.724805039749423,5.652293635120609
2018,SD,12616395.683,235.82492640559514,235.86213569919,234.42201186033225,IPCC AR4 GWP100,IPCC AR5 GWP100; CH4=28 and N2O=265,egrid2018_data.xlsx,"ST18!STCO2AN, STCH4AN, STN2OAN, STNGENAN; reported comparison from STC2ERTA",Two-phase,11.815179281449309,2.819329915902762,14.63450919735207,19.264943414794423,0.0
2018,TN,81539017.661,339.39130045814574,339.44811805135004,337.2840048644787,IPCC AR4 GWP100,IPCC AR5 GWP100; CH4=28 and N2O=265,egrid2018_data.xlsx,"ST18!STCO2AN, STCH4AN, STN2OAN, STNGENAN; reported comparison from STC2ERTA",Air-cooled,21.45335868052933,3.5104211643502636,24.963779844879593,14.06205785407252,25.960194420080953
2018,TN,81539017.661,339.39130045814574,339.44811805135004,337.2840048644787,IPCC AR4 GWP100,IPCC AR5 GWP100; CH4=28 and N2O=265,egrid2018_data.xlsx,"ST18!STCO2AN, STCH4AN, STN2OAN, STNGENAN; reported comparison from STC2ERTA",Cold plate,18.21669978394512,2.9474308328855217,21.164130616830644,13.926538662266596,6.788235747671623
2018,TN,81539017.661,339.39130045814574,339.44811805135004,337.2840048644787,IPCC AR4 GWP100,IPCC AR5 GWP100; CH4=28 and N2O=265,egrid2018_data.xlsx,"ST18!STCO2AN, STCH4AN, STN2OAN, STNGENAN; reported comparison from STC2ERTA",One-phase,17.858013194148125,3.049789121460012,20.907802315608137,14.586846936003774,5.494875412899303
2018,TN,81539017.661,339.39130045814574,339.44811805135004,337.2840048644787,IPCC AR4 GWP100,IPCC AR5 GWP100; CH4=28 and N2O=265,egrid2018_data.xlsx,"ST18!STCO2AN, STCH4AN, STN2OAN, STNGENAN; reported comparison from STC2ERTA",Two-phase,16.999454867506394,2.819329915902762,19.818784783409157,14.225543829826032,0.0
2018,TX,476834935.717,446.1305878650368,446.18157785894005,444.09523212710855,IPCC AR4 GWP100,IPCC AR5 GWP100; CH4=28 and N2O=265,egrid2018_data.xlsx,"ST18!STCO2AN, STCH4AN, STN2OAN, STNGENAN; reported comparison from STC2ERTA",Air-cooled,28.196370274218832,3.5104211643502636,31.706791438569095,11.071511827841658,26.011175170754264
2018,TX,476834935.717,446.1305878650368,446.18157785894005,444.09523212710855,IPCC AR4 GWP100,IPCC AR5 GWP100; CH4=28 and N2O=265,egrid2018_data.xlsx,"ST18!STCO2AN, STCH4AN, STN2OAN, STNGENAN; reported comparison from STC2ERTA",Cold plate,23.94239615023886,2.9474308328855217,26.889826983124383,10.96113721644725,6.867284406456431
2018,TX,476834935.717,446.1305878650368,446.18157785894005,444.09523212710855,IPCC AR4 GWP100,IPCC AR5 GWP100; CH4=28 and N2O=265,egrid2018_data.xlsx,"ST18!STCO2AN, STCH4AN, STN2OAN, STNGENAN; reported comparison from STC2ERTA",One-phase,23.470970670950532,3.049789121460012,26.520759792410544,11.499629517902315,5.400513777554261
2018,TX,476834935.717,446.1305878650368,446.18157785894005,444.09523212710855,IPCC AR4 GWP100,IPCC AR5 GWP100; CH4=28 and N2O=265,egrid2018_data.xlsx,"ST18!STCO2AN, STCH4AN, STN2OAN, STNGENAN; reported comparison from STC2ERTA",Two-phase,22.34255861946253,2.819329915902762,25.161888535365293,11.204762758328592,0.0
2018,UT,39375424.0,729.8559140515437,729.9888806595,724.844108782594,IPCC AR4 GWP100,IPCC AR5 GWP100; CH4=28 and N2O=265,egrid2018_data.xlsx,"ST18!STCO2AN, STCH4AN, STN2OAN, STNGENAN; reported comparison from STC2ERTA",Air-cooled,46.12007213111767,3.5104211643502636,49.63049329546793,7.07311358654342,26.07940159327853
2018,UT,39375424.0,729.8559140515437,729.9888806595,724.844108782594,IPCC AR4 GWP100,IPCC AR5 GWP100; CH4=28 and N2O=265,egrid2018_data.xlsx,"ST18!STCO2AN, STCH4AN, STN2OAN, STNGENAN; reported comparison from STC2ERTA",Cold plate,39.16195690090122,2.9474308328855217,42.10938773378674,6.999462570006999,6.973073495926441
2018,UT,39375424.0,729.8559140515437,729.9888806595,724.844108782594,IPCC AR4 GWP100,IPCC AR5 GWP100; CH4=28 and N2O=265,egrid2018_data.xlsx,"ST18!STCO2AN, STCH4AN, STN2OAN, STNGENAN; reported comparison from STC2ERTA",One-phase,38.39085846171295,3.049789121460012,41.44064758317296,7.359414727626948,5.274231666794682
2018,UT,39375424.0,729.8559140515437,729.9888806595,724.844108782594,IPCC AR4 GWP100,IPCC AR5 GWP100; CH4=28 and N2O=265,egrid2018_data.xlsx,"ST18!STCO2AN, STCH4AN, STN2OAN, STNGENAN; reported comparison from STC2ERTA",Two-phase,36.54514411259215,2.819329915902762,39.36447402849491,7.1621175831332655,0.0
2018,VA,94558960.368,337.21598076788956,336.94837050028,335.36128814038364,IPCC AR4 GWP100,IPCC AR5 GWP100; CH4=28 and N2O=265,egrid2018_data.xlsx,"ST18!STCO2AN, STCH4AN, STN2OAN, STNGENAN; reported comparison from STC2ERTA",Air-cooled,21.315937809098337,3.5104211643502636,24.8263589734486,14.139895294773606,25.958868052279893
2018,VA,94558960.368,337.21598076788956,336.94837050028,335.36128814038364,IPCC AR4 GWP100,IPCC AR5 GWP100; CH4=28 and N2O=265,egrid2018_data.xlsx,"ST18!STCO2AN, STCH4AN, STN2OAN, STNGENAN; reported comparison from STC2ERTA",Cold plate,18.100011539638718,2.9474308328855217,21.04744237252424,14.003748202361907,6.786179136218418
2018,VA,94558960.368,337.21598076788956,336.94837050028,335.36128814038364,IPCC AR4 GWP100,IPCC AR5 GWP100; CH4=28 and N2O=265,egrid2018_data.xlsx,"ST18!STCO2AN, STCH4AN, STN2OAN, STNGENAN; reported comparison from STC2ERTA",One-phase,17.74362253990557,3.049789121460012,20.79341166136558,14.66709345790791,5.497330422547542
2018,VA,94558960.368,337.21598076788956,336.94837050028,335.36128814038364,IPCC AR4 GWP100,IPCC AR5 GWP100; CH4=28 and N2O=265,egrid2018_data.xlsx,"ST18!STCO2AN, STCH4AN, STN2OAN, STNGENAN; reported comparison from STC2ERTA",Two-phase,16.890563763948574,2.819329915902762,19.709893679851337,14.304135586407824,0.0
2018,VT,2175006.475,25.967934010016823,26.08473642159,20.46930517500018,IPCC AR4 GWP100,IPCC AR5 GWP100; CH4=28 and N2O=265,egrid2018_data.xlsx,"ST18!STCO2AN, STCH4AN, STN2OAN, STNGENAN; reported comparison from STC2ERTA",Air-cooled,1.653550708825706,3.5104211643502636,5.16397187317597,67.9790914932166,25.048079228363207
2018,VT,2175006.475,25.967934010016823,26.08473642159,20.46930517500018,IPCC AR4 GWP100,IPCC AR5 GWP100; CH4=28 and N2O=265,egrid2018_data.xlsx,"ST18!STCO2AN, STCH4AN, STN2OAN, STNGENAN; reported comparison from STC2ERTA",Cold plate,1.4040802323202628,2.9474308328855217,4.351511065205784,67.73350196562437,5.373947381763644
2018,VT,2175006.475,25.967934010016823,26.08473642159,20.46930517500018,IPCC AR4 GWP100,IPCC AR5 GWP100; CH4=28 and N2O=265,egrid2018_data.xlsx,"ST18!STCO2AN, STCH4AN, STN2OAN, STNGENAN; reported comparison from STC2ERTA",One-phase,1.376433910192465,3.049789121460012,4.426223031652476,68.9027439342886,7.183133823708165
2018,VT,2175006.475,25.967934010016823,26.08473642159,20.46930517500018,IPCC AR4 GWP100,IPCC AR5 GWP100; CH4=28 and N2O=265,egrid2018_data.xlsx,"ST18!STCO2AN, STCH4AN, STN2OAN, STNGENAN; reported comparison from STC2ERTA",Two-phase,1.3102592029716735,2.819329915902762,4.129589118874435,68.27143899176103,0.0
2018,WA,116746864.289,90.72078500730798,90.73752487954,90.0899078114186,IPCC AR4 GWP100,IPCC AR5 GWP100; CH4=28 and N2O=265,egrid2018_data.xlsx,"ST18!STCO2AN, STCH4AN, STN2OAN, STNGENAN; reported comparison from STC2ERTA",Air-cooled,5.744164723651838,3.5104211643502636,9.2545858880021,37.931693614743686,25.554755318034307
2018,WA,116746864.289,90.72078500730798,90.73752487954,90.0899078114186,IPCC AR4 GWP100,IPCC AR5 GWP100; CH4=28 and N2O=265,egrid2018_data.xlsx,"ST18!STCO2AN, STCH4AN, STN2OAN, STNGENAN; reported comparison from STC2ERTA",Cold plate,4.877545089257408,2.9474308328855217,7.824975922142929,37.6669636074528,6.159578522887488
2018,WA,116746864.289,90.72078500730798,90.73752487954,90.0899078114186,IPCC AR4 GWP100,IPCC AR5 GWP100; CH4=28 and N2O=265,egrid2018_data.xlsx,"ST18!STCO2AN, STCH4AN, STN2OAN, STNGENAN; reported comparison from STC2ERTA",One-phase,4.7815062877512915,3.049789121460012,7.831295409211304,38.94360973629979,6.24531349387456
2018,WA,116746864.289,90.72078500730798,90.73752487954,90.0899078114186,IPCC AR4 GWP100,IPCC AR5 GWP100; CH4=28 and N2O=265,egrid2018_data.xlsx,"ST18!STCO2AN, STCH4AN, STN2OAN, STNGENAN; reported comparison from STC2ERTA",Two-phase,4.551626177763249,2.819329915902762,7.3709560936660115,38.2491752776205,0.0
2018,WI,65802102.201,633.2196710494719,633.33016098198,629.0719342133693,IPCC AR4 GWP100,IPCC AR5 GWP100; CH4=28 and N2O=265,egrid2018_data.xlsx,"ST18!STCO2AN, STCH4AN, STN2OAN, STNGENAN; reported comparison from STC2ERTA",Air-cooled,40.01529737794184,3.5104211643502636,43.525718542292104,8.065165336533928,26.062466888930167
2018,WI,65802102.201,633.2196710494719,633.33016098198,629.0719342133693,IPCC AR4 GWP100,IPCC AR5 GWP100; CH4=28 and N2O=265,egrid2018_data.xlsx,"ST18!STCO2AN, STCH4AN, STN2OAN, STNGENAN; reported comparison from STC2ERTA",Cold plate,33.97820686048714,2.9474308328855217,36.925637693372664,7.982071582245201,6.946815238682791
2018,WI,65802102.201,633.2196710494719,633.33016098198,629.0719342133693,IPCC AR4 GWP100,IPCC AR5 GWP100; CH4=28 and N2O=265,egrid2018_data.xlsx,"ST18!STCO2AN, STCH4AN, STN2OAN, STNGENAN; reported comparison from STC2ERTA",One-phase,33.30917639444486,3.049789121460012,36.35896551590487,8.387997508141181,5.305576564139125
2018,WI,65802102.201,633.2196710494719,633.33016098198,629.0719342133693,IPCC AR4 GWP100,IPCC AR5 GWP100; CH4=28 and N2O=265,egrid2018_data.xlsx,"ST18!STCO2AN, STCH4AN, STN2OAN, STNGENAN; reported comparison from STC2ERTA",Two-phase,31.70777368317348,2.819329915902762,34.52710359907624,8.16555581562941,0.0
2018,WV,67249024.77,889.5170150347643,889.70283646783,882.637869866755,IPCC AR4 GWP100,IPCC AR5 GWP100; CH4=28 and N2O=265,egrid2018_data.xlsx,"ST18!STCO2AN, STCH4AN, STN2OAN, STNGENAN; reported comparison from STC2ERTA",Air-cooled,56.20629887242137,3.5104211643502636,59.71672003677163,5.878456087656287,26.09980089512969
2018,WV,67249024.77,889.5170150347643,889.70283646783,882.637869866755,IPCC AR4 GWP100,IPCC AR5 GWP100; CH4=28 and N2O=265,egrid2018_data.xlsx,"ST18!STCO2AN, STCH4AN, STN2OAN, STNGENAN; reported comparison from STC2ERTA",Cold plate,47.726478999060404,2.9474308328855217,50.67390983194593,5.816466190709045,7.004703815805646
2018,WV,67249024.77,889.5170150347643,889.70283646783,882.637869866755,IPCC AR4 GWP100,IPCC AR5 GWP100; CH4=28 and N2O=265,egrid2018_data.xlsx,"ST18!STCO2AN, STCH4AN, STN2OAN, STNGENAN; reported comparison from STC2ERTA",One-phase,46.78674522739897,3.049789121460012,49.836534348858976,6.119585082123267,5.236474053241547
2018,WV,67249024.77,889.5170150347643,889.70283646783,882.637869866755,IPCC AR4 GWP100,IPCC AR5 GWP100; CH4=28 and N2O=265,egrid2018_data.xlsx,"ST18!STCO2AN, STCH4AN, STN2OAN, STNGENAN; reported comparison from STC2ERTA",Two-phase,44.53738247608172,2.819329915902762,47.35671239198448,5.953390287244595,0.0
2018,WY,46112136.165,935.9217919380314,936.1048823264599,929.1380705893456,IPCC AR4 GWP100,IPCC AR5 GWP100; CH4=28 and N2O=265,egrid2018_data.xlsx,"ST18!STCO2AN, STCH4AN, STN2OAN, STNGENAN; reported comparison from STC2ERTA",Air-cooled,59.13781505791451,3.5104211643502636,62.64823622226477,5.603383871647902,26.10449880908863
2018,WY,46112136.165,935.9217919380314,936.1048823264599,929.1380705893456,IPCC AR4 GWP100,IPCC AR5 GWP100; CH4=28 and N2O=265,egrid2018_data.xlsx,"ST18!STCO2AN, STCH4AN, STN2OAN, STNGENAN; reported comparison from STC2ERTA",Cold plate,50.21571861222045,2.9474308328855217,53.16314944510597,5.544123821950982,7.011988208299624
2018,WY,46112136.165,935.9217919380314,936.1048823264599,929.1380705893456,IPCC AR4 GWP100,IPCC AR5 GWP100; CH4=28 and N2O=265,egrid2018_data.xlsx,"ST18!STCO2AN, STCH4AN, STN2OAN, STNGENAN; reported comparison from STC2ERTA",One-phase,49.226971743860844,3.049789121460012,52.27676086532085,5.833929017364135,5.227778558608365
2018,WY,46112136.165,935.9217919380314,936.1048823264599,929.1380705893456,IPCC AR4 GWP100,IPCC AR5 GWP100; CH4=28 and N2O=265,egrid2018_data.xlsx,"ST18!STCO2AN, STCH4AN, STN2OAN, STNGENAN; reported comparison from STC2ERTA",Two-phase,46.860290410021385,2.819329915902762,49.67962032592415,5.675023072653316,0.0
2019,AK,6068242.558,442.1634699811704,442.22080928409997,439.8289615479758,IPCC AR4 GWP100,IPCC AR5 GWP100; CH4=28 and N2O=265,egrid2019_data.xlsx,"ST19!STCO2AN, STCH4AN, STN2OAN, STNGENAN; reported comparison from STC2ERTA",Air-cooled,27.945756629193532,3.5104211643502636,31.456177793543795,11.159719363840695,26.00967087932635
2019,AK,6068242.558,442.1634699811704,442.22080928409997,439.8289615479758,IPCC AR4 GWP100,IPCC AR5 GWP100; CH4=28 and N2O=265,egrid2019_data.xlsx,"ST19!STCO2AN, STCH4AN, STN2OAN, STNGENAN; reported comparison from STC2ERTA",Cold plate,23.729592476876075,2.9474308328855217,26.677023309761598,11.048574642910044,6.864951913932726
2019,AK,6068242.558,442.1634699811704,442.22080928409997,439.8289615479758,IPCC AR4 GWP100,IPCC AR5 GWP100; CH4=28 and N2O=265,egrid2019_data.xlsx,"ST19!STCO2AN, STCH4AN, STN2OAN, STNGENAN; reported comparison from STC2ERTA",One-phase,23.262357099241726,3.049789121460012,26.312146220701738,11.59080333424308,5.4032981108036005
2019,AK,6068242.558,442.1634699811704,442.22080928409997,439.8289615479758,IPCC AR4 GWP100,IPCC AR5 GWP100; CH4=28 and N2O=265,egrid2019_data.xlsx,"ST19!STCO2AN, STCH4AN, STN2OAN, STNGENAN; reported comparison from STC2ERTA",Two-phase,22.14397454639357,2.819329915902762,24.963304462296332,11.29389708866859,0.0
2019,AL,142679432.855,356.34532776828667,356.32991887801,354.6659191701461,IPCC AR4 GWP100,IPCC AR5 GWP100; CH4=28 and N2O=265,egrid2019_data.xlsx,"ST19!STCO2AN, STCH4AN, STN2OAN, STNGENAN; reported comparison from STC2ERTA",Air-cooled,22.52439077648305,3.5104211643502636,26.03481194083331,13.483566435309935,25.970052921568044
2019,AL,142679432.855,356.34532776828667,356.32991887801,354.6659191701461,IPCC AR4 GWP100,IPCC AR5 GWP100; CH4=28 and N2O=265,egrid2019_data.xlsx,"ST19!STCO2AN, STCH4AN, STN2OAN, STNGENAN; reported comparison from STC2ERTA",Cold plate,19.126145733248432,2.9474308328855217,22.073576566133955,13.352756061324344,6.803521935299139
2019,AL,142679432.855,356.34532776828667,356.32991887801,354.6659191701461,IPCC AR4 GWP100,IPCC AR5 GWP100; CH4=28 and N2O=265,egrid2019_data.xlsx,"ST19!STCO2AN, STCH4AN, STN2OAN, STNGENAN; reported comparison from STC2ERTA",One-phase,18.74955216413964,3.049789121460012,21.799341285599652,13.990281089248604,5.476628048745447
2019,AL,142679432.855,356.34532776828667,356.32991887801,354.6659191701461,IPCC AR4 GWP100,IPCC AR5 GWP100; CH4=28 and N2O=265,egrid2019_data.xlsx,"ST19!STCO2AN, STCH4AN, STN2OAN, STNGENAN; reported comparison from STC2ERTA",Two-phase,17.848131387017546,2.819329915902762,20.66746130292031,13.641394434372987,0.0
2019,AR,63857738.721,511.5477256893292,511.62633859491,508.68054666297184,IPCC AR4 GWP100,IPCC AR5 GWP100; CH4=28 and N2O=265,egrid2019_data.xlsx,"ST19!STCO2AN, STCH4AN, STN2OAN, STNGENAN; reported comparison from STC2ERTA",Air-cooled,32.32894909773747,3.5104211643502636,35.83937026208773,9.794874013352077,26.032950975924173
2019,AR,63857738.721,511.5477256893292,511.62633859491,508.68054666297184,IPCC AR4 GWP100,IPCC AR5 GWP100; CH4=28 and N2O=265,egrid2019_data.xlsx,"ST19!STCO2AN, STCH4AN, STN2OAN, STNGENAN; reported comparison from STC2ERTA",Cold plate,27.451494603426642,2.9474308328855217,30.398925436312165,9.695838884373039,6.901049075864107
2019,AR,63857738.721,511.5477256893292,511.62633859491,508.68054666297184,IPCC AR4 GWP100,IPCC AR5 GWP100; CH4=28 and N2O=265,egrid2019_data.xlsx,"ST19!STCO2AN, STCH4AN, STN2OAN, STNGENAN; reported comparison from STC2ERTA",One-phase,26.910975019697666,3.049789121460012,29.96076414115768,10.179276827156947,5.360208357181895
2019,AR,63857738.721,511.5477256893292,511.62633859491,508.68054666297184,IPCC AR4 GWP100,IPCC AR5 GWP100; CH4=28 and N2O=265,egrid2019_data.xlsx,"ST19!STCO2AN, STCH4AN, STN2OAN, STNGENAN; reported comparison from STC2ERTA",Two-phase,25.617178143750667,2.819329915902762,28.43650805965343,9.914473007685888,0.0
2019,AZ,113368628.098,396.0871463781289,396.13310293788,394.25336648681565,IPCC AR4 GWP100,IPCC AR5 GWP100; CH4=28 and N2O=265,egrid2019_data.xlsx,"ST19!STCO2AN, STCH4AN, STN2OAN, STNGENAN; reported comparison from STC2ERTA",Air-cooled,25.034989733537458,3.5104211643502636,28.54541089788772,12.297672564279061,25.990267443984827
2019,AZ,113368628.098,396.0871463781289,396.13310293788,394.25336648681565,IPCC AR4 GWP100,IPCC AR5 GWP100; CH4=28 and N2O=265,egrid2019_data.xlsx,"ST19!STCO2AN, STCH4AN, STN2OAN, STNGENAN; reported comparison from STC2ERTA",Cold plate,21.257971717216808,2.9474308328855217,24.20540255010233,12.176747842902786,6.834865743774254
2019,AZ,113368628.098,396.0871463781289,396.13310293788,394.25336648681565,IPCC AR4 GWP100,IPCC AR5 GWP100; CH4=28 and N2O=265,egrid2019_data.xlsx,"ST19!STCO2AN, STCH4AN, STN2OAN, STNGENAN; reported comparison from STC2ERTA",One-phase,20.83940252127663,3.049789121460012,23.88919164273664,12.766397319213105,5.439212448390918
2019,AZ,113368628.098,396.0871463781289,396.13310293788,394.25336648681565,IPCC AR4 GWP100,IPCC AR5 GWP100; CH4=28 and N2O=265,egrid2019_data.xlsx,"ST19!STCO2AN, STCH4AN, STN2OAN, STNGENAN; reported comparison from STC2ERTA",Two-phase,19.83750816929218,2.819329915902762,22.656838085194945,12.443615941913121,0.0
2019,CA,201747828.474,175.63261917299548,175.62325459371002,174.90124771551075,IPCC AR4 GWP100,IPCC AR5 GWP100; CH4=28 and N2O=265,egrid2019_data.xlsx,"ST19!STCO2AN, STCH4AN, STN2OAN, STNGENAN; reported comparison from STC2ERTA",Air-cooled,11.108276627810069,3.5104211643502636,14.618697792160333,24.013227540915583,25.790850402698062
2019,CA,201747828.474,175.63261917299548,175.62325459371002,174.90124771551075,IPCC AR4 GWP100,IPCC AR5 GWP100; CH4=28 and N2O=265,egrid2019_data.xlsx,"ST19!STCO2AN, STCH4AN, STN2OAN, STNGENAN; reported comparison from STC2ERTA",Cold plate,9.432375762657854,2.9474308328855217,12.379806595543375,23.808375438971492,6.525657867382506
2019,CA,201747828.474,175.63261917299548,175.62325459371002,174.90124771551075,IPCC AR4 GWP100,IPCC AR5 GWP100; CH4=28 and N2O=265,egrid2019_data.xlsx,"ST19!STCO2AN, STCH4AN, STN2OAN, STNGENAN; reported comparison from STC2ERTA",One-phase,9.246652402437945,3.049789121460012,12.296441523897958,24.80220896047682,5.808318785252853
2019,CA,201747828.474,175.63261917299548,175.62325459371002,174.90124771551075,IPCC AR4 GWP100,IPCC AR5 GWP100; CH4=28 and N2O=265,egrid2019_data.xlsx,"ST19!STCO2AN, STCH4AN, STN2OAN, STNGENAN; reported comparison from STC2ERTA",Two-phase,8.80210180616689,2.819329915902762,11.621431722069651,24.25974684813335,0.0
2019,CO,56336872.925,603.668225832527,603.76455671301,599.9872542099913,IPCC AR4 GWP100,IPCC AR5 GWP100; CH4=28 and N2O=265,egrid2019_data.xlsx,"ST19!STCO2AN, STCH4AN, STN2OAN, STNGENAN; reported comparison from STC2ERTA",Air-cooled,38.1484520715034,3.5104211643502636,41.65887323585366,8.426586922972808,26.05629841419106
2019,CO,56336872.925,603.668225832527,603.76455671301,599.9872542099913,IPCC AR4 GWP100,IPCC AR5 GWP100; CH4=28 and N2O=265,egrid2019_data.xlsx,"ST19!STCO2AN, STCH4AN, STN2OAN, STNGENAN; reported comparison from STC2ERTA",Cold plate,32.39301169375919,2.9474308328855217,35.340442526644715,8.340107316605682,6.937250655022575
2019,CO,56336872.925,603.668225832527,603.76455671301,599.9872542099913,IPCC AR4 GWP100,IPCC AR5 GWP100; CH4=28 and N2O=265,egrid2019_data.xlsx,"ST19!STCO2AN, STCH4AN, STN2OAN, STNGENAN; reported comparison from STC2ERTA",One-phase,31.755193700626933,3.049789121460012,34.80498282208694,8.762507187691073,5.316993959063332
2019,CO,56336872.925,603.668225832527,603.76455671301,599.9872542099913,IPCC AR4 GWP100,IPCC AR5 GWP100; CH4=28 and N2O=265,egrid2019_data.xlsx,"ST19!STCO2AN, STCH4AN, STN2OAN, STNGENAN; reported comparison from STC2ERTA",Two-phase,30.228501695789102,2.819329915902762,33.04783161169186,8.531058706149187,0.0
2019,CT,40050037.539,216.53258100233174,216.55497647014002,215.17397279122213,IPCC AR4 GWP100,IPCC AR5 GWP100; CH4=28 and N2O=265,egrid2019_data.xlsx,"ST19!STCO2AN, STCH4AN, STN2OAN, STNGENAN; reported comparison from STC2ERTA",Air-cooled,13.692038647368648,3.5104211643502636,17.20245981171891,20.40650699244095,25.852175129813126
2019,CT,40050037.539,216.53258100233174,216.55497647014002,215.17397279122213,IPCC AR4 GWP100,IPCC AR5 GWP100; CH4=28 and N2O=265,egrid2019_data.xlsx,"ST19!STCO2AN, STCH4AN, STN2OAN, STNGENAN; reported comparison from STC2ERTA",Cold plate,11.626326729700423,2.9474308328855217,14.573757562585945,20.22423400573252,6.620745471326472
2019,CT,40050037.539,216.53258100233174,216.55497647014002,215.17397279122213,IPCC AR4 GWP100,IPCC AR5 GWP100; CH4=28 and N2O=265,egrid2019_data.xlsx,"ST19!STCO2AN, STCH4AN, STN2OAN, STNGENAN; reported comparison from STC2ERTA",One-phase,11.39740450251319,3.049789121460012,14.447193623973202,21.109906884609693,5.694811207172057
2019,CT,40050037.539,216.53258100233174,216.55497647014002,215.17397279122213,IPCC AR4 GWP100,IPCC AR5 GWP100; CH4=28 and N2O=265,egrid2019_data.xlsx,"ST19!STCO2AN, STCH4AN, STN2OAN, STNGENAN; reported comparison from STC2ERTA",Two-phase,10.849452362969286,2.819329915902762,13.668782278872047,20.626050356077613,0.0
2019,DC,174080.0,361.82399916910515,361.82700481004,361.31790323995176,IPCC AR4 GWP100,IPCC AR5 GWP100; CH4=28 and N2O=265,egrid2019_data.xlsx,"ST19!STCO2AN, STCH4AN, STN2OAN, STNGENAN; reported comparison from STC2ERTA",Air-cooled,22.870493375359395,3.5104211643502636,26.380914539709657,13.306669710279492,25.973067858012698
2019,DC,174080.0,361.82399916910515,361.82700481004,361.31790323995176,IPCC AR4 GWP100,IPCC AR5 GWP100; CH4=28 and N2O=265,egrid2019_data.xlsx,"ST19!STCO2AN, STCH4AN, STN2OAN, STNGENAN; reported comparison from STC2ERTA",Cold plate,19.42003198351169,2.9474308328855217,22.367462816397214,13.177314106116716,6.808196771960473
2019,DC,174080.0,361.82399916910515,361.82700481004,361.31790323995176,IPCC AR4 GWP100,IPCC AR5 GWP100; CH4=28 and N2O=265,egrid2019_data.xlsx,"ST19!STCO2AN, STCH4AN, STN2OAN, STNGENAN; reported comparison from STC2ERTA",One-phase,19.037651797828804,3.049789121460012,22.087440919288817,13.807797528941666,5.471047622219372
2019,DC,174080.0,361.82399916910515,361.82700481004,361.31790323995176,IPCC AR4 GWP100,IPCC AR5 GWP100; CH4=28 and N2O=265,egrid2019_data.xlsx,"ST19!STCO2AN, STCH4AN, STN2OAN, STNGENAN; reported comparison from STC2ERTA",Two-phase,18.122380076779343,2.819329915902762,20.941709992682107,13.462749302172321,0.0
2019,DE,5258538.001,322.7274739851536,322.72099222286,322.03860636857974,IPCC AR4 GWP100,IPCC AR5 GWP100; CH4=28 and N2O=265,egrid2019_data.xlsx,"ST19!STCO2AN, STCH4AN, STN2OAN, STNGENAN; reported comparison from STC2ERTA",Air-cooled,20.40065936210235,3.5104211643502636,23.91108052645261,14.681148183440378,25.94964575159826
2019,DE,5258538.001,322.7274739851536,322.72099222286,322.03860636857974,IPCC AR4 GWP100,IPCC AR5 GWP100; CH4=28 and N2O=265,egrid2019_data.xlsx,"ST19!STCO2AN, STCH4AN, STN2OAN, STNGENAN; reported comparison from STC2ERTA",Cold plate,17.322820753993863,2.9474308328855217,20.270251586879386,14.540672177908966,6.77187941543822
2019,DE,5258538.001,322.7274739851536,322.72099222286,322.03860636857974,IPCC AR4 GWP100,IPCC AR5 GWP100; CH4=28 and N2O=265,egrid2019_data.xlsx,"ST19!STCO2AN, STCH4AN, STN2OAN, STNGENAN; reported comparison from STC2ERTA",One-phase,16.981734631062267,3.049789121460012,20.03152375252228,15.2249482322881,5.514400225609872
2019,DE,5258538.001,322.7274739851536,322.72099222286,322.03860636857974,IPCC AR4 GWP100,IPCC AR5 GWP100; CH4=28 and N2O=265,egrid2019_data.xlsx,"ST19!STCO2AN, STCH4AN, STN2OAN, STNGENAN; reported comparison from STC2ERTA",Two-phase,16.16530508149197,2.819329915902762,18.984634997394732,14.850587942774034,0.0
2019,FL,244949921.388,397.8924323734225,397.92706076123,396.2861193865496,IPCC AR4 GWP100,IPCC AR5 GWP100; CH4=28 and N2O=265,egrid2019_data.xlsx,"ST19!STCO2AN, STCH4AN, STN2OAN, STNGENAN; reported comparison from STC2ERTA",Air-cooled,25.149034568311237,3.5104211643502636,28.6594557326615,12.248736323173237,25.991101741268928
2019,FL,244949921.388,397.8924323734225,397.92706076123,396.2861193865496,IPCC AR4 GWP100,IPCC AR5 GWP100; CH4=28 and N2O=265,egrid2019_data.xlsx,"ST19!STCO2AN, STCH4AN, STN2OAN, STNGENAN; reported comparison from STC2ERTA",Cold plate,21.354810657352974,2.9474308328855217,24.302241490238497,12.12822625464165,6.836159370887729
2019,FL,244949921.388,397.8924323734225,397.92706076123,396.2861193865496,IPCC AR4 GWP100,IPCC AR5 GWP100; CH4=28 and N2O=265,egrid2019_data.xlsx,"ST19!STCO2AN, STCH4AN, STN2OAN, STNGENAN; reported comparison from STC2ERTA",One-phase,20.934334703898596,3.049789121460012,23.98412382535861,12.71586631084453,5.437668225227199
2019,FL,244949921.388,397.8924323734225,397.92706076123,396.2861193865496,IPCC AR4 GWP100,IPCC AR5 GWP100; CH4=28 and N2O=265,egrid2019_data.xlsx,"ST19!STCO2AN, STCH4AN, STN2OAN, STNGENAN; reported comparison from STC2ERTA",Two-phase,19.927876304672708,2.819329915902762,22.74720622057547,12.394181019700786,0.0
2019,GA,128595116.561,399.53419854710506,399.59083757439004,397.4414505767905,IPCC AR4 GWP100,IPCC AR5 GWP100; CH4=28 and N2O=265,egrid2019_data.xlsx,"ST19!STCO2AN, STCH4AN, STN2OAN, STNGENAN; reported comparison from STC2ERTA",Air-cooled,25.25274941044868,3.5104211643502636,28.76317057479894,12.20456957351546,25.991854734606544
2019,GA,128595116.561,399.53419854710506,399.59083757439004,397.4414505767905,IPCC AR4 GWP100,IPCC AR5 GWP100; CH4=28 and N2O=265,egrid2019_data.xlsx,"ST19!STCO2AN, STCH4AN, STN2OAN, STNGENAN; reported comparison from STC2ERTA",Cold plate,21.442878086350554,2.9474308328855217,24.390308919236077,12.084434201491193,6.837326931440035
2019,GA,128595116.561,399.53419854710506,399.59083757439004,397.4414505767905,IPCC AR4 GWP100,IPCC AR5 GWP100; CH4=28 and N2O=265,egrid2019_data.xlsx,"ST19!STCO2AN, STCH4AN, STN2OAN, STNGENAN; reported comparison from STC2ERTA",One-phase,21.02066808632605,3.049789121460012,24.070457207786063,12.670258379942602,5.436274489713266
2019,GA,128595116.561,399.53419854710506,399.59083757439004,397.4414505767905,IPCC AR4 GWP100,IPCC AR5 GWP100; CH4=28 and N2O=265,egrid2019_data.xlsx,"ST19!STCO2AN, STCH4AN, STN2OAN, STNGENAN; reported comparison from STC2ERTA",Two-phase,20.010059043714225,2.819329915902762,22.82938895961699,12.34956362997664,0.0
2019,HI,9749998.355,708.6780786516179,708.83560048455,703.3122784272151,IPCC AR4 GWP100,IPCC AR5 GWP100; CH4=28 and N2O=265,egrid2019_data.xlsx,"ST19!STCO2AN, STCH4AN, STN2OAN, STNGENAN; reported comparison from STC2ERTA",Air-cooled,44.7822105704855,3.5104211643502636,48.292631734835766,7.26906163164852,26.076056324320483
2019,HI,9749998.355,708.6780786516179,708.83560048455,703.3122784272151,IPCC AR4 GWP100,IPCC AR5 GWP100; CH4=28 and N2O=265,egrid2019_data.xlsx,"ST19!STCO2AN, STCH4AN, STN2OAN, STNGENAN; reported comparison from STC2ERTA",Cold plate,38.02593793224269,2.9474308328855217,40.973368765128214,7.193528190911247,6.967886459232875
2019,HI,9749998.355,708.6780786516179,708.83560048455,703.3122784272151,IPCC AR4 GWP100,IPCC AR5 GWP100; CH4=28 and N2O=265,egrid2019_data.xlsx,"ST19!STCO2AN, STCH4AN, STN2OAN, STNGENAN; reported comparison from STC2ERTA",One-phase,37.27720769226974,3.049789121460012,40.32699681372975,7.562648752514293,5.280423514607513
2019,HI,9749998.355,708.6780786516179,708.83560048455,703.3122784272151,IPCC AR4 GWP100,IPCC AR5 GWP100; CH4=28 and N2O=265,egrid2019_data.xlsx,"ST19!STCO2AN, STCH4AN, STN2OAN, STNGENAN; reported comparison from STC2ERTA",Two-phase,35.48503424552601,2.819329915902762,38.30436416142877,7.360336028607763,0.0
2019,IA,62649563.58,390.6804361757955,390.75077587546,388.04489614298865,IPCC AR4 GWP100,IPCC AR5 GWP100; CH4=28 and N2O=265,egrid2019_data.xlsx,"ST19!STCO2AN, STCH4AN, STN2OAN, STNGENAN; reported comparison from STC2ERTA",Air-cooled,24.69343311962568,3.5104211643502636,28.203854283975943,12.446600840455746,25.98772848457802
2019,IA,62649563.58,390.6804361757955,390.75077587546,388.04489614298865,IPCC AR4 GWP100,IPCC AR5 GWP100; CH4=28 and N2O=265,egrid2019_data.xlsx,"ST19!STCO2AN, STCH4AN, STN2OAN, STNGENAN; reported comparison from STC2ERTA",Cold plate,20.967945601143022,2.9474308328855217,23.915376434028545,12.324417476831774,6.8309289375647175
2019,IA,62649563.58,390.6804361757955,390.75077587546,388.04489614298865,IPCC AR4 GWP100,IPCC AR5 GWP100; CH4=28 and N2O=265,egrid2019_data.xlsx,"ST19!STCO2AN, STCH4AN, STN2OAN, STNGENAN; reported comparison from STC2ERTA",One-phase,20.55508701578327,3.049789121460012,23.60487613724328,12.920165747652952,5.443911876283547
2019,IA,62649563.58,390.6804361757955,390.75077587546,388.04489614298865,IPCC AR4 GWP100,IPCC AR5 GWP100; CH4=28 and N2O=265,egrid2019_data.xlsx,"ST19!STCO2AN, STCH4AN, STN2OAN, STNGENAN; reported comparison from STC2ERTA",Two-phase,19.566861678486,2.819329915902762,22.386191594388762,12.594057832549973,0.0
2019,ID,18384353.737,95.87663448610637,95.88398390956,95.63764570869095,IPCC AR4 GWP100,IPCC AR5 GWP100; CH4=28 and N2O=265,egrid2019_data.xlsx,"ST19!STCO2AN, STCH4AN, STN2OAN, STNGENAN; reported comparison from STC2ERTA",Air-cooled,6.069873782194897,3.5104211643502636,9.58029494654516,36.64209905788119,25.576593093934186
2019,ID,18384353.737,95.87663448610637,95.88398390956,95.63764570869095,IPCC AR4 GWP100,IPCC AR5 GWP100; CH4=28 and N2O=265,egrid2019_data.xlsx,"ST19!STCO2AN, STCH4AN, STN2OAN, STNGENAN; reported comparison from STC2ERTA",Cold plate,5.15411456375071,2.9474308328855217,8.101545396636231,36.38109383561928,6.1934392815645944
2019,ID,18384353.737,95.87663448610637,95.88398390956,95.63764570869095,IPCC AR4 GWP100,IPCC AR5 GWP100; CH4=28 and N2O=265,egrid2019_data.xlsx,"ST19!STCO2AN, STCH4AN, STN2OAN, STNGENAN; reported comparison from STC2ERTA",One-phase,5.052630112767766,3.049789121460012,8.102419234227778,37.64047543450373,6.204893370220121
2019,ID,18384353.737,95.87663448610637,95.88398390956,95.63764570869095,IPCC AR4 GWP100,IPCC AR5 GWP100; CH4=28 and N2O=265,egrid2019_data.xlsx,"ST19!STCO2AN, STCH4AN, STN2OAN, STNGENAN; reported comparison from STC2ERTA",Two-phase,4.809715203500086,2.819329915902762,7.629045119402848,36.955213552642356,0.0
2019,IL,184292979.459,329.14979621040624,329.20600233675003,327.03737067360595,IPCC AR4 GWP100,IPCC AR5 GWP100; CH4=28 and N2O=265,egrid2019_data.xlsx,"ST19!STCO2AN, STCH4AN, STN2OAN, STNGENAN; reported comparison from STC2ERTA",Air-cooled,20.806374954508417,3.5104211643502636,24.31679611885868,14.436199354518529,25.953819218847364
2019,IL,184292979.459,329.14979621040624,329.20600233675003,327.03737067360595,IPCC AR4 GWP100,IPCC AR5 GWP100; CH4=28 and N2O=265,egrid2019_data.xlsx,"ST19!STCO2AN, STCH4AN, STN2OAN, STNGENAN; reported comparison from STC2ERTA",Cold plate,17.667326211371712,2.9474308328855217,20.614757044257235,14.297674362873966,6.778350622397067
2019,IL,184292979.459,329.14979621040624,329.20600233675003,327.03737067360595,IPCC AR4 GWP100,IPCC AR5 GWP100; CH4=28 and N2O=265,egrid2019_data.xlsx,"ST19!STCO2AN, STCH4AN, STN2OAN, STNGENAN; reported comparison from STC2ERTA",One-phase,17.319456780314116,3.049789121460012,20.36924590177413,14.972518551579663,5.506675443422804
2019,IL,184292979.459,329.14979621040624,329.20600233675003,327.03737067360595,IPCC AR4 GWP100,IPCC AR5 GWP100; CH4=28 and N2O=265,egrid2019_data.xlsx,"ST19!STCO2AN, STCH4AN, STN2OAN, STNGENAN; reported comparison from STC2ERTA",Two-phase,16.486790588952864,2.819329915902762,19.306120504855627,14.603295960955387,0.0
2019,IN,102127767.394,741.1343056932113,741.2579294997801,736.4694174724237,IPCC AR4 GWP100,IPCC AR5 GWP100; CH4=28 and N2O=265,egrid2019_data.xlsx,"ST19!STCO2AN, STCH4AN, STN2OAN, STNGENAN; reported comparison from STC2ERTA",Air-cooled,46.832558858783656,3.5104211643502636,50.34298002313392,6.97301026426551,26.08111064815226
2019,IN,102127767.394,741.1343056932113,741.2579294997801,736.4694174724237,IPCC AR4 GWP100,IPCC AR5 GWP100; CH4=28 and N2O=265,egrid2019_data.xlsx,"ST19!STCO2AN, STCH4AN, STN2OAN, STNGENAN; reported comparison from STC2ERTA",Cold plate,39.76695106574108,2.9474308328855217,42.714381898626606,6.9003242043408575,6.975723486241869
2019,IN,102127767.394,741.1343056932113,741.2579294997801,736.4694174724237,IPCC AR4 GWP100,IPCC AR5 GWP100; CH4=28 and N2O=265,egrid2019_data.xlsx,"ST19!STCO2AN, STCH4AN, STN2OAN, STNGENAN; reported comparison from STC2ERTA",One-phase,38.98394029905074,3.049789121460012,42.033729420510745,7.255575851834453,5.271068331405404
2019,IN,102127767.394,741.1343056932113,741.2579294997801,736.4694174724237,IPCC AR4 GWP100,IPCC AR5 GWP100; CH4=28 and N2O=265,egrid2019_data.xlsx,"ST19!STCO2AN, STCH4AN, STN2OAN, STNGENAN; reported comparison from STC2ERTA",Two-phase,37.109712400057916,2.819329915902762,39.92904231596068,7.060850329425011,0.0
2019,KS,50887993.408,405.27081384879364,405.34737834206004,402.4158824328047,IPCC AR4 GWP100,IPCC AR5 GWP100; CH4=28 and N2O=265,egrid2019_data.xlsx,"ST19!STCO2AN, STCH4AN, STN2OAN, STNGENAN; reported comparison from STC2ERTA",Air-cooled,25.615147028303916,3.5104211643502636,29.12556819265418,12.052713070283154,25.994443785629407
2019,KS,50887993.408,405.27081384879364,405.34737834206004,402.4158824328047,IPCC AR4 GWP100,IPCC AR5 GWP100; CH4=28 and N2O=265,egrid2019_data.xlsx,"ST19!STCO2AN, STCH4AN, STN2OAN, STNGENAN; reported comparison from STC2ERTA",Cold plate,21.750600933164147,2.9474308328855217,24.69803176604967,11.933869309120857,6.84134140765269
2019,KS,50887993.408,405.27081384879364,405.34737834206004,402.4158824328047,IPCC AR4 GWP100,IPCC AR5 GWP100; CH4=28 and N2O=265,egrid2019_data.xlsx,"ST19!STCO2AN, STCH4AN, STN2OAN, STNGENAN; reported comparison from STC2ERTA",One-phase,21.32233187415337,3.049789121460012,24.372120995613383,12.513433369253862,5.431482345908356
2019,KS,50887993.408,405.27081384879364,405.34737834206004,402.4158824328047,IPCC AR4 GWP100,IPCC AR5 GWP100; CH4=28 and N2O=265,egrid2019_data.xlsx,"ST19!STCO2AN, STCH4AN, STN2OAN, STNGENAN; reported comparison from STC2ERTA",Two-phase,20.29721976481908,2.819329915902762,23.116549680721842,12.19615364248738,0.0
2019,KY,71804253.994,807.5281060783642,807.68154257021,801.8062164437633,IPCC AR4 GWP100,IPCC AR5 GWP100; CH4=28 and N2O=265,egrid2019_data.xlsx,"ST19!STCO2AN, STCH4AN, STN2OAN, STNGENAN; reported comparison from STC2ERTA",Air-cooled,51.026836117161615,3.5104211643502636,54.53725728151188,6.436739468268596,26.0902671394875
2019,KY,71804253.994,807.5281060783642,807.68154257021,801.8062164437633,IPCC AR4 GWP100,IPCC AR5 GWP100; CH4=28 and N2O=265,egrid2019_data.xlsx,"ST19!STCO2AN, STCH4AN, STN2OAN, STNGENAN; reported comparison from STC2ERTA",Cold plate,43.32843953774636,2.9474308328855217,46.275870370631885,6.3692607168250115,6.989921165751611
2019,KY,71804253.994,807.5281060783642,807.68154257021,801.8062164437633,IPCC AR4 GWP100,IPCC AR5 GWP100; CH4=28 and N2O=265,egrid2019_data.xlsx,"ST19!STCO2AN, STCH4AN, STN2OAN, STNGENAN; reported comparison from STC2ERTA",One-phase,42.4753031078033,3.049789121460012,45.52509222926331,6.69913880921173,5.254120336622958
2019,KY,71804253.994,807.5281060783642,807.68154257021,801.8062164437633,IPCC AR4 GWP100,IPCC AR5 GWP100; CH4=28 and N2O=265,egrid2019_data.xlsx,"ST19!STCO2AN, STCH4AN, STN2OAN, STNGENAN; reported comparison from STC2ERTA",Two-phase,40.43322122762045,2.819329915902762,43.25255114352321,6.518297398337249,0.0
2019,LA,99469963.984,374.7795386639754,374.81017921655007,373.5965500532878,IPCC AR4 GWP100,IPCC AR5 GWP100; CH4=28 and N2O=265,egrid2019_data.xlsx,"ST19!STCO2AN, STCH4AN, STN2OAN, STNGENAN; reported comparison from STC2ERTA",Air-cooled,23.688930102254506,3.5104211643502636,27.19935126660477,12.906267983899827,25.979892631350033
2019,LA,99469963.984,374.7795386639754,374.81017921655007,373.5965500532878,IPCC AR4 GWP100,IPCC AR5 GWP100; CH4=28 and N2O=265,egrid2019_data.xlsx,"ST19!STCO2AN, STCH4AN, STN2OAN, STNGENAN; reported comparison from STC2ERTA",Cold plate,20.114991517262194,2.9474308328855217,23.062422350147717,12.780230923429615,6.818778985280227
2019,LA,99469963.984,374.7795386639754,374.81017921655007,373.5965500532878,IPCC AR4 GWP100,IPCC AR5 GWP100; CH4=28 and N2O=265,egrid2019_data.xlsx,"ST19!STCO2AN, STCH4AN, STN2OAN, STNGENAN; reported comparison from STC2ERTA",One-phase,19.71892758709406,3.049789121460012,22.768716708554074,13.394646525309982,5.458415466661348
2019,LA,99469963.984,374.7795386639754,374.81017921655007,373.5965500532878,IPCC AR4 GWP100,IPCC AR5 GWP100; CH4=28 and N2O=265,egrid2019_data.xlsx,"ST19!STCO2AN, STCH4AN, STN2OAN, STNGENAN; reported comparison from STC2ERTA",Two-phase,18.770902222329926,2.819329915902762,21.59023213823269,13.058358510699845,0.0
2019,MA,21513219.546,353.99886286073183,354.0651321746,350.6733583711756,IPCC AR4 GWP100,IPCC AR5 GWP100; CH4=28 and N2O=265,egrid2019_data.xlsx,"ST19!STCO2AN, STCH4AN, STN2OAN, STNGENAN; reported comparison from STC2ERTA",Air-cooled,22.37615819539495,3.5104211643502636,25.886579359745213,13.56077647635873,25.968737038734346
2019,MA,21513219.546,353.99886286073183,354.0651321746,350.6733583711756,IPCC AR4 GWP100,IPCC AR5 GWP100; CH4=28 and N2O=265,egrid2019_data.xlsx,"ST19!STCO2AN, STCH4AN, STN2OAN, STNGENAN; reported comparison from STC2ERTA",Cold plate,19.000276937220146,2.9474308328855217,21.94770777010567,13.429333321542266,6.801481581405788
2019,MA,21513219.546,353.99886286073183,354.0651321746,350.6733583711756,IPCC AR4 GWP100,IPCC AR5 GWP100; CH4=28 and N2O=265,egrid2019_data.xlsx,"ST19!STCO2AN, STCH4AN, STN2OAN, STNGENAN; reported comparison from STC2ERTA",One-phase,18.62616172312322,3.049789121460012,21.675950844583234,14.069920822975783,5.479063651487093
2019,MA,21513219.546,353.99886286073183,354.0651321746,350.6733583711756,IPCC AR4 GWP100,IPCC AR5 GWP100; CH4=28 and N2O=265,egrid2019_data.xlsx,"ST19!STCO2AN, STCH4AN, STN2OAN, STNGENAN; reported comparison from STC2ERTA",Two-phase,17.7306731787423,2.819329915902762,20.550003094645064,13.719364921348479,0.0
2019,MD,39325595.561,335.02507433756335,335.06823012663,333.2228414299938,IPCC AR4 GWP100,IPCC AR5 GWP100; CH4=28 and N2O=265,egrid2019_data.xlsx,"ST19!STCO2AN, STCH4AN, STN2OAN, STNGENAN; reported comparison from STC2ERTA",Air-cooled,21.177532280831482,3.5104211643502636,24.687953445181744,14.219166332053252,25.957517284374674
2019,MD,39325595.561,335.02507433756335,335.06823012663,333.2228414299938,IPCC AR4 GWP100,IPCC AR5 GWP100; CH4=28 and N2O=265,egrid2019_data.xlsx,"ST19!STCO2AN, STCH4AN, STN2OAN, STNGENAN; reported comparison from STC2ERTA",Cold plate,17.982487193245166,2.9474308328855217,20.92991802613069,14.082381159857857,6.784084690965542
2019,MD,39325595.561,335.02507433756335,335.06823012663,333.2228414299938,IPCC AR4 GWP100,IPCC AR5 GWP100; CH4=28 and N2O=265,egrid2019_data.xlsx,"ST19!STCO2AN, STCH4AN, STN2OAN, STNGENAN; reported comparison from STC2ERTA",One-phase,17.62841224641545,3.049789121460012,20.678201367875463,14.748812371070143,5.499830595001343
2019,MD,39325595.561,335.02507433756335,335.06823012663,333.2228414299938,IPCC AR4 GWP100,IPCC AR5 GWP100; CH4=28 and N2O=265,egrid2019_data.xlsx,"ST19!STCO2AN, STCH4AN, STN2OAN, STNGENAN; reported comparison from STC2ERTA",Two-phase,16.78089242687625,2.819329915902762,19.600222342779013,14.384173131288183,0.0
2019,ME,10490562.004,96.7666148200254,96.87145449905,93.09167701060603,IPCC AR4 GWP100,IPCC AR5 GWP100; CH4=28 and N2O=265,egrid2019_data.xlsx,"ST19!STCO2AN, STCH4AN, STN2OAN, STNGENAN; reported comparison from STC2ERTA",Air-cooled,6.126096264615032,3.5104211643502636,9.636517428965295,36.42831749360712,25.58021396880421
2019,ME,10490562.004,96.7666148200254,96.87145449905,93.09167701060603,IPCC AR4 GWP100,IPCC AR5 GWP100; CH4=28 and N2O=265,egrid2019_data.xlsx,"ST19!STCO2AN, STCH4AN, STN2OAN, STNGENAN; reported comparison from STC2ERTA",Cold plate,5.201854784692677,2.9474308328855217,8.1492856175782,36.16796577270337,6.199053661469245
2019,ME,10490562.004,96.7666148200254,96.87145449905,93.09167701060603,IPCC AR4 GWP100,IPCC AR5 GWP100; CH4=28 and N2O=265,egrid2019_data.xlsx,"ST19!STCO2AN, STCH4AN, STN2OAN, STNGENAN; reported comparison from STC2ERTA",One-phase,5.099430329359389,3.049789121460012,8.1492194508194,37.42430965156248,6.1981913960514
2019,ME,10490562.004,96.7666148200254,96.87145449905,93.09167701060603,IPCC AR4 GWP100,IPCC AR5 GWP100; CH4=28 and N2O=265,egrid2019_data.xlsx,"ST19!STCO2AN, STCH4AN, STN2OAN, STNGENAN; reported comparison from STC2ERTA",Two-phase,4.85426540967865,2.819329915902762,7.673595325581411,36.74066452923288,0.0
2019,MI,116689224.485,459.6082762691021,459.6841155291,456.6943028804485,IPCC AR4 GWP100,IPCC AR5 GWP100; CH4=28 and N2O=265,egrid2019_data.xlsx,"ST19!STCO2AN, STCH4AN, STN2OAN, STNGENAN; reported comparison from STC2ERTA",Air-cooled,29.047792570287857,3.5104211643502636,32.55821373463812,10.781983289874367,26.016113043231215
2019,MI,116689224.485,459.6082762691021,459.6841155291,456.6943028804485,IPCC AR4 GWP100,IPCC AR5 GWP100; CH4=28 and N2O=265,egrid2019_data.xlsx,"ST19!STCO2AN, STCH4AN, STN2OAN, STNGENAN; reported comparison from STC2ERTA",Cold plate,24.665364734683557,2.9474308328855217,27.61279556756908,10.67414860503022,6.874940868775958
2019,MI,116689224.485,459.6082762691021,459.6841155291,456.6943028804485,IPCC AR4 GWP100,IPCC AR5 GWP100; CH4=28 and N2O=265,egrid2019_data.xlsx,"ST19!STCO2AN, STCH4AN, STN2OAN, STNGENAN; reported comparison from STC2ERTA",One-phase,24.17970401305384,3.049789121460012,27.229493134513852,11.200315431484663,5.391374137280347
2019,MI,116689224.485,459.6082762691021,459.6841155291,456.6943028804485,IPCC AR4 GWP100,IPCC AR5 GWP100; CH4=28 and N2O=265,egrid2019_data.xlsx,"ST19!STCO2AN, STCH4AN, STN2OAN, STNGENAN; reported comparison from STC2ERTA",Two-phase,23.017218243195487,2.819329915902762,25.83654815909825,10.912177193879302,0.0
2019,MN,59379024.545,399.5142404732295,399.58176572699006,396.7882577565457,IPCC AR4 GWP100,IPCC AR5 GWP100; CH4=28 and N2O=265,egrid2019_data.xlsx,"ST19!STCO2AN, STCH4AN, STN2OAN, STNGENAN; reported comparison from STC2ERTA",Air-cooled,25.25148860454675,3.5104211643502636,28.761909768897013,12.205104572528823,25.991845613422093
2019,MN,59379024.545,399.5142404732295,399.58176572699006,396.7882577565457,IPCC AR4 GWP100,IPCC AR5 GWP100; CH4=28 and N2O=265,egrid2019_data.xlsx,"ST19!STCO2AN, STCH4AN, STN2OAN, STNGENAN; reported comparison from STC2ERTA",Cold plate,21.44180749768687,2.9474308328855217,24.389238330572393,12.084964659149929,6.8373127885059
2019,MN,59379024.545,399.5142404732295,399.58176572699006,396.7882577565457,IPCC AR4 GWP100,IPCC AR5 GWP100; CH4=28 and N2O=265,egrid2019_data.xlsx,"ST19!STCO2AN, STCH4AN, STN2OAN, STNGENAN; reported comparison from STC2ERTA",One-phase,21.0196185775397,3.049789121460012,24.06940769899971,12.670810846694646,5.436291372357638
2019,MN,59379024.545,399.5142404732295,399.58176572699006,396.7882577565457,IPCC AR4 GWP100,IPCC AR5 GWP100; CH4=28 and N2O=265,egrid2019_data.xlsx,"ST19!STCO2AN, STCH4AN, STN2OAN, STNGENAN; reported comparison from STC2ERTA",Two-phase,20.009059992081063,2.819329915902762,22.828389907983826,12.350104090857283,0.0
2019,MO,77222857.994,725.0700927004215,725.2125530034,719.7669835778903,IPCC AR4 GWP100,IPCC AR5 GWP100; CH4=28 and N2O=265,egrid2019_data.xlsx,"ST19!STCO2AN, STCH4AN, STN2OAN, STNGENAN; reported comparison from STC2ERTA",Air-cooled,45.81773875753117,3.5104211643502636,49.32815992188143,7.116464854779793,26.078661475414755
2019,MO,77222857.994,725.0700927004215,725.2125530034,719.7669835778903,IPCC AR4 GWP100,IPCC AR5 GWP100; CH4=28 and N2O=265,egrid2019_data.xlsx,"ST19!STCO2AN, STCH4AN, STN2OAN, STNGENAN; reported comparison from STC2ERTA",Cold plate,38.90523643193843,2.9474308328855217,41.85266726482395,7.0423966392286745,6.9719258995552424
2019,MO,77222857.994,725.0700927004215,725.2125530034,719.7669835778903,IPCC AR4 GWP100,IPCC AR5 GWP100; CH4=28 and N2O=265,egrid2019_data.xlsx,"ST19!STCO2AN, STCH4AN, STN2OAN, STNGENAN; reported comparison from STC2ERTA",One-phase,38.13919281555756,3.049789121460012,41.188981937017566,7.404380924305124,5.275601570749644
2019,MO,77222857.994,725.0700927004215,725.2125530034,719.7669835778903,IPCC AR4 GWP100,IPCC AR5 GWP100; CH4=28 and N2O=265,egrid2019_data.xlsx,"ST19!STCO2AN, STCH4AN, STN2OAN, STNGENAN; reported comparison from STC2ERTA",Two-phase,36.305577776348066,2.819329915902762,39.12490769225083,7.205972057695525,0.0
2019,MS,65958759.738,379.7958233865719,379.81919975846,378.818647247913,IPCC AR4 GWP100,IPCC AR5 GWP100; CH4=28 and N2O=265,egrid2019_data.xlsx,"ST19!STCO2AN, STCH4AN, STN2OAN, STNGENAN; reported comparison from STC2ERTA",Air-cooled,24.005822474908022,3.5104211643502636,27.516243639258285,12.757632220343607,25.982426288646067
2019,MS,65958759.738,379.7958233865719,379.81919975846,378.818647247913,IPCC AR4 GWP100,IPCC AR5 GWP100; CH4=28 and N2O=265,egrid2019_data.xlsx,"ST19!STCO2AN, STCH4AN, STN2OAN, STNGENAN; reported comparison from STC2ERTA",Cold plate,20.38407447543277,2.9474308328855217,23.33150530831829,12.632836132672011,6.822707570254516
2019,MS,65958759.738,379.7958233865719,379.81919975846,378.818647247913,IPCC AR4 GWP100,IPCC AR5 GWP100; CH4=28 and N2O=265,egrid2019_data.xlsx,"ST19!STCO2AN, STCH4AN, STN2OAN, STNGENAN; reported comparison from STC2ERTA",One-phase,19.982712305200113,3.049789121460012,23.032501426660126,13.241241430815153,5.453725852587388
2019,MS,65958759.738,379.7958233865719,379.81919975846,378.818647247913,IPCC AR4 GWP100,IPCC AR5 GWP100; CH4=28 and N2O=265,egrid2019_data.xlsx,"ST19!STCO2AN, STCH4AN, STN2OAN, STNGENAN; reported comparison from STC2ERTA",Two-phase,19.022004982834726,2.819329915902762,21.84133489873749,12.908230787971341,0.0
2019,MT,27797079.004,572.6519898163721,572.7646933701001,568.4954078488383,IPCC AR4 GWP100,IPCC AR5 GWP100; CH4=28 and N2O=265,egrid2019_data.xlsx,"ST19!STCO2AN, STCH4AN, STN2OAN, STNGENAN; reported comparison from STC2ERTA",Air-cooled,36.189071939497374,3.5104211643502636,39.69949310384764,8.842483593348543,26.049200946215922
2019,MT,27797079.004,572.6519898163721,572.7646933701001,568.4954078488383,IPCC AR4 GWP100,IPCC AR5 GWP100; CH4=28 and N2O=265,egrid2019_data.xlsx,"ST19!STCO2AN, STCH4AN, STN2OAN, STNGENAN; reported comparison from STC2ERTA",Cold plate,30.729242390364508,2.9474308328855217,33.67667322325003,8.752143697052135,6.92624561259394
2019,MT,27797079.004,572.6519898163721,572.7646933701001,568.4954078488383,IPCC AR4 GWP100,IPCC AR5 GWP100; CH4=28 and N2O=265,egrid2019_data.xlsx,"ST19!STCO2AN, STCH4AN, STN2OAN, STNGENAN; reported comparison from STC2ERTA",One-phase,30.12418399390571,3.049789121460012,33.17397311536572,9.19331884322108,5.330130852422044
2019,MT,27797079.004,572.6519898163721,572.7646933701001,568.4954078488383,IPCC AR4 GWP100,IPCC AR5 GWP100; CH4=28 and N2O=265,egrid2019_data.xlsx,"ST19!STCO2AN, STCH4AN, STN2OAN, STNGENAN; reported comparison from STC2ERTA",Two-phase,28.67590591727563,2.819329915902762,31.495235833178395,8.951607572764265,0.0
2019,NC,131004605.112,353.6230196599763,353.5933961098,351.5384489786816,IPCC AR4 GWP100,IPCC AR5 GWP100; CH4=28 and N2O=265,egrid2019_data.xlsx,"ST19!STCO2AN, STCH4AN, STN2OAN, STNGENAN; reported comparison from STC2ERTA",Air-cooled,22.35241515642896,3.5104211643502636,25.862836320779223,13.57322577002064,25.96852486926928
2019,NC,131004605.112,353.6230196599763,353.5933961098,351.5384489786816,IPCC AR4 GWP100,IPCC AR5 GWP100; CH4=28 and N2O=265,egrid2019_data.xlsx,"ST19!STCO2AN, STCH4AN, STN2OAN, STNGENAN; reported comparison from STC2ERTA",Cold plate,18.980116000219894,2.9474308328855217,21.927546833105417,13.441680710199634,6.801152600144711
2019,NC,131004605.112,353.6230196599763,353.5933961098,351.5384489786816,IPCC AR4 GWP100,IPCC AR5 GWP100; CH4=28 and N2O=265,egrid2019_data.xlsx,"ST19!STCO2AN, STCH4AN, STN2OAN, STNGENAN; reported comparison from STC2ERTA",One-phase,18.606397754719122,3.049789121460012,21.656186876179135,14.082761378526186,5.479456361626256
2019,NC,131004605.112,353.6230196599763,353.5933961098,351.5384489786816,IPCC AR4 GWP100,IPCC AR5 GWP100; CH4=28 and N2O=265,egrid2019_data.xlsx,"ST19!STCO2AN, STCH4AN, STN2OAN, STNGENAN; reported comparison from STC2ERTA",Two-phase,17.711859401126862,2.819329915902762,20.531189317029625,13.731936676285306,0.0
2019,ND,41147324.005,656.4398004673417,656.57132683604,651.560515797813,IPCC AR4 GWP100,IPCC AR5 GWP100; CH4=28 and N2O=265,egrid2019_data.xlsx,"ST19!STCO2AN, STCH4AN, STN2OAN, STNGENAN; reported comparison from STC2ERTA",Air-cooled,41.48217621586032,3.5104211643502636,44.99259738021058,7.8022194066401624,26.066955033818708
2019,ND,41147324.005,656.4398004673417,656.57132683604,651.560515797813,IPCC AR4 GWP100,IPCC AR5 GWP100; CH4=28 and N2O=265,egrid2019_data.xlsx,"ST19!STCO2AN, STCH4AN, STN2OAN, STNGENAN; reported comparison from STC2ERTA",Cold plate,35.22377832590226,2.9474308328855217,38.17120915878778,7.721607195162597,6.953774371869015
2019,ND,41147324.005,656.4398004673417,656.57132683604,651.560515797813,IPCC AR4 GWP100,IPCC AR5 GWP100; CH4=28 and N2O=265,egrid2019_data.xlsx,"ST19!STCO2AN, STCH4AN, STN2OAN, STNGENAN; reported comparison from STC2ERTA",One-phase,34.5302225733604,3.049789121460012,37.580011694820406,8.115455487951216,5.297269336690413
2019,ND,41147324.005,656.4398004673417,656.57132683604,651.560515797813,IPCC AR4 GWP100,IPCC AR5 GWP100; CH4=28 and N2O=265,egrid2019_data.xlsx,"ST19!STCO2AN, STCH4AN, STN2OAN, STNGENAN; reported comparison from STC2ERTA",Two-phase,32.87011571887193,2.819329915902762,35.68944563477469,7.899618124512682,0.0
2019,NE,37297615.002,573.9590334176577,574.07965765073,569.4773224273019,IPCC AR4 GWP100,IPCC AR5 GWP100; CH4=28 and N2O=265,egrid2019_data.xlsx,"ST19!STCO2AN, STCH4AN, STN2OAN, STNGENAN; reported comparison from STC2ERTA",Air-cooled,36.271641444794234,3.5104211643502636,39.782062609144496,8.82413061092348,26.049514131446227
2019,NE,37297615.002,573.9590334176577,574.07965765073,569.4773224273019,IPCC AR4 GWP100,IPCC AR5 GWP100; CH4=28 and N2O=265,egrid2019_data.xlsx,"ST19!STCO2AN, STCH4AN, STN2OAN, STNGENAN; reported comparison from STC2ERTA",Cold plate,30.799354670297017,2.9474308328855217,33.74678550318254,8.733960254103492,6.926731224753047
2019,NE,37297615.002,573.9590334176577,574.07965765073,569.4773224273019,IPCC AR4 GWP100,IPCC AR5 GWP100; CH4=28 and N2O=265,egrid2019_data.xlsx,"ST19!STCO2AN, STCH4AN, STN2OAN, STNGENAN; reported comparison from STC2ERTA",One-phase,30.192915763927527,3.049789121460012,33.24270488538754,9.17431097130909,5.329551169500379
2019,NE,37297615.002,573.9590334176577,574.07965765073,569.4773224273019,IPCC AR4 GWP100,IPCC AR5 GWP100; CH4=28 and N2O=265,egrid2019_data.xlsx,"ST19!STCO2AN, STCH4AN, STN2OAN, STNGENAN; reported comparison from STC2ERTA",Two-phase,28.74133327527717,2.819329915902762,31.560663191179934,8.933050293729767,0.0
2019,NH,18026594.829,116.17811646427454,116.22669451932,113.874753503705,IPCC AR4 GWP100,IPCC AR5 GWP100; CH4=28 and N2O=265,egrid2019_data.xlsx,"ST19!STCO2AN, STCH4AN, STN2OAN, STNGENAN; reported comparison from STC2ERTA",Air-cooled,7.3523737095742945,3.5104211643502636,10.862794873924559,32.316003432751955,25.6499059823609
2019,NH,18026594.829,116.17811646427454,116.22669451932,113.874753503705,IPCC AR4 GWP100,IPCC AR5 GWP100; CH4=28 and N2O=265,egrid2019_data.xlsx,"ST19!STCO2AN, STCH4AN, STN2OAN, STNGENAN; reported comparison from STC2ERTA",Cold plate,6.2431242846950425,2.9474308328855217,9.190555117580564,32.07021551121974,6.307115236218674
2019,NH,18026594.829,116.17811646427454,116.22669451932,113.874753503705,IPCC AR4 GWP100,IPCC AR5 GWP100; CH4=28 and N2O=265,egrid2019_data.xlsx,"ST19!STCO2AN, STCH4AN, STN2OAN, STNGENAN; reported comparison from STC2ERTA",One-phase,6.120197245993463,3.049789121460012,9.169986367453475,33.25838228379989,6.0691965836399575
2019,NH,18026594.829,116.17811646427454,116.22669451932,113.874753503705,IPCC AR4 GWP100,IPCC AR5 GWP100; CH4=28 and N2O=265,egrid2019_data.xlsx,"ST19!STCO2AN, STCH4AN, STN2OAN, STNGENAN; reported comparison from STC2ERTA",Two-phase,5.825956993782239,2.819329915902762,8.645286909685002,32.61117815239155,0.0
2019,NJ,70988175.659,247.27688818035497,247.29311701556,246.36502373140894,IPCC AR4 GWP100,IPCC AR5 GWP100; CH4=28 and N2O=265,egrid2019_data.xlsx,"ST19!STCO2AN, STCH4AN, STN2OAN, STNGENAN; reported comparison from STC2ERTA",Air-cooled,15.634240293807391,3.5104211643502636,19.144661458157653,18.33629271545281,25.88740180432223
2019,NJ,70988175.659,247.27688818035497,247.29311701556,246.36502373140894,IPCC AR4 GWP100,IPCC AR5 GWP100; CH4=28 and N2O=265,egrid2019_data.xlsx,"ST19!STCO2AN, STCH4AN, STN2OAN, STNGENAN; reported comparison from STC2ERTA",Cold plate,13.27550925817645,2.9474308328855217,16.22294009106197,18.16829018871498,6.675366506454772
2019,NJ,70988175.659,247.27688818035497,247.29311701556,246.36502373140894,IPCC AR4 GWP100,IPCC AR5 GWP100; CH4=28 and N2O=265,egrid2019_data.xlsx,"ST19!STCO2AN, STCH4AN, STN2OAN, STNGENAN; reported comparison from STC2ERTA",One-phase,13.014114647730578,3.049789121460012,16.06390376919059,18.98535477602454,5.629609212879139
2019,NJ,70988175.659,247.27688818035497,247.29311701556,246.36502373140894,IPCC AR4 GWP100,IPCC AR5 GWP100; CH4=28 and N2O=265,egrid2019_data.xlsx,"ST19!STCO2AN, STCH4AN, STN2OAN, STNGENAN; reported comparison from STC2ERTA",Two-phase,12.388436058897378,2.819329915902762,15.20776597480014,18.538751323333756,0.0
2019,NM,35174510.001,601.7720196617252,601.8585615742701,598.4572813108865,IPCC AR4 GWP100,IPCC AR5 GWP100; CH4=28 and N2O=265,egrid2019_data.xlsx,"ST19!STCO2AN, STCH4AN, STN2OAN, STNGENAN; reported comparison from STC2ERTA",Air-cooled,38.028663561533286,3.5104211643502636,41.53908472588355,8.450887128388926,26.055883698022676
2019,NM,35174510.001,601.7720196617252,601.8585615742701,598.4572813108865,IPCC AR4 GWP100,IPCC AR5 GWP100; CH4=28 and N2O=265,egrid2019_data.xlsx,"ST19!STCO2AN, STCH4AN, STN2OAN, STNGENAN; reported comparison from STC2ERTA",Cold plate,32.29129562420631,2.9474308328855217,35.238726457091836,8.364180914637872,6.936607613159662
2019,NM,35174510.001,601.7720196617252,601.8585615742701,598.4572813108865,IPCC AR4 GWP100,IPCC AR5 GWP100; CH4=28 and N2O=265,egrid2019_data.xlsx,"ST19!STCO2AN, STCH4AN, STN2OAN, STNGENAN; reported comparison from STC2ERTA",One-phase,31.655480419205173,3.049789121460012,34.705269540665185,8.787683143870945,5.3177615683145385
2019,NM,35174510.001,601.7720196617252,601.8585615742701,598.4572813108865,IPCC AR4 GWP100,IPCC AR5 GWP100; CH4=28 and N2O=265,egrid2019_data.xlsx,"ST19!STCO2AN, STCH4AN, STN2OAN, STNGENAN; reported comparison from STC2ERTA",Two-phase,30.133582322128007,2.819329915902762,32.95291223803077,8.55563203500111,0.0
2019,NV,39889659.989,335.33541864763765,335.35217895025005,334.5028496723242,IPCC AR4 GWP100,IPCC AR5 GWP100; CH4=28 and N2O=265,egrid2019_data.xlsx,"ST19!STCO2AN, STCH4AN, STN2OAN, STNGENAN; reported comparison from STC2ERTA",Air-cooled,21.19713757642325,3.5104211643502636,24.70755874077351,14.207883511199391,25.95770954036929
2019,NV,39889659.989,335.33541864763765,335.35217895025005,334.5028496723242,IPCC AR4 GWP100,IPCC AR5 GWP100; CH4=28 and N2O=265,egrid2019_data.xlsx,"ST19!STCO2AN, STCH4AN, STN2OAN, STNGENAN; reported comparison from STC2ERTA",Cold plate,17.999134646415044,2.9474308328855217,20.946565479300567,14.071189072968444,6.784382795216959
2019,NV,39889659.989,335.33541864763765,335.35217895025005,334.5028496723242,IPCC AR4 GWP100,IPCC AR5 GWP100; CH4=28 and N2O=265,egrid2019_data.xlsx,"ST19!STCO2AN, STCH4AN, STN2OAN, STNGENAN; reported comparison from STC2ERTA",One-phase,17.64473191144164,3.049789121460012,20.69452103290165,14.737181482051387,5.499474743237398
2019,NV,39889659.989,335.33541864763765,335.35217895025005,334.5028496723242,IPCC AR4 GWP100,IPCC AR5 GWP100; CH4=28 and N2O=265,egrid2019_data.xlsx,"ST19!STCO2AN, STCH4AN, STN2OAN, STNGENAN; reported comparison from STC2ERTA",Two-phase,16.796427492622332,2.819329915902762,19.615757408525095,14.372781316501541,0.0
2019,NY,131568022.702,171.6448066761346,171.56995317539003,170.87826522948274,IPCC AR4 GWP100,IPCC AR5 GWP100; CH4=28 and N2O=265,egrid2019_data.xlsx,"ST19!STCO2AN, STCH4AN, STN2OAN, STNGENAN; reported comparison from STC2ERTA",Air-cooled,10.856355647700015,3.5104211643502636,14.36677681205028,24.434298731541944,25.78369486489511
2019,NY,131568022.702,171.6448066761346,171.56995317539003,170.87826522948274,IPCC AR4 GWP100,IPCC AR5 GWP100; CH4=28 and N2O=265,egrid2019_data.xlsx,"ST19!STCO2AN, STCH4AN, STN2OAN, STNGENAN; reported comparison from STC2ERTA",Cold plate,9.218461991286144,2.9474308328855217,12.165892824171666,24.226999822236245,6.514562784263189
2019,NY,131568022.702,171.6448066761346,171.56995317539003,170.87826522948274,IPCC AR4 GWP100,IPCC AR5 GWP100; CH4=28 and N2O=265,egrid2019_data.xlsx,"ST19!STCO2AN, STCH4AN, STN2OAN, STNGENAN; reported comparison from STC2ERTA",One-phase,9.03695059053606,3.049789121460012,12.086739711996072,25.232520879332746,5.821563161609422
2019,NY,131568022.702,171.6448066761346,171.56995317539003,170.87826522948274,IPCC AR4 GWP100,IPCC AR5 GWP100; CH4=28 and N2O=265,egrid2019_data.xlsx,"ST19!STCO2AN, STCH4AN, STN2OAN, STNGENAN; reported comparison from STC2ERTA",Two-phase,8.602481812144903,2.819329915902762,11.421811728047665,24.683736547500168,0.0
2019,OH,119407794.239,563.4995720744562,563.5690152530901,560.3726006450296,IPCC AR4 GWP100,IPCC AR5 GWP100; CH4=28 and N2O=265,egrid2019_data.xlsx,"ST19!STCO2AN, STCH4AN, STN2OAN, STNGENAN; reported comparison from STC2ERTA",Air-cooled,35.61088877523499,3.5104211643502636,39.12130993958525,8.973168766003441,26.046970908658107
2019,OH,119407794.239,563.4995720744562,563.5690152530901,560.3726006450296,IPCC AR4 GWP100,IPCC AR5 GWP100; CH4=28 and N2O=265,egrid2019_data.xlsx,"ST19!STCO2AN, STCH4AN, STN2OAN, STNGENAN; reported comparison from STC2ERTA",Cold plate,30.23828946871041,2.9474308328855217,33.18572030159593,8.881623801137675,6.922787807919528
2019,OH,119407794.239,563.4995720744562,563.5690152530901,560.3726006450296,IPCC AR4 GWP100,IPCC AR5 GWP100; CH4=28 and N2O=265,egrid2019_data.xlsx,"ST19!STCO2AN, STCH4AN, STN2OAN, STNGENAN; reported comparison from STC2ERTA",One-phase,29.642897929108646,3.049789121460012,32.69268705056866,9.32865847564819,5.334258488599541
2019,OH,119407794.239,563.4995720744562,563.5690152530901,560.3726006450296,IPCC AR4 GWP100,IPCC AR5 GWP100; CH4=28 and N2O=265,egrid2019_data.xlsx,"ST19!STCO2AN, STCH4AN, STN2OAN, STNGENAN; reported comparison from STC2ERTA",Two-phase,28.21775860559381,2.819329915902762,31.037088521496575,9.0837448040594,0.0
2019,OK,85216500.998,333.0247518402627,333.04792971065,332.0080314170944,IPCC AR4 GWP100,IPCC AR5 GWP100; CH4=28 and N2O=265,egrid2019_data.xlsx,"ST19!STCO2AN, STCH4AN, STN2OAN, STNGENAN; reported comparison from STC2ERTA",Air-cooled,21.051166458854432,3.5104211643502636,24.561587623204694,14.29232188978604,25.956270749129917
2019,OK,85216500.998,333.0247518402627,333.04792971065,332.0080314170944,IPCC AR4 GWP100,IPCC AR5 GWP100; CH4=28 and N2O=265,egrid2019_data.xlsx,"ST19!STCO2AN, STCH4AN, STN2OAN, STNGENAN; reported comparison from STC2ERTA",Cold plate,17.87518612788813,2.9474308328855217,20.822616960773654,14.154949103842187,6.782151864596253
2019,OK,85216500.998,333.0247518402627,333.04792971065,332.0080314170944,IPCC AR4 GWP100,IPCC AR5 GWP100; CH4=28 and N2O=265,egrid2019_data.xlsx,"ST19!STCO2AN, STCH4AN, STN2OAN, STNGENAN; reported comparison from STC2ERTA",One-phase,17.523223937686726,3.049789121460012,20.57301305914674,14.824221968323103,5.502137840435339
2019,OK,85216500.998,333.0247518402627,333.04792971065,332.0080314170944,IPCC AR4 GWP100,IPCC AR5 GWP100; CH4=28 and N2O=265,egrid2019_data.xlsx,"ST19!STCO2AN, STCH4AN, STN2OAN, STNGENAN; reported comparison from STC2ERTA",Two-phase,16.680761248374868,2.819329915902762,19.50009116427763,14.458034540205198,0.0
2019,OR,62258378.2,180.57421650404126,180.58918386047,179.8905644837229,IPCC AR4 GWP100,IPCC AR5 GWP100; CH4=28 and N2O=265,egrid2019_data.xlsx,"ST19!STCO2AN, STCH4AN, STN2OAN, STNGENAN; reported comparison from STC2ERTA",Air-cooled,11.420450794455625,3.5104211643502636,14.93087195880589,23.511159790503037,25.799383432114297
2019,OR,62258378.2,180.57421650404126,180.58918386047,179.8905644837229,IPCC AR4 GWP100,IPCC AR5 GWP100; CH4=28 and N2O=265,egrid2019_data.xlsx,"ST19!STCO2AN, STCH4AN, STN2OAN, STNGENAN; reported comparison from STC2ERTA",Cold plate,9.697452348509495,2.9474308328855217,12.644883181395016,23.30927688776286,6.538888832439227
2019,OR,62258378.2,180.57421650404126,180.58918386047,179.8905644837229,IPCC AR4 GWP100,IPCC AR5 GWP100; CH4=28 and N2O=265,egrid2019_data.xlsx,"ST19!STCO2AN, STCH4AN, STN2OAN, STNGENAN; reported comparison from STC2ERTA",One-phase,9.50650963364567,3.049789121460012,12.556298755105683,24.28891810351276,5.792524772816221
2019,OR,62258378.2,180.57421650404126,180.58918386047,179.8905644837229,IPCC AR4 GWP100,IPCC AR5 GWP100; CH4=28 and N2O=265,egrid2019_data.xlsx,"ST19!STCO2AN, STCH4AN, STN2OAN, STNGENAN; reported comparison from STC2ERTA",Two-phase,9.04946590125886,2.819329915902762,11.86879581716162,23.754136134233324,0.0
2019,PA,228994206.68,344.12511177234063,344.16638588409,342.4239295114685,IPCC AR4 GWP100,IPCC AR5 GWP100; CH4=28 and N2O=265,egrid2019_data.xlsx,"ST19!STCO2AN, STCH4AN, STN2OAN, STNGENAN; reported comparison from STC2ERTA",Air-cooled,21.752406438383243,3.5104211643502636,25.262827602733505,13.89559878075733,25.96303101452786
2019,PA,228994206.68,344.12511177234063,344.16638588409,342.4239295114685,IPCC AR4 GWP100,IPCC AR5 GWP100; CH4=28 and N2O=265,egrid2019_data.xlsx,"ST19!STCO2AN, STCH4AN, STN2OAN, STNGENAN; reported comparison from STC2ERTA",Cold plate,18.47063033659238,2.9474308328855217,21.4180611694779,13.761426907706277,6.792634054553792
2019,PA,228994206.68,344.12511177234063,344.16638588409,342.4239295114685,IPCC AR4 GWP100,IPCC AR5 GWP100; CH4=28 and N2O=265,egrid2019_data.xlsx,"ST19!STCO2AN, STCH4AN, STN2OAN, STNGENAN; reported comparison from STC2ERTA",One-phase,18.106943857405177,3.049789121460012,21.15673297886519,14.41521772055563,5.489625084348182
2019,PA,228994206.68,344.12511177234063,344.16638588409,342.4239295114685,IPCC AR4 GWP100,IPCC AR5 GWP100; CH4=28 and N2O=265,egrid2019_data.xlsx,"ST19!STCO2AN, STCH4AN, STN2OAN, STNGENAN; reported comparison from STC2ERTA",Two-phase,17.236417710414546,2.819329915902762,20.05574762631731,14.057466061266222,0.0
2019,RI,7624238.487,386.5873008619002,386.58951947308003,386.1935438968281,IPCC AR4 GWP100,IPCC AR5 GWP100; CH4=28 and N2O=265,egrid2019_data.xlsx,"ST19!STCO2AN, STCH4AN, STN2OAN, STNGENAN; reported comparison from STC2ERTA",Air-cooled,24.4348586102145,3.5104211643502636,27.945279774564764,12.561767828659846,25.985765164606466
2019,RI,7624238.487,386.5873008619002,386.58951947308003,386.1935438968281,IPCC AR4 GWP100,IPCC AR5 GWP100; CH4=28 and N2O=265,egrid2019_data.xlsx,"ST19!STCO2AN, STCH4AN, STN2OAN, STNGENAN; reported comparison from STC2ERTA",Cold plate,20.748382115543006,2.9474308328855217,23.69581294842853,12.438614532028499,6.827884694228414
2019,RI,7624238.487,386.5873008619002,386.58951947308003,386.1935438968281,IPCC AR4 GWP100,IPCC AR5 GWP100; CH4=28 and N2O=265,egrid2019_data.xlsx,"ST19!STCO2AN, STCH4AN, STN2OAN, STNGENAN; reported comparison from STC2ERTA",One-phase,20.339846732455225,3.049789121460012,23.389635853915237,13.039062003821241,5.44754583774496
2019,RI,7624238.487,386.5873008619002,386.58951947308003,386.1935438968281,IPCC AR4 GWP100,IPCC AR5 GWP100; CH4=28 and N2O=265,egrid2019_data.xlsx,"ST19!STCO2AN, STCH4AN, STN2OAN, STNGENAN; reported comparison from STC2ERTA",Two-phase,19.361969485702577,2.819329915902762,22.18129940160534,12.710391149125902,0.0
2019,SC,99994165.303,244.17225796590645,244.21050326904003,242.72797779392695,IPCC AR4 GWP100,IPCC AR5 GWP100; CH4=28 and N2O=265,egrid2019_data.xlsx,"ST19!STCO2AN, STCH4AN, STN2OAN, STNGENAN; reported comparison from STC2ERTA",Air-cooled,15.438112344682695,3.5104211643502636,18.94853350903296,18.526083628988015,25.884171509483412
2019,SC,99994165.303,244.17225796590645,244.21050326904003,242.72797779392695,IPCC AR4 GWP100,IPCC AR5 GWP100; CH4=28 and N2O=265,egrid2019_data.xlsx,"ST19!STCO2AN, STCH4AN, STN2OAN, STNGENAN; reported comparison from STC2ERTA",Cold plate,13.108971047463177,2.9474308328855217,16.056401880348698,18.356733064167127,6.6703577439097606
2019,SC,99994165.303,244.17225796590645,244.21050326904003,242.72797779392695,IPCC AR4 GWP100,IPCC AR5 GWP100; CH4=28 and N2O=265,egrid2019_data.xlsx,"ST19!STCO2AN, STCH4AN, STN2OAN, STNGENAN; reported comparison from STC2ERTA",One-phase,12.850855572293183,3.049789121460012,15.900644693753195,19.180285958204994,5.635588252018686
2019,SC,99994165.303,244.17225796590645,244.21050326904003,242.72797779392695,IPCC AR4 GWP100,IPCC AR5 GWP100; CH4=28 and N2O=265,egrid2019_data.xlsx,"ST19!STCO2AN, STCH4AN, STN2OAN, STNGENAN; reported comparison from STC2ERTA",Two-phase,12.233025977471396,2.819329915902762,15.052355893374157,18.73015716525672,0.0
2019,SD,14506646.702,223.18451968080385,223.22051634729002,221.82914819589809,IPCC AR4 GWP100,IPCC AR5 GWP100; CH4=28 and N2O=265,egrid2019_data.xlsx,"ST19!STCO2AN, STCH4AN, STN2OAN, STNGENAN; reported comparison from STC2ERTA",Air-cooled,14.112259736708179,3.5104211643502636,17.62268090105844,19.91990426461971,25.860453367809132
2019,SD,14506646.702,223.18451968080385,223.22051634729002,221.82914819589809,IPCC AR4 GWP100,IPCC AR5 GWP100; CH4=28 and N2O=265,egrid2019_data.xlsx,"ST19!STCO2AN, STCH4AN, STN2OAN, STNGENAN; reported comparison from STC2ERTA",Cold plate,11.983149245996119,2.9474308328855217,14.93058007888164,19.74089966574357,6.633581367268437
2019,SD,14506646.702,223.18451968080385,223.22051634729002,221.82914819589809,IPCC AR4 GWP100,IPCC AR5 GWP100; CH4=28 and N2O=265,egrid2019_data.xlsx,"ST19!STCO2AN, STCH4AN, STN2OAN, STNGENAN; reported comparison from STC2ERTA",One-phase,11.747201187947597,3.049789121460012,14.79699030940761,20.6108746284778,5.679488794991716
2019,SD,14506646.702,223.18451968080385,223.22051634729002,221.82914819589809,IPCC AR4 GWP100,IPCC AR5 GWP100; CH4=28 and N2O=265,egrid2019_data.xlsx,"ST19!STCO2AN, STCH4AN, STN2OAN, STNGENAN; reported comparison from STC2ERTA",Two-phase,11.182431900065502,2.819329915902762,14.001761815968264,20.13553689141795,0.0
2019,TN,82232332.683,319.4720485316235,319.50048639586004,317.65653301960305,IPCC AR4 GWP100,IPCC AR5 GWP100; CH4=28 and N2O=265,egrid2019_data.xlsx,"ST19!STCO2AN, STCH4AN, STN2OAN, STNGENAN; reported comparison from STC2ERTA",Air-cooled,20.195005266887467,3.5104211643502636,23.70542643123773,14.808513040391546,25.947475803324195
2019,TN,82232332.683,319.4720485316235,319.50048639586004,317.65653301960305,IPCC AR4 GWP100,IPCC AR5 GWP100; CH4=28 and N2O=265,egrid2019_data.xlsx,"ST19!STCO2AN, STCH4AN, STN2OAN, STNGENAN; reported comparison from STC2ERTA",Cold plate,17.148193602709227,2.9474308328855217,20.09562443559475,14.66702785142038,6.768514782739965
2019,TN,82232332.683,319.4720485316235,319.50048639586004,317.65653301960305,IPCC AR4 GWP100,IPCC AR5 GWP100; CH4=28 and N2O=265,egrid2019_data.xlsx,"ST19!STCO2AN, STCH4AN, STN2OAN, STNGENAN; reported comparison from STC2ERTA",One-phase,16.810545886191697,3.049789121460012,19.86033500765171,15.35618165698112,5.518416640924473
2019,TN,82232332.683,319.4720485316235,319.50048639586004,317.65653301960305,IPCC AR4 GWP100,IPCC AR5 GWP100; CH4=28 and N2O=265,egrid2019_data.xlsx,"ST19!STCO2AN, STCH4AN, STN2OAN, STNGENAN; reported comparison from STC2ERTA",Two-phase,16.00234656474018,2.819329915902762,18.821676480642942,14.979164681755567,0.0
2019,TX,483079821.375,414.2858750879543,414.32215697488,412.5595377235305,IPCC AR4 GWP100,IPCC AR5 GWP100; CH4=28 and N2O=265,egrid2019_data.xlsx,"ST19!STCO2AN, STCH4AN, STN2OAN, STNGENAN; reported comparison from STC2ERTA",Air-cooled,26.18465300806331,3.5104211643502636,29.695074172413573,11.821560518651305,25.9983849850935
2019,TX,483079821.375,414.2858750879543,414.32215697488,412.5595377235305,IPCC AR4 GWP100,IPCC AR5 GWP100; CH4=28 and N2O=265,egrid2019_data.xlsx,"ST19!STCO2AN, STCH4AN, STN2OAN, STNGENAN; reported comparison from STC2ERTA",Cold plate,22.234185793368543,2.9474308328855217,25.181616626254065,11.704692659853157,6.847452469720738
2019,TX,483079821.375,414.2858750879543,414.32215697488,412.5595377235305,IPCC AR4 GWP100,IPCC AR5 GWP100; CH4=28 and N2O=265,egrid2019_data.xlsx,"ST19!STCO2AN, STCH4AN, STN2OAN, STNGENAN; reported comparison from STC2ERTA",One-phase,21.79639495453807,3.049789121460012,24.84618407599808,12.274678124139674,5.424187474378583
2019,TX,483079821.375,414.2858750879543,414.32215697488,412.5595377235305,IPCC AR4 GWP100,IPCC AR5 GWP100; CH4=28 and N2O=265,egrid2019_data.xlsx,"ST19!STCO2AN, STCH4AN, STN2OAN, STNGENAN; reported comparison from STC2ERTA",Two-phase,20.748491350954513,2.819329915902762,23.567821266857276,11.962624308711563,0.0
2019,UT,39105762.001,726.4437033085785,726.57378370577,721.5026131561881,IPCC AR4 GWP100,IPCC AR5 GWP100; CH4=28 and N2O=265,egrid2019_data.xlsx,"ST19!STCO2AN, STCH4AN, STN2OAN, STNGENAN; reported comparison from STC2ERTA",Air-cooled,45.90451348201204,3.5104211643502636,49.414934646362305,7.103968040173628,26.078874827352607
2019,UT,39105762.001,726.4437033085785,726.57378370577,721.5026131561881,IPCC AR4 GWP100,IPCC AR5 GWP100; CH4=28 and N2O=265,egrid2019_data.xlsx,"ST19!STCO2AN, STCH4AN, STN2OAN, STNGENAN; reported comparison from STC2ERTA",Cold plate,38.97891949146501,2.9474308328855217,41.92635032435053,7.030020047258143,6.972256714310099
2019,UT,39105762.001,726.4437033085785,726.57378370577,721.5026131561881,IPCC AR4 GWP100,IPCC AR5 GWP100; CH4=28 and N2O=265,egrid2019_data.xlsx,"ST19!STCO2AN, STCH4AN, STN2OAN, STNGENAN; reported comparison from STC2ERTA",One-phase,38.21142505656812,3.049789121460012,41.261214178028126,7.391418750551565,5.275206671939903
2019,UT,39105762.001,726.4437033085785,726.57378370577,721.5026131561881,IPCC AR4 GWP100,IPCC AR5 GWP100; CH4=28 and N2O=265,egrid2019_data.xlsx,"ST19!STCO2AN, STCH4AN, STN2OAN, STNGENAN; reported comparison from STC2ERTA",Two-phase,36.37433731346389,2.819329915902762,39.19366722936665,7.193330237264252,0.0
2019,VA,96827639.664,288.5551298092748,288.41580127976,287.2095097571902,IPCC AR4 GWP100,IPCC AR5 GWP100; CH4=28 and N2O=265,egrid2019_data.xlsx,"ST19!STCO2AN, STCH4AN, STN2OAN, STNGENAN; reported comparison from STC2ERTA",Air-cooled,18.24189927891837,3.5104211643502636,21.752320443268633,16.138145691194897,25.92482696909988
2019,VA,96827639.664,288.5551298092748,288.41580127976,287.2095097571902,IPCC AR4 GWP100,IPCC AR5 GWP100; CH4=28 and N2O=265,egrid2019_data.xlsx,"ST19!STCO2AN, STCH4AN, STN2OAN, STNGENAN; reported comparison from STC2ERTA",Cold plate,15.489751865968513,2.9474308328855217,18.437182698854034,15.986340652081944,6.733396430326022
2019,VA,96827639.664,288.5551298092748,288.41580127976,287.2095097571902,IPCC AR4 GWP100,IPCC AR5 GWP100; CH4=28 and N2O=265,egrid2019_data.xlsx,"ST19!STCO2AN, STCH4AN, STN2OAN, STNGENAN; reported comparison from STC2ERTA",One-phase,15.184758846403986,3.049789121460012,18.234547967863996,16.725334386324604,5.560337974130514
2019,VA,96827639.664,288.5551298092748,288.41580127976,287.2095097571902,IPCC AR4 GWP100,IPCC AR5 GWP100; CH4=28 and N2O=265,egrid2019_data.xlsx,"ST19!STCO2AN, STCH4AN, STN2OAN, STNGENAN; reported comparison from STC2ERTA",Two-phase,14.454722363403794,2.819329915902762,17.274052279306556,16.32118434236868,0.0
2019,VT,2289797.993,23.154449649498975,23.25250566331,18.533087745300993,IPCC AR4 GWP100,IPCC AR5 GWP100; CH4=28 and N2O=265,egrid2019_data.xlsx,"ST19!STCO2AN, STCH4AN, STN2OAN, STNGENAN; reported comparison from STC2ERTA",Air-cooled,1.475815236512527,3.5104211643502636,4.986236400862791,70.40222087630742,25.00739719112741
2019,VT,2289797.993,23.154449649498975,23.25250566331,18.533087745300993,IPCC AR4 GWP100,IPCC AR5 GWP100; CH4=28 and N2O=265,egrid2019_data.xlsx,"ST19!STCO2AN, STCH4AN, STN2OAN, STNGENAN; reported comparison from STC2ERTA",Cold plate,1.2531596334386805,2.9474308328855217,4.200590466324202,70.16706000060798,5.3108674851821025
2019,VT,2289797.993,23.154449649498975,23.25250566331,18.533087745300993,IPCC AR4 GWP100,IPCC AR5 GWP100; CH4=28 and N2O=265,egrid2019_data.xlsx,"ST19!STCO2AN, STCH4AN, STN2OAN, STNGENAN; reported comparison from STC2ERTA",One-phase,1.2284849360060794,3.049789121460012,4.278274057466091,71.28550159468563,7.258433294822986
2019,VT,2289797.993,23.154449649498975,23.25250566331,18.533087745300993,IPCC AR4 GWP100,IPCC AR5 GWP100; CH4=28 and N2O=265,egrid2019_data.xlsx,"ST19!STCO2AN, STCH4AN, STN2OAN, STNGENAN; reported comparison from STC2ERTA",Two-phase,1.1694231602365566,2.819329915902762,3.9887530761393184,70.6819866280509,0.0
2019,WA,106463608.2,135.6468853025966,135.66766349752,134.8291957927858,IPCC AR4 GWP100,IPCC AR5 GWP100; CH4=28 and N2O=265,egrid2019_data.xlsx,"ST19!STCO2AN, STCH4AN, STN2OAN, STNGENAN; reported comparison from STC2ERTA",Air-cooled,8.582268879206008,3.5104211643502636,12.092690043556273,29.02928258068461,25.70566218390937
2019,WA,106463608.2,135.6468853025966,135.66766349752,134.8291957927858,IPCC AR4 GWP100,IPCC AR5 GWP100; CH4=28 and N2O=265,egrid2019_data.xlsx,"ST19!STCO2AN, STCH4AN, STN2OAN, STNGENAN; reported comparison from STC2ERTA",Cold plate,7.28746570482145,2.9474308328855217,10.234896537706971,28.797856646881794,6.393568513056147
2019,WA,106463608.2,135.6468853025966,135.66766349752,134.8291957927858,IPCC AR4 GWP100,IPCC AR5 GWP100; CH4=28 and N2O=265,egrid2019_data.xlsx,"ST19!STCO2AN, STCH4AN, STN2OAN, STNGENAN; reported comparison from STC2ERTA",One-phase,7.143975596682944,3.049789121460012,10.193764718142956,29.91818239665635,5.965995938509039
2019,WA,106463608.2,135.6468853025966,135.66766349752,134.8291957927858,IPCC AR4 GWP100,IPCC AR5 GWP100; CH4=28 and N2O=265,egrid2019_data.xlsx,"ST19!STCO2AN, STCH4AN, STN2OAN, STNGENAN; reported comparison from STC2ERTA",Two-phase,6.800515231457804,2.819329915902762,9.619845147360566,29.307435543037947,0.0
2019,WI,62021340.696,559.1993763006893,559.2734955091901,555.8211592466916,IPCC AR4 GWP100,IPCC AR5 GWP100; CH4=28 and N2O=265,egrid2019_data.xlsx,"ST19!STCO2AN, STCH4AN, STN2OAN, STNGENAN; reported comparison from STC2ERTA",Air-cooled,35.33923369244331,3.5104211643502636,38.84965485679357,9.035913387880207,26.045900250093702
2019,WI,62021340.696,559.1993763006893,559.2734955091901,555.8211592466916,IPCC AR4 GWP100,IPCC AR5 GWP100; CH4=28 and N2O=265,egrid2019_data.xlsx,"ST19!STCO2AN, STCH4AN, STN2OAN, STNGENAN; reported comparison from STC2ERTA",Cold plate,30.007618870148598,2.9474308328855217,32.95504970303412,8.943791192686795,6.921127688709494
2019,WI,62021340.696,559.1993763006893,559.2734955091901,555.8211592466916,IPCC AR4 GWP100,IPCC AR5 GWP100; CH4=28 and N2O=265,egrid2019_data.xlsx,"ST19!STCO2AN, STCH4AN, STN2OAN, STNGENAN; reported comparison from STC2ERTA",One-phase,29.416769231733433,3.049789121460012,32.46655835319344,9.3936323286328,5.336240199180509
2019,WI,62021340.696,559.1993763006893,559.2734955091901,555.8211592466916,IPCC AR4 GWP100,IPCC AR5 GWP100; CH4=28 and N2O=265,egrid2019_data.xlsx,"ST19!STCO2AN, STCH4AN, STN2OAN, STNGENAN; reported comparison from STC2ERTA",Two-phase,28.00250148020779,2.819329915902762,30.821831396110554,9.147184927689068,0.0
2019,WV,63925638.663,882.1636140377021,882.34692900354,875.3768646350317,IPCC AR4 GWP100,IPCC AR5 GWP100; CH4=28 and N2O=265,egrid2019_data.xlsx,"ST19!STCO2AN, STCH4AN, STN2OAN, STNGENAN; reported comparison from STC2ERTA",Air-cooled,55.741764497302086,3.5104211643502636,59.25218566165235,5.924542909515297,26.099013819976967
2019,WV,63925638.663,882.1636140377021,882.34692900354,875.3768646350317,IPCC AR4 GWP100,IPCC AR5 GWP100; CH4=28 and N2O=265,egrid2019_data.xlsx,"ST19!STCO2AN, STCH4AN, STN2OAN, STNGENAN; reported comparison from STC2ERTA",Cold plate,47.3320287231439,2.9474308328855217,50.27945955602942,5.862097283685045,7.003483409390232
2019,WV,63925638.663,882.1636140377021,882.34692900354,875.3768646350317,IPCC AR4 GWP100,IPCC AR5 GWP100; CH4=28 and N2O=265,egrid2019_data.xlsx,"ST19!STCO2AN, STCH4AN, STN2OAN, STNGENAN; reported comparison from STC2ERTA",One-phase,46.400061672457774,3.049789121460012,49.44985079391778,6.1674384704819545,5.2379308716988815
2019,WV,63925638.663,882.1636140377021,882.34692900354,875.3768646350317,IPCC AR4 GWP100,IPCC AR5 GWP100; CH4=28 and N2O=265,egrid2019_data.xlsx,"ST19!STCO2AN, STCH4AN, STN2OAN, STNGENAN; reported comparison from STC2ERTA",Two-phase,44.16928947666654,2.819329915902762,46.988619392569305,6.000027139228112,0.0
2019,WY,42145656.477,938.2994966924288,938.4789847910401,931.6618674166386,IPCC AR4 GWP100,IPCC AR5 GWP100; CH4=28 and N2O=265,egrid2019_data.xlsx,"ST19!STCO2AN, STCH4AN, STN2OAN, STNGENAN; reported comparison from STC2ERTA",Air-cooled,59.28802114523974,3.5104211643502636,62.79844230959,5.589981272217296,26.10472771886343
2019,WY,42145656.477,938.2994966924288,938.4789847910401,931.6618674166386,IPCC AR4 GWP100,IPCC AR5 GWP100; CH4=28 and N2O=265,egrid2019_data.xlsx,"ST19!STCO2AN, STCH4AN, STN2OAN, STNGENAN; reported comparison from STC2ERTA",Cold plate,50.34326317245792,2.9474308328855217,53.29069400534344,5.530854660271423,7.012343146397648
2019,WY,42145656.477,938.2994966924288,938.4789847910401,931.6618674166386,IPCC AR4 GWP100,IPCC AR5 GWP100; CH4=28 and N2O=265,egrid2019_data.xlsx,"ST19!STCO2AN, STCH4AN, STN2OAN, STNGENAN; reported comparison from STC2ERTA",One-phase,49.35200495331022,3.049789121460012,52.40179407477023,5.820008981197051,5.227354863382017
2019,WY,42145656.477,938.2994966924288,938.4789847910401,931.6618674166386,IPCC AR4 GWP100,IPCC AR5 GWP100; CH4=28 and N2O=265,egrid2019_data.xlsx,"ST19!STCO2AN, STCH4AN, STN2OAN, STNGENAN; reported comparison from STC2ERTA",Two-phase,46.979312407478005,2.819329915902762,49.79864232338077,5.661459398018707,0.0
2020,AK,6156046.989,438.16825768522824,438.22828924336005,435.75099298509315,IPCC AR4 GWP100,IPCC AR5 GWP100; CH4=28 and N2O=265,egrid2020_data.xlsx,"ST20!STCO2AN, STCH4AN, STN2OAN, STNGENAN; reported comparison from STC2ERTA",Air-cooled,27.693368183614968,3.5104211643502636,31.20378934796523,11.249983536307825,26.008131551198698
2020,AK,6156046.989,438.16825768522824,438.22828924336005,435.75099298509315,IPCC AR4 GWP100,IPCC AR5 GWP100; CH4=28 and N2O=265,egrid2020_data.xlsx,"ST20!STCO2AN, STCH4AN, STN2OAN, STNGENAN; reported comparison from STC2ERTA",Cold plate,23.51528176634784,2.9474308328855217,26.462712599233363,11.138052540278542,6.862565094941009
2020,AK,6156046.989,438.16825768522824,438.22828924336005,435.75099298509315,IPCC AR4 GWP100,IPCC AR5 GWP100; CH4=28 and N2O=265,egrid2020_data.xlsx,"ST20!STCO2AN, STCH4AN, STN2OAN, STNGENAN; reported comparison from STC2ERTA",One-phase,23.05226616391032,3.049789121460012,26.102055285370334,11.684095708621673,5.406147294417751
2020,AK,6156046.989,438.16825768522824,438.22828924336005,435.75099298509315,IPCC AR4 GWP100,IPCC AR5 GWP100; CH4=28 and N2O=265,egrid2020_data.xlsx,"ST20!STCO2AN, STCH4AN, STN2OAN, STNGENAN; reported comparison from STC2ERTA",Two-phase,21.94398413679925,2.819329915902762,24.763314052702015,11.385107461394629,0.0
2020,AL,136842032.304,327.0811213790014,327.06640712746,325.6088046391051,IPCC AR4 GWP100,IPCC AR5 GWP100; CH4=28 and N2O=265,egrid2020_data.xlsx,"ST20!STCO2AN, STCH4AN, STN2OAN, STNGENAN; reported comparison from STC2ERTA",Air-cooled,20.67569112936199,3.5104211643502636,24.186112293712252,14.514201876350668,25.952490172598818
2020,AL,136842032.304,327.0811213790014,327.06640712746,325.6088046391051,IPCC AR4 GWP100,IPCC AR5 GWP100; CH4=28 and N2O=265,egrid2020_data.xlsx,"ST20!STCO2AN, STCH4AN, STN2OAN, STNGENAN; reported comparison from STC2ERTA",Cold plate,17.556358598106073,2.9474308328855217,20.503789430991596,14.375054146968866,6.776289857853124
2020,AL,136842032.304,327.0811213790014,327.06640712746,325.6088046391051,IPCC AR4 GWP100,IPCC AR5 GWP100; CH4=28 and N2O=265,egrid2020_data.xlsx,"ST20!STCO2AN, STCH4AN, STN2OAN, STNGENAN; reported comparison from STC2ERTA",One-phase,17.210674117959027,3.049789121460012,20.26046323941904,15.052909133520203,5.509135410681143
2020,AL,136842032.304,327.0811213790014,327.06640712746,325.6088046391051,IPCC AR4 GWP100,IPCC AR5 GWP100; CH4=28 and N2O=265,egrid2020_data.xlsx,"ST20!STCO2AN, STCH4AN, STN2OAN, STNGENAN; reported comparison from STC2ERTA",Two-phase,16.383237862287924,2.819329915902762,19.202567778190687,14.682046424566277,0.0
2020,AR,54641258.916,431.4326675812841,431.49652488019,429.1013168499535,IPCC AR4 GWP100,IPCC AR5 GWP100; CH4=28 and N2O=265,egrid2020_data.xlsx,"ST20!STCO2AN, STCH4AN, STN2OAN, STNGENAN; reported comparison from STC2ERTA",Air-cooled,27.267862605822405,3.5104211643502636,30.778283770172667,11.405513025233148,26.00547930339441
2020,AR,54641258.916,431.4326675812841,431.49652488019,429.1013168499535,IPCC AR4 GWP100,IPCC AR5 GWP100; CH4=28 and N2O=265,egrid2020_data.xlsx,"ST20!STCO2AN, STCH4AN, STN2OAN, STNGENAN; reported comparison from STC2ERTA",Cold plate,23.153972030074417,2.9474308328855217,26.10140286295994,11.292231487941098,6.8584526283938185
2020,AR,54641258.916,431.4326675812841,431.49652488019,429.1013168499535,IPCC AR4 GWP100,IPCC AR5 GWP100; CH4=28 and N2O=265,egrid2020_data.xlsx,"ST20!STCO2AN, STCH4AN, STN2OAN, STNGENAN; reported comparison from STC2ERTA",One-phase,22.69807061180315,3.049789121460012,25.747859733263162,11.844825756604726,5.411056410836146
2020,AR,54641258.916,431.4326675812841,431.49652488019,429.1013168499535,IPCC AR4 GWP100,IPCC AR5 GWP100; CH4=28 and N2O=265,egrid2020_data.xlsx,"ST20!STCO2AN, STCH4AN, STN2OAN, STNGENAN; reported comparison from STC2ERTA",Two-phase,21.606817217004927,2.819329915902762,24.42614713290769,11.542262070895617,0.0
2020,AZ,109305056.86,334.2586550015248,334.28805125023,333.024562923917,IPCC AR4 GWP100,IPCC AR5 GWP100; CH4=28 and N2O=265,egrid2020_data.xlsx,"ST20!STCO2AN, STCH4AN, STN2OAN, STNGENAN; reported comparison from STC2ERTA",Air-cooled,21.12911548328593,3.5104211643502636,24.63953664763619,14.247107056240191,25.957041185065457
2020,AZ,109305056.86,334.2586550015248,334.28805125023,333.024562923917,IPCC AR4 GWP100,IPCC AR5 GWP100; CH4=28 and N2O=265,egrid2020_data.xlsx,"ST20!STCO2AN, STCH4AN, STN2OAN, STNGENAN; reported comparison from STC2ERTA",Cold plate,17.94137501689453,2.9474308328855217,20.888805849780052,14.110097312798551,6.7833464709247115
2020,AZ,109305056.86,334.2586550015248,334.28805125023,333.024562923917,IPCC AR4 GWP100,IPCC AR5 GWP100; CH4=28 and N2O=265,egrid2020_data.xlsx,"ST20!STCO2AN, STCH4AN, STN2OAN, STNGENAN; reported comparison from STC2ERTA",One-phase,17.588109568300457,3.049789121460012,20.63789868976047,14.7776145590499,5.500711819950199
2020,AZ,109305056.86,334.2586550015248,334.28805125023,333.024562923917,IPCC AR4 GWP100,IPCC AR5 GWP100; CH4=28 and N2O=265,egrid2020_data.xlsx,"ST20!STCO2AN, STCH4AN, STN2OAN, STNGENAN; reported comparison from STC2ERTA",Two-phase,16.742527377516787,2.819329915902762,19.56185729341955,14.412383617843698,0.0
2020,CA,192954153.405,205.51890148313856,205.53086750966,204.8033953911912,IPCC AR4 GWP100,IPCC AR5 GWP100; CH4=28 and N2O=265,egrid2020_data.xlsx,"ST20!STCO2AN, STCH4AN, STN2OAN, STNGENAN; reported comparison from STC2ERTA",Air-cooled,12.996274505680125,3.5104211643502636,16.50669567003039,21.266649816073095,25.837544774165888
2020,CA,192954153.405,205.51890148313856,205.53086750966,204.8033953911912,IPCC AR4 GWP100,IPCC AR5 GWP100; CH4=28 and N2O=265,egrid2020_data.xlsx,"ST20!STCO2AN, STCH4AN, STN2OAN, STNGENAN; reported comparison from STC2ERTA",Cold plate,11.035532221562297,2.9474308328855217,13.982963054447819,21.078728602862025,6.598060242564907
2020,CA,192954153.405,205.51890148313856,205.53086750966,204.8033953911912,IPCC AR4 GWP100,IPCC AR5 GWP100; CH4=28 and N2O=265,egrid2020_data.xlsx,"ST20!STCO2AN, STCH4AN, STN2OAN, STNGENAN; reported comparison from STC2ERTA",One-phase,10.818242730815154,3.049789121460012,13.868031852275166,21.991506465711414,5.721890923855755
2020,CA,192954153.405,205.51890148313856,205.53086750966,204.8033953911912,IPCC AR4 GWP100,IPCC AR5 GWP100; CH4=28 and N2O=265,egrid2020_data.xlsx,"ST20!STCO2AN, STCH4AN, STN2OAN, STNGENAN; reported comparison from STC2ERTA",Two-phase,10.298134907218271,2.819329915902762,13.117464823121033,21.492948171916346,0.0
2020,CO,53792186.81,552.9563858037925,553.0366004216901,549.8485201361287,IPCC AR4 GWP100,IPCC AR5 GWP100; CH4=28 and N2O=265,egrid2020_data.xlsx,"ST20!STCO2AN, STCH4AN, STN2OAN, STNGENAN; reported comparison from STC2ERTA",Air-cooled,34.94484697390174,3.5104211643502636,38.455268138252,9.128583245681227,26.044318988042935
2020,CO,53792186.81,552.9563858037925,553.0366004216901,549.8485201361287,IPCC AR4 GWP100,IPCC AR5 GWP100; CH4=28 and N2O=265,egrid2020_data.xlsx,"ST20!STCO2AN, STCH4AN, STN2OAN, STNGENAN; reported comparison from STC2ERTA",Cold plate,29.672733104360912,2.9474308328855217,32.62016393724643,9.035610116968417,6.9186758486983635
2020,CO,53792186.81,552.9563858037925,553.0366004216901,549.8485201361287,IPCC AR4 GWP100,IPCC AR5 GWP100; CH4=28 and N2O=265,egrid2020_data.xlsx,"ST20!STCO2AN, STCH4AN, STN2OAN, STNGENAN; reported comparison from STC2ERTA",One-phase,29.088477362465238,3.049789121460012,32.13826648392525,9.489588130042543,5.339166999414813
2020,CO,53792186.81,552.9563858037925,553.0366004216901,549.8485201361287,IPCC AR4 GWP100,IPCC AR5 GWP100; CH4=28 and N2O=265,egrid2020_data.xlsx,"ST20!STCO2AN, STCH4AN, STN2OAN, STNGENAN; reported comparison from STC2ERTA",Two-phase,27.689992873885185,2.819329915902762,30.509322789787948,9.240880026502737,0.0
2020,CT,41190572.136,240.27193615335938,240.29781548542,238.8928588522633,IPCC AR4 GWP100,IPCC AR5 GWP100; CH4=28 and N2O=265,egrid2020_data.xlsx,"ST20!STCO2AN, STCH4AN, STN2OAN, STNGENAN; reported comparison from STC2ERTA",Air-cooled,15.191718389466658,3.5104211643502636,18.70213955381692,18.770158110780546,25.88001753669047
2020,CT,41190572.136,240.27193615335938,240.29781548542,238.8928588522633,IPCC AR4 GWP100,IPCC AR5 GWP100; CH4=28 and N2O=265,egrid2020_data.xlsx,"ST20!STCO2AN, STCH4AN, STN2OAN, STNGENAN; reported comparison from STC2ERTA",Cold plate,12.899750441142777,2.9474308328855217,15.847181274028298,18.59908574224503,6.663916764254241
2020,CT,41190572.136,240.27193615335938,240.29781548542,238.8928588522633,IPCC AR4 GWP100,IPCC AR5 GWP100; CH4=28 and N2O=265,egrid2020_data.xlsx,"ST20!STCO2AN, STCH4AN, STN2OAN, STNGENAN; reported comparison from STC2ERTA",One-phase,12.64575451708173,3.049789121460012,15.695543638541743,19.430923781263587,5.643276951395282
2020,CT,41190572.136,240.27193615335938,240.29781548542,238.8928588522633,IPCC AR4 GWP100,IPCC AR5 GWP100; CH4=28 and N2O=265,egrid2020_data.xlsx,"ST20!STCO2AN, STCH4AN, STN2OAN, STNGENAN; reported comparison from STC2ERTA",Two-phase,12.037785549914341,2.819329915902762,14.857115465817103,18.976294034931673,0.0
2020,DC,174521.001,363.38004878615436,363.38237304677,362.9282196904987,IPCC AR4 GWP100,IPCC AR5 GWP100; CH4=28 and N2O=265,egrid2020_data.xlsx,"ST20!STCO2AN, STCH4AN, STN2OAN, STNGENAN; reported comparison from STC2ERTA",Air-cooled,22.968793269081953,3.5104211643502636,26.479214433432215,13.257270804522298,25.973909813234176
2020,DC,174521.001,363.38004878615436,363.38237304677,362.9282196904987,IPCC AR4 GWP100,IPCC AR5 GWP100; CH4=28 and N2O=265,egrid2020_data.xlsx,"ST20!STCO2AN, STCH4AN, STN2OAN, STNGENAN; reported comparison from STC2ERTA",Cold plate,19.503501415007413,2.9474308328855217,22.450932247892936,13.128322692088403,6.8095022731571975
2020,DC,174521.001,363.38004878615436,363.38237304677,362.9282196904987,IPCC AR4 GWP100,IPCC AR5 GWP100; CH4=28 and N2O=265,egrid2020_data.xlsx,"ST20!STCO2AN, STCH4AN, STN2OAN, STNGENAN; reported comparison from STC2ERTA",One-phase,19.119477717267422,3.049789121460012,22.169266838727435,13.756833474223617,5.469489224774504
2020,DC,174521.001,363.38004878615436,363.38237304677,362.9282196904987,IPCC AR4 GWP100,IPCC AR5 GWP100; CH4=28 and N2O=265,egrid2020_data.xlsx,"ST20!STCO2AN, STCH4AN, STN2OAN, STNGENAN; reported comparison from STC2ERTA",Two-phase,18.200272057783415,2.819329915902762,21.01960197368618,13.412860621396153,0.0
2020,DE,5205372.001,342.46612958757845,342.4758471211,341.81873382396736,IPCC AR4 GWP100,IPCC AR5 GWP100; CH4=28 and N2O=265,egrid2020_data.xlsx,"ST20!STCO2AN, STCH4AN, STN2OAN, STNGENAN; reported comparison from STC2ERTA",Air-cooled,21.647604013921363,3.5104211643502636,25.158025178271625,13.95348458185871,25.962044580141843
2020,DE,5205372.001,342.46612958757845,342.4758471211,341.81873382396736,IPCC AR4 GWP100,IPCC AR5 GWP100; CH4=28 and N2O=265,egrid2020_data.xlsx,"ST20!STCO2AN, STCH4AN, STN2OAN, STNGENAN; reported comparison from STC2ERTA",Cold plate,18.38163940834279,2.9474308328855217,21.32907024122831,13.81884348239543,6.791104529896663
2020,DE,5205372.001,342.46612958757845,342.4758471211,341.81873382396736,IPCC AR4 GWP100,IPCC AR5 GWP100; CH4=28 and N2O=265,egrid2020_data.xlsx,"ST20!STCO2AN, STCH4AN, STN2OAN, STNGENAN; reported comparison from STC2ERTA",One-phase,18.01970515941438,3.049789121460012,21.06949428087439,14.474904242141328,5.491450902144002
2020,DE,5205372.001,342.46612958757845,342.4758471211,341.81873382396736,IPCC AR4 GWP100,IPCC AR5 GWP100; CH4=28 and N2O=265,egrid2020_data.xlsx,"ST20!STCO2AN, STCH4AN, STN2OAN, STNGENAN; reported comparison from STC2ERTA",Two-phase,17.153373180596382,2.819329915902762,19.972703096499146,14.115915618837489,0.0
2020,FL,250780435.174,381.97201659927055,382.00143265053003,380.5683903805379,IPCC AR4 GWP100,IPCC AR5 GWP100; CH4=28 and N2O=265,egrid2020_data.xlsx,"ST20!STCO2AN, STCH4AN, STN2OAN, STNGENAN; reported comparison from STC2ERTA",Air-cooled,24.143298529131595,3.5104211643502636,27.653719693481857,12.694209687739368,25.983507425307884
2020,FL,250780435.174,381.97201659927055,382.00143265053003,380.5683903805379,IPCC AR4 GWP100,IPCC AR5 GWP100; CH4=28 and N2O=265,egrid2020_data.xlsx,"ST20!STCO2AN, STCH4AN, STN2OAN, STNGENAN; reported comparison from STC2ERTA",Cold plate,20.50080957712783,2.9474308328855217,23.44824041001335,12.569944615660154,6.824383936372147
2020,FL,250780435.174,381.97201659927055,382.00143265053003,380.5683903805379,IPCC AR4 GWP100,IPCC AR5 GWP100; CH4=28 and N2O=265,egrid2020_data.xlsx,"ST20!STCO2AN, STCH4AN, STN2OAN, STNGENAN; reported comparison from STC2ERTA",One-phase,20.097148894209933,3.049789121460012,23.146938015669946,13.175777804370385,5.4517247478155895
2020,FL,250780435.174,381.97201659927055,382.00143265053003,380.5683903805379,IPCC AR4 GWP100,IPCC AR5 GWP100; CH4=28 and N2O=265,egrid2020_data.xlsx,"ST20!STCO2AN, STCH4AN, STN2OAN, STNGENAN; reported comparison from STC2ERTA",Two-phase,19.130939812757536,2.819329915902762,21.9502697286603,12.844169801802408,0.0
2020,GA,119593376.135,328.13560640556386,328.17997639581006,326.4808923944263,IPCC AR4 GWP100,IPCC AR5 GWP100; CH4=28 and N2O=265,egrid2020_data.xlsx,"ST20!STCO2AN, STCH4AN, STN2OAN, STNGENAN; reported comparison from STC2ERTA",Air-cooled,20.742305821404834,3.5104211643502636,24.252726985755096,14.474335881536614,25.953169425990463
2020,GA,119593376.135,328.13560640556386,328.17997639581006,326.4808923944263,IPCC AR4 GWP100,IPCC AR5 GWP100; CH4=28 and N2O=265,egrid2020_data.xlsx,"ST20!STCO2AN, STCH4AN, STN2OAN, STNGENAN; reported comparison from STC2ERTA",Cold plate,17.61292316052332,2.9474308328855217,20.560353993408842,14.335506255536249,6.777343080272846
2020,GA,119593376.135,328.13560640556386,328.17997639581006,326.4808923944263,IPCC AR4 GWP100,IPCC AR5 GWP100; CH4=28 and N2O=265,egrid2020_data.xlsx,"ST20!STCO2AN, STCH4AN, STN2OAN, STNGENAN; reported comparison from STC2ERTA",One-phase,17.266124924853187,3.049789121460012,20.3159140463132,15.011823315001019,5.5078781624060325
2020,GA,119593376.135,328.13560640556386,328.17997639581006,326.4808923944263,IPCC AR4 GWP100,IPCC AR5 GWP100; CH4=28 and N2O=265,egrid2020_data.xlsx,"ST20!STCO2AN, STCH4AN, STN2OAN, STNGENAN; reported comparison from STC2ERTA",Two-phase,16.43602276500448,2.819329915902762,19.255352680907244,14.641798374839867,0.0
2020,HI,9069239.997,692.2641754595409,692.40965998974,687.2934060964627,IPCC AR4 GWP100,IPCC AR5 GWP100; CH4=28 and N2O=265,egrid2020_data.xlsx,"ST20!STCO2AN, STCH4AN, STN2OAN, STNGENAN; reported comparison from STC2ERTA",Air-cooled,43.745299586622906,3.5104211643502636,47.25572075097317,7.428563375108338,26.073333405855514
2020,HI,9069239.997,692.2641754595409,692.40965998974,687.2934060964627,IPCC AR4 GWP100,IPCC AR5 GWP100; CH4=28 and N2O=265,egrid2020_data.xlsx,"ST20!STCO2AN, STCH4AN, STN2OAN, STNGENAN; reported comparison from STC2ERTA",Cold plate,37.14546525768458,2.9474308328855217,40.0928960905701,7.351503932834528,6.963664413660897
2020,HI,9069239.997,692.2641754595409,692.40965998974,687.2934060964627,IPCC AR4 GWP100,IPCC AR5 GWP100; CH4=28 and N2O=265,egrid2020_data.xlsx,"ST20!STCO2AN, STCH4AN, STN2OAN, STNGENAN; reported comparison from STC2ERTA",One-phase,36.41407151360783,3.049789121460012,39.46386063506784,7.7280556751965355,5.2854634372424325
2020,HI,9069239.997,692.2641754595409,692.40965998974,687.2934060964627,IPCC AR4 GWP100,IPCC AR5 GWP100; CH4=28 and N2O=265,egrid2020_data.xlsx,"ST20!STCO2AN, STCH4AN, STN2OAN, STNGENAN; reported comparison from STC2ERTA",Two-phase,34.66339499853054,2.819329915902762,37.482724914433305,7.521678112620716,0.0
2020,IA,59636671.813,279.0011152394799,279.04911883926,277.19343988783345,IPCC AR4 GWP100,IPCC AR5 GWP100; CH4=28 and N2O=265,egrid2020_data.xlsx,"ST20!STCO2AN, STCH4AN, STN2OAN, STNGENAN; reported comparison from STC2ERTA",Air-cooled,17.63834614889957,3.5104211643502636,21.14876731324983,16.59870342490819,25.916983772428324
2020,IA,59636671.813,279.0011152394799,279.04911883926,277.19343988783345,IPCC AR4 GWP100,IPCC AR5 GWP100; CH4=28 and N2O=265,egrid2020_data.xlsx,"ST20!STCO2AN, STCH4AN, STN2OAN, STNGENAN; reported comparison from STC2ERTA",Cold plate,14.977256534261244,2.9474308328855217,17.924687367146767,16.44341556711173,6.721235091599498
2020,IA,59636671.813,279.0011152394799,279.04911883926,277.19343988783345,IPCC AR4 GWP100,IPCC AR5 GWP100; CH4=28 and N2O=265,egrid2020_data.xlsx,"ST20!STCO2AN, STCH4AN, STN2OAN, STNGENAN; reported comparison from STC2ERTA",One-phase,14.68235454133695,3.049789121460012,17.73214366279696,17.19921279376188,5.574855156684411
2020,IA,59636671.813,279.0011152394799,279.04911883926,277.19343988783345,IPCC AR4 GWP100,IPCC AR5 GWP100; CH4=28 and N2O=265,egrid2020_data.xlsx,"ST20!STCO2AN, STCH4AN, STN2OAN, STNGENAN; reported comparison from STC2ERTA",Two-phase,13.976472111464984,2.819329915902762,16.795802027367746,16.78592014426482,0.0
2020,ID,17674572.412,96.78697131552254,96.79479738852,96.54193200408552,IPCC AR4 GWP100,IPCC AR5 GWP100; CH4=28 and N2O=265,egrid2020_data.xlsx,"ST20!STCO2AN, STCH4AN, STN2OAN, STNGENAN; reported comparison from STC2ERTA",Air-cooled,6.127382239896287,3.5104211643502636,9.63780340424655,36.42345685121075,25.58029629721723
2020,ID,17674572.412,96.78697131552254,96.79479738852,96.54193200408552,IPCC AR4 GWP100,IPCC AR5 GWP100; CH4=28 and N2O=265,egrid2020_data.xlsx,"ST20!STCO2AN, STCH4AN, STN2OAN, STNGENAN; reported comparison from STC2ERTA",Cold plate,5.202946745442369,2.9474308328855217,8.150377578327891,36.16312010774608,6.199181316526148
2020,ID,17674572.412,96.78697131552254,96.79479738852,96.54193200408552,IPCC AR4 GWP100,IPCC AR5 GWP100; CH4=28 and N2O=265,egrid2020_data.xlsx,"ST20!STCO2AN, STCH4AN, STN2OAN, STNGENAN; reported comparison from STC2ERTA",One-phase,5.100500789415643,3.049789121460012,8.150289910875655,37.41939433823584,6.198039012189183
2020,ID,17674572.412,96.78697131552254,96.79479738852,96.54193200408552,IPCC AR4 GWP100,IPCC AR5 GWP100; CH4=28 and N2O=265,egrid2020_data.xlsx,"ST20!STCO2AN, STCH4AN, STN2OAN, STNGENAN; reported comparison from STC2ERTA",Two-phase,4.855284405309122,2.819329915902762,7.674614321211884,36.7357862936566,0.0
2020,IL,173337706.25,252.36161816109538,252.39875273228,250.92796061041128,IPCC AR4 GWP100,IPCC AR5 GWP100; CH4=28 and N2O=265,egrid2020_data.xlsx,"ST20!STCO2AN, STCH4AN, STN2OAN, STNGENAN; reported comparison from STC2ERTA",Air-cooled,15.955456539895048,3.5104211643502636,19.46587770424531,18.03371631983836,25.89255208270358
2020,IL,173337706.25,252.36161816109538,252.39875273228,250.92796061041128,IPCC AR4 GWP100,IPCC AR5 GWP100; CH4=28 and N2O=265,egrid2020_data.xlsx,"ST20!STCO2AN, STCH4AN, STN2OAN, STNGENAN; reported comparison from STC2ERTA",Cold plate,13.5482637488761,2.9474308328855217,16.495694581761622,17.867879514114748,6.683352316648561
2020,IL,173337706.25,252.36161816109538,252.39875273228,250.92796061041128,IPCC AR4 GWP100,IPCC AR5 GWP100; CH4=28 and N2O=265,egrid2020_data.xlsx,"ST20!STCO2AN, STCH4AN, STN2OAN, STNGENAN; reported comparison from STC2ERTA",One-phase,13.281498605936351,3.049789121460012,16.33128772739636,18.674517113208857,5.620076424834131
2020,IL,173337706.25,252.36161816109538,252.39875273228,250.92796061041128,IPCC AR4 GWP100,IPCC AR5 GWP100; CH4=28 and N2O=265,egrid2020_data.xlsx,"ST20!STCO2AN, STCH4AN, STN2OAN, STNGENAN; reported comparison from STC2ERTA",Two-phase,12.642965019112488,2.819329915902762,15.46229493501525,18.233579994119943,0.0
2020,IN,90072288.007,702.7112135803358,702.82096565835,698.496697689079,IPCC AR4 GWP100,IPCC AR5 GWP100; CH4=28 and N2O=265,egrid2020_data.xlsx,"ST20!STCO2AN, STCH4AN, STN2OAN, STNGENAN; reported comparison from STC2ERTA",Air-cooled,44.405267447376005,3.5104211643502636,47.91568861172627,7.326245883255799,26.075080095418546
2020,IN,90072288.007,702.7112135803358,702.82096565835,698.496697689079,IPCC AR4 GWP100,IPCC AR5 GWP100; CH4=28 and N2O=265,egrid2020_data.xlsx,"ST20!STCO2AN, STCH4AN, STN2OAN, STNGENAN; reported comparison from STC2ERTA",Cold plate,37.70586405422841,2.9474308328855217,40.65329488711393,7.250164694079404,6.966372758780337
2020,IN,90072288.007,702.7112135803358,702.82096565835,698.496697689079,IPCC AR4 GWP100,IPCC AR5 GWP100; CH4=28 and N2O=265,egrid2020_data.xlsx,"ST20!STCO2AN, STCH4AN, STN2OAN, STNGENAN; reported comparison from STC2ERTA",One-phase,36.96343606489084,3.049789121460012,40.01322518635085,7.621952760009816,5.282230442799785
2020,IN,90072288.007,702.7112135803358,702.82096565835,698.496697689079,IPCC AR4 GWP100,IPCC AR5 GWP100; CH4=28 and N2O=265,egrid2020_data.xlsx,"ST20!STCO2AN, STCH4AN, STN2OAN, STNGENAN; reported comparison from STC2ERTA",Two-phase,35.18634779254033,2.819329915902762,38.005677708443095,7.418180876896816,0.0
2020,KS,54541831.47,364.70560211768867,364.77580880741,362.0910577355384,IPCC AR4 GWP100,IPCC AR5 GWP100; CH4=28 and N2O=265,egrid2020_data.xlsx,"ST20!STCO2AN, STCH4AN, STN2OAN, STNGENAN; reported comparison from STC2ERTA",Air-cooled,23.052532084467867,3.5104211643502636,26.56295324881813,13.215477704861199,25.974622143843497
2020,KS,54541831.47,364.70560211768867,364.77580880741,362.0910577355384,IPCC AR4 GWP100,IPCC AR5 GWP100; CH4=28 and N2O=265,egrid2020_data.xlsx,"ST20!STCO2AN, STCH4AN, STN2OAN, STNGENAN; reported comparison from STC2ERTA",Cold plate,19.574606591724237,2.9474308328855217,22.52203742460976,13.086874767665883,6.810606783752582
2020,KS,54541831.47,364.70560211768867,364.77580880741,362.0910577355384,IPCC AR4 GWP100,IPCC AR5 GWP100; CH4=28 and N2O=265,egrid2020_data.xlsx,"ST20!STCO2AN, STCH4AN, STN2OAN, STNGENAN; reported comparison from STC2ERTA",One-phase,19.189182833948344,3.049789121460012,22.238971955408356,13.713714498921902,5.4681707529922186
2020,KS,54541831.47,364.70560211768867,364.77580880741,362.0910577355384,IPCC AR4 GWP100,IPCC AR5 GWP100; CH4=28 and N2O=265,egrid2020_data.xlsx,"ST20!STCO2AN, STCH4AN, STN2OAN, STNGENAN; reported comparison from STC2ERTA",Two-phase,18.266625966931603,2.819329915902762,21.085955882834366,13.37065263518795,0.0
2020,KY,63513834.15,764.1001598499215,764.24599081138,758.6671832696501,IPCC AR4 GWP100,IPCC AR5 GWP100; CH4=28 and N2O=265,egrid2020_data.xlsx,"ST20!STCO2AN, STCH4AN, STN2OAN, STNGENAN; reported comparison from STC2ERTA",Air-cooled,48.28337443568886,3.5104211643502636,51.793795600039125,6.777686639261502,26.084445523962742
2020,KY,63513834.15,764.1001598499215,764.24599081138,758.6671832696501,IPCC AR4 GWP100,IPCC AR5 GWP100; CH4=28 and N2O=265,egrid2020_data.xlsx,"ST20!STCO2AN, STCH4AN, STN2OAN, STNGENAN; reported comparison from STC2ERTA",Cold plate,40.998882727347976,2.9474308328855217,43.9463135602335,6.706889825572575,6.980894407747562
2020,KY,63513834.15,764.1001598499215,764.24599081138,758.6671832696501,IPCC AR4 GWP100,IPCC AR5 GWP100; CH4=28 and N2O=265,egrid2020_data.xlsx,"ST20!STCO2AN, STCH4AN, STN2OAN, STNGENAN; reported comparison from STC2ERTA",One-phase,40.1916152417236,3.049789121460012,43.24140436318361,7.052937263195477,5.264895720547469
2020,KY,63513834.15,764.1001598499215,764.24599081138,758.6671832696501,IPCC AR4 GWP100,IPCC AR5 GWP100; CH4=28 and N2O=265,egrid2020_data.xlsx,"ST20!STCO2AN, STCH4AN, STN2OAN, STNGENAN; reported comparison from STC2ERTA",Two-phase,38.25932604740998,2.819329915902762,41.07865596331274,6.863247712925903,0.0
2020,LA,100554704.576,345.497153727143,345.51854473906,344.6526236459386,IPCC AR4 GWP100,IPCC AR5 GWP100; CH4=28 and N2O=265,egrid2020_data.xlsx,"ST20!STCO2AN, STCH4AN, STN2OAN, STNGENAN; reported comparison from STC2ERTA",Air-cooled,21.839082066757946,3.5104211643502636,25.34950323110821,13.848086616712756,25.963840682870764
2020,LA,100554704.576,345.497153727143,345.51854473906,344.6526236459386,IPCC AR4 GWP100,IPCC AR5 GWP100; CH4=28 and N2O=265,egrid2020_data.xlsx,"ST20!STCO2AN, STCH4AN, STN2OAN, STNGENAN; reported comparison from STC2ERTA",Cold plate,18.544229250599248,2.9474308328855217,21.49166008348477,13.714300437640318,6.793889493042293
2020,LA,100554704.576,345.497153727143,345.51854473906,344.6526236459386,IPCC AR4 GWP100,IPCC AR5 GWP100; CH4=28 and N2O=265,egrid2020_data.xlsx,"ST20!STCO2AN, STCH4AN, STN2OAN, STNGENAN; reported comparison from STC2ERTA",One-phase,18.179093609720248,3.049789121460012,21.22888273118026,14.3662252982376,5.488126447550656
2020,LA,100554704.576,345.497153727143,345.51854473906,344.6526236459386,IPCC AR4 GWP100,IPCC AR5 GWP100; CH4=28 and N2O=265,egrid2020_data.xlsx,"ST20!STCO2AN, STCH4AN, STN2OAN, STNGENAN; reported comparison from STC2ERTA",Two-phase,17.305098724637546,2.819329915902762,20.12442864054031,14.009490486717576,0.0
2020,MA,18195165.072,399.0394451264077,399.11637995537,395.1755104653154,IPCC AR4 GWP100,IPCC AR5 GWP100; CH4=28 and N2O=265,egrid2020_data.xlsx,"ST20!STCO2AN, STCH4AN, STN2OAN, STNGENAN; reported comparison from STC2ERTA",Air-cooled,25.2214944889214,3.5104211643502636,28.731915653271663,12.217845850283695,25.991628388094302
2020,MA,18195165.072,399.0394451264077,399.11637995537,395.1755104653154,IPCC AR4 GWP100,IPCC AR5 GWP100; CH4=28 and N2O=265,egrid2020_data.xlsx,"ST20!STCO2AN, STCH4AN, STN2OAN, STNGENAN; reported comparison from STC2ERTA",Cold plate,21.416338581244997,2.9474308328855217,24.36376941413052,12.097597801003928,6.83697596783166
2020,MA,18195165.072,399.0394451264077,399.11637995537,395.1755104653154,IPCC AR4 GWP100,IPCC AR5 GWP100; CH4=28 and N2O=265,egrid2020_data.xlsx,"ST20!STCO2AN, STCH4AN, STN2OAN, STNGENAN; reported comparison from STC2ERTA",One-phase,20.994651143742473,3.049789121460012,24.044440265202486,12.683968051748401,5.436693440528395
2020,MA,18195165.072,399.0394451264077,399.11637995537,395.1755104653154,IPCC AR4 GWP100,IPCC AR5 GWP100; CH4=28 and N2O=265,egrid2020_data.xlsx,"ST20!STCO2AN, STCH4AN, STN2OAN, STNGENAN; reported comparison from STC2ERTA",Two-phase,19.985292915677935,2.819329915902762,22.804622831580698,12.362975422678106,0.0
2020,MD,35998332.922,292.68325502816634,292.71449617025,291.31499864613426,IPCC AR4 GWP100,IPCC AR5 GWP100; CH4=28 and N2O=265,egrid2020_data.xlsx,"ST20!STCO2AN, STCH4AN, STN2OAN, STNGENAN; reported comparison from STC2ERTA",Air-cooled,18.502684195957183,3.5104211643502636,22.013105360307446,15.94696026249899,25.92808310179846
2020,MD,35998332.922,292.68325502816634,292.71449617025,291.31499864613426,IPCC AR4 GWP100,IPCC AR5 GWP100; CH4=28 and N2O=265,egrid2020_data.xlsx,"ST20!STCO2AN, STCH4AN, STN2OAN, STNGENAN; reported comparison from STC2ERTA",Cold plate,15.711192275958426,2.9474308328855217,18.658623108843948,15.796614871804112,6.738445255995518
2020,MD,35998332.922,292.68325502816634,292.71449617025,291.31499864613426,IPCC AR4 GWP100,IPCC AR5 GWP100; CH4=28 and N2O=265,egrid2020_data.xlsx,"ST20!STCO2AN, STCH4AN, STN2OAN, STNGENAN; reported comparison from STC2ERTA",One-phase,15.401839097504277,3.049789121460012,18.451628218964288,16.528563687000194,5.554311111005039
2020,MD,35998332.922,292.68325502816634,292.71449617025,291.31499864613426,IPCC AR4 GWP100,IPCC AR5 GWP100; CH4=28 and N2O=265,egrid2020_data.xlsx,"ST20!STCO2AN, STCH4AN, STN2OAN, STNGENAN; reported comparison from STC2ERTA",Two-phase,14.66136606397042,2.819329915902762,17.480695979873182,16.12824752028675,0.0
2020,ME,10001870.147,103.39463838897196,103.50025339423,99.51668490159966,IPCC AR4 GWP100,IPCC AR5 GWP100; CH4=28 and N2O=265,egrid2020_data.xlsx,"ST20!STCO2AN, STCH4AN, STN2OAN, STNGENAN; reported comparison from STC2ERTA",Air-cooled,6.544806571329787,3.5104211643502636,10.05522773568005,34.91140386501498,25.60591233452303
2020,ME,10001870.147,103.39463838897196,103.50025339423,99.51668490159966,IPCC AR4 GWP100,IPCC AR5 GWP100; CH4=28 and N2O=265,egrid2020_data.xlsx,"ST20!STCO2AN, STCH4AN, STN2OAN, STNGENAN; reported comparison from STC2ERTA",Cold plate,5.557394449481338,2.9474308328855217,8.504825282366859,34.655983339204624,6.238900492208388
2020,ME,10001870.147,103.39463838897196,103.50025339423,99.51668490159966,IPCC AR4 GWP100,IPCC AR5 GWP100; CH4=28 and N2O=265,egrid2020_data.xlsx,"ST20!STCO2AN, STCH4AN, STN2OAN, STNGENAN; reported comparison from STC2ERTA",One-phase,5.4479694226168105,3.049789121460012,8.497758544076822,35.889336060104945,6.150625603415971
2020,ME,10001870.147,103.39463838897196,103.50025339423,99.51668490159966,IPCC AR4 GWP100,IPCC AR5 GWP100; CH4=28 and N2O=265,egrid2020_data.xlsx,"ST20!STCO2AN, STCH4AN, STN2OAN, STNGENAN; reported comparison from STC2ERTA",Two-phase,5.186047815760234,2.819329915902762,8.005377731662996,35.21794986327383,0.0
2020,MI,106624721.023,425.4414938502769,425.48370442347,422.9662713208032,IPCC AR4 GWP100,IPCC AR5 GWP100; CH4=28 and N2O=265,egrid2020_data.xlsx,"ST20!STCO2AN, STCH4AN, STN2OAN, STNGENAN; reported comparison from STC2ERTA",Air-cooled,26.88938383844981,3.5104211643502636,30.399805002800072,11.547512110774806,26.003057887358615
2020,MI,106624721.023,425.4414938502769,425.48370442347,422.9662713208032,IPCC AR4 GWP100,IPCC AR5 GWP100; CH4=28 and N2O=265,egrid2020_data.xlsx,"ST20!STCO2AN, STCH4AN, STN2OAN, STNGENAN; reported comparison from STC2ERTA",Cold plate,22.832594189779336,2.9474308328855217,25.78002502266486,11.433002218943727,6.854698080109167
2020,MI,106624721.023,425.4414938502769,425.48370442347,422.9662713208032,IPCC AR4 GWP100,IPCC AR5 GWP100; CH4=28 and N2O=265,egrid2020_data.xlsx,"ST20!STCO2AN, STCH4AN, STN2OAN, STNGENAN; reported comparison from STC2ERTA",One-phase,22.38302069714438,3.049789121460012,25.432809818604394,11.99155399349173,5.4155382745586955
2020,MI,106624721.023,425.4414938502769,425.48370442347,422.9662713208032,IPCC AR4 GWP100,IPCC AR5 GWP100; CH4=28 and N2O=265,egrid2020_data.xlsx,"ST20!STCO2AN, STCH4AN, STN2OAN, STNGENAN; reported comparison from STC2ERTA",Two-phase,21.306913932858595,2.819329915902762,24.12624384876136,11.685739121166622,0.0
2020,MN,56500626.797,349.37029857428496,349.43213970742,347.0203395875995,IPCC AR4 GWP100,IPCC AR5 GWP100; CH4=28 and N2O=265,egrid2020_data.xlsx,"ST20!STCO2AN, STCH4AN, STN2OAN, STNGENAN; reported comparison from STC2ERTA",Air-cooled,22.083759179026462,3.5104211643502636,25.594180343376724,13.715700668096183,25.966096764499724
2020,MN,56500626.797,349.37029857428496,349.43213970742,347.0203395875995,IPCC AR4 GWP100,IPCC AR5 GWP100; CH4=28 and N2O=265,egrid2020_data.xlsx,"ST20!STCO2AN, STCH4AN, STN2OAN, STNGENAN; reported comparison from STC2ERTA",Cold plate,18.751992033321162,2.9474308328855217,21.699422866206685,13.58299181991455,6.7973876805841105
2020,MN,56500626.797,349.37029857428496,349.43213970742,347.0203395875995,IPCC AR4 GWP100,IPCC AR5 GWP100; CH4=28 and N2O=265,egrid2020_data.xlsx,"ST20!STCO2AN, STCH4AN, STN2OAN, STNGENAN; reported comparison from STC2ERTA",One-phase,18.382765545861545,3.049789121460012,21.432554667321558,14.229704152394195,5.483950605705057
2020,MN,56500626.797,349.37029857428496,349.43213970742,347.0203395875995,IPCC AR4 GWP100,IPCC AR5 GWP100; CH4=28 and N2O=265,egrid2020_data.xlsx,"ST20!STCO2AN, STCH4AN, STN2OAN, STNGENAN; reported comparison from STC2ERTA",Two-phase,17.498978740772053,2.819329915902762,20.318308656674816,13.87581005654512,0.0
2020,MO,71871122.027,733.9576756322526,734.1034170477701,728.5351497547764,IPCC AR4 GWP100,IPCC AR5 GWP100; CH4=28 and N2O=265,egrid2020_data.xlsx,"ST20!STCO2AN, STCH4AN, STN2OAN, STNGENAN; reported comparison from STC2ERTA",Air-cooled,46.379191585305485,3.5104211643502636,49.88961274965575,7.03637685456776,26.08002879076472
2020,MO,71871122.027,733.9576756322526,734.1034170477701,728.5351497547764,IPCC AR4 GWP100,IPCC AR5 GWP100; CH4=28 and N2O=265,egrid2020_data.xlsx,"ST20!STCO2AN, STCH4AN, STN2OAN, STNGENAN; reported comparison from STC2ERTA",Cold plate,39.38198311569635,2.9474308328855217,42.32941394858187,6.963079707330243,6.974046002596546
2020,MO,71871122.027,733.9576756322526,734.1034170477701,728.5351497547764,IPCC AR4 GWP100,IPCC AR5 GWP100; CH4=28 and N2O=265,egrid2020_data.xlsx,"ST20!STCO2AN, STCH4AN, STN2OAN, STNGENAN; reported comparison from STC2ERTA",One-phase,38.60655236310408,3.049789121460012,41.65634148456409,7.321308143659525,5.273070770187682
2020,MO,71871122.027,733.9576756322526,734.1034170477701,728.5351497547764,IPCC AR4 GWP100,IPCC AR5 GWP100; CH4=28 and N2O=265,egrid2020_data.xlsx,"ST20!STCO2AN, STCH4AN, STN2OAN, STNGENAN; reported comparison from STC2ERTA",Two-phase,36.750468114877926,2.819329915902762,39.56979803078069,7.124954021017878,0.0
2020,MS,66499288.151,405.54879265850764,405.57236015758,404.5358656714506,IPCC AR4 GWP100,IPCC AR5 GWP100; CH4=28 and N2O=265,egrid2020_data.xlsx,"ST20!STCO2AN, STCH4AN, STN2OAN, STNGENAN; reported comparison from STC2ERTA",Air-cooled,25.632707707059023,3.5104211643502636,29.143128871409285,12.045450506840204,25.994567610107012
2020,MS,66499288.151,405.54879265850764,405.57236015758,404.5358656714506,IPCC AR4 GWP100,IPCC AR5 GWP100; CH4=28 and N2O=265,egrid2020_data.xlsx,"ST20!STCO2AN, STCH4AN, STN2OAN, STNGENAN; reported comparison from STC2ERTA",Cold plate,21.765512239950553,2.9474308328855217,24.712943072836076,11.926668645651002,6.841533404803579
2020,MS,66499288.151,405.54879265850764,405.57236015758,404.5358656714506,IPCC AR4 GWP100,IPCC AR5 GWP100; CH4=28 and N2O=265,egrid2020_data.xlsx,"ST20!STCO2AN, STCH4AN, STN2OAN, STNGENAN; reported comparison from STC2ERTA",One-phase,21.336949577496558,3.049789121460012,24.38673869895657,12.505932667374266,5.431253155870008
2020,MS,66499288.151,405.54879265850764,405.57236015758,404.5358656714506,IPCC AR4 GWP100,IPCC AR5 GWP100; CH4=28 and N2O=265,egrid2020_data.xlsx,"ST20!STCO2AN, STCH4AN, STN2OAN, STNGENAN; reported comparison from STC2ERTA",Two-phase,20.311134693963073,2.819329915902762,23.130464609865836,12.188816625413711,0.0
2020,MT,23353290.001,413.88212163365245,413.96517977969,410.8319305839585,IPCC AR4 GWP100,IPCC AR5 GWP100; CH4=28 and N2O=265,egrid2020_data.xlsx,"ST20!STCO2AN, STCH4AN, STN2OAN, STNGENAN; reported comparison from STC2ERTA",Air-cooled,26.159146802340096,3.5104211643502636,29.66956796669036,11.831723226611752,25.998211703610387
2020,MT,23353290.001,413.88212163365245,413.96517977969,410.8319305839585,IPCC AR4 GWP100,IPCC AR5 GWP100; CH4=28 and N2O=265,egrid2020_data.xlsx,"ST20!STCO2AN, STCH4AN, STN2OAN, STNGENAN; reported comparison from STC2ERTA",Cold plate,22.212527697813133,2.9474308328855217,25.159958530698656,11.714768246892161,6.847183786567723
2020,MT,23353290.001,413.88212163365245,413.96517977969,410.8319305839585,IPCC AR4 GWP100,IPCC AR5 GWP100; CH4=28 and N2O=265,egrid2020_data.xlsx,"ST20!STCO2AN, STCH4AN, STN2OAN, STNGENAN; reported comparison from STC2ERTA",One-phase,21.775163306611947,3.049789121460012,24.82495242807196,12.285176095690407,5.424508205711653
2020,MT,23353290.001,413.88212163365245,413.96517977969,410.8319305839585,IPCC AR4 GWP100,IPCC AR5 GWP100; CH4=28 and N2O=265,egrid2020_data.xlsx,"ST20!STCO2AN, STCH4AN, STN2OAN, STNGENAN; reported comparison from STC2ERTA",Two-phase,20.72828045533253,2.819329915902762,23.547610371235294,11.972891819828686,0.0
2020,NC,124334264.838,294.1103001505701,294.12970436465,292.49716259726256,IPCC AR4 GWP100,IPCC AR5 GWP100; CH4=28 and N2O=265,egrid2020_data.xlsx,"ST20!STCO2AN, STCH4AN, STN2OAN, STNGENAN; reported comparison from STC2ERTA",Air-cooled,18.59283452428386,3.5104211643502636,22.10325568863412,15.881918997821588,25.929190876221632
2020,NC,124334264.838,294.1103001505701,294.12970436465,292.49716259726256,IPCC AR4 GWP100,IPCC AR5 GWP100; CH4=28 and N2O=265,egrid2020_data.xlsx,"ST20!STCO2AN, STCH4AN, STN2OAN, STNGENAN; reported comparison from STC2ERTA",Cold plate,15.78774166344625,2.9474308328855217,18.73517249633177,15.732072034365363,6.740162925532145
2020,NC,124334264.838,294.1103001505701,294.12970436465,292.49716259726256,IPCC AR4 GWP100,IPCC AR5 GWP100; CH4=28 and N2O=265,egrid2020_data.xlsx,"ST20!STCO2AN, STCH4AN, STN2OAN, STNGENAN; reported comparison from STC2ERTA",One-phase,15.476881228514545,3.049789121460012,18.526670349974555,16.46161487114818,5.552260701688194
2020,NC,124334264.838,294.1103001505701,294.12970436465,292.49716259726256,IPCC AR4 GWP100,IPCC AR5 GWP100; CH4=28 and N2O=265,egrid2020_data.xlsx,"ST20!STCO2AN, STCH4AN, STN2OAN, STNGENAN; reported comparison from STC2ERTA",Two-phase,14.732800400220578,2.819329915902762,17.55213031612334,16.062608157101778,0.0
2020,ND,42176424.004,629.5253860763758,629.65152686128,624.845639641219,IPCC AR4 GWP100,IPCC AR5 GWP100; CH4=28 and N2O=265,egrid2020_data.xlsx,"ST20!STCO2AN, STCH4AN, STN2OAN, STNGENAN; reported comparison from STC2ERTA",Air-cooled,39.78191933121552,3.5104211643502636,43.29234049556578,8.10864260090031,26.06172481938629
2020,ND,42176424.004,629.5253860763758,629.65152686128,624.845639641219,IPCC AR4 GWP100,IPCC AR5 GWP100; CH4=28 and N2O=265,egrid2020_data.xlsx,"ST20!STCO2AN, STCH4AN, STN2OAN, STNGENAN; reported comparison from STC2ERTA",Cold plate,33.780038458201695,2.9474308328855217,36.72746929108722,8.025140010397571,6.945664616116498
2020,ND,42176424.004,629.5253860763758,629.65152686128,624.845639641219,IPCC AR4 GWP100,IPCC AR5 GWP100; CH4=28 and N2O=265,egrid2020_data.xlsx,"ST20!STCO2AN, STCH4AN, STN2OAN, STNGENAN; reported comparison from STC2ERTA",One-phase,33.11490992550983,3.049789121460012,36.16469904696984,8.433055443096649,5.3069500805110525
2020,ND,42176424.004,629.5253860763758,629.65152686128,624.845639641219,IPCC AR4 GWP100,IPCC AR5 GWP100; CH4=28 and N2O=265,egrid2020_data.xlsx,"ST20!STCO2AN, STCH4AN, STN2OAN, STNGENAN; reported comparison from STC2ERTA",Two-phase,31.52284694832186,2.819329915902762,34.34217686422462,8.20952593380809,0.0
2020,NE,36756238.998,544.5061815365895,544.61384370316,540.5212245925552,IPCC AR4 GWP100,IPCC AR5 GWP100; CH4=28 and N2O=265,egrid2020_data.xlsx,"ST20!STCO2AN, STCH4AN, STN2OAN, STNGENAN; reported comparison from STC2ERTA",Air-cooled,34.4110245479979,3.5104211643502636,37.92144571234816,9.257086849954097,26.04212634640357
2020,NE,36756238.998,544.5061815365895,544.61384370316,540.5212245925552,IPCC AR4 GWP100,IPCC AR5 GWP100; CH4=28 and N2O=265,egrid2020_data.xlsx,"ST20!STCO2AN, STCH4AN, STN2OAN, STNGENAN; reported comparison from STC2ERTA",Cold plate,29.219448235756474,2.9474308328855217,32.166879068642,9.162936903502198,6.915276028599626
2020,NE,36756238.998,544.5061815365895,544.61384370316,540.5212245925552,IPCC AR4 GWP100,IPCC AR5 GWP100; CH4=28 and N2O=265,egrid2020_data.xlsx,"ST20!STCO2AN, STCH4AN, STN2OAN, STNGENAN; reported comparison from STC2ERTA",One-phase,28.6441176672267,3.049789121460012,31.69390678868671,9.6226354857226,5.343225418486441
2020,NE,36756238.998,544.5061815365895,544.61384370316,540.5212245925552,IPCC AR4 GWP100,IPCC AR5 GWP100; CH4=28 and N2O=265,egrid2020_data.xlsx,"ST20!STCO2AN, STCH4AN, STN2OAN, STNGENAN; reported comparison from STC2ERTA",Two-phase,27.266996625533114,2.819329915902762,30.086326541435877,9.370801423762678,0.0
2020,NH,16340973.012,112.40842740454687,112.44328056115,110.7280480123798,IPCC AR4 GWP100,IPCC AR5 GWP100; CH4=28 and N2O=265,egrid2020_data.xlsx,"ST20!STCO2AN, STCH4AN, STN2OAN, STNGENAN; reported comparison from STC2ERTA",Air-cooled,7.114232181259134,3.5104211643502636,10.624653345609397,33.04033600118289,25.637624995969908
2020,NH,16340973.012,112.40842740454687,112.44328056115,110.7280480123798,IPCC AR4 GWP100,IPCC AR5 GWP100; CH4=28 and N2O=265,egrid2020_data.xlsx,"ST20!STCO2AN, STCH4AN, STN2OAN, STNGENAN; reported comparison from STC2ERTA",Cold plate,6.040911065216997,2.9474308328855217,8.988341898102519,32.7917080402531,6.288072842963621
2020,NH,16340973.012,112.40842740454687,112.44328056115,110.7280480123798,IPCC AR4 GWP100,IPCC AR5 GWP100; CH4=28 and N2O=265,egrid2020_data.xlsx,"ST20!STCO2AN, STCH4AN, STN2OAN, STNGENAN; reported comparison from STC2ERTA",One-phase,5.921965602265508,3.049789121460012,8.97175472372552,33.99322892092604,6.0919277899128765
2020,NH,16340973.012,112.40842740454687,112.44328056115,110.7280480123798,IPCC AR4 GWP100,IPCC AR5 GWP100; CH4=28 and N2O=265,egrid2020_data.xlsx,"ST20!STCO2AN, STCH4AN, STN2OAN, STNGENAN; reported comparison from STC2ERTA",Two-phase,5.637255717541205,2.819329915902762,8.456585633443966,33.33886793214654,0.0
2020,NJ,61106458.407,223.28205232664934,223.30034860441,222.30043986250686,IPCC AR4 GWP100,IPCC AR5 GWP100; CH4=28 and N2O=265,egrid2020_data.xlsx,"ST20!STCO2AN, STCH4AN, STN2OAN, STNGENAN; reported comparison from STC2ERTA",Air-cooled,14.118421139671197,3.5104211643502636,17.62884230402146,19.91294211957113,25.860571817903377
2020,NJ,61106458.407,223.28205232664934,223.30034860441,222.30043986250686,IPCC AR4 GWP100,IPCC AR5 GWP100; CH4=28 and N2O=265,egrid2020_data.xlsx,"ST20!STCO2AN, STCH4AN, STN2OAN, STNGENAN; reported comparison from STC2ERTA",Cold plate,11.988381080772978,2.9474308328855217,14.9358119136585,19.733984666679923,6.633765031121119
2020,NJ,61106458.407,223.28205232664934,223.30034860441,222.30043986250686,IPCC AR4 GWP100,IPCC AR5 GWP100; CH4=28 and N2O=265,egrid2020_data.xlsx,"ST20!STCO2AN, STCH4AN, STN2OAN, STNGENAN; reported comparison from STC2ERTA",One-phase,11.752330007963453,3.049789121460012,14.802119129423465,20.60373311952124,5.679269552543342
2020,NJ,61106458.407,223.28205232664934,223.30034860441,222.30043986250686,IPCC AR4 GWP100,IPCC AR5 GWP100; CH4=28 and N2O=265,egrid2020_data.xlsx,"ST20!STCO2AN, STCH4AN, STN2OAN, STNGENAN; reported comparison from STC2ERTA",Two-phase,11.18731414219598,2.819329915902762,14.006644058098741,20.128518324648972,0.0
2020,NM,34005838.999,571.3878259866232,571.46877996901,568.2630725024909,IPCC AR4 GWP100,IPCC AR5 GWP100; CH4=28 and N2O=265,egrid2020_data.xlsx,"ST20!STCO2AN, STCH4AN, STN2OAN, STNGENAN; reported comparison from STC2ERTA",Air-cooled,36.10921126619323,3.5104211643502636,39.61963243054349,8.860307249201071,26.04889679519047
2020,NM,34005838.999,571.3878259866232,571.46877996901,568.2630725024909,IPCC AR4 GWP100,IPCC AR5 GWP100; CH4=28 and N2O=265,egrid2020_data.xlsx,"ST20!STCO2AN, STCH4AN, STN2OAN, STNGENAN; reported comparison from STC2ERTA",Cold plate,30.661430262119726,2.9474308328855217,33.608861095005246,8.769802774791293,6.9257740085019615
2020,NM,34005838.999,571.3878259866232,571.46877996901,568.2630725024909,IPCC AR4 GWP100,IPCC AR5 GWP100; CH4=28 and N2O=265,egrid2020_data.xlsx,"ST20!STCO2AN, STCH4AN, STN2OAN, STNGENAN; reported comparison from STC2ERTA",One-phase,30.0577070856138,3.049789121460012,33.10749620707381,9.211778209940226,5.3306938136922
2020,NM,34005838.999,571.3878259866232,571.46877996901,568.2630725024909,IPCC AR4 GWP100,IPCC AR5 GWP100; CH4=28 and N2O=265,egrid2020_data.xlsx,"ST20!STCO2AN, STCH4AN, STN2OAN, STNGENAN; reported comparison from STC2ERTA",Two-phase,28.612625014190066,2.819329915902762,31.43195493009283,8.969629544752072,0.0
2020,NV,40335219.989,325.042449280421,325.05472496651004,324.36360415863936,IPCC AR4 GWP100,IPCC AR5 GWP100; CH4=28 and N2O=265,egrid2020_data.xlsx,"ST20!STCO2AN, STCH4AN, STN2OAN, STNGENAN; reported comparison from STC2ERTA",Air-cooled,20.546902658589687,3.5104211643502636,24.05732382293995,14.591902200704837,25.951166303227822
2020,NV,40335219.989,325.042449280421,325.05472496651004,324.36360415863936,IPCC AR4 GWP100,IPCC AR5 GWP100; CH4=28 and N2O=265,egrid2020_data.xlsx,"ST20!STCO2AN, STCH4AN, STN2OAN, STNGENAN; reported comparison from STC2ERTA",Cold plate,17.4470003879242,2.9474308328855217,20.39443122080972,14.452135492153722,6.774237120362958
2020,NV,40335219.989,325.042449280421,325.05472496651004,324.36360415863936,IPCC AR4 GWP100,IPCC AR5 GWP100; CH4=28 and N2O=265,egrid2020_data.xlsx,"ST20!STCO2AN, STCH4AN, STN2OAN, STNGENAN; reported comparison from STC2ERTA",One-phase,17.10346916956121,3.049789121460012,20.153258291021224,15.132982852796404,5.51158579591835
2020,NV,40335219.989,325.042449280421,325.05472496651004,324.36360415863936,IPCC AR4 GWP100,IPCC AR5 GWP100; CH4=28 and N2O=265,egrid2020_data.xlsx,"ST20!STCO2AN, STCH4AN, STN2OAN, STNGENAN; reported comparison from STC2ERTA",Two-phase,16.281186997947696,2.819329915902762,19.10051691385046,14.760490140758264,0.0
2020,NY,129411955.194,189.00303314574748,189.00967261715002,188.2207005726805,IPCC AR4 GWP100,IPCC AR5 GWP100; CH4=28 and N2O=265,egrid2020_data.xlsx,"ST20!STCO2AN, STCH4AN, STN2OAN, STNGENAN; reported comparison from STC2ERTA",Air-cooled,11.952922105786854,3.5104211643502636,15.463343270137118,22.70156655662948,25.81314553353593
2020,NY,129411955.194,189.00303314574748,189.00967261715002,188.2207005726805,IPCC AR4 GWP100,IPCC AR5 GWP100; CH4=28 and N2O=265,egrid2020_data.xlsx,"ST20!STCO2AN, STCH4AN, STN2OAN, STNGENAN; reported comparison from STC2ERTA",Cold plate,10.149589944609446,2.9474308328855217,13.097020777494967,22.504590035851415,6.560227781848038
2020,NY,129411955.194,189.00303314574748,189.00967261715002,188.2207005726805,IPCC AR4 GWP100,IPCC AR5 GWP100; CH4=28 and N2O=265,egrid2020_data.xlsx,"ST20!STCO2AN, STCH4AN, STN2OAN, STNGENAN; reported comparison from STC2ERTA",One-phase,9.949744646160912,3.049789121460012,12.999533767620925,23.46075771622201,5.767052131107708
2020,NY,129411955.194,189.00303314574748,189.00967261715002,188.2207005726805,IPCC AR4 GWP100,IPCC AR5 GWP100; CH4=28 and N2O=265,egrid2020_data.xlsx,"ST20!STCO2AN, STCH4AN, STN2OAN, STNGENAN; reported comparison from STC2ERTA",Two-phase,9.471391538172409,2.819329915902762,12.29072145407517,22.938685303684686,0.0
2020,OH,120992732.718,568.4101723356015,568.47733828886,565.3848530904843,IPCC AR4 GWP100,IPCC AR5 GWP100; CH4=28 and N2O=265,egrid2020_data.xlsx,"ST20!STCO2AN, STCH4AN, STN2OAN, STNGENAN; reported comparison from STC2ERTA",Air-cooled,35.92110477252429,3.5104211643502636,39.43152593687455,8.902574985228961,26.048175525054873
2020,OH,120992732.718,568.4101723356015,568.47733828886,565.3848530904843,IPCC AR4 GWP100,IPCC AR5 GWP100; CH4=28 and N2O=265,egrid2020_data.xlsx,"ST20!STCO2AN, STCH4AN, STN2OAN, STNGENAN; reported comparison from STC2ERTA",Cold plate,30.501703313365187,2.9474308328855217,33.44913414625071,8.811680505684771,6.924655636644195
2020,OH,120992732.718,568.4101723356015,568.47733828886,565.3848530904843,IPCC AR4 GWP100,IPCC AR5 GWP100; CH4=28 and N2O=265,egrid2020_data.xlsx,"ST20!STCO2AN, STCH4AN, STN2OAN, STNGENAN; reported comparison from STC2ERTA",One-phase,29.901125158472777,3.049789121460012,32.95091427993279,9.255552351448236,5.332028831882818
2020,OH,120992732.718,568.4101723356015,568.47733828886,565.3848530904843,IPCC AR4 GWP100,IPCC AR5 GWP100; CH4=28 and N2O=265,egrid2020_data.xlsx,"ST20!STCO2AN, STCH4AN, STN2OAN, STNGENAN; reported comparison from STC2ERTA",Two-phase,28.46357106431544,2.819329915902762,31.2829009802182,9.012367227980455,0.0
2020,OK,82297831.402,321.42015937089957,321.43914018524003,320.566280781754,IPCC AR4 GWP100,IPCC AR5 GWP100; CH4=28 and N2O=265,egrid2020_data.xlsx,"ST20!STCO2AN, STCH4AN, STN2OAN, STNGENAN; reported comparison from STC2ERTA",Air-cooled,20.318072736177903,3.5104211643502636,23.828493900528166,14.732031235396098,25.948778834807108
2020,OK,82297831.402,321.42015937089957,321.43914018524003,320.566280781754,IPCC AR4 GWP100,IPCC AR5 GWP100; CH4=28 and N2O=265,egrid2020_data.xlsx,"ST20!STCO2AN, STCH4AN, STN2OAN, STNGENAN; reported comparison from STC2ERTA",Cold plate,17.25269393641541,2.9474308328855217,20.200124769300935,14.591151621820023,6.770535209856465
2020,OK,82297831.402,321.42015937089957,321.43914018524003,320.566280781754,IPCC AR4 GWP100,IPCC AR5 GWP100; CH4=28 and N2O=265,egrid2020_data.xlsx,"ST20!STCO2AN, STCH4AN, STN2OAN, STNGENAN; reported comparison from STC2ERTA",One-phase,16.912988609640575,3.049789121460012,19.962777731100587,15.277378541908309,5.516004825091803
2020,OK,82297831.402,321.42015937089957,321.43914018524003,320.566280781754,IPCC AR4 GWP100,IPCC AR5 GWP100; CH4=28 and N2O=265,egrid2020_data.xlsx,"ST20!STCO2AN, STCH4AN, STN2OAN, STNGENAN; reported comparison from STC2ERTA",Two-phase,16.099864157254014,2.819329915902762,18.919194073156778,14.901955680569538,0.0
2020,OR,63624781.93,154.9407140022277,154.95214310807,154.3868259314453,IPCC AR4 GWP100,IPCC AR5 GWP100; CH4=28 and N2O=265,egrid2020_data.xlsx,"ST20!STCO2AN, STCH4AN, STN2OAN, STNGENAN; reported comparison from STC2ERTA",Air-cooled,9.801112603657112,3.5104211643502636,13.311533768007376,26.371274907382396,25.750789046477674
2020,OR,63624781.93,154.9407140022277,154.95214310807,154.3868259314453,IPCC AR4 GWP100,IPCC AR5 GWP100; CH4=28 and N2O=265,egrid2020_data.xlsx,"ST20!STCO2AN, STCH4AN, STN2OAN, STNGENAN; reported comparison from STC2ERTA",Cold plate,8.322423006496669,2.9474308328855217,11.26985383938219,26.15323033370501,6.463540373298993
2020,OR,63624781.93,154.9407140022277,154.95214310807,154.3868259314453,IPCC AR4 GWP100,IPCC AR5 GWP100; CH4=28 and N2O=265,egrid2020_data.xlsx,"ST20!STCO2AN, STCH4AN, STN2OAN, STNGENAN; reported comparison from STC2ERTA",One-phase,8.158554602095602,3.049789121460012,11.208343723555615,27.209989242661532,5.882469421270753
2020,OR,63624781.93,154.9407140022277,154.95214310807,154.3868259314453,IPCC AR4 GWP100,IPCC AR5 GWP100; CH4=28 and N2O=265,egrid2020_data.xlsx,"ST20!STCO2AN, STCH4AN, STN2OAN, STNGENAN; reported comparison from STC2ERTA",Two-phase,7.7663164000717755,2.819329915902762,10.585646315974538,26.63351704513479,0.0
2020,PA,230134952.99,316.3637401324633,316.39292506899005,315.08097840559276,IPCC AR4 GWP100,IPCC AR5 GWP100; CH4=28 and N2O=265,egrid2020_data.xlsx,"ST20!STCO2AN, STCH4AN, STN2OAN, STNGENAN; reported comparison from STC2ERTA",Air-cooled,19.998644956813425,3.5104211643502636,23.509066121163688,14.93220167172042,25.945368559427994
2020,PA,230134952.99,316.3637401324633,316.39292506899005,315.08097840559276,IPCC AR4 GWP100,IPCC AR5 GWP100; CH4=28 and N2O=265,egrid2020_data.xlsx,"ST20!STCO2AN, STCH4AN, STN2OAN, STNGENAN; reported comparison from STC2ERTA",Cold plate,16.981458087242007,2.9474308328855217,19.92888892012753,14.789739883133736,6.7652473768754495
2020,PA,230134952.99,316.3637401324633,316.39292506899005,315.08097840559276,IPCC AR4 GWP100,IPCC AR5 GWP100; CH4=28 and N2O=265,egrid2020_data.xlsx,"ST20!STCO2AN, STCH4AN, STN2OAN, STNGENAN; reported comparison from STC2ERTA",One-phase,16.647093390928482,3.049789121460012,19.696882512388495,15.48361330551586,5.522316995028564
2020,PA,230134952.99,316.3637401324633,316.39292506899005,315.08097840559276,IPCC AR4 GWP100,IPCC AR5 GWP100; CH4=28 and N2O=265,egrid2020_data.xlsx,"ST20!STCO2AN, STCH4AN, STN2OAN, STNGENAN; reported comparison from STC2ERTA",Two-phase,15.846752362518464,2.819329915902762,18.666082278421225,15.104025975295446,0.0
2020,RI,8893740.309,375.37211722664506,375.37444812483,374.9877668126856,IPCC AR4 GWP100,IPCC AR5 GWP100; CH4=28 and N2O=265,egrid2020_data.xlsx,"ST20!STCO2AN, STCH4AN, STN2OAN, STNGENAN; reported comparison from STC2ERTA",Air-cooled,23.72636490452203,3.5104211643502636,27.23678606887229,12.888529342168484,25.980195000322116
2020,RI,8893740.309,375.37211722664506,375.37444812483,374.9877668126856,IPCC AR4 GWP100,IPCC AR5 GWP100; CH4=28 and N2O=265,egrid2020_data.xlsx,"ST20!STCO2AN, STCH4AN, STN2OAN, STNGENAN; reported comparison from STC2ERTA",Cold plate,20.14677854718762,2.9474308328855217,23.094209380073142,12.762640124968794,6.819247826193431
2020,RI,8893740.309,375.37211722664506,375.37444812483,374.9877668126856,IPCC AR4 GWP100,IPCC AR5 GWP100; CH4=28 and N2O=265,egrid2020_data.xlsx,"ST20!STCO2AN, STCH4AN, STN2OAN, STNGENAN; reported comparison from STC2ERTA",One-phase,19.750088730799753,3.049789121460012,22.799877852259765,13.376339738406703,5.457855803841394
2020,RI,8893740.309,375.37211722664506,375.37444812483,374.9877668126856,IPCC AR4 GWP100,IPCC AR5 GWP100; CH4=28 and N2O=265,egrid2020_data.xlsx,"ST20!STCO2AN, STCH4AN, STN2OAN, STNGENAN; reported comparison from STC2ERTA",Two-phase,18.800565234126694,2.819329915902762,21.619895150029457,13.040442131371393,0.0
2020,SC,98528796.629,233.04890987868475,233.08342884057,231.7458358794051,IPCC AR4 GWP100,IPCC AR5 GWP100; CH4=28 and N2O=265,egrid2020_data.xlsx,"ST20!STCO2AN, STCH4AN, STN2OAN, STNGENAN; reported comparison from STC2ERTA",Air-cooled,14.73542014076287,3.5104211643502636,18.24584130511313,19.239568653743135,25.872029276183707
2020,SC,98528796.629,233.04890987868475,233.08342884057,231.7458358794051,IPCC AR4 GWP100,IPCC AR5 GWP100; CH4=28 and N2O=265,egrid2020_data.xlsx,"ST20!STCO2AN, STCH4AN, STN2OAN, STNGENAN; reported comparison from STC2ERTA",Cold plate,12.512293710830384,2.9474308328855217,15.459724543715906,19.06522218135897,6.651530495500957
2020,SC,98528796.629,233.04890987868475,233.08342884057,231.7458358794051,IPCC AR4 GWP100,IPCC AR5 GWP100; CH4=28 and N2O=265,egrid2020_data.xlsx,"ST20!STCO2AN, STCH4AN, STN2OAN, STNGENAN; reported comparison from STC2ERTA",One-phase,12.265926804919605,3.049789121460012,15.315715926379617,19.9128080993399,5.658062636482808
2020,SC,98528796.629,233.04890987868475,233.08342884057,231.7458358794051,IPCC AR4 GWP100,IPCC AR5 GWP100; CH4=28 and N2O=265,egrid2020_data.xlsx,"ST20!STCO2AN, STCH4AN, STN2OAN, STNGENAN; reported comparison from STC2ERTA",Two-phase,11.676218785452317,2.819329915902762,14.495548701355078,19.449625357329207,0.0
2020,SD,14146525.855,154.4629941590069,154.48585015171003,153.58737923135118,IPCC AR4 GWP100,IPCC AR5 GWP100; CH4=28 and N2O=265,egrid2020_data.xlsx,"ST20!STCO2AN, STCH4AN, STN2OAN, STNGENAN; reported comparison from STC2ERTA",Air-cooled,9.770933739626534,3.5104211643502636,13.281354903976798,26.431197643089472,25.74977133913885
2020,SD,14146525.855,154.4629941590069,154.48585015171003,153.58737923135118,IPCC AR4 GWP100,IPCC AR5 GWP100; CH4=28 and N2O=265,egrid2020_data.xlsx,"ST20!STCO2AN, STCH4AN, STN2OAN, STNGENAN; reported comparison from STC2ERTA",Cold plate,8.296797214561138,2.9474308328855217,11.24422804744666,26.212834002017814,6.461962358085294
2020,SD,14146525.855,154.4629941590069,154.48585015171003,153.58737923135118,IPCC AR4 GWP100,IPCC AR5 GWP100; CH4=28 and N2O=265,egrid2020_data.xlsx,"ST20!STCO2AN, STCH4AN, STN2OAN, STNGENAN; reported comparison from STC2ERTA",One-phase,8.133433381681215,3.049789121460012,11.183222503141227,27.271111887502588,5.884353123011632
2020,SD,14146525.855,154.4629941590069,154.48585015171003,153.58737923135118,IPCC AR4 GWP100,IPCC AR5 GWP100; CH4=28 and N2O=265,egrid2020_data.xlsx,"ST20!STCO2AN, STCH4AN, STN2OAN, STNGENAN; reported comparison from STC2ERTA",Two-phase,7.74240293063885,2.819329915902762,10.561732846541611,26.693819630421135,0.0
2020,TN,80566010.004,259.18872635508853,259.18585536459005,257.70547684922246,IPCC AR4 GWP100,IPCC AR5 GWP100; CH4=28 and N2O=265,egrid2020_data.xlsx,"ST20!STCO2AN, STCH4AN, STN2OAN, STNGENAN; reported comparison from STC2ERTA",Air-cooled,16.38674356477448,3.5104211643502636,19.897164729124743,17.642821035762132,25.899206297441513
2020,TN,80566010.004,259.18872635508853,259.18585536459005,257.70547684922246,IPCC AR4 GWP100,IPCC AR5 GWP100; CH4=28 and N2O=265,egrid2020_data.xlsx,"ST20!STCO2AN, STCH4AN, STN2OAN, STNGENAN; reported comparison from STC2ERTA",Cold plate,13.914482687828068,2.9474308328855217,16.86191352071359,17.479812295709056,6.6936700688069894
2020,TN,80566010.004,259.18872635508853,259.18585536459005,257.70547684922246,IPCC AR4 GWP100,IPCC AR5 GWP100; CH4=28 and N2O=265,egrid2020_data.xlsx,"ST20!STCO2AN, STCH4AN, STN2OAN, STNGENAN; reported comparison from STC2ERTA",One-phase,13.640506698583021,3.049789121460012,16.690295820043033,18.272828440809196,5.607759960750824
2020,TN,80566010.004,259.18872635508853,259.18585536459005,257.70547684922246,IPCC AR4 GWP100,IPCC AR5 GWP100; CH4=28 and N2O=265,egrid2020_data.xlsx,"ST20!STCO2AN, STCH4AN, STN2OAN, STNGENAN; reported comparison from STC2ERTA",Two-phase,12.984713107304993,2.819329915902762,15.804043023207754,17.83929537373862,0.0
2020,TX,473366236.705,388.92964370426165,388.96407553003,387.35908890372747,IPCC AR4 GWP100,IPCC AR5 GWP100; CH4=28 and N2O=265,egrid2020_data.xlsx,"ST20!STCO2AN, STCH4AN, STN2OAN, STNGENAN; reported comparison from STC2ERTA",Air-cooled,24.582830789213883,3.5104211643502636,28.093251953564145,12.495602752407246,25.98689311243525
2020,TX,473366236.705,388.92964370426165,388.96407553003,387.35908890372747,IPCC AR4 GWP100,IPCC AR5 GWP100; CH4=28 and N2O=265,egrid2020_data.xlsx,"ST20!STCO2AN, STCH4AN, STN2OAN, STNGENAN; reported comparison from STC2ERTA",Cold plate,20.874029796232485,2.9474308328855217,23.821460629118008,12.373006335651596,6.829633643819544
2020,TX,473366236.705,388.92964370426165,388.96407553003,387.35908890372747,IPCC AR4 GWP100,IPCC AR5 GWP100; CH4=28 and N2O=265,egrid2020_data.xlsx,"ST20!STCO2AN, STCH4AN, STN2OAN, STNGENAN; reported comparison from STC2ERTA",One-phase,20.463020411891076,3.049789121460012,23.51280953335109,12.970755864517693,5.445458088931887
2020,TX,473366236.705,388.92964370426165,388.96407553003,387.35908890372747,IPCC AR4 GWP100,IPCC AR5 GWP100; CH4=28 and N2O=265,egrid2020_data.xlsx,"ST20!STCO2AN, STCH4AN, STN2OAN, STNGENAN; reported comparison from STC2ERTA",Two-phase,19.479221353627086,2.819329915902762,22.29855126952985,12.643556443755486,0.0
2020,UT,37087308.992,710.0892556594647,710.2167892512,705.2974866158821,IPCC AR4 GWP100,IPCC AR5 GWP100; CH4=28 and N2O=265,egrid2020_data.xlsx,"ST20!STCO2AN, STCH4AN, STN2OAN, STNGENAN; reported comparison from STC2ERTA",Air-cooled,44.871358466783384,3.5104211643502636,48.38177963113365,7.2556677144040185,26.076284982626174
2020,UT,37087308.992,710.0892556594647,710.2167892512,705.2974866158821,IPCC AR4 GWP100,IPCC AR5 GWP100; CH4=28 and N2O=265,egrid2020_data.xlsx,"ST20!STCO2AN, STCH4AN, STN2OAN, STNGENAN; reported comparison from STC2ERTA",Cold plate,38.101636124186065,2.9474308328855217,41.04906695707159,7.180262674345057,6.968241007413245
2020,UT,37087308.992,710.0892556594647,710.2167892512,705.2974866158821,IPCC AR4 GWP100,IPCC AR5 GWP100; CH4=28 and N2O=265,egrid2020_data.xlsx,"ST20!STCO2AN, STCH4AN, STN2OAN, STNGENAN; reported comparison from STC2ERTA",One-phase,37.35141538776513,3.049789121460012,40.40120450922514,7.548757910828199,5.28000028483202
2020,UT,37087308.992,710.0892556594647,710.2167892512,705.2974866158821,IPCC AR4 GWP100,IPCC AR5 GWP100; CH4=28 and N2O=265,egrid2020_data.xlsx,"ST20!STCO2AN, STCH4AN, STN2OAN, STNGENAN; reported comparison from STC2ERTA",Two-phase,35.55567426335335,2.819329915902762,38.375004179256116,7.346787254362752,0.0
2020,VA,102799855.681,292.6807155876813,292.49677183265004,291.4270300579319,IPCC AR4 GWP100,IPCC AR5 GWP100; CH4=28 and N2O=265,egrid2020_data.xlsx,"ST20!STCO2AN, STCH4AN, STN2OAN, STNGENAN; reported comparison from STC2ERTA",Air-cooled,18.502523772583107,3.5104211643502636,22.01294493693337,15.947076478897063,25.928081122433234
2020,VA,102799855.681,292.6807155876813,292.49677183265004,291.4270300579319,IPCC AR4 GWP100,IPCC AR5 GWP100; CH4=28 and N2O=265,egrid2020_data.xlsx,"ST20!STCO2AN, STCH4AN, STN2OAN, STNGENAN; reported comparison from STC2ERTA",Cold plate,15.711056055589047,2.9474308328855217,18.65848688847457,15.796730198450136,6.738442186873073
2020,VA,102799855.681,292.6807155876813,292.49677183265004,291.4270300579319,IPCC AR4 GWP100,IPCC AR5 GWP100; CH4=28 and N2O=265,egrid2020_data.xlsx,"ST20!STCO2AN, STCH4AN, STN2OAN, STNGENAN; reported comparison from STC2ERTA",One-phase,15.401705559312258,3.049789121460012,18.45149468077227,16.528683308448187,5.554314774665126
2020,VA,102799855.681,292.6807155876813,292.49677183265004,291.4270300579319,IPCC AR4 GWP100,IPCC AR5 GWP100; CH4=28 and N2O=265,egrid2020_data.xlsx,"ST20!STCO2AN, STCH4AN, STN2OAN, STNGENAN; reported comparison from STC2ERTA",Two-phase,14.661238945883786,2.819329915902762,17.480568861786548,16.12836480433979,0.0
2020,VT,2154917.77,13.678866127766877,13.7483847347,10.394292553518058,IPCC AR4 GWP100,IPCC AR5 GWP100; CH4=28 and N2O=265,egrid2020_data.xlsx,"ST20!STCO2AN, STCH4AN, STN2OAN, STNGENAN; reported comparison from STC2ERTA",Air-cooled,0.8772168094830457,3.5104211643502636,4.387637973833309,80.00708320252194,24.846400765382583
2020,VT,2154917.77,13.678866127766877,13.7483847347,10.394292553518058,IPCC AR4 GWP100,IPCC AR5 GWP100; CH4=28 and N2O=265,egrid2020_data.xlsx,"ST20!STCO2AN, STCH4AN, STN2OAN, STNGENAN; reported comparison from STC2ERTA",Cold plate,0.7448714908349514,2.9474308328855217,3.6923023237204733,79.82636779091271,5.0612330377447945
2020,VT,2154917.77,13.678866127766877,13.7483847347,10.394292553518058,IPCC AR4 GWP100,IPCC AR5 GWP100; CH4=28 and N2O=265,egrid2020_data.xlsx,"ST20!STCO2AN, STCH4AN, STN2OAN, STNGENAN; reported comparison from STC2ERTA",One-phase,0.7302049805420133,3.049789121460012,3.7799941020020253,80.68237778055605,7.556425886484508
2020,VT,2154917.77,13.678866127766877,13.7483847347,10.394292553518058,IPCC AR4 GWP100,IPCC AR5 GWP100; CH4=28 and N2O=265,egrid2020_data.xlsx,"ST20!STCO2AN, STCH4AN, STN2OAN, STNGENAN; reported comparison from STC2ERTA",Two-phase,0.695098971862109,2.819329915902762,3.514428887764871,80.22156674496883,0.0
2020,WA,116079174.179,96.72412791684742,96.73945911938,96.12729270755091,IPCC AR4 GWP100,IPCC AR5 GWP100; CH4=28 and N2O=265,egrid2020_data.xlsx,"ST20!STCO2AN, STCH4AN, STN2OAN, STNGENAN; reported comparison from STC2ERTA",Air-cooled,6.1234122511869025,3.5104211643502636,9.633833415537167,36.438466526613986,25.580042067227993
2020,WA,116079174.179,96.72412791684742,96.73945911938,96.12729270755091,IPCC AR4 GWP100,IPCC AR5 GWP100; CH4=28 and N2O=265,egrid2020_data.xlsx,"ST20!STCO2AN, STCH4AN, STN2OAN, STNGENAN; reported comparison from STC2ERTA",Cold plate,5.199575707203488,2.9474308328855217,8.14700654008901,36.17808354985461,6.198787117943216
2020,WA,116079174.179,96.72412791684742,96.73945911938,96.12729270755091,IPCC AR4 GWP100,IPCC AR5 GWP100; CH4=28 and N2O=265,egrid2020_data.xlsx,"ST20!STCO2AN, STCH4AN, STN2OAN, STNGENAN; reported comparison from STC2ERTA",One-phase,5.097196126877318,3.049789121460012,8.14698524833733,37.4345727713503,6.198509573277855
2020,WA,116079174.179,96.72412791684742,96.73945911938,96.12729270755091,IPCC AR4 GWP100,IPCC AR5 GWP100; CH4=28 and N2O=265,egrid2020_data.xlsx,"ST20!STCO2AN, STCH4AN, STN2OAN, STNGENAN; reported comparison from STC2ERTA",Two-phase,4.852138620777447,2.819329915902762,7.671468536680209,36.75085027622121,0.0
2020,WI,61440537.516,540.6178632711361,540.68754814844,537.4518407523724,IPCC AR4 GWP100,IPCC AR5 GWP100; CH4=28 and N2O=265,egrid2020_data.xlsx,"ST20!STCO2AN, STCH4AN, STN2OAN, STNGENAN; reported comparison from STC2ERTA",Air-cooled,34.165388889555096,3.5104211643502636,37.67581005390536,9.317440446078436,26.041096566534883
2020,WI,61440537.516,540.6178632711361,540.68754814844,537.4518407523724,IPCC AR4 GWP100,IPCC AR5 GWP100; CH4=28 and N2O=265,egrid2020_data.xlsx,"ST20!STCO2AN, STCH4AN, STN2OAN, STNGENAN; reported comparison from STC2ERTA",Cold plate,29.01087152230483,2.9474308328855217,31.95830235519035,9.222739055808542,6.913679294216801
2020,WI,61440537.516,540.6178632711361,540.68754814844,537.4518407523724,IPCC AR4 GWP100,IPCC AR5 GWP100; CH4=28 and N2O=265,egrid2020_data.xlsx,"ST20!STCO2AN, STCH4AN, STN2OAN, STNGENAN; reported comparison from STC2ERTA",One-phase,28.43964782664151,3.049789121460012,31.489436948101524,9.68511798571197,5.345131465595787
2020,WI,61440537.516,540.6178632711361,540.68754814844,537.4518407523724,IPCC AR4 GWP100,IPCC AR5 GWP100; CH4=28 and N2O=265,egrid2020_data.xlsx,"ST20!STCO2AN, STCH4AN, STN2OAN, STNGENAN; reported comparison from STC2ERTA",Two-phase,27.07235706574529,2.819329915902762,29.891686981648053,9.431819347076946,0.0
2020,WV,56661533.092,872.864290730183,873.0437494948401,866.2096953699313,IPCC AR4 GWP100,IPCC AR5 GWP100; CH4=28 and N2O=265,egrid2020_data.xlsx,"ST20!STCO2AN, STCH4AN, STN2OAN, STNGENAN; reported comparison from STC2ERTA",Air-cooled,55.15430090822045,3.5104211643502636,58.66472207257071,5.983870783548119,26.098000627333583
2020,WV,56661533.092,872.864290730183,873.0437494948401,866.2096953699313,IPCC AR4 GWP100,IPCC AR5 GWP100; CH4=28 and N2O=265,egrid2020_data.xlsx,"ST20!STCO2AN, STCH4AN, STN2OAN, STNGENAN; reported comparison from STC2ERTA",Cold plate,46.83319551032806,2.9474308328855217,49.780626343213584,5.920839188652223,7.001912394477894
2020,WV,56661533.092,872.864290730183,873.0437494948401,866.2096953699313,IPCC AR4 GWP100,IPCC AR5 GWP100; CH4=28 and N2O=265,egrid2020_data.xlsx,"ST20!STCO2AN, STCH4AN, STN2OAN, STNGENAN; reported comparison from STC2ERTA",One-phase,45.9110504793329,3.049789121460012,48.96083960079291,6.229037627472836,5.239806217069187
2020,WV,56661533.092,872.864290730183,873.0437494948401,866.2096953699313,IPCC AR4 GWP100,IPCC AR5 GWP100; CH4=28 and N2O=265,egrid2020_data.xlsx,"ST20!STCO2AN, STCH4AN, STN2OAN, STNGENAN; reported comparison from STC2ERTA",Two-phase,43.70378843705729,2.819329915902762,46.523118352960054,6.060062213614236,0.0
2020,WY,42010989.65,902.5236190332504,902.69644349885,896.1272946368739,IPCC AR4 GWP100,IPCC AR5 GWP100; CH4=28 and N2O=265,egrid2020_data.xlsx,"ST20!STCO2AN, STCH4AN, STN2OAN, STNGENAN; reported comparison from STC2ERTA",Air-cooled,57.02796148313371,3.5104211643502636,60.53838264748397,5.798670216863086,26.101163509092927
2020,WY,42010989.65,902.5236190332504,902.69644349885,896.1272946368739,IPCC AR4 GWP100,IPCC AR5 GWP100; CH4=28 and N2O=265,egrid2020_data.xlsx,"ST20!STCO2AN, STCH4AN, STN2OAN, STNGENAN; reported comparison from STC2ERTA",Cold plate,48.424177728939185,2.9474308328855217,51.37160856182471,5.737470395419577,7.0068166290697675
2020,WY,42010989.65,902.5236190332504,902.69644349885,896.1272946368739,IPCC AR4 GWP100,IPCC AR5 GWP100; CH4=28 and N2O=265,egrid2020_data.xlsx,"ST20!STCO2AN, STCH4AN, STN2OAN, STNGENAN; reported comparison from STC2ERTA",One-phase,47.47070627805516,3.049789121460012,50.52049539951517,6.036736372718308,5.233951954602012
2020,WY,42010989.65,902.5236190332504,902.69644349885,896.1272946368739,IPCC AR4 GWP100,IPCC AR5 GWP100; CH4=28 and N2O=265,egrid2020_data.xlsx,"ST20!STCO2AN, STCH4AN, STN2OAN, STNGENAN; reported comparison from STC2ERTA",Two-phase,45.188460783917904,2.819329915902762,48.00779069982067,5.872650823553298,0.0
2021,AK,6595817.773,419.5032238947026,419.55661292468005,417.3116044922331,IPCC AR4 GWP100,IPCC AR5 GWP100; CH4=28 and N2O=265,egrid2021_data.xlsx,"ST21!STCO2AN, STCH4AN, STN2OAN, STNGENAN; reported comparison from STC2ERTA",Air-cooled,26.51424714670616,3.5104211643502636,30.024668311056423,11.691789990757599,26.000597707869467
2021,AK,6595817.773,419.5032238947026,419.55661292468005,417.3116044922331,IPCC AR4 GWP100,IPCC AR5 GWP100; CH4=28 and N2O=265,egrid2021_data.xlsx,"ST21!STCO2AN, STCH4AN, STN2OAN, STNGENAN; reported comparison from STC2ERTA",Cold plate,22.514054207616145,2.9474308328855217,25.461485040501667,11.576036622361318,6.850883426805376
2021,AK,6595817.773,419.5032238947026,419.55661292468005,417.3116044922331,IPCC AR4 GWP100,IPCC AR5 GWP100; CH4=28 and N2O=265,egrid2021_data.xlsx,"ST21!STCO2AN, STCH4AN, STN2OAN, STNGENAN; reported comparison from STC2ERTA",One-phase,22.070752763226544,3.049789121460012,25.120541884686556,12.140618365080565,5.420091886594025
2021,AK,6595817.773,419.5032238947026,419.55661292468005,417.3116044922331,IPCC AR4 GWP100,IPCC AR5 GWP100; CH4=28 and N2O=265,egrid2021_data.xlsx,"ST21!STCO2AN, STCH4AN, STN2OAN, STNGENAN; reported comparison from STC2ERTA",Two-phase,21.00965888037912,2.819329915902762,23.828988796281884,11.831513036519079,0.0
2021,AL,142731860.61,342.23379153737824,342.22501054049,340.557119400603,IPCC AR4 GWP100,IPCC AR5 GWP100; CH4=28 and N2O=265,egrid2021_data.xlsx,"ST21!STCO2AN, STCH4AN, STN2OAN, STNGENAN; reported comparison from STC2ERTA",Air-cooled,21.63292658629171,3.5104211643502636,25.143347750641972,13.96162992758446,25.961905776200634
2021,AL,142731860.61,342.23379153737824,342.22501054049,340.557119400603,IPCC AR4 GWP100,IPCC AR5 GWP100; CH4=28 and N2O=265,egrid2021_data.xlsx,"ST21!STCO2AN, STCH4AN, STN2OAN, STNGENAN; reported comparison from STC2ERTA",Cold plate,18.369176357838132,2.9474308328855217,21.316607190723655,13.82692286119601,6.790889306204551
2021,AL,142731860.61,342.23379153737824,342.22501054049,340.557119400603,IPCC AR4 GWP100,IPCC AR5 GWP100; CH4=28 and N2O=265,egrid2021_data.xlsx,"ST21!STCO2AN, STCH4AN, STN2OAN, STNGENAN; reported comparison from STC2ERTA",One-phase,18.00748750621752,3.049789121460012,21.05727662767753,14.483302733703898,5.491707818072333
2021,AL,142731860.61,342.23379153737824,342.22501054049,340.557119400603,IPCC AR4 GWP100,IPCC AR5 GWP100; CH4=28 and N2O=265,egrid2021_data.xlsx,"ST21!STCO2AN, STCH4AN, STN2OAN, STNGENAN; reported comparison from STC2ERTA",Two-phase,17.14174291457245,2.819329915902762,19.961072830475214,14.124140219549721,0.0
2021,AR,61100068.005,495.76725524316936,495.84132411891005,493.02344233048336,IPCC AR4 GWP100,IPCC AR5 GWP100; CH4=28 and N2O=265,egrid2021_data.xlsx,"ST21!STCO2AN, STCH4AN, STN2OAN, STNGENAN; reported comparison from STC2ERTA",Air-cooled,31.332053786204217,3.5104211643502636,34.84247495055448,10.075120006061448,26.028170132747785
2021,AR,61100068.005,495.76725524316936,495.84132411891005,493.02344233048336,IPCC AR4 GWP100,IPCC AR5 GWP100; CH4=28 and N2O=265,egrid2021_data.xlsx,"ST21!STCO2AN, STCH4AN, STN2OAN, STNGENAN; reported comparison from STC2ERTA",Cold plate,26.605000454111668,2.9474308328855217,29.55243128699719,9.973564625738137,6.893636096730549
2021,AR,61100068.005,495.76725524316936,495.84132411891005,493.02344233048336,IPCC AR4 GWP100,IPCC AR5 GWP100; CH4=28 and N2O=265,egrid2021_data.xlsx,"ST21!STCO2AN, STCH4AN, STN2OAN, STNGENAN; reported comparison from STC2ERTA",One-phase,26.0811483295439,3.049789121460012,29.130937451003913,10.469244687334665,5.36905734772235
2021,AR,61100068.005,495.76725524316936,495.84132411891005,493.02344233048336,IPCC AR4 GWP100,IPCC AR5 GWP100; CH4=28 and N2O=265,egrid2021_data.xlsx,"ST21!STCO2AN, STCH4AN, STN2OAN, STNGENAN; reported comparison from STC2ERTA",Two-phase,24.8272469675466,2.819329915902762,27.646576883449363,10.197754057539598,0.0
2021,AZ,108500973.376,330.0130041593052,330.04333385177,328.76776338897344,IPCC AR4 GWP100,IPCC AR5 GWP100; CH4=28 and N2O=265,egrid2021_data.xlsx,"ST21!STCO2AN, STCH4AN, STN2OAN, STNGENAN; reported comparison from STC2ERTA",Air-cooled,20.86090615242622,3.5104211643502636,24.371327316776483,14.403898149337955,25.954369591260253
2021,AZ,108500973.376,330.0130041593052,330.04333385177,328.76776338897344,IPCC AR4 GWP100,IPCC AR5 GWP100; CH4=28 and N2O=265,egrid2021_data.xlsx,"ST21!STCO2AN, STCH4AN, STN2OAN, STNGENAN; reported comparison from STC2ERTA",Cold plate,17.713630311168874,2.9474308328855217,20.661061144054397,14.265631432651267,6.77920400726284
2021,AZ,108500973.376,330.0130041593052,330.04333385177,328.76776338897344,IPCC AR4 GWP100,IPCC AR5 GWP100; CH4=28 and N2O=265,egrid2021_data.xlsx,"ST21!STCO2AN, STCH4AN, STN2OAN, STNGENAN; reported comparison from STC2ERTA",One-phase,17.364849152968226,3.049789121460012,20.41463827442824,14.93922684527913,5.50565674439929
2021,AZ,108500973.376,330.0130041593052,330.04333385177,328.76776338897344,IPCC AR4 GWP100,IPCC AR5 GWP100; CH4=28 and N2O=265,egrid2021_data.xlsx,"ST21!STCO2AN, STCH4AN, STN2OAN, STNGENAN; reported comparison from STC2ERTA",Two-phase,16.530000635998604,2.819329915902762,19.349330551901367,14.570684543014949,0.0
2021,CA,196943760.108,217.96283938749224,217.94886582315002,217.27292051619818,IPCC AR4 GWP100,IPCC AR5 GWP100; CH4=28 and N2O=265,egrid2021_data.xlsx,"ST21!STCO2AN, STCH4AN, STN2OAN, STNGENAN; reported comparison from STC2ERTA",Air-cooled,13.78239196625811,3.5104211643502636,17.292813130608373,20.29988491656571,25.853988924794045
2021,CA,196943760.108,217.96283938749224,217.94886582315002,217.27292051619818,IPCC AR4 GWP100,IPCC AR5 GWP100; CH4=28 and N2O=265,egrid2021_data.xlsx,"ST21!STCO2AN, STCH4AN, STN2OAN, STNGENAN; reported comparison from STC2ERTA",Cold plate,11.703048482653083,2.9474308328855217,14.650479315538604,20.11832356747137,6.623557867351626
2021,CA,196943760.108,217.96283938749224,217.94886582315002,217.27292051619818,IPCC AR4 GWP100,IPCC AR5 GWP100; CH4=28 and N2O=265,egrid2021_data.xlsx,"ST21!STCO2AN, STCH4AN, STN2OAN, STNGENAN; reported comparison from STC2ERTA",One-phase,11.472615605114457,3.049789121460012,14.52240472657447,21.00057930405437,5.691454005516117
2021,CA,196943760.108,217.96283938749224,217.94886582315002,217.27292051619818,IPCC AR4 GWP100,IPCC AR5 GWP100; CH4=28 and N2O=265,egrid2021_data.xlsx,"ST21!STCO2AN, STCH4AN, STN2OAN, STNGENAN; reported comparison from STC2ERTA",Two-phase,10.921047547176263,2.819329915902762,13.740377463079025,20.51857689847619,0.0
2021,CO,56832574.334,555.3600434311675,555.4483510529801,551.9835226836482,IPCC AR4 GWP100,IPCC AR5 GWP100; CH4=28 and N2O=265,egrid2021_data.xlsx,"ST21!STCO2AN, STCH4AN, STN2OAN, STNGENAN; reported comparison from STC2ERTA",Air-cooled,35.096692574920844,3.5104211643502636,38.60711373927111,9.092679623909486,26.04493162088446
2021,CO,56832574.334,555.3600434311675,555.4483510529801,551.9835226836482,IPCC AR4 GWP100,IPCC AR5 GWP100; CH4=28 and N2O=265,egrid2021_data.xlsx,"ST21!STCO2AN, STCH4AN, STN2OAN, STNGENAN; reported comparison from STC2ERTA",Cold plate,29.801669825574088,2.9474308328855217,32.74910065845961,9.000035950984667,6.919625772028426
2021,CO,56832574.334,555.3600434311675,555.4483510529801,551.9835226836482,IPCC AR4 GWP100,IPCC AR5 GWP100; CH4=28 and N2O=265,egrid2021_data.xlsx,"ST21!STCO2AN, STCH4AN, STN2OAN, STNGENAN; reported comparison from STC2ERTA",One-phase,29.214875321258212,3.049789121460012,32.26466444271822,9.452412334473589,5.338033060898284
2021,CO,56832574.334,555.3600434311675,555.4483510529801,551.9835226836482,IPCC AR4 GWP100,IPCC AR5 GWP100; CH4=28 and N2O=265,egrid2021_data.xlsx,"ST21!STCO2AN, STCH4AN, STN2OAN, STNGENAN; reported comparison from STC2ERTA",Two-phase,27.81031400773619,2.819329915902762,30.62964392363895,9.204579468607193,0.0
2021,CT,44079943.539,234.99526330950286,235.02072185283998,233.66505524607194,IPCC AR4 GWP100,IPCC AR5 GWP100; CH4=28 and N2O=265,egrid2021_data.xlsx,"ST21!STCO2AN, STCH4AN, STN2OAN, STNGENAN; reported comparison from STC2ERTA",Air-cooled,14.858376589773007,3.5104211643502636,18.36879775412327,19.11078346737349,25.87422079543906
2021,CT,44079943.539,234.99526330950286,235.02072185283998,233.66505524607194,IPCC AR4 GWP100,IPCC AR5 GWP100; CH4=28 and N2O=265,egrid2021_data.xlsx,"ST21!STCO2AN, STCH4AN, STN2OAN, STNGENAN; reported comparison from STC2ERTA",Cold plate,12.61669977383769,2.9474308328855217,15.56413060672321,18.937330374318016,6.654928575277141
2021,CT,44079943.539,234.99526330950286,235.02072185283998,233.66505524607194,IPCC AR4 GWP100,IPCC AR5 GWP100; CH4=28 and N2O=265,egrid2021_data.xlsx,"ST21!STCO2AN, STCH4AN, STN2OAN, STNGENAN; reported comparison from STC2ERTA",One-phase,12.368277113858479,3.049789121460012,15.418066235318491,19.780620182275484,5.654006294861835
2021,CT,44079943.539,234.99526330950286,235.02072185283998,233.66505524607194,IPCC AR4 GWP100,IPCC AR5 GWP100; CH4=28 and N2O=265,egrid2021_data.xlsx,"ST21!STCO2AN, STCH4AN, STN2OAN, STNGENAN; reported comparison from STC2ERTA",Two-phase,11.773648406461437,2.819329915902762,14.592978322364198,19.319770465101357,0.0
2021,DC,184480.001,296.0304761599726,296.03297794917,295.59358165408526,IPCC AR4 GWP100,IPCC AR5 GWP100; CH4=28 and N2O=265,egrid2021_data.xlsx,"ST21!STCO2AN, STCH4AN, STN2OAN, STNGENAN; reported comparison from STC2ERTA",Air-cooled,18.71413727426352,3.5104211643502636,22.224558438613784,15.795234690697502,25.93066730244704
2021,DC,184480.001,296.0304761599726,296.03297794917,295.59358165408526,IPCC AR4 GWP100,IPCC AR5 GWP100; CH4=28 and N2O=265,egrid2021_data.xlsx,"ST21!STCO2AN, STCH4AN, STN2OAN, STNGENAN; reported comparison from STC2ERTA",Cold plate,15.890743520276807,2.9474308328855217,18.83817435316233,15.646053474341805,6.742452211416983
2021,DC,184480.001,296.0304761599726,296.03297794917,295.59358165408526,IPCC AR4 GWP100,IPCC AR5 GWP100; CH4=28 and N2O=265,egrid2021_data.xlsx,"ST21!STCO2AN, STCH4AN, STN2OAN, STNGENAN; reported comparison from STC2ERTA",One-phase,15.577854980078643,3.049789121460012,18.627644101538653,16.3723823841368,5.5495279448876556
2021,DC,184480.001,296.0304761599726,296.03297794917,295.59358165408526,IPCC AR4 GWP100,IPCC AR5 GWP100; CH4=28 and N2O=265,egrid2021_data.xlsx,"ST21!STCO2AN, STCH4AN, STN2OAN, STNGENAN; reported comparison from STC2ERTA",Two-phase,14.82891964449794,2.819329915902762,17.648249560400703,15.97512493379966,0.0
2021,DE,4305126.0,394.631120217674,394.65439181168,393.49043367427095,IPCC AR4 GWP100,IPCC AR5 GWP100; CH4=28 and N2O=265,egrid2021_data.xlsx,"ST21!STCO2AN, STCH4AN, STN2OAN, STNGENAN; reported comparison from STC2ERTA",Air-cooled,24.943008594079064,3.5104211643502636,28.453429758429326,12.33742713674193,25.989589689971847
2021,DE,4305126.0,394.631120217674,394.65439181168,393.49043367427095,IPCC AR4 GWP100,IPCC AR5 GWP100; CH4=28 and N2O=265,egrid2021_data.xlsx,"ST21!STCO2AN, STCH4AN, STN2OAN, STNGENAN; reported comparison from STC2ERTA",Cold plate,21.1798677322767,2.9474308328855217,24.127298565162224,12.216165953785485,6.833814846229491
2021,DE,4305126.0,394.631120217674,394.65439181168,393.49043367427095,IPCC AR4 GWP100,IPCC AR5 GWP100; CH4=28 and N2O=265,egrid2021_data.xlsx,"ST21!STCO2AN, STCH4AN, STN2OAN, STNGENAN; reported comparison from STC2ERTA",One-phase,20.76283640281838,3.049789121460012,23.812625524278392,12.807445858292986,5.44046692142599
2021,DE,4305126.0,394.631120217674,394.65439181168,393.49043367427095,IPCC AR4 GWP100,IPCC AR5 GWP100; CH4=28 and N2O=265,egrid2021_data.xlsx,"ST21!STCO2AN, STCH4AN, STN2OAN, STNGENAN; reported comparison from STC2ERTA",Two-phase,19.764623114221344,2.819329915902762,22.583953030124107,12.483775148407968,0.0
2021,FL,246185265.397,379.84462116448,379.87635239708004,378.3584569341653,IPCC AR4 GWP100,IPCC AR5 GWP100; CH4=28 and N2O=265,egrid2021_data.xlsx,"ST21!STCO2AN, STCH4AN, STN2OAN, STNGENAN; reported comparison from STC2ERTA",Air-cooled,24.008905163486652,3.5104211643502636,27.519326327836914,12.756203122600898,25.982450649656876
2021,FL,246185265.397,379.84462116448,379.87635239708004,378.3584569341653,IPCC AR4 GWP100,IPCC AR5 GWP100; CH4=28 and N2O=265,egrid2021_data.xlsx,"ST21!STCO2AN, STCH4AN, STN2OAN, STNGENAN; reported comparison from STC2ERTA",Cold plate,20.38669208012584,2.9474308328855217,23.334122913011363,12.631418990434828,6.822745343437653
2021,FL,246185265.397,379.84462116448,379.87635239708004,378.3584569341653,IPCC AR4 GWP100,IPCC AR5 GWP100; CH4=28 and N2O=265,egrid2021_data.xlsx,"ST21!STCO2AN, STCH4AN, STN2OAN, STNGENAN; reported comparison from STC2ERTA",One-phase,19.985278369289677,3.049789121460012,23.03506749074969,13.239766380909156,5.453680762140722
2021,FL,246185265.397,379.84462116448,379.87635239708004,378.3584569341653,IPCC AR4 GWP100,IPCC AR5 GWP100; CH4=28 and N2O=265,egrid2021_data.xlsx,"ST21!STCO2AN, STCH4AN, STN2OAN, STNGENAN; reported comparison from STC2ERTA",Two-phase,19.024447678458444,2.819329915902762,21.843777594361207,12.90678731608469,0.0
2021,GA,124199775.463,345.77896238210315,345.83061628962,343.86026422912727,IPCC AR4 GWP100,IPCC AR5 GWP100; CH4=28 and N2O=265,egrid2021_data.xlsx,"ST21!STCO2AN, STCH4AN, STN2OAN, STNGENAN; reported comparison from STC2ERTA",Air-cooled,21.856884687271563,3.5104211643502636,25.367305851621825,13.838368113994372,25.96400629993063
2021,GA,124199775.463,345.77896238210315,345.83061628962,343.86026422912727,IPCC AR4 GWP100,IPCC AR5 GWP100; CH4=28 and N2O=265,egrid2021_data.xlsx,"ST21!STCO2AN, STCH4AN, STN2OAN, STNGENAN; reported comparison from STC2ERTA",Cold plate,18.559345997496244,2.9474308328855217,21.506776830381767,13.704660889593663,6.794146292055259
2021,GA,124199775.463,345.77896238210315,345.83061628962,343.86026422912727,IPCC AR4 GWP100,IPCC AR5 GWP100; CH4=28 and N2O=265,egrid2021_data.xlsx,"ST21!STCO2AN, STCH4AN, STN2OAN, STNGENAN; reported comparison from STC2ERTA",One-phase,18.19391270806083,3.049789121460012,21.24370182952084,14.356203763046324,5.487819902503688
2021,GA,124199775.463,345.77896238210315,345.83061628962,343.86026422912727,IPCC AR4 GWP100,IPCC AR5 GWP100; CH4=28 and N2O=265,egrid2021_data.xlsx,"ST21!STCO2AN, STCH4AN, STN2OAN, STNGENAN; reported comparison from STC2ERTA",Two-phase,17.31920536632714,2.819329915902762,20.138535282229903,13.999677118477022,0.0
2021,HI,9180590.002,681.3952581215224,681.54657632061,676.2933981580039,IPCC AR4 GWP100,IPCC AR5 GWP100; CH4=28 and N2O=265,egrid2021_data.xlsx,"ST21!STCO2AN, STCH4AN, STN2OAN, STNGENAN; reported comparison from STC2ERTA",Air-cooled,43.058680466319686,3.5104211643502636,46.56910163066995,7.538090797178563,26.071463687258234
2021,HI,9180590.002,681.3952581215224,681.54657632061,676.2933981580039,IPCC AR4 GWP100,IPCC AR5 GWP100; CH4=28 and N2O=265,egrid2021_data.xlsx,"ST21!STCO2AN, STCH4AN, STN2OAN, STNGENAN; reported comparison from STC2ERTA",Cold plate,36.56243606553146,2.9474308328855217,39.50986689841698,7.459986743219361,6.960765304772409
2021,HI,9180590.002,681.3952581215224,681.54657632061,676.2933981580039,IPCC AR4 GWP100,IPCC AR5 GWP100; CH4=28 and N2O=265,egrid2021_data.xlsx,"ST21!STCO2AN, STCH4AN, STN2OAN, STNGENAN; reported comparison from STC2ERTA",One-phase,35.842522158920644,3.049789121460012,38.89231128038065,7.84162478664128,5.288924149415997
2021,HI,9180590.002,681.3952581215224,681.54657632061,676.2933981580039,IPCC AR4 GWP100,IPCC AR5 GWP100; CH4=28 and N2O=265,egrid2021_data.xlsx,"ST21!STCO2AN, STCH4AN, STN2OAN, STNGENAN; reported comparison from STC2ERTA",Two-phase,34.11932397820332,2.819329915902762,36.93865389410608,7.632465232720928,0.0
2021,IA,67198724.482,351.2102489866908,351.27508550673,348.7799805262472,IPCC AR4 GWP100,IPCC AR5 GWP100; CH4=28 and N2O=265,egrid2021_data.xlsx,"ST21!STCO2AN, STCH4AN, STN2OAN, STNGENAN; reported comparison from STC2ERTA",Air-cooled,22.199993859471455,3.5104211643502636,25.710415023821717,13.65369310879548,25.967153506518372
2021,IA,67198724.482,351.2102489866908,351.27508550673,348.7799805262472,IPCC AR4 GWP100,IPCC AR5 GWP100; CH4=28 and N2O=265,egrid2021_data.xlsx,"ST21!STCO2AN, STCH4AN, STN2OAN, STNGENAN; reported comparison from STC2ERTA",Cold plate,18.850690438064237,2.9474308328855217,21.79812127094976,13.521490206651649,6.799026221369653
2021,IA,67198724.482,351.2102489866908,351.27508550673,348.7799805262472,IPCC AR4 GWP100,IPCC AR5 GWP100; CH4=28 and N2O=265,egrid2021_data.xlsx,"ST21!STCO2AN, STCH4AN, STN2OAN, STNGENAN; reported comparison from STC2ERTA",One-phase,18.47952058025568,3.049789121460012,21.529309701715693,14.165754330790136,5.481994653630973
2021,IA,67198724.482,351.2102489866908,351.27508550673,348.7799805262472,IPCC AR4 GWP100,IPCC AR5 GWP100; CH4=28 and N2O=265,egrid2021_data.xlsx,"ST21!STCO2AN, STCH4AN, STN2OAN, STNGENAN; reported comparison from STC2ERTA",Two-phase,17.591082090820315,2.819329915902762,20.410412006723078,13.813194535093608,0.0
2021,ID,16834399.801,123.35073002337121,123.35852735283001,123.0779035403201,IPCC AR4 GWP100,IPCC AR5 GWP100; CH4=28 and N2O=265,egrid2021_data.xlsx,"ST21!STCO2AN, STCH4AN, STN2OAN, STNGENAN; reported comparison from STC2ERTA",Air-cooled,7.805487249686994,3.5104211643502636,11.315908414037258,31.0220004961831,25.671851649865584
2021,ID,16834399.801,123.35073002337121,123.35852735283001,123.0779035403201,IPCC AR4 GWP100,IPCC AR5 GWP100; CH4=28 and N2O=265,egrid2021_data.xlsx,"ST21!STCO2AN, STCH4AN, STN2OAN, STNGENAN; reported comparison from STC2ERTA",Cold plate,6.627876782016827,2.9474308328855217,9.575307614902348,30.78157852911528,6.341143287188333
2021,ID,16834399.801,123.35073002337121,123.35852735283001,123.0779035403201,IPCC AR4 GWP100,IPCC AR5 GWP100; CH4=28 and N2O=265,egrid2021_data.xlsx,"ST21!STCO2AN, STCH4AN, STN2OAN, STNGENAN; reported comparison from STC2ERTA",One-phase,6.49737397147858,3.049789121460012,9.547163092938591,31.944453988805744,6.028576760527682
2021,ID,16834399.801,123.35073002337121,123.35852735283001,123.0779035403201,IPCC AR4 GWP100,IPCC AR5 GWP100; CH4=28 and N2O=265,egrid2021_data.xlsx,"ST21!STCO2AN, STCH4AN, STN2OAN, STNGENAN; reported comparison from STC2ERTA",Two-phase,6.185000222849802,2.819329915902762,9.004330138752564,31.3108234866802,0.0
2021,IL,181296445.222,298.1062968636722,298.15624383314,296.2179832349012,IPCC AR4 GWP100,IPCC AR5 GWP100; CH4=28 and N2O=265,egrid2021_data.xlsx,"ST21!STCO2AN, STCH4AN, STN2OAN, STNGENAN; reported comparison from STC2ERTA",Air-cooled,18.845272523631536,3.5104211643502636,22.3556936879818,15.702582140125813,25.932245419388302
2021,IL,181296445.222,298.1062968636722,298.15624383314,296.2179832349012,IPCC AR4 GWP100,IPCC AR5 GWP100; CH4=28 and N2O=265,egrid2021_data.xlsx,"ST21!STCO2AN, STCH4AN, STN2OAN, STNGENAN; reported comparison from STC2ERTA",Cold plate,16.002094451587997,2.9474308328855217,18.94952528447352,15.554114357157687,6.744899174750496
2021,IL,181296445.222,298.1062968636722,298.15624383314,296.2179832349012,IPCC AR4 GWP100,IPCC AR5 GWP100; CH4=28 and N2O=265,egrid2021_data.xlsx,"ST21!STCO2AN, STCH4AN, STN2OAN, STNGENAN; reported comparison from STC2ERTA",One-phase,15.687013412951783,3.049789121460012,18.736802534411794,16.276998788127294,5.546606966020606
2021,IL,181296445.222,298.1062968636722,298.15624383314,296.2179832349012,IPCC AR4 GWP100,IPCC AR5 GWP100; CH4=28 and N2O=265,egrid2021_data.xlsx,"ST21!STCO2AN, STCH4AN, STN2OAN, STNGENAN; reported comparison from STC2ERTA",Two-phase,14.93283007579064,2.819329915902762,17.752159991693404,15.881616193308215,0.0
2021,IN,94126667.181,745.0996523343708,745.2205124441001,740.5302646606427,IPCC AR4 GWP100,IPCC AR5 GWP100; CH4=28 and N2O=265,egrid2021_data.xlsx,"ST21!STCO2AN, STCH4AN, STN2OAN, STNGENAN; reported comparison from STC2ERTA",Air-cooled,47.08306060958146,3.5104211643502636,50.59348177393172,6.938485040495883,26.081700104888704
2021,IN,94126667.181,745.0996523343708,745.2205124441001,740.5302646606427,IPCC AR4 GWP100,IPCC AR5 GWP100; CH4=28 and N2O=265,egrid2021_data.xlsx,"ST21!STCO2AN, STCH4AN, STN2OAN, STNGENAN; reported comparison from STC2ERTA",Cold plate,39.97965972630982,2.9474308328855217,42.92709055919534,6.866132305941142,6.976637473655023
2021,IN,94126667.181,745.0996523343708,745.2205124441001,740.5302646606427,IPCC AR4 GWP100,IPCC AR5 GWP100; CH4=28 and N2O=265,egrid2021_data.xlsx,"ST21!STCO2AN, STCH4AN, STN2OAN, STNGENAN; reported comparison from STC2ERTA",One-phase,39.192460728766214,3.049789121460012,42.24224985022622,7.21976015073373,5.26997729016172
2021,IN,94126667.181,745.0996523343708,745.2205124441001,740.5302646606427,IPCC AR4 GWP100,IPCC AR5 GWP100; CH4=28 and N2O=265,egrid2021_data.xlsx,"ST21!STCO2AN, STCH4AN, STN2OAN, STNGENAN; reported comparison from STC2ERTA",Two-phase,37.308207809114,2.819329915902762,40.127537725016765,7.025923033760188,0.0
2021,KS,56573059.816,383.0456398813082,383.1222593968,380.1946835358014,IPCC AR4 GWP100,IPCC AR5 GWP100; CH4=28 and N2O=265,egrid2021_data.xlsx,"ST21!STCO2AN, STCH4AN, STN2OAN, STNGENAN; reported comparison from STC2ERTA",Air-cooled,24.211122236914452,3.5104211643502636,27.721543401264714,12.663151952030603,25.984036859951853
2021,KS,56573059.816,383.0456398813082,383.1222593968,380.1946835358014,IPCC AR4 GWP100,IPCC AR5 GWP100; CH4=28 and N2O=265,egrid2021_data.xlsx,"ST21!STCO2AN, STCH4AN, STN2OAN, STNGENAN; reported comparison from STC2ERTA",Cold plate,20.558400751606055,2.9474308328855217,23.505831584491578,12.53914724221093,6.825204855993117
2021,KS,56573059.816,383.0456398813082,383.1222593968,380.1946835358014,IPCC AR4 GWP100,IPCC AR5 GWP100; CH4=28 and N2O=265,egrid2021_data.xlsx,"ST21!STCO2AN, STCH4AN, STN2OAN, STNGENAN; reported comparison from STC2ERTA",One-phase,20.15360609918649,3.049789121460012,23.203395220646502,13.143719237891071,5.450744803068752
2021,KS,56573059.816,383.0456398813082,383.1222593968,380.1946835358014,IPCC AR4 GWP100,IPCC AR5 GWP100; CH4=28 and N2O=265,egrid2021_data.xlsx,"ST21!STCO2AN, STCH4AN, STN2OAN, STNGENAN; reported comparison from STC2ERTA",Two-phase,19.184682729033298,2.819329915902762,22.00401264493606,12.812799017144693,0.0
2021,KY,69904814.122,788.9916329686193,789.1418616312001,783.3931063288215,IPCC AR4 GWP100,IPCC AR5 GWP100; CH4=28 and N2O=265,egrid2021_data.xlsx,"ST21!STCO2AN, STCH4AN, STN2OAN, STNGENAN; reported comparison from STC2ERTA",Air-cooled,49.8558366087177,3.5104211643502636,53.366257773067964,6.577978878110219,26.087855435129036
2021,KY,69904814.122,788.9916329686193,789.1418616312001,783.3931063288215,IPCC AR4 GWP100,IPCC AR5 GWP100; CH4=28 and N2O=265,egrid2021_data.xlsx,"ST21!STCO2AN, STCH4AN, STN2OAN, STNGENAN; reported comparison from STC2ERTA",Cold plate,42.33410821601116,2.9474308328855217,45.28153904889668,6.509122469761411,6.986181675995118
2021,KY,69904814.122,788.9916329686193,789.1418616312001,783.3931063288215,IPCC AR4 GWP100,IPCC AR5 GWP100; CH4=28 and N2O=265,egrid2021_data.xlsx,"ST21!STCO2AN, STCH4AN, STN2OAN, STNGENAN; reported comparison from STC2ERTA",One-phase,41.50055015729623,3.049789121460012,44.55033927875624,6.845714692265652,5.258584224742013
2021,KY,69904814.122,788.9916329686193,789.1418616312001,783.3931063288215,IPCC AR4 GWP100,IPCC AR5 GWP100; CH4=28 and N2O=265,egrid2021_data.xlsx,"ST21!STCO2AN, STCH4AN, STN2OAN, STNGENAN; reported comparison from STC2ERTA",Two-phase,39.50533139973392,2.819329915902762,42.32466131563668,6.661198999036459,0.0
2021,LA,97167796.19,375.87834690717847,375.90923352906003,374.6863848718725,IPCC AR4 GWP100,IPCC AR5 GWP100; CH4=28 and N2O=265,egrid2021_data.xlsx,"ST21!STCO2AN, STCH4AN, STN2OAN, STNGENAN; reported comparison from STC2ERTA",Air-cooled,23.758344812649895,3.5104211643502636,27.268765977000157,12.87341410062754,25.980452652538855
2021,LA,97167796.19,375.87834690717847,375.90923352906003,374.6863848718725,IPCC AR4 GWP100,IPCC AR5 GWP100; CH4=28 and N2O=265,egrid2021_data.xlsx,"ST21!STCO2AN, STCH4AN, STN2OAN, STNGENAN; reported comparison from STC2ERTA",Cold plate,20.173933660480543,2.9474308328855217,23.121364493366066,12.747650917103929,6.819647331141865
2021,LA,97167796.19,375.87834690717847,375.90923352906003,374.6863848718725,IPCC AR4 GWP100,IPCC AR5 GWP100; CH4=28 and N2O=265,egrid2021_data.xlsx,"ST21!STCO2AN, STCH4AN, STN2OAN, STNGENAN; reported comparison from STC2ERTA",One-phase,19.77670916025323,3.049789121460012,22.826498281713242,13.360740153049484,5.457378908460253
2021,LA,97167796.19,375.87834690717847,375.90923352906003,374.6863848718725,IPCC AR4 GWP100,IPCC AR5 GWP100; CH4=28 and N2O=265,egrid2021_data.xlsx,"ST21!STCO2AN, STCH4AN, STN2OAN, STNGENAN; reported comparison from STC2ERTA",Two-phase,18.82590583524106,2.819329915902762,21.645235751143822,13.025175370306497,0.0
2021,MA,19429416.602,389.8285897449892,389.89983658934,386.2019747355051,IPCC AR4 GWP100,IPCC AR5 GWP100; CH4=28 and N2O=265,egrid2021_data.xlsx,"ST21!STCO2AN, STCH4AN, STN2OAN, STNGENAN; reported comparison from STC2ERTA",Air-cooled,24.639619659759926,3.5104211643502636,28.15004082411019,12.470394576989841,25.987322853620356
2021,MA,19429416.602,389.8285897449892,389.89983658934,386.2019747355051,IPCC AR4 GWP100,IPCC AR5 GWP100; CH4=28 and N2O=265,egrid2021_data.xlsx,"ST21!STCO2AN, STCH4AN, STN2OAN, STNGENAN; reported comparison from STC2ERTA",Cold plate,20.922250954570057,2.9474308328855217,23.86968178745558,12.348010581500537,6.830299982856491
2021,MA,19429416.602,389.8285897449892,389.89983658934,386.2019747355051,IPCC AR4 GWP100,IPCC AR5 GWP100; CH4=28 and N2O=265,egrid2021_data.xlsx,"ST21!STCO2AN, STCH4AN, STN2OAN, STNGENAN; reported comparison from STC2ERTA",One-phase,20.510292096227033,3.049789121460012,23.560081217687046,12.944730933993858,5.444662669475209
2021,MA,19429416.602,389.8285897449892,389.89983658934,386.2019747355051,IPCC AR4 GWP100,IPCC AR5 GWP100; CH4=28 and N2O=265,egrid2021_data.xlsx,"ST21!STCO2AN, STCH4AN, STN2OAN, STNGENAN; reported comparison from STC2ERTA",Two-phase,19.524220360831507,2.819329915902762,22.34355027673427,12.61809283208879,0.0
2021,MD,38166718.985,318.38383778054,318.42365810948,316.69305062786543,IPCC AR4 GWP100,IPCC AR5 GWP100; CH4=28 and N2O=265,egrid2021_data.xlsx,"ST21!STCO2AN, STCH4AN, STN2OAN, STNGENAN; reported comparison from STC2ERTA",Air-cooled,20.12626002894184,3.5104211643502636,23.6366811932921,14.851582316668436,25.946742037752447
2021,MD,38166718.985,318.38383778054,318.42365810948,316.69305062786543,IPCC AR4 GWP100,IPCC AR5 GWP100; CH4=28 and N2O=265,egrid2021_data.xlsx,"ST21!STCO2AN, STCH4AN, STN2OAN, STNGENAN; reported comparison from STC2ERTA",Cold plate,17.08981992892322,2.9474308328855217,20.037250761808743,14.709756682305752,6.767377035971922
2021,MD,38166718.985,318.38383778054,318.42365810948,316.69305062786543,IPCC AR4 GWP100,IPCC AR5 GWP100; CH4=28 and N2O=265,egrid2021_data.xlsx,"ST21!STCO2AN, STCH4AN, STN2OAN, STNGENAN; reported comparison from STC2ERTA",One-phase,16.753321589308893,3.049789121460012,19.803110710768905,15.400555831875142,5.519774787252274
2021,MD,38166718.985,318.38383778054,318.42365810948,316.69305062786543,IPCC AR4 GWP100,IPCC AR5 GWP100; CH4=28 and N2O=265,egrid2021_data.xlsx,"ST21!STCO2AN, STCH4AN, STN2OAN, STNGENAN; reported comparison from STC2ERTA",Two-phase,15.947873435976737,2.819329915902762,18.7672033518795,15.02264276163668,0.0
2021,ME,10900945.883,140.23605890079295,140.33059306112,136.5497705180725,IPCC AR4 GWP100,IPCC AR5 GWP100; CH4=28 and N2O=265,egrid2021_data.xlsx,"ST21!STCO2AN, STCH4AN, STN2OAN, STNGENAN; reported comparison from STC2ERTA",Air-cooled,8.872179478478886,3.5104211643502636,12.38260064282915,28.349627558918108,25.71719808209776
2021,ME,10900945.883,140.23605890079295,140.33059306112,136.5497705180725,IPCC AR4 GWP100,IPCC AR5 GWP100; CH4=28 and N2O=265,egrid2021_data.xlsx,"ST21!STCO2AN, STCH4AN, STN2OAN, STNGENAN; reported comparison from STC2ERTA",Cold plate,7.533637618030116,2.9474308328855217,10.481068450915638,28.12147298425506,6.411455603136762
2021,ME,10900945.883,140.23605890079295,140.33059306112,136.5497705180725,IPCC AR4 GWP100,IPCC AR5 GWP100; CH4=28 and N2O=265,egrid2021_data.xlsx,"ST21!STCO2AN, STCH4AN, STN2OAN, STNGENAN; reported comparison from STC2ERTA",One-phase,7.385300388014439,3.049789121460012,10.435089509474452,29.226286163534883,5.944643835924168
2021,ME,10900945.883,140.23605890079295,140.33059306112,136.5497705180725,IPCC AR4 GWP100,IPCC AR5 GWP100; CH4=28 and N2O=265,egrid2021_data.xlsx,"ST21!STCO2AN, STCH4AN, STN2OAN, STNGENAN; reported comparison from STC2ERTA",Two-phase,7.0302378693599,2.819329915902762,9.849567785262662,28.623894747149837,0.0
2021,MI,115299089.641,458.18023010203297,458.25575315597,455.29651306118456,IPCC AR4 GWP100,IPCC AR5 GWP100; CH4=28 and N2O=265,egrid2021_data.xlsx,"ST21!STCO2AN, STCH4AN, STN2OAN, STNGENAN; reported comparison from STC2ERTA",Air-cooled,28.95757900324235,3.5104211643502636,32.46800016759261,10.81194143843245,26.015602092859247
2021,MI,115299089.641,458.18023010203297,458.25575315597,455.29651306118456,IPCC AR4 GWP100,IPCC AR5 GWP100; CH4=28 and N2O=265,egrid2021_data.xlsx,"ST21!STCO2AN, STCH4AN, STN2OAN, STNGENAN; reported comparison from STC2ERTA",Cold plate,24.588761649274918,2.9474308328855217,27.53619248216044,10.7038430777786,6.874148610108244
2021,MI,115299089.641,458.18023010203297,458.25575315597,455.29651306118456,IPCC AR4 GWP100,IPCC AR5 GWP100; CH4=28 and N2O=265,egrid2021_data.xlsx,"ST21!STCO2AN, STCH4AN, STN2OAN, STNGENAN; reported comparison from STC2ERTA",One-phase,24.10460924143414,3.049789121460012,27.154398362894153,11.231289608049195,5.3923198689936
2021,MI,115299089.641,458.18023010203297,458.25575315597,455.29651306118456,IPCC AR4 GWP100,IPCC AR5 GWP100; CH4=28 and N2O=265,egrid2021_data.xlsx,"ST21!STCO2AN, STCH4AN, STN2OAN, STNGENAN; reported comparison from STC2ERTA",Two-phase,22.945733797134427,2.819329915902762,25.76506371303719,10.94245272320508,0.0
2021,MN,59157704.839,377.12267501123887,377.18745682772004,374.6550265271497,IPCC AR4 GWP100,IPCC AR5 GWP100; CH4=28 and N2O=265,egrid2021_data.xlsx,"ST21!STCO2AN, STCH4AN, STN2OAN, STNGENAN; reported comparison from STC2ERTA",Air-cooled,23.83695240912043,3.5104211643502636,27.34737357347069,12.836410615151996,25.98108341303775
2021,MN,59157704.839,377.12267501123887,377.18745682772004,374.6550265271497,IPCC AR4 GWP100,IPCC AR5 GWP100; CH4=28 and N2O=265,egrid2021_data.xlsx,"ST21!STCO2AN, STCH4AN, STN2OAN, STNGENAN; reported comparison from STC2ERTA",Cold plate,20.24068176304878,2.9474308328855217,23.188112595934303,12.710956187966374,6.820625362473143
2021,MN,59157704.839,377.12267501123887,377.18745682772004,374.6550265271497,IPCC AR4 GWP100,IPCC AR5 GWP100; CH4=28 and N2O=265,egrid2021_data.xlsx,"ST21!STCO2AN, STCH4AN, STN2OAN, STNGENAN; reported comparison from STC2ERTA",One-phase,19.842142993520792,3.049789121460012,22.891932114980804,13.32255008507642,5.456211416977719
2021,MN,59157704.839,377.12267501123887,377.18745682772004,374.6550265271497,IPCC AR4 GWP100,IPCC AR5 GWP100; CH4=28 and N2O=265,egrid2021_data.xlsx,"ST21!STCO2AN, STCH4AN, STN2OAN, STNGENAN; reported comparison from STC2ERTA",Two-phase,18.88819381113999,2.819329915902762,21.70752372704275,12.987800687696604,0.0
2021,MO,76941409.993,747.8110680352758,747.9647462826,742.1044265434754,IPCC AR4 GWP100,IPCC AR5 GWP100; CH4=28 and N2O=265,egrid2021_data.xlsx,"ST21!STCO2AN, STCH4AN, STN2OAN, STNGENAN; reported comparison from STC2ERTA",Air-cooled,47.254348126583686,3.5104211643502636,50.76476929093395,6.915073609872955,26.082099816527116
2021,MO,76941409.993,747.8110680352758,747.9647462826,742.1044265434754,IPCC AR4 GWP100,IPCC AR5 GWP100; CH4=28 and N2O=265,egrid2021_data.xlsx,"ST21!STCO2AN, STCH4AN, STN2OAN, STNGENAN; reported comparison from STC2ERTA",Cold plate,40.125105170094756,2.9474308328855217,43.07253600298028,6.842947052575643,6.977257250109847
2021,MO,76941409.993,747.8110680352758,747.9647462826,742.1044265434754,IPCC AR4 GWP100,IPCC AR5 GWP100; CH4=28 and N2O=265,egrid2021_data.xlsx,"ST21!STCO2AN, STCH4AN, STN2OAN, STNGENAN; reported comparison from STC2ERTA",One-phase,39.335042353591,3.049789121460012,42.38483147505101,7.195473039111196,5.269237453196451
2021,MO,76941409.993,747.8110680352758,747.9647462826,742.1044265434754,IPCC AR4 GWP100,IPCC AR5 GWP100; CH4=28 and N2O=265,egrid2021_data.xlsx,"ST21!STCO2AN, STCH4AN, STN2OAN, STNGENAN; reported comparison from STC2ERTA",Two-phase,37.443934548129896,2.819329915902762,40.26326446403266,7.0022387738114995,0.0
2021,MS,67723496.549,379.3415994333148,379.36742175794,378.2741720926958,IPCC AR4 GWP100,IPCC AR5 GWP100; CH4=28 and N2O=265,egrid2021_data.xlsx,"ST21!STCO2AN, STCH4AN, STN2OAN, STNGENAN; reported comparison from STC2ERTA",Air-cooled,23.977127910260347,3.5104211643502636,27.48754907461061,12.770950057503416,25.98219926755574
2021,MS,67723496.549,379.3415994333148,379.36742175794,378.2741720926958,IPCC AR4 GWP100,IPCC AR5 GWP100; CH4=28 and N2O=265,egrid2021_data.xlsx,"ST21!STCO2AN, STCH4AN, STN2OAN, STNGENAN; reported comparison from STC2ERTA",Cold plate,20.35970904727759,2.9474308328855217,23.307139880163113,12.646042577682827,6.822355560673077
2021,MS,67723496.549,379.3415994333148,379.36742175794,378.2741720926958,IPCC AR4 GWP100,IPCC AR5 GWP100; CH4=28 and N2O=265,egrid2021_data.xlsx,"ST21!STCO2AN, STCH4AN, STN2OAN, STNGENAN; reported comparison from STC2ERTA",One-phase,19.958826632019083,3.049789121460012,23.008615753479095,13.254987410526242,5.454146051997122
2021,MS,67723496.549,379.3415994333148,379.36742175794,378.2741720926958,IPCC AR4 GWP100,IPCC AR5 GWP100; CH4=28 and N2O=265,egrid2021_data.xlsx,"ST21!STCO2AN, STCH4AN, STN2OAN, STNGENAN; reported comparison from STC2ERTA",Two-phase,18.99926765932586,2.819329915902762,21.818597575228623,12.921682551694525,0.0
2021,MT,24947923.138,477.5562988100064,477.65227008191,474.01472575371804,IPCC AR4 GWP100,IPCC AR5 GWP100; CH4=28 and N2O=265,egrid2021_data.xlsx,"ST21!STCO2AN, STCH4AN, STN2OAN, STNGENAN; reported comparison from STC2ERTA",Air-cooled,30.181618053081042,3.5104211643502636,33.69203921743131,10.419141274577619,26.022301814174487
2021,MT,24947923.138,477.5562988100064,477.65227008191,474.01472575371804,IPCC AR4 GWP100,IPCC AR5 GWP100; CH4=28 and N2O=265,egrid2021_data.xlsx,"ST21!STCO2AN, STCH4AN, STN2OAN, STNGENAN; reported comparison from STC2ERTA",Cold plate,25.628130459855335,2.9474308328855217,28.575561292740858,10.314515969400283,6.884536922897011
2021,MT,24947923.138,477.5562988100064,477.65227008191,474.01472575371804,IPCC AR4 GWP100,IPCC AR5 GWP100; CH4=28 and N2O=265,egrid2021_data.xlsx,"ST21!STCO2AN, STCH4AN, STN2OAN, STNGENAN; reported comparison from STC2ERTA",One-phase,25.1235128931971,3.049789121460012,28.17330201465711,10.825103567460301,5.3799191755689035
2021,MT,24947923.138,477.5562988100064,477.65227008191,474.01472575371804,IPCC AR4 GWP100,IPCC AR5 GWP100; CH4=28 and N2O=265,egrid2021_data.xlsx,"ST21!STCO2AN, STCH4AN, STN2OAN, STNGENAN; reported comparison from STC2ERTA",Two-phase,23.91565169640878,2.819329915902762,26.734981612311543,10.545471684949472,0.0
2021,NC,129730297.061,305.1550553536907,305.11208282709003,303.67280427415574,IPCC AR4 GWP100,IPCC AR5 GWP100; CH4=28 and N2O=265,egrid2021_data.xlsx,"ST21!STCO2AN, STCH4AN, STN2OAN, STNGENAN; reported comparison from STC2ERTA",Air-cooled,19.290561801590908,3.5104211643502636,22.80098296594117,15.395920296918487,25.937468960301224
2021,NC,129730297.061,305.1550553536907,305.11208282709003,303.67280427415574,IPCC AR4 GWP100,IPCC AR5 GWP100; CH4=28 and N2O=265,egrid2021_data.xlsx,"ST21!STCO2AN, STCH4AN, STN2OAN, STNGENAN; reported comparison from STC2ERTA",Cold plate,16.38020312978567,2.9474308328855217,19.327633962671193,15.249827467646067,6.75299858281766
2021,NC,129730297.061,305.1550553536907,305.11208282709003,303.67280427415574,IPCC AR4 GWP100,IPCC AR5 GWP100; CH4=28 and N2O=265,egrid2021_data.xlsx,"ST21!STCO2AN, STCH4AN, STN2OAN, STNGENAN; reported comparison from STC2ERTA",One-phase,16.05767713602784,3.049789121460012,19.107466257487854,15.961243005020915,5.5369385743958555
2021,NC,129730297.061,305.1550553536907,305.11208282709003,303.67280427415574,IPCC AR4 GWP100,IPCC AR5 GWP100; CH4=28 and N2O=265,egrid2021_data.xlsx,"ST21!STCO2AN, STCH4AN, STN2OAN, STNGENAN; reported comparison from STC2ERTA",Two-phase,15.285673427564967,2.819329915902762,18.10500334346773,15.572103812507573,0.0
2021,ND,43032366.995,612.6638793243548,612.7860553599401,608.1251647986048,IPCC AR4 GWP100,IPCC AR5 GWP100; CH4=28 and N2O=265,egrid2021_data.xlsx,"ST21!STCO2AN, STCH4AN, STN2OAN, STNGENAN; reported comparison from STC2ERTA",Air-cooled,38.71673201098791,3.5104211643502636,42.227153175338174,8.313184527912828,26.058233816906995
2021,ND,43032366.995,612.6638793243548,612.7860553599401,608.1251647986048,IPCC AR4 GWP100,IPCC AR5 GWP100; CH4=28 and N2O=265,egrid2021_data.xlsx,"ST21!STCO2AN, STCH4AN, STN2OAN, STNGENAN; reported comparison from STC2ERTA",Cold plate,32.875555485851905,2.9474308328855217,35.82298631873743,8.227764169800244,6.940251611008552
2021,ND,43032366.995,612.6638793243548,612.7860553599401,608.1251647986048,IPCC AR4 GWP100,IPCC AR5 GWP100; CH4=28 and N2O=265,egrid2021_data.xlsx,"ST21!STCO2AN, STCH4AN, STN2OAN, STNGENAN; reported comparison from STC2ERTA",One-phase,32.228236211517995,3.049789121460012,35.278025332978004,8.645010860653416,5.313411670397206
2021,ND,43032366.995,612.6638793243548,612.7860553599401,608.1251647986048,IPCC AR4 GWP100,IPCC AR5 GWP100; CH4=28 and N2O=265,egrid2021_data.xlsx,"ST21!STCO2AN, STCH4AN, STN2OAN, STNGENAN; reported comparison from STC2ERTA",Two-phase,30.67880177827194,2.819329915902762,33.4981316941747,8.416379580933587,0.0
2021,NE,37910897.991,514.1362522781033,514.2417522003301,510.21906025488096,IPCC AR4 GWP100,IPCC AR5 GWP100; CH4=28 and N2O=265,egrid2021_data.xlsx,"ST21!STCO2AN, STCH4AN, STN2OAN, STNGENAN; reported comparison from STC2ERTA",Air-cooled,32.49247337471845,3.5104211643502636,36.00289453906871,9.750385932278064,26.03370995158698
2021,NE,37910897.991,514.1362522781033,514.2417522003301,510.21906025488096,IPCC AR4 GWP100,IPCC AR5 GWP100; CH4=28 and N2O=265,egrid2021_data.xlsx,"ST21!STCO2AN, STCH4AN, STN2OAN, STNGENAN; reported comparison from STC2ERTA",Cold plate,27.590348043837015,2.9474308328855217,30.537778876722538,9.651752489216577,6.902225912364224
2021,NE,37910897.991,514.1362522781033,514.2417522003301,510.21906025488096,IPCC AR4 GWP100,IPCC AR5 GWP100; CH4=28 and N2O=265,egrid2021_data.xlsx,"ST21!STCO2AN, STCH4AN, STN2OAN, STNGENAN; reported comparison from STC2ERTA",One-phase,27.04709443761148,3.049789121460012,30.096883559071493,10.133238929785392,5.358803548822189
2021,NE,37910897.991,514.1362522781033,514.2417522003301,510.21906025488096,IPCC AR4 GWP100,IPCC AR5 GWP100; CH4=28 and N2O=265,egrid2021_data.xlsx,"ST21!STCO2AN, STCH4AN, STN2OAN, STNGENAN; reported comparison from STC2ERTA",Two-phase,25.746753358880163,2.819329915902762,28.566083274782926,9.869501145057436,0.0
2021,NH,17193229.589,139.6898502206294,139.72686161665,137.91112801696954,IPCC AR4 GWP100,IPCC AR5 GWP100; CH4=28 and N2O=265,egrid2021_data.xlsx,"ST21!STCO2AN, STCH4AN, STN2OAN, STNGENAN; reported comparison from STC2ERTA",Air-cooled,8.83767398802272,3.5104211643502636,12.348095152372984,28.42884769701221,25.71585335645359
2021,NH,17193229.589,139.6898502206294,139.72686161665,137.91112801696954,IPCC AR4 GWP100,IPCC AR5 GWP100; CH4=28 and N2O=265,egrid2021_data.xlsx,"ST21!STCO2AN, STCH4AN, STN2OAN, STNGENAN; reported comparison from STC2ERTA",Cold plate,7.504337955916684,2.9474308328855217,10.451768788802205,28.200306497818186,6.409370526765734
2021,NH,17193229.589,139.6898502206294,139.72686161665,137.91112801696954,IPCC AR4 GWP100,IPCC AR5 GWP100; CH4=28 and N2O=265,egrid2021_data.xlsx,"ST21!STCO2AN, STCH4AN, STN2OAN, STNGENAN; reported comparison from STC2ERTA",One-phase,7.3565776358797805,3.049789121460012,10.406366757339793,29.30695402705216,5.94713282459538
2021,NH,17193229.589,139.6898502206294,139.72686161665,137.91112801696954,IPCC AR4 GWP100,IPCC AR5 GWP100; CH4=28 and N2O=265,egrid2021_data.xlsx,"ST21!STCO2AN, STCH4AN, STN2OAN, STNGENAN; reported comparison from STC2ERTA",Two-phase,7.002896018770176,2.819329915902762,9.822225934672938,28.703574267726722,0.0
2021,NJ,61421799.863,219.12733381979245,219.14589608758,218.14032931230605,IPCC AR4 GWP100,IPCC AR5 GWP100; CH4=28 and N2O=265,egrid2021_data.xlsx,"ST21!STCO2AN, STCH4AN, STN2OAN, STNGENAN; reported comparison from STC2ERTA",Air-cooled,13.85595625217895,3.5104211643502636,17.366377416529215,20.213894240309816,25.855451788056705
2021,NJ,61421799.863,219.12733381979245,219.14589608758,218.14032931230605,IPCC AR4 GWP100,IPCC AR5 GWP100; CH4=28 and N2O=265,egrid2021_data.xlsx,"ST21!STCO2AN, STCH4AN, STN2OAN, STNGENAN; reported comparison from STC2ERTA",Cold plate,11.765514156741517,2.9474308328855217,14.712944989627038,20.032908673032676,6.625826123063239
2021,NJ,61421799.863,219.12733381979245,219.14589608758,218.14032931230605,IPCC AR4 GWP100,IPCC AR5 GWP100; CH4=28 and N2O=265,egrid2021_data.xlsx,"ST21!STCO2AN, STCH4AN, STN2OAN, STNGENAN; reported comparison from STC2ERTA",One-phase,11.533851330865163,3.049789121460012,14.583640452325175,20.912399283498253,5.688746352766283
2021,NJ,61421799.863,219.12733381979245,219.14589608758,218.14032931230605,IPCC AR4 GWP100,IPCC AR5 GWP100; CH4=28 and N2O=265,egrid2021_data.xlsx,"ST21!STCO2AN, STCH4AN, STN2OAN, STNGENAN; reported comparison from STC2ERTA",Two-phase,10.979339247650493,2.819329915902762,13.798669163553255,20.4318973263706,0.0
2021,NM,35073356.999,517.3981552119037,517.4735978365801,514.5131129587961,IPCC AR4 GWP100,IPCC AR5 GWP100; CH4=28 and N2O=265,egrid2021_data.xlsx,"ST21!STCO2AN, STCH4AN, STN2OAN, STNGENAN; reported comparison from STC2ERTA",Air-cooled,32.69853667000972,3.5104211643502636,36.208957834359985,9.694896993194039,26.034656616924188
2021,NM,35073356.999,517.3981552119037,517.4735978365801,514.5131129587961,IPCC AR4 GWP100,IPCC AR5 GWP100; CH4=28 and N2O=265,egrid2021_data.xlsx,"ST21!STCO2AN, STCH4AN, STN2OAN, STNGENAN; reported comparison from STC2ERTA",Cold plate,27.765322659360432,2.9474308328855217,30.712753492245955,9.596765179747427,6.903693772767161
2021,NM,35073356.999,517.3981552119037,517.4735978365801,514.5131129587961,IPCC AR4 GWP100,IPCC AR5 GWP100; CH4=28 and N2O=265,egrid2021_data.xlsx,"ST21!STCO2AN, STCH4AN, STN2OAN, STNGENAN; reported comparison from STC2ERTA",One-phase,27.218623805154333,3.049789121460012,30.268412926614346,10.075814443440473,5.3570513406227205
2021,NM,35073356.999,517.3981552119037,517.4735978365801,514.5131129587961,IPCC AR4 GWP100,IPCC AR5 GWP100; CH4=28 and N2O=265,egrid2021_data.xlsx,"ST21!STCO2AN, STCH4AN, STN2OAN, STNGENAN; reported comparison from STC2ERTA",Two-phase,25.910036122214226,2.819329915902762,28.72936603811699,9.813408037483967,0.0
2021,NV,41723320.004,325.14802282292385,325.16404072768,324.35271454864636,IPCC AR4 GWP100,IPCC AR5 GWP100; CH4=28 and N2O=265,egrid2021_data.xlsx,"ST21!STCO2AN, STCH4AN, STN2OAN, STNGENAN; reported comparison from STC2ERTA",Air-cooled,20.553572026901747,3.5104211643502636,24.06399319125201,14.587858035242496,25.951235207617664
2021,NV,41723320.004,325.14802282292385,325.16404072768,324.35271454864636,IPCC AR4 GWP100,IPCC AR5 GWP100; CH4=28 and N2O=265,egrid2021_data.xlsx,"ST21!STCO2AN, STCH4AN, STN2OAN, STNGENAN; reported comparison from STC2ERTA",Cold plate,17.452663551538745,2.9474308328855217,20.400094384424268,14.448123510330044,6.774343960680729
2021,NV,41723320.004,325.14802282292385,325.16404072768,324.35271454864636,IPCC AR4 GWP100,IPCC AR5 GWP100; CH4=28 and N2O=265,egrid2021_data.xlsx,"ST21!STCO2AN, STCH4AN, STN2OAN, STNGENAN; reported comparison from STC2ERTA",One-phase,17.109020825555362,3.049789121460012,20.158809947015374,15.128815289572936,5.511458258939728
2021,NV,41723320.004,325.14802282292385,325.16404072768,324.35271454864636,IPCC AR4 GWP100,IPCC AR5 GWP100; CH4=28 and N2O=265,egrid2021_data.xlsx,"ST21!STCO2AN, STCH4AN, STN2OAN, STNGENAN; reported comparison from STC2ERTA",Two-phase,16.286471747403667,2.819329915902762,19.10580166330643,14.756407323736719,0.0
2021,NY,123769709.506,207.28756789399728,207.30123852977002,206.54121057086945,IPCC AR4 GWP100,IPCC AR5 GWP100; CH4=28 and N2O=265,egrid2021_data.xlsx,"ST21!STCO2AN, STCH4AN, STN2OAN, STNGENAN; reported comparison from STC2ERTA",Air-cooled,13.108005981536122,3.5104211643502636,16.618427145886386,21.123666719682372,25.83997656890027
2021,NY,123769709.506,207.28756789399728,207.30123852977002,206.54121057086945,IPCC AR4 GWP100,IPCC AR5 GWP100; CH4=28 and N2O=265,egrid2021_data.xlsx,"ST21!STCO2AN, STCH4AN, STN2OAN, STNGENAN; reported comparison from STC2ERTA",Cold plate,11.130406818234803,2.9474308328855217,14.077837651120324,20.936672988631624,6.601830883633442
2021,NY,123769709.506,207.28756789399728,207.30123852977002,206.54121057086945,IPCC AR4 GWP100,IPCC AR5 GWP100; CH4=28 and N2O=265,egrid2021_data.xlsx,"ST21!STCO2AN, STCH4AN, STN2OAN, STNGENAN; reported comparison from STC2ERTA",One-phase,10.911249247871568,3.049789121460012,13.96103836933158,21.845002074913914,5.717389849922361
2021,NY,123769709.506,207.28756789399728,207.30123852977002,206.54121057086945,IPCC AR4 GWP100,IPCC AR5 GWP100; CH4=28 and N2O=265,egrid2021_data.xlsx,"ST21!STCO2AN, STCH4AN, STN2OAN, STNGENAN; reported comparison from STC2ERTA",Two-phase,10.386669957108513,2.819329915902762,13.205999873011274,21.348856148821763,0.0
2021,OH,125609191.275,550.9840650503652,551.05031943346,548.0211732072097,IPCC AR4 GWP100,IPCC AR5 GWP100; CH4=28 and N2O=265,egrid2021_data.xlsx,"ST21!STCO2AN, STCH4AN, STN2OAN, STNGENAN; reported comparison from STC2ERTA",Air-cooled,34.82025009837514,3.5104211643502636,38.3306712627254,9.158256426789913,26.04381267132665
2021,OH,125609191.275,550.9840650503652,551.05031943346,548.0211732072097,IPCC AR4 GWP100,IPCC AR5 GWP100; CH4=28 and N2O=265,egrid2021_data.xlsx,"ST21!STCO2AN, STCH4AN, STN2OAN, STNGENAN; reported comparison from STC2ERTA",Cold plate,29.566934105272455,2.9474308328855217,32.514364938157975,9.06501122962576,6.917890774786839
2021,OH,125609191.275,550.9840650503652,551.05031943346,548.0211732072097,IPCC AR4 GWP100,IPCC AR5 GWP100; CH4=28 and N2O=265,egrid2021_data.xlsx,"ST21!STCO2AN, STCH4AN, STN2OAN, STNGENAN; reported comparison from STC2ERTA",One-phase,28.98476154433914,3.049789121460012,32.03455066579915,9.520311844785883,5.3401041545708905
2021,OH,125609191.275,550.9840650503652,551.05031943346,548.0211732072097,IPCC AR4 GWP100,IPCC AR5 GWP100; CH4=28 and N2O=265,egrid2021_data.xlsx,"ST21!STCO2AN, STCH4AN, STN2OAN, STNGENAN; reported comparison from STC2ERTA",Two-phase,27.591263393168994,2.819329915902762,30.410593309071757,9.270880996135416,0.0
2021,OK,80754585.812,343.1746649878009,343.20839879865,341.8023458534025,IPCC AR4 GWP100,IPCC AR5 GWP100; CH4=28 and N2O=265,egrid2021_data.xlsx,"ST21!STCO2AN, STCH4AN, STN2OAN, STNGENAN; reported comparison from STC2ERTA",Air-cooled,21.692364125538244,3.5104211643502636,25.202785289888507,13.928703212651117,25.962466878611814
2021,OK,80754585.812,343.1746649878009,343.20839879865,341.8023458534025,IPCC AR4 GWP100,IPCC AR5 GWP100; CH4=28 and N2O=265,egrid2021_data.xlsx,"ST21!STCO2AN, STCH4AN, STN2OAN, STNGENAN; reported comparison from STC2ERTA",Cold plate,18.419646581380952,2.9474308328855217,21.367077414266475,13.794262901474614,6.79175932856515
2021,OK,80754585.812,343.1746649878009,343.20839879865,341.8023458534025,IPCC AR4 GWP100,IPCC AR5 GWP100; CH4=28 and N2O=265,egrid2021_data.xlsx,"ST21!STCO2AN, STCH4AN, STN2OAN, STNGENAN; reported comparison from STC2ERTA",One-phase,18.056963971693097,3.049789121460012,21.10675309315311,14.449352337614368,5.490669258607861
2021,OK,80754585.812,343.1746649878009,343.20839879865,341.8023458534025,IPCC AR4 GWP100,IPCC AR5 GWP100; CH4=28 and N2O=265,egrid2021_data.xlsx,"ST21!STCO2AN, STCH4AN, STN2OAN, STNGENAN; reported comparison from STC2ERTA",Two-phase,17.18884070382324,2.819329915902762,20.008170619726002,14.090893013093321,0.0
2021,OR,61016874.601,148.18998776640038,148.19724553403,147.78236529234613,IPCC AR4 GWP100,IPCC AR5 GWP100; CH4=28 and N2O=265,egrid2021_data.xlsx,"ST21!STCO2AN, STCH4AN, STN2OAN, STNGENAN; reported comparison from STC2ERTA",Air-cooled,9.374650835175519,3.5104211643502636,12.885071999525783,27.24409428584846,25.7359670066454
2021,OR,61016874.601,148.18998776640038,148.19724553403,147.78236529234613,IPCC AR4 GWP100,IPCC AR5 GWP100; CH4=28 and N2O=265,egrid2021_data.xlsx,"ST21!STCO2AN, STCH4AN, STN2OAN, STNGENAN; reported comparison from STC2ERTA",Cold plate,7.960301339607735,2.9474308328855217,10.907732172493256,27.021481516737744,6.440557926910517
2021,OR,61016874.601,148.18998776640038,148.19724553403,147.78236529234613,IPCC AR4 GWP100,IPCC AR5 GWP100; CH4=28 and N2O=265,egrid2021_data.xlsx,"ST21!STCO2AN, STCH4AN, STN2OAN, STNGENAN; reported comparison from STC2ERTA",One-phase,7.803563106276537,3.049789121460012,10.853352227736549,28.099973699057227,5.909903931340743
2021,OR,61016874.601,148.18998776640038,148.19724553403,147.78236529234613,IPCC AR4 GWP100,IPCC AR5 GWP100; CH4=28 and N2O=265,egrid2021_data.xlsx,"ST21!STCO2AN, STCH4AN, STN2OAN, STNGENAN; reported comparison from STC2ERTA",Two-phase,7.428391803090166,2.819329915902762,10.247721718992928,27.511772794117455,0.0
2021,PA,241279607.04,330.9245260225584,330.95777606969,329.50353398145353,IPCC AR4 GWP100,IPCC AR5 GWP100; CH4=28 and N2O=265,egrid2021_data.xlsx,"ST21!STCO2AN, STCH4AN, STN2OAN, STNGENAN; reported comparison from STC2ERTA",Air-cooled,20.91848947194369,3.5104211643502636,24.428910636293953,14.36994558052393,25.95494810604322
2021,PA,241279607.04,330.9245260225584,330.95777606969,329.50353398145353,IPCC AR4 GWP100,IPCC AR5 GWP100; CH4=28 and N2O=265,egrid2021_data.xlsx,"ST21!STCO2AN, STCH4AN, STN2OAN, STNGENAN; reported comparison from STC2ERTA",Cold plate,17.762526060306968,2.9474308328855217,20.70995689319249,14.23195059307131,6.780101028532148
2021,PA,241279607.04,330.9245260225584,330.95777606969,329.50353398145353,IPCC AR4 GWP100,IPCC AR5 GWP100; CH4=28 and N2O=265,egrid2021_data.xlsx,"ST21!STCO2AN, STCH4AN, STN2OAN, STNGENAN; reported comparison from STC2ERTA",One-phase,17.412782145420316,3.049789121460012,20.462571266880328,14.90423213037867,5.504585955910124
2021,PA,241279607.04,330.9245260225584,330.95777606969,329.50353398145353,IPCC AR4 GWP100,IPCC AR5 GWP100; CH4=28 and N2O=265,egrid2021_data.xlsx,"ST21!STCO2AN, STCH4AN, STN2OAN, STNGENAN; reported comparison from STC2ERTA",Two-phase,16.575629157659726,2.819329915902762,19.39495907356249,14.536405594925052,0.0
2021,RI,9314561.279,378.1025390338654,378.10462059986,377.71687431515005,IPCC AR4 GWP100,IPCC AR5 GWP100; CH4=28 and N2O=265,egrid2021_data.xlsx,"ST21!STCO2AN, STCH4AN, STN2OAN, STNGENAN; reported comparison from STC2ERTA",Air-cooled,23.898853089041808,3.5104211643502636,27.40927425339207,12.807421064480854,25.981577572614455
2021,RI,9314561.279,378.1025390338654,378.10462059986,377.71687431515005,IPCC AR4 GWP100,IPCC AR5 GWP100; CH4=28 and N2O=265,egrid2021_data.xlsx,"ST21!STCO2AN, STCH4AN, STN2OAN, STNGENAN; reported comparison from STC2ERTA",Cold plate,20.29324351430376,2.9474308328855217,23.240674347189284,12.682208738241636,6.8213915860231955
2021,RI,9314561.279,378.1025390338654,378.10462059986,377.71687431515005,IPCC AR4 GWP100,IPCC AR5 GWP100; CH4=28 and N2O=265,egrid2021_data.xlsx,"ST21!STCO2AN, STCH4AN, STN2OAN, STNGENAN; reported comparison from STC2ERTA",One-phase,19.893669804554165,3.049789121460012,22.943458926014177,13.29263007506703,5.455296763796547
2021,RI,9314561.279,378.1025390338654,378.10462059986,377.71687431515005,IPCC AR4 GWP100,IPCC AR5 GWP100; CH4=28 and N2O=265,egrid2021_data.xlsx,"ST21!STCO2AN, STCH4AN, STN2OAN, STNGENAN; reported comparison from STC2ERTA",Two-phase,18.93724337164291,2.819329915902762,21.756573287545674,12.958520069503123,0.0
2021,SC,98113946.629,258.6871553403392,258.72636629378,257.19857559259907,IPCC AR4 GWP100,IPCC AR5 GWP100; CH4=28 and N2O=265,egrid2021_data.xlsx,"ST21!STCO2AN, STCH4AN, STN2OAN, STNGENAN; reported comparison from STC2ERTA",Air-cooled,16.355057957256594,3.5104211643502636,19.865479121606857,17.670961484800657,25.89872723876958
2021,SC,98113946.629,258.6871553403392,258.72636629378,257.19857559259907,IPCC AR4 GWP100,IPCC AR5 GWP100; CH4=28 and N2O=265,egrid2021_data.xlsx,"ST21!STCO2AN, STCH4AN, STN2OAN, STNGENAN; reported comparison from STC2ERTA",Cold plate,13.887577474140056,2.9474308328855217,16.83500830702558,17.507748016111766,6.69292726009989
2021,SC,98113946.629,258.6871553403392,258.72636629378,257.19857559259907,IPCC AR4 GWP100,IPCC AR5 GWP100; CH4=28 and N2O=265,egrid2021_data.xlsx,"ST21!STCO2AN, STCH4AN, STN2OAN, STNGENAN; reported comparison from STC2ERTA",One-phase,13.61413124821438,3.049789121460012,16.66392036967439,18.301750451293138,5.608646663263284
2021,SC,98113946.629,258.6871553403392,258.72636629378,257.19857559259907,IPCC AR4 GWP100,IPCC AR5 GWP100; CH4=28 and N2O=265,egrid2021_data.xlsx,"ST21!STCO2AN, STCH4AN, STN2OAN, STNGENAN; reported comparison from STC2ERTA",Two-phase,12.959605707434843,2.819329915902762,15.778935623337604,17.867681212494922,0.0
2021,SD,17322408.875,138.14022382927794,138.15924638593,137.40152303412316,IPCC AR4 GWP100,IPCC AR5 GWP100; CH4=28 and N2O=265,egrid2021_data.xlsx,"ST21!STCO2AN, STCH4AN, STN2OAN, STNGENAN; reported comparison from STC2ERTA",Air-cooled,8.739779866967387,3.5104211643502636,12.250201031317651,28.65602903475517,25.711997216590255
2021,SD,17322408.875,138.14022382927794,138.15924638593,137.40152303412316,IPCC AR4 GWP100,IPCC AR5 GWP100; CH4=28 and N2O=265,egrid2021_data.xlsx,"ST21!STCO2AN, STCH4AN, STN2OAN, STNGENAN; reported comparison from STC2ERTA",Cold plate,7.4212130783423085,2.9474308328855217,10.36864391122783,28.42638688453613,6.403391354622201
2021,SD,17322408.875,138.14022382927794,138.15924638593,137.40152303412316,IPCC AR4 GWP100,IPCC AR5 GWP100; CH4=28 and N2O=265,egrid2021_data.xlsx,"ST21!STCO2AN, STCH4AN, STN2OAN, STNGENAN; reported comparison from STC2ERTA",One-phase,7.275089486100124,3.049789121460012,10.324878607560136,29.53825645201174,5.954270257034411
2021,SD,17322408.875,138.14022382927794,138.15924638593,137.40152303412316,IPCC AR4 GWP100,IPCC AR5 GWP100; CH4=28 and N2O=265,egrid2021_data.xlsx,"ST21!STCO2AN, STCH4AN, STN2OAN, STNGENAN; reported comparison from STC2ERTA",Two-phase,6.925325568499158,2.819329915902762,9.74465548440192,28.93206353385821,0.0
2021,TN,79057209.281,318.6826306470187,318.71531800339005,316.7325763526497,IPCC AR4 GWP100,IPCC AR5 GWP100; CH4=28 and N2O=265,egrid2021_data.xlsx,"ST21!STCO2AN, STCH4AN, STN2OAN, STNGENAN; reported comparison from STC2ERTA",Air-cooled,20.14513558837009,3.5104211643502636,23.65555675272035,14.839731742718635,25.946943933563116
2021,TN,79057209.281,318.6826306470187,318.71531800339005,316.7325763526497,IPCC AR4 GWP100,IPCC AR5 GWP100; CH4=28 and N2O=265,egrid2021_data.xlsx,"ST21!STCO2AN, STCH4AN, STN2OAN, STNGENAN; reported comparison from STC2ERTA",Cold plate,17.105847740907297,2.9474308328855217,20.05327857379282,14.697999741236591,6.767690087326361
2021,TN,79057209.281,318.6826306470187,318.71531800339005,316.7325763526497,IPCC AR4 GWP100,IPCC AR5 GWP100; CH4=28 and N2O=265,egrid2021_data.xlsx,"ST21!STCO2AN, STCH4AN, STN2OAN, STNGENAN; reported comparison from STC2ERTA",One-phase,16.76903381387644,3.049789121460012,19.818822935336453,15.388346378645505,5.519401092894816
2021,TN,79057209.281,318.6826306470187,318.71531800339005,316.7325763526497,IPCC AR4 GWP100,IPCC AR5 GWP100; CH4=28 and N2O=265,egrid2021_data.xlsx,"ST21!STCO2AN, STCH4AN, STN2OAN, STNGENAN; reported comparison from STC2ERTA",Two-phase,15.962830265132384,2.819329915902762,18.782160181035145,15.01067975530054,0.0
2021,TX,480614368.135,390.1577724948087,390.19920755354,388.47365261860966,IPCC AR4 GWP100,IPCC AR5 GWP100; CH4=28 and N2O=265,egrid2021_data.xlsx,"ST21!STCO2AN, STCH4AN, STN2OAN, STNGENAN; reported comparison from STC2ERTA",Air-cooled,24.6604150309152,3.5104211643502636,28.170836195265462,12.461189082275958,25.98747978678051
2021,TX,480614368.135,390.1577724948087,390.19920755354,388.47365261860966,IPCC AR4 GWP100,IPCC AR5 GWP100; CH4=28 and N2O=265,egrid2021_data.xlsx,"ST21!STCO2AN, STCH4AN, STN2OAN, STNGENAN; reported comparison from STC2ERTA",Cold plate,20.9399089371206,2.9474308328855217,23.887339770006122,12.3388826937792,6.830543316971105
2021,TX,480614368.135,390.1577724948087,390.19920755354,388.47365261860966,IPCC AR4 GWP100,IPCC AR5 GWP100; CH4=28 and N2O=265,egrid2021_data.xlsx,"ST21!STCO2AN, STCH4AN, STN2OAN, STNGENAN; reported comparison from STC2ERTA",One-phase,20.527602393323082,3.049789121460012,23.577391514783095,12.935227035390174,5.4443721976905834
2021,TX,480614368.135,390.1577724948087,390.19920755354,388.47365261860966,IPCC AR4 GWP100,IPCC AR5 GWP100; CH4=28 and N2O=265,egrid2021_data.xlsx,"ST21!STCO2AN, STCH4AN, STN2OAN, STNGENAN; reported comparison from STC2ERTA",Two-phase,19.54069843210563,2.819329915902762,22.36002834800839,12.608794014135851,0.0
2021,UT,42560373.008,712.5568210224661,712.68251737452,707.8320062434078,IPCC AR4 GWP100,IPCC AR5 GWP100; CH4=28 and N2O=265,egrid2021_data.xlsx,"ST21!STCO2AN, STCH4AN, STN2OAN, STNGENAN; reported comparison from STC2ERTA",Air-cooled,45.02724129357684,3.5104211643502636,48.537662457927105,7.232365521090203,26.076682795037655
2021,UT,42560373.008,712.5568210224661,712.68251737452,707.8320062434078,IPCC AR4 GWP100,IPCC AR5 GWP100; CH4=28 and N2O=265,egrid2021_data.xlsx,"ST21!STCO2AN, STCH4AN, STN2OAN, STNGENAN; reported comparison from STC2ERTA",Cold plate,38.234000976676334,2.9474308328855217,41.18143180956186,7.157183962217559,6.968857839004783
2021,UT,42560373.008,712.5568210224661,712.68251737452,707.8320062434078,IPCC AR4 GWP100,IPCC AR5 GWP100; CH4=28 and N2O=265,egrid2021_data.xlsx,"ST21!STCO2AN, STCH4AN, STN2OAN, STNGENAN; reported comparison from STC2ERTA",One-phase,37.48117397797344,3.049789121460012,40.53096309943345,7.524590802291205,5.279263963196645
2021,UT,42560373.008,712.5568210224661,712.68251737452,707.8320062434078,IPCC AR4 GWP100,IPCC AR5 GWP100; CH4=28 and N2O=265,egrid2021_data.xlsx,"ST21!STCO2AN, STCH4AN, STN2OAN, STNGENAN; reported comparison from STC2ERTA",Two-phase,35.67919445980165,2.819329915902762,38.49852437570441,7.323215530000884,0.0
2021,VA,93103269.048,273.1907461399224,272.85712939639,271.7973117695914,IPCC AR4 GWP100,IPCC AR5 GWP100; CH4=28 and N2O=265,egrid2021_data.xlsx,"ST21!STCO2AN, STCH4AN, STN2OAN, STNGENAN; reported comparison from STC2ERTA",Air-cooled,17.2712893026928,3.5104211643502636,20.781710467043062,16.891877932364178,25.911991584099358
2021,VA,93103269.048,273.1907461399224,272.85712939639,271.7973117695914,IPCC AR4 GWP100,IPCC AR5 GWP100; CH4=28 and N2O=265,egrid2021_data.xlsx,"ST21!STCO2AN, STCH4AN, STN2OAN, STNGENAN; reported comparison from STC2ERTA",Cold plate,14.665577394851757,2.9474308328855217,17.61300822773728,16.734397638240214,6.7134944093499405
2021,VA,93103269.048,273.1907461399224,272.85712939639,271.7973117695914,IPCC AR4 GWP100,IPCC AR5 GWP100; CH4=28 and N2O=265,egrid2021_data.xlsx,"ST21!STCO2AN, STCH4AN, STN2OAN, STNGENAN; reported comparison from STC2ERTA",One-phase,14.37681236026523,3.049789121460012,17.426601481725243,17.500768148386445,5.58409533162203
2021,VA,93103269.048,273.1907461399224,272.85712939639,271.7973117695914,IPCC AR4 GWP100,IPCC AR5 GWP100; CH4=28 and N2O=265,egrid2021_data.xlsx,"ST21!STCO2AN, STCH4AN, STN2OAN, STNGENAN; reported comparison from STC2ERTA",Two-phase,13.685619458329404,2.819329915902762,16.504949374232165,17.081724105766433,0.0
2021,VT,2107702.867,20.253630182656366,20.336360316580002,16.349705160231554,IPCC AR4 GWP100,IPCC AR5 GWP100; CH4=28 and N2O=265,egrid2021_data.xlsx,"ST21!STCO2AN, STCH4AN, STN2OAN, STNGENAN; reported comparison from STC2ERTA",Air-cooled,1.2925625675907642,3.5104211643502636,4.802983731941028,73.08834175317097,24.962330701293368
2021,VT,2107702.867,20.253630182656366,20.336360316580002,16.349705160231554,IPCC AR4 GWP100,IPCC AR5 GWP100; CH4=28 and N2O=265,egrid2021_data.xlsx,"ST21!STCO2AN, STCH4AN, STN2OAN, STNGENAN; reported comparison from STC2ERTA",Cold plate,1.0975542150020707,2.9474308328855217,4.044985047887592,72.86629735318193,5.240989236422133
2021,VT,2107702.867,20.253630182656366,20.336360316580002,16.349705160231554,IPCC AR4 GWP100,IPCC AR5 GWP100; CH4=28 and N2O=265,egrid2021_data.xlsx,"ST21!STCO2AN, STCH4AN, STN2OAN, STNGENAN; reported comparison from STC2ERTA",One-phase,1.0759433863028256,3.049789121460012,4.125732507762837,73.9211549881538,7.34184806655227
2021,VT,2107702.867,20.253630182656366,20.336360316580002,16.349705160231554,IPCC AR4 GWP100,IPCC AR5 GWP100; CH4=28 and N2O=265,egrid2021_data.xlsx,"ST21!STCO2AN, STCH4AN, STN2OAN, STNGENAN; reported comparison from STC2ERTA",Two-phase,1.0242153388844208,2.819329915902762,3.8435452547871827,73.35232783824392,0.0
2021,WA,110808400.626,92.04586594738451,92.05838586098001,91.5472011485916,IPCC AR4 GWP100,IPCC AR5 GWP100; CH4=28 and N2O=265,egrid2021_data.xlsx,"ST21!STCO2AN, STCH4AN, STN2OAN, STNGENAN; reported comparison from STC2ERTA",Air-cooled,5.827873696782346,3.5104211643502636,9.33829486113261,37.591671890348685,25.560512451029194
2021,WA,110808400.626,92.04586594738451,92.05838586098001,91.5472011485916,IPCC AR4 GWP100,IPCC AR5 GWP100; CH4=28 and N2O=265,egrid2021_data.xlsx,"ST21!STCO2AN, STCH4AN, STN2OAN, STNGENAN; reported comparison from STC2ERTA",Cold plate,4.948624926006923,2.9474308328855217,7.8960557588924445,37.32788778202535,6.168505296928273
2021,WA,110808400.626,92.04586594738451,92.05838586098001,91.5472011485916,IPCC AR4 GWP100,IPCC AR5 GWP100; CH4=28 and N2O=265,egrid2021_data.xlsx,"ST21!STCO2AN, STCH4AN, STN2OAN, STNGENAN; reported comparison from STC2ERTA",One-phase,4.851186563408545,3.049789121460012,7.900975684868557,38.60015829818047,6.234657462389759
2021,WA,110808400.626,92.04586594738451,92.05838586098001,91.5472011485916,IPCC AR4 GWP100,IPCC AR5 GWP100; CH4=28 and N2O=265,egrid2021_data.xlsx,"ST21!STCO2AN, STCH4AN, STN2OAN, STNGENAN; reported comparison from STC2ERTA",Two-phase,4.61795644016775,2.819329915902762,7.437286356070512,37.90804576996755,0.0
2021,WI,64242541.956,578.24790883169,578.29988106121,574.7567097636511,IPCC AR4 GWP100,IPCC AR5 GWP100; CH4=28 and N2O=265,egrid2021_data.xlsx,"ST21!STCO2AN, STCH4AN, STN2OAN, STNGENAN; reported comparison from STC2ERTA",Air-cooled,36.542581389619485,3.5104211643502636,40.05300255396975,8.764439468976434,26.05053274417768
2021,WI,64242541.956,578.24790883169,578.29988106121,574.7567097636511,IPCC AR4 GWP100,IPCC AR5 GWP100; CH4=28 and N2O=265,egrid2021_data.xlsx,"ST21!STCO2AN, STCH4AN, STN2OAN, STNGENAN; reported comparison from STC2ERTA",Cold plate,31.029418023446457,2.9474308328855217,33.976848856331976,8.674821038726886,6.928310643831392
2021,WI,64242541.956,578.24790883169,578.29988106121,574.7567097636511,IPCC AR4 GWP100,IPCC AR5 GWP100; CH4=28 and N2O=265,egrid2021_data.xlsx,"ST21!STCO2AN, STCH4AN, STN2OAN, STNGENAN; reported comparison from STC2ERTA",One-phase,30.418449172544907,3.049789121460012,33.46823829400492,9.11248777025205,5.327665791944081
2021,WI,64242541.956,578.24790883169,578.29988106121,574.7567097636511,IPCC AR4 GWP100,IPCC AR5 GWP100; CH4=28 and N2O=265,egrid2021_data.xlsx,"ST21!STCO2AN, STCH4AN, STN2OAN, STNGENAN; reported comparison from STC2ERTA",Two-phase,28.956023731557178,2.819329915902762,31.77535364745994,8.872694060883044,0.0
2021,WV,65836062.988,888.5759525992332,888.75754996875,881.8497591785284,IPCC AR4 GWP100,IPCC AR5 GWP100; CH4=28 and N2O=265,egrid2021_data.xlsx,"ST21!STCO2AN, STCH4AN, STN2OAN, STNGENAN; reported comparison from STC2ERTA",Air-cooled,56.14684939447065,3.5104211643502636,59.65727055882091,5.884314068457182,26.099700851428075
2021,WV,65836062.988,888.5759525992332,888.75754996875,881.8497591785284,IPCC AR4 GWP100,IPCC AR5 GWP100; CH4=28 and N2O=265,egrid2021_data.xlsx,"ST21!STCO2AN, STCH4AN, STN2OAN, STNGENAN; reported comparison from STC2ERTA",Cold plate,47.675998638000515,2.9474308328855217,50.62342947088604,5.82226621880806,7.004548692149637
2021,WV,65836062.988,888.5759525992332,888.75754996875,881.8497591785284,IPCC AR4 GWP100,IPCC AR5 GWP100; CH4=28 and N2O=265,egrid2021_data.xlsx,"ST21!STCO2AN, STCH4AN, STN2OAN, STNGENAN; reported comparison from STC2ERTA",One-phase,46.7372588240139,3.049789121460012,49.78704794547391,6.125667713418355,5.236659226805385
2021,WV,65836062.988,888.5759525992332,888.75754996875,881.8497591785284,IPCC AR4 GWP100,IPCC AR5 GWP100; CH4=28 and N2O=265,egrid2021_data.xlsx,"ST21!STCO2AN, STCH4AN, STN2OAN, STNGENAN; reported comparison from STC2ERTA",Two-phase,44.49027522670555,2.819329915902762,47.30960514260831,5.959318213297868,0.0
2021,WY,43460743.876,837.8141335138722,837.9751625930301,831.8511651694887,IPCC AR4 GWP100,IPCC AR5 GWP100; CH4=28 and N2O=265,egrid2021_data.xlsx,"ST21!STCO2AN, STCH4AN, STN2OAN, STNGENAN; reported comparison from STC2ERTA",Air-cooled,52.94008698369536,3.5104211643502636,56.45050814804562,6.2185820456105105,26.093992422789558
2021,WY,43460743.876,837.8141335138722,837.9751625930301,831.8511651694887,IPCC AR4 GWP100,IPCC AR5 GWP100; CH4=28 and N2O=265,egrid2021_data.xlsx,"ST21!STCO2AN, STCH4AN, STN2OAN, STNGENAN; reported comparison from STC2ERTA",Cold plate,44.95303907789437,2.9474308328855217,47.90046991077989,6.153239912626012,6.995697437084081
2021,WY,43460743.876,837.8141335138722,837.9751625930301,831.8511651694887,IPCC AR4 GWP100,IPCC AR5 GWP100; CH4=28 and N2O=265,egrid2021_data.xlsx,"ST21!STCO2AN, STCH4AN, STN2OAN, STNGENAN; reported comparison from STC2ERTA",One-phase,44.067914303423876,3.049789121460012,47.117703424883885,6.472703251171939,5.247225110094034
2021,WY,43460743.876,837.8141335138722,837.9751625930301,831.8511651694887,IPCC AR4 GWP100,IPCC AR5 GWP100; CH4=28 and N2O=265,egrid2021_data.xlsx,"ST21!STCO2AN, STCH4AN, STN2OAN, STNGENAN; reported comparison from STC2ERTA",Two-phase,41.94926457729773,2.819329915902762,44.768594493200496,6.297561823905293,0.0
2022,AK,6694128.234,416.09876243990334,416.14968063361,414.00008708288584,IPCC AR4 GWP100,IPCC AR5 GWP100; CH4=28 and N2O=265,egrid2022_data.xlsx,"ST22!STCO2AN, STCH4AN, STN2OAN, STNGENAN; reported comparison from STC2ERTA",Air-cooled,26.299178041246698,3.5104211643502636,29.80959920559696,11.776143450097637,25.999159384615965
2022,AK,6694128.234,416.09876243990334,416.14968063361,414.00008708288584,IPCC AR4 GWP100,IPCC AR5 GWP100; CH4=28 and N2O=265,egrid2022_data.xlsx,"ST22!STCO2AN, STCH4AN, STN2OAN, STNGENAN; reported comparison from STC2ERTA",Cold plate,22.331432484589044,2.9474308328855217,25.278863317474567,11.659665214646125,6.84865322182433
2022,AK,6694128.234,416.09876243990334,416.14968063361,414.00008708288584,IPCC AR4 GWP100,IPCC AR5 GWP100; CH4=28 and N2O=265,egrid2022_data.xlsx,"ST22!STCO2AN, STCH4AN, STN2OAN, STNGENAN; reported comparison from STC2ERTA",One-phase,21.891726859630644,3.049789121460012,24.941515981090657,12.227761631539162,5.422754117584394
2022,AK,6694128.234,416.09876243990334,416.14968063361,414.00008708288584,IPCC AR4 GWP100,IPCC AR5 GWP100; CH4=28 and N2O=265,egrid2022_data.xlsx,"ST22!STCO2AN, STCH4AN, STN2OAN, STNGENAN; reported comparison from STC2ERTA",Two-phase,20.839239991379177,2.819329915902762,23.65856990728194,11.916738530484855,0.0
2022,AL,144788892.892,358.9202939869469,358.9593938469,357.2749352789728,IPCC AR4 GWP100,IPCC AR5 GWP100; CH4=28 and N2O=265,egrid2022_data.xlsx,"ST22!STCO2AN, STCH4AN, STN2OAN, STNGENAN; reported comparison from STC2ERTA",Air-cooled,22.68705840793909,3.5104211643502636,26.197479572289353,13.399843121028507,25.971479840519972
2022,AL,144788892.892,358.9202939869469,358.9593938469,357.2749352789728,IPCC AR4 GWP100,IPCC AR5 GWP100; CH4=28 and N2O=265,egrid2022_data.xlsx,"ST22!STCO2AN, STCH4AN, STN2OAN, STNGENAN; reported comparison from STC2ERTA",Cold plate,19.26427176987176,2.9474308328855217,22.21170260275728,13.26972040639351,6.805734457238399
2022,AL,144788892.892,358.9202939869469,358.9593938469,357.2749352789728,IPCC AR4 GWP100,IPCC AR5 GWP100; CH4=28 and N2O=265,egrid2022_data.xlsx,"ST22!STCO2AN, STCH4AN, STN2OAN, STNGENAN; reported comparison from STC2ERTA",One-phase,18.88495850083783,3.049789121460012,21.93474762229784,13.903917081588567,5.47398692628196
2022,AL,144788892.892,358.9202939869469,358.9593938469,357.2749352789728,IPCC AR4 GWP100,IPCC AR5 GWP100; CH4=28 and N2O=265,egrid2022_data.xlsx,"ST22!STCO2AN, STCH4AN, STN2OAN, STNGENAN; reported comparison from STC2ERTA",Two-phase,17.97702780368217,2.819329915902762,20.796357719584933,13.556844683661422,0.0
2022,AR,65905029.856,481.4348754225039,481.50236211847,478.9032136589525,IPCC AR4 GWP100,IPCC AR5 GWP100; CH4=28 and N2O=265,egrid2022_data.xlsx,"ST22!STCO2AN, STCH4AN, STN2OAN, STNGENAN; reported comparison from STC2ERTA",Air-cooled,30.426638304765756,3.5104211643502636,33.93705946911602,10.343916707176342,26.02358494898569
2022,AR,65905029.856,481.4348754225039,481.50236211847,478.9032136589525,IPCC AR4 GWP100,IPCC AR5 GWP100; CH4=28 and N2O=265,egrid2022_data.xlsx,"ST22!STCO2AN, STCH4AN, STN2OAN, STNGENAN; reported comparison from STC2ERTA",Cold plate,25.836184612698922,2.9474308328855217,28.783615445584445,10.239960433245965,6.886526499051238
2022,AR,65905029.856,481.4348754225039,481.50236211847,478.9032136589525,IPCC AR4 GWP100,IPCC AR5 GWP100; CH4=28 and N2O=265,egrid2022_data.xlsx,"ST22!STCO2AN, STCH4AN, STN2OAN, STNGENAN; reported comparison from STC2ERTA",One-phase,25.327470462386035,3.049789121460012,28.377259583846048,10.747299655376608,5.377544187018279
2022,AR,65905029.856,481.4348754225039,481.50236211847,478.9032136589525,IPCC AR4 GWP100,IPCC AR5 GWP100; CH4=28 and N2O=265,egrid2022_data.xlsx,"ST22!STCO2AN, STCH4AN, STN2OAN, STNGENAN; reported comparison from STC2ERTA",Two-phase,24.109803613232863,2.819329915902762,26.929133529135626,10.469441628533739,0.0
2022,AZ,104698773.165,322.88949793771394,322.91966568092005,321.6516314350463,IPCC AR4 GWP100,IPCC AR5 GWP100; CH4=28 and N2O=265,egrid2022_data.xlsx,"ST22!STCO2AN, STCH4AN, STN2OAN, STNGENAN; reported comparison from STC2ERTA",Air-cooled,20.410894856615304,3.5104211643502636,23.921316020965566,14.674866388093342,25.94975277811824
2022,AZ,104698773.165,322.88949793771394,322.91966568092005,321.6516314350463,IPCC AR4 GWP100,IPCC AR5 GWP100; CH4=28 and N2O=265,egrid2022_data.xlsx,"ST22!STCO2AN, STCH4AN, STN2OAN, STNGENAN; reported comparison from STC2ERTA",Cold plate,17.33151202389986,2.9474308328855217,20.278942856785385,14.534440250169668,6.7720453663656865
2022,AZ,104698773.165,322.88949793771394,322.91966568092005,321.6516314350463,IPCC AR4 GWP100,IPCC AR5 GWP100; CH4=28 and N2O=265,egrid2022_data.xlsx,"ST22!STCO2AN, STCH4AN, STN2OAN, STNGENAN; reported comparison from STC2ERTA",One-phase,16.99025476997305,3.049789121460012,20.04004389143306,15.218475258748157,5.514202127360712
2022,AZ,104698773.165,322.88949793771394,322.91966568092005,321.6516314350463,IPCC AR4 GWP100,IPCC AR5 GWP100; CH4=28 and N2O=265,egrid2022_data.xlsx,"ST22!STCO2AN, STCH4AN, STN2OAN, STNGENAN; reported comparison from STC2ERTA",Two-phase,16.173415598339734,2.819329915902762,18.992745514242497,14.844246261229427,0.0
2022,CA,203256382.497,207.51239918490901,207.51170538945001,206.8110107567684,IPCC AR4 GWP100,IPCC AR5 GWP100; CH4=28 and N2O=265,egrid2022_data.xlsx,"ST22!STCO2AN, STCH4AN, STN2OAN, STNGENAN; reported comparison from STC2ERTA",Air-cooled,13.122209186729565,3.5104211643502636,16.63263035107983,21.105628455948693,25.840283362573846
2022,CA,203256382.497,207.51239918490901,207.51170538945001,206.8110107567684,IPCC AR4 GWP100,IPCC AR5 GWP100; CH4=28 and N2O=265,egrid2022_data.xlsx,"ST22!STCO2AN, STCH4AN, STN2OAN, STNGENAN; reported comparison from STC2ERTA",Cold plate,11.142467192036019,2.9474308328855217,14.08989802492154,20.918752056773204,6.602306585307094
2022,CA,203256382.497,207.51239918490901,207.51170538945001,206.8110107567684,IPCC AR4 GWP100,IPCC AR5 GWP100; CH4=28 and N2O=265,egrid2022_data.xlsx,"ST22!STCO2AN, STCH4AN, STN2OAN, STNGENAN; reported comparison from STC2ERTA",One-phase,10.923072153064213,3.049789121460012,13.972861274524226,21.82651828813678,5.716821997304056
2022,CA,203256382.497,207.51239918490901,207.51170538945001,206.8110107567684,IPCC AR4 GWP100,IPCC AR5 GWP100; CH4=28 and N2O=265,egrid2022_data.xlsx,"ST22!STCO2AN, STCH4AN, STN2OAN, STNGENAN; reported comparison from STC2ERTA",Two-phase,10.397924453397666,2.819329915902762,13.217254369300427,21.33067759103728,0.0
2022,CO,58012255.357,532.0509593147601,532.13098168076,528.9800337442424,IPCC AR4 GWP100,IPCC AR5 GWP100; CH4=28 and N2O=265,egrid2022_data.xlsx,"ST22!STCO2AN, STCH4AN, STN2OAN, STNGENAN; reported comparison from STC2ERTA",Air-cooled,33.62419422634116,3.5104211643502636,37.13461539069142,9.453231513016355,26.038779700545312
2022,CO,58012255.357,532.0509593147601,532.13098168076,528.9800337442424,IPCC AR4 GWP100,IPCC AR5 GWP100; CH4=28 and N2O=265,egrid2022_data.xlsx,"ST22!STCO2AN, STCH4AN, STN2OAN, STNGENAN; reported comparison from STC2ERTA",Cold plate,28.55132666262795,2.9474308328855217,31.498757495513473,9.357292373533587,6.910086856941144
2022,CO,58012255.357,532.0509593147601,532.13098168076,528.9800337442424,IPCC AR4 GWP100,IPCC AR5 GWP100; CH4=28 and N2O=265,egrid2022_data.xlsx,"ST22!STCO2AN, STCH4AN, STN2OAN, STNGENAN; reported comparison from STC2ERTA",One-phase,27.989151399476075,3.049789121460012,31.038940520936087,9.825686928337316,5.349419814840628
2022,CO,58012255.357,532.0509593147601,532.13098168076,528.9800337442424,IPCC AR4 GWP100,IPCC AR5 GWP100; CH4=28 and N2O=265,egrid2022_data.xlsx,"ST22!STCO2AN, STCH4AN, STN2OAN, STNGENAN; reported comparison from STC2ERTA",Two-phase,26.643519120655114,2.819329915902762,29.462849036557877,9.569101455207205,0.0
2022,CT,42761369.034,237.34367715817905,237.36352644389,236.25976018080658,IPCC AR4 GWP100,IPCC AR5 GWP100; CH4=28 and N2O=265,egrid2022_data.xlsx,"ST22!STCO2AN, STCH4AN, STN2OAN, STNGENAN; reported comparison from STC2ERTA",Air-cooled,15.006732290781576,3.5104211643502636,18.51715345513184,18.957671722363926,25.8768263755907
2022,CT,42761369.034,237.34367715817905,237.36352644389,236.25976018080658,IPCC AR4 GWP100,IPCC AR5 GWP100; CH4=28 and N2O=265,egrid2022_data.xlsx,"ST22!STCO2AN, STCH4AN, STN2OAN, STNGENAN; reported comparison from STC2ERTA",Cold plate,12.742673114737574,2.9474308328855217,15.690103947623095,18.78528557060344,6.658968680878208
2022,CT,42761369.034,237.34367715817905,237.36352644389,236.25976018080658,IPCC AR4 GWP100,IPCC AR5 GWP100; CH4=28 and N2O=265,egrid2022_data.xlsx,"ST22!STCO2AN, STCH4AN, STN2OAN, STNGENAN; reported comparison from STC2ERTA",One-phase,12.491770041259286,3.049789121460012,15.541559162719299,19.623443758305594,5.649183556850268
2022,CT,42761369.034,237.34367715817905,237.36352644389,236.25976018080658,IPCC AR4 GWP100,IPCC AR5 GWP100; CH4=28 and N2O=265,egrid2022_data.xlsx,"ST22!STCO2AN, STCH4AN, STN2OAN, STNGENAN; reported comparison from STC2ERTA",Two-phase,11.891204173891053,2.819329915902762,14.710534089793814,19.165381071097997,0.0
2022,DC,160237.001,251.69391704433824,251.69613815115,251.27926166567664,IPCC AR4 GWP100,IPCC AR5 GWP100; CH4=28 and N2O=265,egrid2022_data.xlsx,"ST22!STCO2AN, STCH4AN, STN2OAN, STNGENAN; reported comparison from STC2ERTA",Air-cooled,15.913276041216525,3.5104211643502636,19.42369720556679,18.072878336180942,25.891885466031805
2022,DC,160237.001,251.69391704433824,251.69613815115,251.27926166567664,IPCC AR4 GWP100,IPCC AR5 GWP100; CH4=28 and N2O=265,egrid2022_data.xlsx,"ST22!STCO2AN, STCH4AN, STN2OAN, STNGENAN; reported comparison from STC2ERTA",Cold plate,13.51244700369386,2.9474308328855217,16.45987783657938,17.906760075310764,6.682318688207767
2022,DC,160237.001,251.69391704433824,251.69613815115,251.27926166567664,IPCC AR4 GWP100,IPCC AR5 GWP100; CH4=28 and N2O=265,egrid2022_data.xlsx,"ST22!STCO2AN, STCH4AN, STN2OAN, STNGENAN; reported comparison from STC2ERTA",One-phase,13.2463870920166,3.049789121460012,16.29617621347661,18.71475296725067,5.621310283466396
2022,DC,160237.001,251.69391704433824,251.69613815115,251.27926166567664,IPCC AR4 GWP100,IPCC AR5 GWP100; CH4=28 and N2O=265,egrid2022_data.xlsx,"ST22!STCO2AN, STCH4AN, STN2OAN, STNGENAN; reported comparison from STC2ERTA",Two-phase,12.609541558746571,2.819329915902762,15.428871474649332,18.273079275662575,0.0
2022,DE,5308370.0,408.58277587631954,408.59419252652003,407.8938476811513,IPCC AR4 GWP100,IPCC AR5 GWP100; CH4=28 and N2O=265,egrid2022_data.xlsx,"ST22!STCO2AN, STCH4AN, STN2OAN, STNGENAN; reported comparison from STC2ERTA",Air-cooled,25.824372692930424,3.5104211643502636,29.334793857280687,11.966749046981974,25.995909461451095
2022,DE,5308370.0,408.58277587631954,408.59419252652003,407.8938476811513,IPCC AR4 GWP100,IPCC AR5 GWP100; CH4=28 and N2O=265,egrid2022_data.xlsx,"ST22!STCO2AN, STCH4AN, STN2OAN, STNGENAN; reported comparison from STC2ERTA",Cold plate,21.928260812736138,2.9474308328855217,24.87569164562166,11.848638722792238,6.843614024402878
2022,DE,5308370.0,408.58277587631954,408.59419252652003,407.8938476811513,IPCC AR4 GWP100,IPCC AR5 GWP100; CH4=28 and N2O=265,egrid2022_data.xlsx,"ST22!STCO2AN, STCH4AN, STN2OAN, STNGENAN; reported comparison from STC2ERTA",One-phase,21.49649363292943,3.049789121460012,24.54628275438944,12.424647560595051,5.428769487317742
2022,DE,5308370.0,408.58277587631954,408.59419252652003,407.8938476811513,IPCC AR4 GWP100,IPCC AR5 GWP100; CH4=28 and N2O=265,egrid2022_data.xlsx,"ST22!STCO2AN, STCH4AN, STN2OAN, STNGENAN; reported comparison from STC2ERTA",Two-phase,20.46300836211552,2.819329915902762,23.282338278018283,12.10930741679239,0.0
2022,FL,257955504.155,371.26609648267,371.29347757194,369.9342066946885,IPCC AR4 GWP100,IPCC AR5 GWP100; CH4=28 and N2O=265,egrid2022_data.xlsx,"ST22!STCO2AN, STCH4AN, STN2OAN, STNGENAN; reported comparison from STC2ERTA",Air-cooled,23.466976387386715,3.5104211643502636,26.977397551736978,13.012452952950756,25.97808265615109
2022,FL,257955504.155,371.26609648267,371.29347757194,369.9342066946885,IPCC AR4 GWP100,IPCC AR5 GWP100; CH4=28 and N2O=265,egrid2022_data.xlsx,"ST22!STCO2AN, STCH4AN, STN2OAN, STNGENAN; reported comparison from STC2ERTA",Cold plate,19.926523862854893,2.9474308328855217,22.873954695740416,12.885532353679059,6.815972512052193
2022,FL,257955504.155,371.26609648267,371.29347757194,369.9342066946885,IPCC AR4 GWP100,IPCC AR5 GWP100; CH4=28 and N2O=265,egrid2022_data.xlsx,"ST22!STCO2AN, STCH4AN, STN2OAN, STNGENAN; reported comparison from STC2ERTA",One-phase,19.534170858433363,3.049789121460012,22.583959979893375,13.5042265580317,5.461765598180568
2022,FL,257955504.155,371.26609648267,371.29347757194,369.9342066946885,IPCC AR4 GWP100,IPCC AR5 GWP100; CH4=28 and N2O=265,egrid2022_data.xlsx,"ST22!STCO2AN, STCH4AN, STN2OAN, STNGENAN; reported comparison from STC2ERTA",Two-phase,18.595028028700995,2.819329915902762,21.414357944603758,13.165605633360629,0.0
2022,GA,126484632.485,336.15277431860244,336.19994308978,334.3831386519201,IPCC AR4 GWP100,IPCC AR5 GWP100; CH4=28 and N2O=265,egrid2022_data.xlsx,"ST22!STCO2AN, STCH4AN, STN2OAN, STNGENAN; reported comparison from STC2ERTA",Air-cooled,21.248772161020707,3.5104211643502636,24.75919332537097,14.178253379334064,25.95821443201607
2022,GA,126484632.485,336.15277431860244,336.19994308978,334.3831386519201,IPCC AR4 GWP100,IPCC AR5 GWP100; CH4=28 and N2O=265,egrid2022_data.xlsx,"ST22!STCO2AN, STCH4AN, STN2OAN, STNGENAN; reported comparison from STC2ERTA",Cold plate,18.042979143684104,2.9474308328855217,20.990409976569627,14.041797354961467,6.785165659474179
2022,GA,126484632.485,336.15277431860244,336.19994308978,334.3831386519201,IPCC AR4 GWP100,IPCC AR5 GWP100; CH4=28 and N2O=265,egrid2022_data.xlsx,"ST22!STCO2AN, STCH4AN, STN2OAN, STNGENAN; reported comparison from STC2ERTA",One-phase,17.68771311111051,3.049789121460012,20.737502232570524,14.70663673598059,5.49854022578069
2022,GA,126484632.485,336.15277431860244,336.19994308978,334.3831386519201,IPCC AR4 GWP100,IPCC AR5 GWP100; CH4=28 and N2O=265,egrid2022_data.xlsx,"ST22!STCO2AN, STCH4AN, STN2OAN, STNGENAN; reported comparison from STC2ERTA",Two-phase,16.83734228846097,2.819329915902762,19.656672204363733,14.342864787035912,0.0
2022,HI,9304192.004,663.8762926106506,663.86237059142,659.1508334108196,IPCC AR4 GWP100,IPCC AR5 GWP100; CH4=28 and N2O=265,egrid2022_data.xlsx,"ST22!STCO2AN, STCH4AN, STN2OAN, STNGENAN; reported comparison from STC2ERTA",Air-cooled,41.951959685067514,3.5104211643502636,45.46238084941778,7.721595523071292,26.068331242624133
2022,HI,9304192.004,663.8762926106506,663.86237059142,659.1508334108196,IPCC AR4 GWP100,IPCC AR5 GWP100; CH4=28 and N2O=265,egrid2022_data.xlsx,"ST22!STCO2AN, STCH4AN, STN2OAN, STNGENAN; reported comparison from STC2ERTA",Cold plate,35.62268576736385,2.9474308328855217,38.57011660024937,7.641747271426359,6.955908264737221
2022,HI,9304192.004,663.8762926106506,663.86237059142,659.1508334108196,IPCC AR4 GWP100,IPCC AR5 GWP100; CH4=28 and N2O=265,egrid2022_data.xlsx,"ST22!STCO2AN, STCH4AN, STN2OAN, STNGENAN; reported comparison from STC2ERTA",One-phase,34.9212755323131,3.049789121460012,37.97106465377311,8.03187677055813,5.294722074993818
2022,HI,9304192.004,663.8762926106506,663.86237059142,659.1508334108196,IPCC AR4 GWP100,IPCC AR5 GWP100; CH4=28 and N2O=265,egrid2022_data.xlsx,"ST22!STCO2AN, STCH4AN, STN2OAN, STNGENAN; reported comparison from STC2ERTA",Two-phase,33.24236805479806,2.819329915902762,36.06169797070082,7.818073120665014,0.0
2022,IA,72909386.062,281.8887791747418,281.93804864379,280.02394052151334,IPCC AR4 GWP100,IPCC AR5 GWP100; CH4=28 and N2O=265,egrid2022_data.xlsx,"ST22!STCO2AN, STCH4AN, STN2OAN, STNGENAN; reported comparison from STC2ERTA",Air-cooled,17.820767747049505,3.5104211643502636,21.331188911399767,16.456753437096193,25.9194010452654
2022,IA,72909386.062,281.8887791747418,281.93804864379,280.02394052151334,IPCC AR4 GWP100,IPCC AR5 GWP100; CH4=28 and N2O=265,egrid2022_data.xlsx,"ST22!STCO2AN, STCH4AN, STN2OAN, STNGENAN; reported comparison from STC2ERTA",Cold plate,15.132156265212037,2.9474308328855217,18.07958709809756,16.302533995345875,6.724983215610281
2022,IA,72909386.062,281.8887791747418,281.93804864379,280.02394052151334,IPCC AR4 GWP100,IPCC AR5 GWP100; CH4=28 and N2O=265,egrid2022_data.xlsx,"ST22!STCO2AN, STCH4AN, STN2OAN, STNGENAN; reported comparison from STC2ERTA",One-phase,14.834204298532116,3.049789121460012,17.883993419992127,17.05317738515112,5.570380961719312
2022,IA,72909386.062,281.8887791747418,281.93804864379,280.02394052151334,IPCC AR4 GWP100,IPCC AR5 GWP100; CH4=28 and N2O=265,egrid2022_data.xlsx,"ST22!STCO2AN, STCH4AN, STN2OAN, STNGENAN; reported comparison from STC2ERTA",Two-phase,14.121021399564226,2.819329915902762,16.940351315466987,16.64268859246525,0.0
2022,ID,16278410.189,112.68005610598362,112.68776684858001,112.42399983789157,IPCC AR4 GWP100,IPCC AR5 GWP100; CH4=28 and N2O=265,egrid2022_data.xlsx,"ST22!STCO2AN, STCH4AN, STN2OAN, STNGENAN; reported comparison from STC2ERTA",Air-cooled,7.131391706373677,3.5104211643502636,10.64181287072394,32.98705969551085,25.638528208619693
2022,ID,16278410.189,112.68005610598362,112.68776684858001,112.42399983789157,IPCC AR4 GWP100,IPCC AR5 GWP100; CH4=28 and N2O=265,egrid2022_data.xlsx,"ST22!STCO2AN, STCH4AN, STN2OAN, STNGENAN; reported comparison from STC2ERTA",Cold plate,6.055481740238171,2.9474308328855217,9.002912573123693,32.738636623934994,6.289473327413497
2022,ID,16278410.189,112.68005610598362,112.68776684858001,112.42399983789157,IPCC AR4 GWP100,IPCC AR5 GWP100; CH4=28 and N2O=265,egrid2022_data.xlsx,"ST22!STCO2AN, STCH4AN, STN2OAN, STNGENAN; reported comparison from STC2ERTA",One-phase,5.93624938087864,3.049789121460012,8.986038502338651,33.93919490403132,6.0902560094551195
2022,ID,16278410.189,112.68005610598362,112.68776684858001,112.42399983789157,IPCC AR4 GWP100,IPCC AR5 GWP100; CH4=28 and N2O=265,egrid2022_data.xlsx,"ST22!STCO2AN, STCH4AN, STN2OAN, STNGENAN; reported comparison from STC2ERTA",Two-phase,5.650852776028707,2.819329915902762,8.470182691931468,33.285349542559466,0.0
2022,IL,185197549.577,268.65857146735857,268.70539843378003,266.8985677297932,IPCC AR4 GWP100,IPCC AR5 GWP100; CH4=28 and N2O=265,egrid2022_data.xlsx,"ST22!STCO2AN, STCH4AN, STN2OAN, STNGENAN; reported comparison from STC2ERTA",Air-cooled,16.984979480844107,3.5104211643502636,20.49540064519437,17.127848462788478,25.90797375510916
2022,IL,185197549.577,268.65857146735857,268.70539843378003,266.8985677297932,IPCC AR4 GWP100,IPCC AR5 GWP100; CH4=28 and N2O=265,egrid2022_data.xlsx,"ST22!STCO2AN, STCH4AN, STN2OAN, STNGENAN; reported comparison from STC2ERTA",Cold plate,14.422463011342844,2.9474308328855217,17.369893844228365,16.968617421141513,6.70726452868502
2022,IL,185197549.577,268.65857146735857,268.70539843378003,266.8985677297932,IPCC AR4 GWP100,IPCC AR5 GWP100; CH4=28 and N2O=265,egrid2022_data.xlsx,"ST22!STCO2AN, STCH4AN, STN2OAN, STNGENAN; reported comparison from STC2ERTA",One-phase,14.138484895912127,3.049789121460012,17.188274017372137,17.74342856285395,5.591532038791813
2022,IL,185197549.577,268.65857146735857,268.70539843378003,266.8985677297932,IPCC AR4 GWP100,IPCC AR5 GWP100; CH4=28 and N2O=265,egrid2022_data.xlsx,"ST22!STCO2AN, STCH4AN, STN2OAN, STNGENAN; reported comparison from STC2ERTA",Two-phase,13.458750045147122,2.819329915902762,16.278079961049883,17.319793996889324,0.0
2022,IN,98022168.549,715.0208559086134,715.133730542,710.7404346788246,IPCC AR4 GWP100,IPCC AR5 GWP100; CH4=28 and N2O=265,egrid2022_data.xlsx,"ST22!STCO2AN, STCH4AN, STN2OAN, STNGENAN; reported comparison from STC2ERTA",Air-cooled,45.18290109052873,3.5104211643502636,48.69332225487899,7.209245542900956,26.07707749917423
2022,IN,98022168.549,715.0208559086134,715.133730542,710.7404346788246,IPCC AR4 GWP100,IPCC AR5 GWP100; CH4=28 and N2O=265,egrid2022_data.xlsx,"ST22!STCO2AN, STCH4AN, STN2OAN, STNGENAN; reported comparison from STC2ERTA",Cold plate,38.366176447740266,2.9474308328855217,41.31360728062579,7.134285836782239,6.969469851032861
2022,IN,98022168.549,715.0208559086134,715.133730542,710.7404346788246,IPCC AR4 GWP100,IPCC AR5 GWP100; CH4=28 and N2O=265,egrid2022_data.xlsx,"ST22!STCO2AN, STCH4AN, STN2OAN, STNGENAN; reported comparison from STC2ERTA",One-phase,37.61074691567332,3.049789121460012,40.660536037133326,7.500612187391688,5.278533394750484
2022,IN,98022168.549,715.0208559086134,715.133730542,710.7404346788246,IPCC AR4 GWP100,IPCC AR5 GWP100; CH4=28 and N2O=265,egrid2022_data.xlsx,"ST22!STCO2AN, STCH4AN, STN2OAN, STNGENAN; reported comparison from STC2ERTA",Two-phase,35.802537929342876,2.819329915902762,38.62186784524564,7.2998279813901386,0.0
2022,KS,62194840.58,374.70555021481965,374.77752056591004,372.0242849153741,IPCC AR4 GWP100,IPCC AR5 GWP100; CH4=28 and N2O=265,egrid2022_data.xlsx,"ST22!STCO2AN, STCH4AN, STN2OAN, STNGENAN; reported comparison from STC2ERTA",Air-cooled,23.68425605034188,3.5104211643502636,27.194677214692142,12.90848623293727,25.979854819668603
2022,KS,62194840.58,374.70555021481965,374.77752056591004,372.0242849153741,IPCC AR4 GWP100,IPCC AR5 GWP100; CH4=28 and N2O=265,egrid2022_data.xlsx,"ST22!STCO2AN, STCH4AN, STN2OAN, STNGENAN; reported comparison from STC2ERTA",Cold plate,20.11102263752943,2.9474308328855217,23.058453470414953,12.782430689322723,6.818720356039498
2022,KS,62194840.58,374.70555021481965,374.77752056591004,372.0242849153741,IPCC AR4 GWP100,IPCC AR5 GWP100; CH4=28 and N2O=265,egrid2022_data.xlsx,"ST22!STCO2AN, STCH4AN, STN2OAN, STNGENAN; reported comparison from STC2ERTA",One-phase,19.715036854553354,3.049789121460012,22.764825976013366,13.396935802072397,5.4584854533141325
2022,KS,62194840.58,374.70555021481965,374.77752056591004,372.0242849153741,IPCC AR4 GWP100,IPCC AR5 GWP100; CH4=28 and N2O=265,egrid2022_data.xlsx,"ST22!STCO2AN, STCH4AN, STN2OAN, STNGENAN; reported comparison from STC2ERTA",Two-phase,18.76719854423829,2.819329915902762,21.586528460141054,13.060598980093436,0.0
2022,KY,69146933.093,785.5939760491343,785.73765089435,780.211494031065,IPCC AR4 GWP100,IPCC AR5 GWP100; CH4=28 and N2O=265,egrid2022_data.xlsx,"ST22!STCO2AN, STCH4AN, STN2OAN, STNGENAN; reported comparison from STC2ERTA",Air-cooled,49.64119736429281,3.5104211643502636,53.15161852864307,6.604542366773873,26.087401866074323
2022,KY,69146933.093,785.5939760491343,785.73765089435,780.211494031065,IPCC AR4 GWP100,IPCC AR5 GWP100; CH4=28 and N2O=265,egrid2022_data.xlsx,"ST22!STCO2AN, STCH4AN, STN2OAN, STNGENAN; reported comparison from STC2ERTA",Cold plate,42.15185150107124,2.9474308328855217,45.099282333956765,6.535427351282488,6.985478390441857
2022,KY,69146933.093,785.5939760491343,785.73765089435,780.211494031065,IPCC AR4 GWP100,IPCC AR5 GWP100; CH4=28 and N2O=265,egrid2022_data.xlsx,"ST22!STCO2AN, STCH4AN, STN2OAN, STNGENAN; reported comparison from STC2ERTA",One-phase,41.321882074782856,3.049789121460012,44.371671196242865,6.873279818494305,5.259423747840075
2022,KY,69146933.093,785.5939760491343,785.73765089435,780.211494031065,IPCC AR4 GWP100,IPCC AR5 GWP100; CH4=28 and N2O=265,egrid2022_data.xlsx,"ST22!STCO2AN, STCH4AN, STN2OAN, STNGENAN; reported comparison from STC2ERTA",Two-phase,39.33525312887984,2.819329915902762,42.154583044782605,6.688074492179576,0.0
2022,LA,105223371.518,372.21377467038775,372.24284640235,371.0650206559723,IPCC AR4 GWP100,IPCC AR5 GWP100; CH4=28 and N2O=265,egrid2022_data.xlsx,"ST22!STCO2AN, STCH4AN, STN2OAN, STNGENAN; reported comparison from STC2ERTA",Air-cooled,23.5268438004275,3.5104211643502636,27.037264964777762,12.983640057244665,25.97857378103583
2022,LA,105223371.518,372.21377467038775,372.24284640235,371.0650206559723,IPCC AR4 GWP100,IPCC AR5 GWP100; CH4=28 and N2O=265,egrid2022_data.xlsx,"ST22!STCO2AN, STCH4AN, STN2OAN, STNGENAN; reported comparison from STC2ERTA",Cold plate,19.977359105319522,2.9474308328855217,22.924789938205045,12.85695895504593,6.816734030133476
2022,LA,105223371.518,372.21377467038775,372.24284640235,371.0650206559723,IPCC AR4 GWP100,IPCC AR5 GWP100; CH4=28 and N2O=265,egrid2022_data.xlsx,"ST22!STCO2AN, STCH4AN, STN2OAN, STNGENAN; reported comparison from STC2ERTA",One-phase,19.58400515561277,3.049789121460012,22.63379427707278,13.47449342397416,5.460856561992022
2022,LA,105223371.518,372.21377467038775,372.24284640235,371.0650206559723,IPCC AR4 GWP100,IPCC AR5 GWP100; CH4=28 and N2O=265,egrid2022_data.xlsx,"ST22!STCO2AN, STCH4AN, STN2OAN, STNGENAN; reported comparison from STC2ERTA",Two-phase,18.64246644620831,2.819329915902762,21.461796362111073,13.136504830881922,0.0
2022,MA,21022930.789,389.66741726217555,389.73518255903,386.3422804045451,IPCC AR4 GWP100,IPCC AR5 GWP100; CH4=28 and N2O=265,egrid2022_data.xlsx,"ST22!STCO2AN, STCH4AN, STN2OAN, STNGENAN; reported comparison from STC2ERTA",Air-cooled,24.62943795491068,3.5104211643502636,28.139859119260944,12.474906677650987,25.987245932507143
2022,MA,21022930.789,389.66741726217555,389.73518255903,386.3422804045451,IPCC AR4 GWP100,IPCC AR5 GWP100; CH4=28 and N2O=265,egrid2022_data.xlsx,"ST22!STCO2AN, STCH4AN, STN2OAN, STNGENAN; reported comparison from STC2ERTA",Cold plate,20.91360535910459,2.9474308328855217,23.861036191990113,12.352484649744346,6.830180712136613
2022,MA,21022930.789,389.66741726217555,389.73518255903,386.3422804045451,IPCC AR4 GWP100,IPCC AR5 GWP100; CH4=28 and N2O=265,egrid2022_data.xlsx,"ST22!STCO2AN, STCH4AN, STN2OAN, STNGENAN; reported comparison from STC2ERTA",One-phase,20.50181673242762,3.049789121460012,23.551605853887633,12.94938927044156,5.444805044821632
2022,MA,21022930.789,389.66741726217555,389.73518255903,386.3422804045451,IPCC AR4 GWP100,IPCC AR5 GWP100; CH4=28 and N2O=265,egrid2022_data.xlsx,"ST22!STCO2AN, STCH4AN, STN2OAN, STNGENAN; reported comparison from STC2ERTA",Two-phase,19.516152466445526,2.819329915902762,22.33548238234829,12.622650666953472,0.0
2022,MD,37134094.879,290.4899960917014,290.525912985,288.9614938280466,IPCC AR4 GWP100,IPCC AR5 GWP100; CH4=28 and N2O=265,egrid2022_data.xlsx,"ST22!STCO2AN, STCH4AN, STN2OAN, STNGENAN; reported comparison from STC2ERTA",Air-cooled,18.364130053468205,3.5104211643502636,21.874551217818468,16.04796884468542,25.92636277530267
2022,MD,37134094.879,290.4899960917014,290.525912985,288.9614938280466,IPCC AR4 GWP100,IPCC AR5 GWP100; CH4=28 and N2O=265,egrid2022_data.xlsx,"ST22!STCO2AN, STCH4AN, STN2OAN, STNGENAN; reported comparison from STC2ERTA",Cold plate,15.593541736705829,2.9474308328855217,18.54097256959135,15.896851267228232,6.735777788365693
2022,MD,37134094.879,290.4899960917014,290.525912985,288.9614938280466,IPCC AR4 GWP100,IPCC AR5 GWP100; CH4=28 and N2O=265,egrid2022_data.xlsx,"ST22!STCO2AN, STCH4AN, STN2OAN, STNGENAN; reported comparison from STC2ERTA",One-phase,15.286505095890922,3.049789121460012,18.336294217350932,16.63252719065837,5.557495309341265
2022,MD,37134094.879,290.4899960917014,290.525912985,288.9614938280466,IPCC AR4 GWP100,IPCC AR5 GWP100; CH4=28 and N2O=265,egrid2022_data.xlsx,"ST22!STCO2AN, STCH4AN, STN2OAN, STNGENAN; reported comparison from STC2ERTA",Two-phase,14.551576966280782,2.819329915902762,17.370906882183544,16.230182655543476,0.0
2022,ME,12763920.003,155.37887852663684,155.44973393796002,152.68446100130285,IPCC AR4 GWP100,IPCC AR5 GWP100; CH4=28 and N2O=265,egrid2022_data.xlsx,"ST22!STCO2AN, STCH4AN, STN2OAN, STNGENAN; reported comparison from STC2ERTA",Air-cooled,9.828792650431,3.5104211643502636,13.339213814781264,26.316552182860615,25.751718452987937
2022,ME,12763920.003,155.37887852663684,155.44973393796002,152.68446100130285,IPCC AR4 GWP100,IPCC AR5 GWP100; CH4=28 and N2O=265,egrid2022_data.xlsx,"ST22!STCO2AN, STCH4AN, STN2OAN, STNGENAN; reported comparison from STC2ERTA",Cold plate,8.345926976648585,2.9474308328855217,11.293357809534106,26.09879968911668,6.464981472873488
2022,ME,12763920.003,155.37887852663684,155.44973393796002,152.68446100130285,IPCC AR4 GWP100,IPCC AR5 GWP100; CH4=28 and N2O=265,egrid2022_data.xlsx,"ST22!STCO2AN, STCH4AN, STN2OAN, STNGENAN; reported comparison from STC2ERTA",One-phase,8.181595779370625,3.049789121460012,11.231384900830637,27.154167971168533,5.880749157895848
2022,ME,12763920.003,155.37887852663684,155.44973393796002,152.68446100130285,IPCC AR4 GWP100,IPCC AR5 GWP100; CH4=28 and N2O=265,egrid2022_data.xlsx,"ST22!STCO2AN, STCH4AN, STN2OAN, STNGENAN; reported comparison from STC2ERTA",Two-phase,7.788249828439346,2.819329915902762,10.607579744342107,26.578446581149123,0.0
2022,MI,116615130.596,460.6523821897431,460.72601720299,457.8130478422535,IPCC AR4 GWP100,IPCC AR5 GWP100; CH4=28 and N2O=265,egrid2022_data.xlsx,"ST22!STCO2AN, STCH4AN, STN2OAN, STNGENAN; reported comparison from STC2ERTA",Air-cooled,29.11375158593206,3.5104211643502636,32.62417275028233,10.760184453473643,26.016484835285336
2022,MI,116615130.596,460.6523821897431,460.72601720299,457.8130478422535,IPCC AR4 GWP100,IPCC AR5 GWP100; CH4=28 and N2O=265,egrid2022_data.xlsx,"ST22!STCO2AN, STCH4AN, STN2OAN, STNGENAN; reported comparison from STC2ERTA",Cold plate,24.72137254231535,2.9474308328855217,27.668803375200874,10.652541755843547,6.8755173542697445
2022,MI,116615130.596,460.6523821897431,460.72601720299,457.8130478422535,IPCC AR4 GWP100,IPCC AR5 GWP100; CH4=28 and N2O=265,egrid2022_data.xlsx,"ST22!STCO2AN, STCH4AN, STN2OAN, STNGENAN; reported comparison from STC2ERTA",One-phase,24.234609027657275,3.049789121460012,27.284398149117287,11.177776782144925,5.390685977420562
2022,MI,116615130.596,460.6523821897431,460.72601720299,457.8130478422535,IPCC AR4 GWP100,IPCC AR5 GWP100; CH4=28 and N2O=265,egrid2022_data.xlsx,"ST22!STCO2AN, STCH4AN, STN2OAN, STNGENAN; reported comparison from STC2ERTA",Two-phase,23.069483593635294,2.819329915902762,25.888813509538057,10.890147263272816,0.0
2022,MN,58966891.046,350.929491077547,350.99476542207003,348.4684799979988,IPCC AR4 GWP100,IPCC AR5 GWP100; CH4=28 and N2O=265,egrid2022_data.xlsx,"ST22!STCO2AN, STCH4AN, STN2OAN, STNGENAN; reported comparison from STC2ERTA",Air-cooled,22.18225761743379,3.5104211643502636,25.692678781784053,13.663118564496006,25.966992875362237
2022,MN,58966891.046,350.929491077547,350.99476542207003,348.4684799979988,IPCC AR4 GWP100,IPCC AR5 GWP100; CH4=28 and N2O=265,egrid2022_data.xlsx,"ST22!STCO2AN, STCH4AN, STN2OAN, STNGENAN; reported comparison from STC2ERTA",Cold plate,18.835630055151388,2.9474308328855217,21.78306088803691,13.530838700929436,6.7987771532942665
2022,MN,58966891.046,350.929491077547,350.99476542207003,348.4684799979988,IPCC AR4 GWP100,IPCC AR5 GWP100; CH4=28 and N2O=265,egrid2022_data.xlsx,"ST22!STCO2AN, STCH4AN, STN2OAN, STNGENAN; reported comparison from STC2ERTA",One-phase,18.4647567360931,3.049789121460012,21.514545857553113,14.175475241971338,5.4822919701353445
2022,MN,58966891.046,350.929491077547,350.99476542207003,348.4684799979988,IPCC AR4 GWP100,IPCC AR5 GWP100; CH4=28 and N2O=265,egrid2022_data.xlsx,"ST22!STCO2AN, STCH4AN, STN2OAN, STNGENAN; reported comparison from STC2ERTA",Two-phase,17.577028046857862,2.819329915902762,20.396357962760625,13.82271247175723,0.0
2022,MO,79361031.625,688.3104651598203,688.44753063779,683.2056856898663,IPCC AR4 GWP100,IPCC AR5 GWP100; CH4=28 and N2O=265,egrid2022_data.xlsx,"ST22!STCO2AN, STCH4AN, STN2OAN, STNGENAN; reported comparison from STC2ERTA",Air-cooled,43.49553293521669,3.5104211643502636,47.00595409956695,7.46803512787884,26.072659585830404
2022,MO,79361031.625,688.3104651598203,688.44753063779,683.2056856898663,IPCC AR4 GWP100,IPCC AR5 GWP100; CH4=28 and N2O=265,egrid2022_data.xlsx,"ST22!STCO2AN, STCH4AN, STN2OAN, STNGENAN; reported comparison from STC2ERTA",Cold plate,36.93338079238182,2.9474308328855217,39.88081162526734,7.390598919050368,6.962619615996202
2022,MO,79361031.625,688.3104651598203,688.44753063779,683.2056856898663,IPCC AR4 GWP100,IPCC AR5 GWP100; CH4=28 and N2O=265,egrid2022_data.xlsx,"ST22!STCO2AN, STCH4AN, STN2OAN, STNGENAN; reported comparison from STC2ERTA",One-phase,36.20616298876139,3.049789121460012,39.2559521102214,7.7689852303083295,5.286710628754099
2022,MO,79361031.625,688.3104651598203,688.44753063779,683.2056856898663,IPCC AR4 GWP100,IPCC AR5 GWP100; CH4=28 and N2O=265,egrid2022_data.xlsx,"ST22!STCO2AN, STCH4AN, STN2OAN, STNGENAN; reported comparison from STC2ERTA",Two-phase,34.46548207584018,2.819329915902762,37.28481199174294,7.561604217092815,0.0
2022,MS,67781239.54,403.0812178291575,403.10753921900005,401.97833990298375,IPCC AR4 GWP100,IPCC AR5 GWP100; CH4=28 and N2O=265,egrid2022_data.xlsx,"ST22!STCO2AN, STCH4AN, STN2OAN, STNGENAN; reported comparison from STC2ERTA",Air-cooled,25.476824282250526,3.5104211643502636,28.987245446600788,12.110226792045587,25.99346320292146
2022,MS,67781239.54,403.0812178291575,403.10753921900005,401.97833990298375,IPCC AR4 GWP100,IPCC AR5 GWP100; CH4=28 and N2O=265,egrid2022_data.xlsx,"ST22!STCO2AN, STCH4AN, STN2OAN, STNGENAN; reported comparison from STC2ERTA",Cold plate,21.63314687966751,2.9474308328855217,24.580577712553033,11.990893246501285,6.839820956367326
2022,MS,67781239.54,403.0812178291575,403.10753921900005,401.97833990298375,IPCC AR4 GWP100,IPCC AR5 GWP100; CH4=28 and N2O=265,egrid2022_data.xlsx,"ST22!STCO2AN, STCH4AN, STN2OAN, STNGENAN; reported comparison from STC2ERTA",One-phase,21.20719048949391,3.049789121460012,24.256979610953923,12.5728312855686,5.433297332676701
2022,MS,67781239.54,403.0812178291575,403.10753921900005,401.97833990298375,IPCC AR4 GWP100,IPCC AR5 GWP100; CH4=28 and N2O=265,egrid2022_data.xlsx,"ST22!STCO2AN, STCH4AN, STN2OAN, STNGENAN; reported comparison from STC2ERTA",Two-phase,20.187614023652863,2.819329915902762,23.006943939555626,12.2542564684374,0.0
2022,MT,27088739.999,467.7199094361092,467.81430516898007,464.232186673327,IPCC AR4 GWP100,IPCC AR5 GWP100; CH4=28 and N2O=265,egrid2022_data.xlsx,"ST22!STCO2AN, STCH4AN, STN2OAN, STNGENAN; reported comparison from STC2ERTA",Air-cooled,29.56022653736486,3.5104211643502636,33.070647701715124,10.614915063088421,26.01896254672571
2022,MT,27088739.999,467.7199094361092,467.81430516898007,464.232186673327,IPCC AR4 GWP100,IPCC AR5 GWP100; CH4=28 and N2O=265,egrid2022_data.xlsx,"ST22!STCO2AN, STCH4AN, STN2OAN, STNGENAN; reported comparison from STC2ERTA",Cold plate,25.10048801194503,2.9474308328855217,28.04791884483055,10.508554482033365,6.879359191897305
2022,MT,27088739.999,467.7199094361092,467.81430516898007,464.232186673327,IPCC AR4 GWP100,IPCC AR5 GWP100; CH4=28 and N2O=265,egrid2022_data.xlsx,"ST22!STCO2AN, STCH4AN, STN2OAN, STNGENAN; reported comparison from STC2ERTA",One-phase,24.606259718454695,3.049789121460012,27.656048839914707,11.02756629883583,5.386099915027631
2022,MT,27088739.999,467.7199094361092,467.81430516898007,464.232186673327,IPCC AR4 GWP100,IPCC AR5 GWP100; CH4=28 and N2O=265,egrid2022_data.xlsx,"ST22!STCO2AN, STCH4AN, STN2OAN, STNGENAN; reported comparison from STC2ERTA",Two-phase,23.42326646275976,2.819329915902762,26.242596378662522,10.743334520798857,0.0
2022,NC,134252770.682,298.0324652172543,298.06053584307,296.9078018304013,IPCC AR4 GWP100,IPCC AR5 GWP100; CH4=28 and N2O=265,egrid2022_data.xlsx,"ST22!STCO2AN, STCH4AN, STN2OAN, STNGENAN; reported comparison from STC2ERTA",Air-cooled,18.84060837737507,3.5104211643502636,22.35102954172533,15.705858908185602,25.932189606724055
2022,NC,134252770.682,298.0324652172543,298.06053584307,296.9078018304013,IPCC AR4 GWP100,IPCC AR5 GWP100; CH4=28 and N2O=265,egrid2022_data.xlsx,"ST22!STCO2AN, STCH4AN, STN2OAN, STNGENAN; reported comparison from STC2ERTA",Cold plate,15.998133983049353,2.9474308328855217,18.945564815934876,15.557365861198683,6.7448126339249015
2022,NC,134252770.682,298.0324652172543,298.06053584307,296.9078018304013,IPCC AR4 GWP100,IPCC AR5 GWP100; CH4=28 and N2O=265,egrid2022_data.xlsx,"ST22!STCO2AN, STCH4AN, STN2OAN, STNGENAN; reported comparison from STC2ERTA",One-phase,15.68313092598889,3.049789121460012,18.7329200474489,16.280372273704014,5.5467102711741045
2022,NC,134252770.682,298.0324652172543,298.06053584307,296.9078018304013,IPCC AR4 GWP100,IPCC AR5 GWP100; CH4=28 and N2O=265,egrid2022_data.xlsx,"ST22!STCO2AN, STCH4AN, STN2OAN, STNGENAN; reported comparison from STC2ERTA",Two-phase,14.92913424685481,2.819329915902762,17.74846416275757,15.884923281523665,0.0
2022,ND,44400926.002,599.2722951154657,599.39328704332,594.7876392898185,IPCC AR4 GWP100,IPCC AR5 GWP100; CH4=28 and N2O=265,egrid2022_data.xlsx,"ST22!STCO2AN, STCH4AN, STN2OAN, STNGENAN; reported comparison from STC2ERTA",Air-cooled,37.87074915151663,3.5104211643502636,41.38117031586689,8.483136502797876,26.05533332265082
2022,ND,44400926.002,599.2722951154657,599.39328704332,594.7876392898185,IPCC AR4 GWP100,IPCC AR5 GWP100; CH4=28 and N2O=265,egrid2022_data.xlsx,"ST22!STCO2AN, STCH4AN, STN2OAN, STNGENAN; reported comparison from STC2ERTA",Cold plate,32.15720569257042,2.9474308328855217,35.104636525455945,8.396129755533027,6.935754223705803
2022,ND,44400926.002,599.2722951154657,599.39328704332,594.7876392898185,IPCC AR4 GWP100,IPCC AR5 GWP100; CH4=28 and N2O=265,egrid2022_data.xlsx,"ST22!STCO2AN, STCH4AN, STN2OAN, STNGENAN; reported comparison from STC2ERTA",One-phase,31.52403071663794,3.049789121460012,34.573819838097954,8.821093925234594,5.318780272814894
2022,ND,44400926.002,599.2722951154657,599.39328704332,594.7876392898185,IPCC AR4 GWP100,IPCC AR5 GWP100; CH4=28 and N2O=265,egrid2022_data.xlsx,"ST22!STCO2AN, STCH4AN, STN2OAN, STNGENAN; reported comparison from STC2ERTA",Two-phase,30.008452316799588,2.819329915902762,32.82778223270235,8.58824362827107,0.0
2022,NE,40692718.002,501.41725957424836,501.51893981420005,497.63853028317686,IPCC AR4 GWP100,IPCC AR5 GWP100; CH4=28 and N2O=265,egrid2022_data.xlsx,"ST22!STCO2AN, STCH4AN, STN2OAN, STNGENAN; reported comparison from STC2ERTA",Air-cooled,31.68897995307688,3.5104211643502636,35.19940111742714,9.972957075716444,26.029912934384814
2022,NE,40692718.002,501.41725957424836,501.51893981420005,497.63853028317686,IPCC AR4 GWP100,IPCC AR5 GWP100; CH4=28 and N2O=265,egrid2022_data.xlsx,"ST22!STCO2AN, STCH4AN, STN2OAN, STNGENAN; reported comparison from STC2ERTA",Cold plate,26.908077325373544,2.9474308328855217,29.855508158259067,9.872318425336063,6.896338413391567
2022,NE,40692718.002,501.41725957424836,501.51893981420005,497.63853028317686,IPCC AR4 GWP100,IPCC AR5 GWP100; CH4=28 and N2O=265,egrid2022_data.xlsx,"ST22!STCO2AN, STCH4AN, STN2OAN, STNGENAN; reported comparison from STC2ERTA",One-phase,26.37825762101972,3.049789121460012,29.428046742479733,10.36354586544001,5.36583154954593
2022,NE,40692718.002,501.41725957424836,501.51893981420005,497.63853028317686,IPCC AR4 GWP100,IPCC AR5 GWP100; CH4=28 and N2O=265,egrid2022_data.xlsx,"ST22!STCO2AN, STCH4AN, STN2OAN, STNGENAN; reported comparison from STC2ERTA",Two-phase,25.110072158470704,2.819329915902762,27.929402074373467,10.094487194516882,0.0
2022,NH,18764370.187,138.9730987381124,139.00701052546003,137.4059102939125,IPCC AR4 GWP100,IPCC AR5 GWP100; CH4=28 and N2O=265,egrid2022_data.xlsx,"ST22!STCO2AN, STCH4AN, STN2OAN, STNGENAN; reported comparison from STC2ERTA",Air-cooled,8.7923948441028,3.5104211643502636,12.302816008453064,28.533476904298254,25.714077367557643
2022,NH,18764370.187,138.9730987381124,139.00701052546003,137.4059102939125,IPCC AR4 GWP100,IPCC AR5 GWP100; CH4=28 and N2O=265,egrid2022_data.xlsx,"ST22!STCO2AN, STCH4AN, STN2OAN, STNGENAN; reported comparison from STC2ERTA",Cold plate,7.465890056753378,2.9474308328855217,10.4133208896389,28.304427224730695,6.406616751303673
2022,NH,18764370.187,138.9730987381124,139.00701052546003,137.4059102939125,IPCC AR4 GWP100,IPCC AR5 GWP100; CH4=28 and N2O=265,egrid2022_data.xlsx,"ST22!STCO2AN, STCH4AN, STN2OAN, STNGENAN; reported comparison from STC2ERTA",One-phase,7.318886775367783,3.049789121460012,10.368675896827796,29.413486850264725,5.9504200499571835
2022,NH,18764370.187,138.9730987381124,139.00701052546003,137.4059102939125,IPCC AR4 GWP100,IPCC AR5 GWP100; CH4=28 and N2O=265,egrid2022_data.xlsx,"ST22!STCO2AN, STCH4AN, STN2OAN, STNGENAN; reported comparison from STC2ERTA",Two-phase,6.967017218859718,2.819329915902762,9.78634713476248,28.808807587543118,0.0
2022,NJ,65039128.884,221.597071283747,221.61253139564002,220.730556802578,IPCC AR4 GWP100,IPCC AR5 GWP100; CH4=28 and N2O=265,egrid2022_data.xlsx,"ST22!STCO2AN, STCH4AN, STN2OAN, STNGENAN; reported comparison from STC2ERTA",Air-cooled,14.011976296507443,3.5104211643502636,17.522397460857707,20.033909013832123,25.858513785628602
2022,NJ,65039128.884,221.597071283747,221.61253139564002,220.730556802578,IPCC AR4 GWP100,IPCC AR5 GWP100; CH4=28 and N2O=265,egrid2022_data.xlsx,"ST22!STCO2AN, STCH4AN, STN2OAN, STNGENAN; reported comparison from STC2ERTA",Cold plate,11.897995524816974,2.9474308328855217,14.845426357702495,19.854133939078537,6.63057393077624
2022,NJ,65039128.884,221.597071283747,221.61253139564002,220.730556802578,IPCC AR4 GWP100,IPCC AR5 GWP100; CH4=28 and N2O=265,egrid2022_data.xlsx,"ST22!STCO2AN, STCH4AN, STN2OAN, STNGENAN; reported comparison from STC2ERTA",One-phase,11.663724142468249,3.049789121460012,14.713513263928261,20.727810324790976,5.683078819540666
2022,NJ,65039128.884,221.597071283747,221.61253139564002,220.730556802578,IPCC AR4 GWP100,IPCC AR5 GWP100; CH4=28 and N2O=265,egrid2022_data.xlsx,"ST22!STCO2AN, STCH4AN, STN2OAN, STNGENAN; reported comparison from STC2ERTA",Two-phase,11.102968174080354,2.819329915902762,13.922298089983116,20.2504636639782,0.0
2022,NM,40853345.001,449.72654978001754,449.79353390125004,447.154027182826,IPCC AR4 GWP100,IPCC AR5 GWP100; CH4=28 and N2O=265,egrid2022_data.xlsx,"ST22!STCO2AN, STCH4AN, STN2OAN, STNGENAN; reported comparison from STC2ERTA",Air-cooled,28.423536985485594,3.5104211643502636,31.933958149835856,10.992753068314231,26.012518353088133
2022,NM,40853345.001,449.72654978001754,449.79353390125004,447.154027182826,IPCC AR4 GWP100,IPCC AR5 GWP100; CH4=28 and N2O=265,egrid2022_data.xlsx,"ST22!STCO2AN, STCH4AN, STN2OAN, STNGENAN; reported comparison from STC2ERTA",Cold plate,24.13529031854494,2.9474308328855217,27.082721151430462,10.883067533743164,6.869367089833833
2022,NM,40853345.001,449.72654978001754,449.79353390125004,447.154027182826,IPCC AR4 GWP100,IPCC AR5 GWP100; CH4=28 and N2O=265,egrid2022_data.xlsx,"ST22!STCO2AN, STCH4AN, STN2OAN, STNGENAN; reported comparison from STC2ERTA",One-phase,23.660066755506975,3.049789121460012,26.709855876966987,11.41821631501191,5.39802764543742
2022,NM,40853345.001,449.72654978001754,449.79353390125004,447.154027182826,IPCC AR4 GWP100,IPCC AR5 GWP100; CH4=28 and N2O=265,egrid2022_data.xlsx,"ST22!STCO2AN, STCH4AN, STN2OAN, STNGENAN; reported comparison from STC2ERTA",Two-phase,22.522563546107605,2.819329915902762,25.34189346201037,11.125174684082603,0.0
2022,NV,41832941.006,307.8576052672265,307.87355317565004,307.063432947182,IPCC AR4 GWP100,IPCC AR5 GWP100; CH4=28 and N2O=265,egrid2022_data.xlsx,"ST22!STCO2AN, STCH4AN, STN2OAN, STNGENAN; reported comparison from STC2ERTA",Air-cooled,19.46128924265044,3.5104211643502636,22.971710407000703,15.281496685072485,25.93941811202638
2022,NV,41832941.006,307.8576052672265,307.87355317565004,307.063432947182,IPCC AR4 GWP100,IPCC AR5 GWP100; CH4=28 and N2O=265,egrid2022_data.xlsx,"ST22!STCO2AN, STCH4AN, STN2OAN, STNGENAN; reported comparison from STC2ERTA",Cold plate,16.52517299604187,2.9474308328855217,19.472603828927394,15.136295375695909,6.756020857452816
2022,NV,41832941.006,307.8576052672265,307.87355317565004,307.063432947182,IPCC AR4 GWP100,IPCC AR5 GWP100; CH4=28 and N2O=265,egrid2022_data.xlsx,"ST22!STCO2AN, STCH4AN, STN2OAN, STNGENAN; reported comparison from STC2ERTA",One-phase,16.199792547439454,3.049789121460012,19.249581668899467,15.843404671943572,5.533330837320705
2022,NV,41832941.006,307.8576052672265,307.87355317565004,307.063432947182,IPCC AR4 GWP100,IPCC AR5 GWP100; CH4=28 and N2O=265,egrid2022_data.xlsx,"ST22!STCO2AN, STCH4AN, STN2OAN, STNGENAN; reported comparison from STC2ERTA",Two-phase,15.420956367274098,2.819329915902762,18.24028628317686,15.456610012218112,0.0
2022,NY,124473610.617,222.89307446795752,222.87170381476002,222.1279821859236,IPCC AR4 GWP100,IPCC AR5 GWP100; CH4=28 and N2O=265,egrid2022_data.xlsx,"ST22!STCO2AN, STCH4AN, STN2OAN, STNGENAN; reported comparison from STC2ERTA",Air-cooled,14.093848348578364,3.5104211643502636,17.604269512928628,19.94073745446921,25.860098924744324
2022,NY,124473610.617,222.89307446795752,222.87170381476002,222.1279821859236,IPCC AR4 GWP100,IPCC AR5 GWP100; CH4=28 and N2O=265,egrid2022_data.xlsx,"ST22!STCO2AN, STCH4AN, STN2OAN, STNGENAN; reported comparison from STC2ERTA",Cold plate,11.967515575988498,2.9474308328855217,14.91494640887402,19.761591842742888,6.633031782405152
2022,NY,124473610.617,222.89307446795752,222.87170381476002,222.1279821859236,IPCC AR4 GWP100,IPCC AR5 GWP100; CH4=28 and N2O=265,egrid2022_data.xlsx,"ST22!STCO2AN, STCH4AN, STN2OAN, STNGENAN; reported comparison from STC2ERTA",One-phase,11.73187534470594,3.049789121460012,14.781664466165953,20.632244281019467,5.6801448431430535
2022,NY,124473610.617,222.89307446795752,222.87170381476002,222.1279821859236,IPCC AR4 GWP100,IPCC AR5 GWP100; CH4=28 and N2O=265,egrid2022_data.xlsx,"ST22!STCO2AN, STCH4AN, STN2OAN, STNGENAN; reported comparison from STC2ERTA",Two-phase,11.167842876210463,2.819329915902762,13.987172792113224,20.156538836014544,0.0
2022,OH,135802728.736,527.0736661584011,527.13239376336,524.4217326021196,IPCC AR4 GWP100,IPCC AR5 GWP100; CH4=28 and N2O=265,egrid2022_data.xlsx,"ST22!STCO2AN, STCH4AN, STN2OAN, STNGENAN; reported comparison from STC2ERTA",Air-cooled,33.309765057158295,3.5104211643502636,36.82018622150856,9.533958202252782,26.03740238285317
2022,OH,135802728.736,527.0736661584011,527.13239376336,524.4217326021196,IPCC AR4 GWP100,IPCC AR5 GWP100; CH4=28 and N2O=265,egrid2022_data.xlsx,"ST22!STCO2AN, STCH4AN, STN2OAN, STNGENAN; reported comparison from STC2ERTA",Cold plate,28.28433528549137,2.9474308328855217,31.231766118376893,9.43728517213518,6.907951244678756
2022,OH,135802728.736,527.0736661584011,527.13239376336,524.4217326021196,IPCC AR4 GWP100,IPCC AR5 GWP100; CH4=28 and N2O=265,egrid2022_data.xlsx,"ST22!STCO2AN, STCH4AN, STN2OAN, STNGENAN; reported comparison from STC2ERTA",One-phase,27.727417079199743,3.049789121460012,30.777206200659755,9.90924615306582,5.351969129005352
2022,OH,135802728.736,527.0736661584011,527.13239376336,524.4217326021196,IPCC AR4 GWP100,IPCC AR5 GWP100; CH4=28 and N2O=265,egrid2022_data.xlsx,"ST22!STCO2AN, STCH4AN, STN2OAN, STNGENAN; reported comparison from STC2ERTA",Two-phase,26.3943681811613,2.819329915902762,29.213698097064064,9.65071216432575,0.0
2022,OK,84634922.609,312.55637890879404,312.58274916099,311.44945701396824,IPCC AR4 GWP100,IPCC AR5 GWP100; CH4=28 and N2O=265,egrid2022_data.xlsx,"ST22!STCO2AN, STCH4AN, STN2OAN, STNGENAN; reported comparison from STC2ERTA",Air-cooled,19.75812357526532,3.5104211643502636,23.26854473961558,15.086552268881853,25.94273903626374
2022,OK,84634922.609,312.55637890879404,312.58274916099,311.44945701396824,IPCC AR4 GWP100,IPCC AR5 GWP100; CH4=28 and N2O=265,egrid2022_data.xlsx,"ST22!STCO2AN, STCH4AN, STN2OAN, STNGENAN; reported comparison from STC2ERTA",Cold plate,16.77722406195355,2.9474308328855217,19.724654894839073,14.942876560323052,6.761170146222084
2022,OK,84634922.609,312.55637890879404,312.58274916099,311.44945701396824,IPCC AR4 GWP100,IPCC AR5 GWP100; CH4=28 and N2O=265,egrid2022_data.xlsx,"ST22!STCO2AN, STCH4AN, STN2OAN, STNGENAN; reported comparison from STC2ERTA",One-phase,16.44688073103113,3.049789121460012,19.49666985249114,15.642615608379561,5.527184049802725
2022,OK,84634922.609,312.55637890879404,312.58274916099,311.44945701396824,IPCC AR4 GWP100,IPCC AR5 GWP100; CH4=28 and N2O=265,egrid2022_data.xlsx,"ST22!STCO2AN, STCH4AN, STN2OAN, STNGENAN; reported comparison from STC2ERTA",Two-phase,15.65616531127002,2.819329915902762,18.475495227172782,15.259834073385163,0.0
2022,OR,61254900.841,135.64682793838423,135.65360213405,135.26614846543248,IPCC AR4 GWP100,IPCC AR5 GWP100; CH4=28 and N2O=265,egrid2022_data.xlsx,"ST22!STCO2AN, STCH4AN, STN2OAN, STNGENAN; reported comparison from STC2ERTA",Air-cooled,8.582265255352427,3.5104211643502636,12.09268641970269,29.029291279981525,25.70566203626832
2022,OR,61254900.841,135.64682793838423,135.65360213405,135.26614846543248,IPCC AR4 GWP100,IPCC AR5 GWP100; CH4=28 and N2O=265,egrid2022_data.xlsx,"ST22!STCO2AN, STCH4AN, STN2OAN, STNGENAN; reported comparison from STC2ERTA",Cold plate,7.287462627697082,2.9474308328855217,10.234893460582605,28.797865304967658,6.393568284130002
2022,OR,61254900.841,135.64682793838423,135.65360213405,135.26614846543248,IPCC AR4 GWP100,IPCC AR5 GWP100; CH4=28 and N2O=265,egrid2022_data.xlsx,"ST22!STCO2AN, STCH4AN, STN2OAN, STNGENAN; reported comparison from STC2ERTA",One-phase,7.143972580147117,3.049789121460012,10.193761701607128,29.918191250038618,5.965996211781843
2022,OR,61254900.841,135.64682793838423,135.65360213405,135.26614846543248,IPCC AR4 GWP100,IPCC AR5 GWP100; CH4=28 and N2O=265,egrid2022_data.xlsx,"ST22!STCO2AN, STCH4AN, STN2OAN, STNGENAN; reported comparison from STC2ERTA",Two-phase,6.800512359947737,2.819329915902762,9.619842275850498,29.307444291268304,0.0
2022,PA,239261130.761,323.9416774576439,323.96882483273004,322.67032171370647,IPCC AR4 GWP100,IPCC AR5 GWP100; CH4=28 and N2O=265,egrid2022_data.xlsx,"ST22!STCO2AN, STCH4AN, STN2OAN, STNGENAN; reported comparison from STC2ERTA",Air-cooled,20.477363903522882,3.5104211643502636,23.987785067873144,14.634203009646658,25.950445587622895
2022,PA,239261130.761,323.9416774576439,323.96882483273004,322.67032171370647,IPCC AR4 GWP100,IPCC AR5 GWP100; CH4=28 and N2O=265,egrid2022_data.xlsx,"ST22!STCO2AN, STCH4AN, STN2OAN, STNGENAN; reported comparison from STC2ERTA",Cold plate,17.38795291460008,2.9474308328855217,20.335383747485604,14.494099887591059,6.773119608337708
2022,PA,239261130.761,323.9416774576439,323.96882483273004,322.67032171370647,IPCC AR4 GWP100,IPCC AR5 GWP100; CH4=28 and N2O=265,egrid2022_data.xlsx,"ST22!STCO2AN, STCH4AN, STN2OAN, STNGENAN; reported comparison from STC2ERTA",One-phase,17.045584340244734,3.049789121460012,20.095373461704746,15.17657348977325,5.512919787713244
2022,PA,239261130.761,323.9416774576439,323.96882483273004,322.67032171370647,IPCC AR4 GWP100,IPCC AR5 GWP100; CH4=28 and N2O=265,egrid2022_data.xlsx,"ST22!STCO2AN, STCH4AN, STN2OAN, STNGENAN; reported comparison from STC2ERTA",Two-phase,16.22608509311759,2.819329915902762,19.045415009020353,14.803194966176696,0.0
2022,RI,7804400.21,368.3981943759305,368.40091902845,368.00715533300456,IPCC AR4 GWP100,IPCC AR5 GWP100; CH4=28 and N2O=265,egrid2022_data.xlsx,"ST22!STCO2AN, STCH4AN, STN2OAN, STNGENAN; reported comparison from STC2ERTA",Air-cooled,23.28580319778509,3.5104211643502636,26.79622436213535,13.100432049340116,25.976583048432957
2022,RI,7804400.21,368.3981943759305,368.40091902845,368.00715533300456,IPCC AR4 GWP100,IPCC AR5 GWP100; CH4=28 and N2O=265,egrid2022_data.xlsx,"ST22!STCO2AN, STCH4AN, STN2OAN, STNGENAN; reported comparison from STC2ERTA",Cold plate,19.77268419359751,2.9474308328855217,22.720115026483032,12.972781297321495,6.813647281896573
2022,RI,7804400.21,368.3981943759305,368.40091902845,368.00715533300456,IPCC AR4 GWP100,IPCC AR5 GWP100; CH4=28 and N2O=265,egrid2022_data.xlsx,"ST22!STCO2AN, STCH4AN, STN2OAN, STNGENAN; reported comparison from STC2ERTA",One-phase,19.38336029033019,3.049789121460012,22.433149411790204,13.595010961132065,5.464541262226152
2022,RI,7804400.21,368.3981943759305,368.40091902845,368.00715533300456,IPCC AR4 GWP100,IPCC AR5 GWP100; CH4=28 and N2O=265,egrid2022_data.xlsx,"ST22!STCO2AN, STCH4AN, STN2OAN, STNGENAN; reported comparison from STC2ERTA",Two-phase,18.451467968679705,2.819329915902762,21.270797884582468,13.254462438131071,0.0
2022,SC,98658089.209,253.94449463340052,253.98179010358,252.53113114068884,IPCC AR4 GWP100,IPCC AR5 GWP100; CH4=28 and N2O=265,egrid2022_data.xlsx,"ST22!STCO2AN, STCH4AN, STN2OAN, STNGENAN; reported comparison from STC2ERTA",Air-cooled,16.05545115915314,3.5104211643502636,19.565872323503402,17.941552036672487,25.8941209329417
2022,SC,98658089.209,253.94449463340052,253.98179010358,252.53113114068884,IPCC AR4 GWP100,IPCC AR5 GWP100; CH4=28 and N2O=265,egrid2022_data.xlsx,"ST22!STCO2AN, STCH4AN, STN2OAN, STNGENAN; reported comparison from STC2ERTA",Cold plate,13.633172223402644,2.9474308328855217,16.580603056288165,17.776378958470474,6.685784911412607
2022,SC,98658089.209,253.94449463340052,253.98179010358,252.53113114068884,IPCC AR4 GWP100,IPCC AR5 GWP100; CH4=28 and N2O=265,egrid2022_data.xlsx,"ST22!STCO2AN, STCH4AN, STN2OAN, STNGENAN; reported comparison from STC2ERTA",One-phase,13.364735233666602,3.049789121460012,16.414524355126613,18.579820258437742,5.617172597955866
2022,SC,98658089.209,253.94449463340052,253.98179010358,252.53113114068884,IPCC AR4 GWP100,IPCC AR5 GWP100; CH4=28 and N2O=265,egrid2022_data.xlsx,"ST22!STCO2AN, STCH4AN, STN2OAN, STNGENAN; reported comparison from STC2ERTA",Two-phase,12.72219988589417,2.819329915902762,15.541529801796932,18.140620336981158,0.0
2022,SD,17900462.342,148.2742378523276,148.29522148595,147.464928926971,IPCC AR4 GWP100,IPCC AR5 GWP100; CH4=28 and N2O=265,egrid2022_data.xlsx,"ST22!STCO2AN, STCH4AN, STN2OAN, STNGENAN; reported comparison from STC2ERTA",Air-cooled,9.379973142640539,3.5104211643502636,12.890394306990803,27.232845487484187,25.736158009208545
2022,SD,17900462.342,148.2742378523276,148.29522148595,147.464928926971,IPCC AR4 GWP100,IPCC AR5 GWP100; CH4=28 and N2O=265,egrid2022_data.xlsx,"ST22!STCO2AN, STCH4AN, STN2OAN, STNGENAN; reported comparison from STC2ERTA",Cold plate,7.964820672859554,2.9474308328855217,10.912251505745076,27.01029051001766,6.440854087642589
2022,SD,17900462.342,148.2742378523276,148.29522148595,147.464928926971,IPCC AR4 GWP100,IPCC AR5 GWP100; CH4=28 and N2O=265,egrid2022_data.xlsx,"ST22!STCO2AN, STCH4AN, STN2OAN, STNGENAN; reported comparison from STC2ERTA",One-phase,7.8079934539134275,3.049789121460012,10.85778257537344,28.088507946155094,5.909550399586561
2022,SD,17900462.342,148.2742378523276,148.29522148595,147.464928926971,IPCC AR4 GWP100,IPCC AR5 GWP100; CH4=28 and N2O=265,egrid2022_data.xlsx,"ST22!STCO2AN, STCH4AN, STN2OAN, STNGENAN; reported comparison from STC2ERTA",Two-phase,7.432609153244514,2.819329915902762,10.251939069147276,27.500455249362545,0.0
2022,TN,78032791.39,316.4334741486964,316.48137558114,314.62602322862017,IPCC AR4 GWP100,IPCC AR5 GWP100; CH4=28 and N2O=265,egrid2022_data.xlsx,"ST22!STCO2AN, STCH4AN, STN2OAN, STNGENAN; reported comparison from STC2ERTA",Air-cooled,20.00305024460724,3.5104211643502636,23.513471408957503,14.929404099017729,25.9454162200055
2022,TN,78032791.39,316.4334741486964,316.48137558114,314.62602322862017,IPCC AR4 GWP100,IPCC AR5 GWP100; CH4=28 and N2O=265,egrid2022_data.xlsx,"ST22!STCO2AN, STCH4AN, STN2OAN, STNGENAN; reported comparison from STC2ERTA",Cold plate,16.985198751181713,2.9474308328855217,19.932629584067236,14.786964361398125,6.765321277410052
2022,TN,78032791.39,316.4334741486964,316.48137558114,314.62602322862017,IPCC AR4 GWP100,IPCC AR5 GWP100; CH4=28 and N2O=265,egrid2022_data.xlsx,"ST22!STCO2AN, STCH4AN, STN2OAN, STNGENAN; reported comparison from STC2ERTA",One-phase,16.65076040124223,3.049789121460012,19.700549522702243,15.480731225012471,5.522228778790583
2022,TN,78032791.39,316.4334741486964,316.48137558114,314.62602322862017,IPCC AR4 GWP100,IPCC AR5 GWP100; CH4=28 and N2O=265,egrid2022_data.xlsx,"ST22!STCO2AN, STCH4AN, STN2OAN, STNGENAN; reported comparison from STC2ERTA",Two-phase,15.850243074259433,2.819329915902762,18.669572990162195,15.101201925659407,0.0
2022,TX,521881132.673,372.8155953088374,372.82843415202,371.2821527687535,IPCC AR4 GWP100,IPCC AR5 GWP100; CH4=28 and N2O=265,egrid2022_data.xlsx,"ST22!STCO2AN, STCH4AN, STN2OAN, STNGENAN; reported comparison from STC2ERTA",Air-cooled,23.564862449801822,3.5104211643502636,27.075283614152085,12.96540865232299,25.978884543054548
2022,TX,521881132.673,372.8155953088374,372.82843415202,371.2821527687535,IPCC AR4 GWP100,IPCC AR5 GWP100; CH4=28 and N2O=265,egrid2022_data.xlsx,"ST22!STCO2AN, STCH4AN, STN2OAN, STNGENAN; reported comparison from STC2ERTA",Cold plate,20.00964189759259,2.9474308328855217,22.957072730478114,12.838879187643437,6.817215884960182
2022,TX,521881132.673,372.8155953088374,372.82843415202,371.2821527687535,IPCC AR4 GWP100,IPCC AR5 GWP100; CH4=28 and N2O=265,egrid2022_data.xlsx,"ST22!STCO2AN, STCH4AN, STN2OAN, STNGENAN; reported comparison from STC2ERTA",One-phase,19.61565230011171,3.049789121460012,22.66544142157172,13.455679352255588,5.460281364257513
2022,TX,521881132.673,372.8155953088374,372.82843415202,371.2821527687535,IPCC AR4 GWP100,IPCC AR5 GWP100; CH4=28 and N2O=265,egrid2022_data.xlsx,"ST22!STCO2AN, STCH4AN, STN2OAN, STNGENAN; reported comparison from STC2ERTA",Two-phase,18.672592093375574,2.819329915902762,21.491922009278337,13.118091135290836,0.0
2022,UT,39386042.997,691.2726219453907,691.38907715724,686.866567524327,IPCC AR4 GWP100,IPCC AR5 GWP100; CH4=28 and N2O=265,egrid2022_data.xlsx,"ST22!STCO2AN, STCH4AN, STN2OAN, STNGENAN; reported comparison from STC2ERTA",Air-cooled,43.68266044967429,3.5104211643502636,47.19308161402455,7.438423269454517,26.073165087490402
2022,UT,39386042.997,691.2726219453907,691.38907715724,686.866567524327,IPCC AR4 GWP100,IPCC AR5 GWP100; CH4=28 and N2O=265,egrid2022_data.xlsx,"ST22!STCO2AN, STCH4AN, STN2OAN, STNGENAN; reported comparison from STC2ERTA",Cold plate,37.09227646009299,2.9474308328855217,40.03970729297851,7.361269679916946,6.9634034261149
2022,UT,39386042.997,691.2726219453907,691.38907715724,686.866567524327,IPCC AR4 GWP100,IPCC AR5 GWP100; CH4=28 and N2O=265,egrid2022_data.xlsx,"ST22!STCO2AN, STCH4AN, STN2OAN, STNGENAN; reported comparison from STC2ERTA",One-phase,36.36193000277234,3.049789121460012,39.41171912423235,7.738279854899414,5.285774982207614
2022,UT,39386042.997,691.2726219453907,691.38907715724,686.866567524327,IPCC AR4 GWP100,IPCC AR5 GWP100; CH4=28 and N2O=265,egrid2022_data.xlsx,"ST22!STCO2AN, STCH4AN, STN2OAN, STNGENAN; reported comparison from STC2ERTA",Two-phase,34.6137602911006,2.819329915902762,37.43309020700336,7.531651542290497,0.0
2022,VA,89477324.859,267.97209812030604,267.60634412127,266.46241734258183,IPCC AR4 GWP100,IPCC AR5 GWP100; CH4=28 and N2O=265,egrid2022_data.xlsx,"ST22!STCO2AN, STCH4AN, STN2OAN, STNGENAN; reported comparison from STC2ERTA",Air-cooled,16.94161308923341,3.5104211643502636,20.452034253583673,17.164166267397857,25.907355400965027
2022,VA,89477324.859,267.97209812030604,267.60634412127,266.46241734258183,IPCC AR4 GWP100,IPCC AR5 GWP100; CH4=28 and N2O=265,egrid2022_data.xlsx,"ST22!STCO2AN, STCH4AN, STN2OAN, STNGENAN; reported comparison from STC2ERTA",Cold plate,14.3856392883795,2.9474308328855217,17.33307012126502,17.004666872428306,6.7063057341380405
2022,VA,89477324.859,267.97209812030604,267.60634412127,266.46241734258183,IPCC AR4 GWP100,IPCC AR5 GWP100; CH4=28 and N2O=265,egrid2022_data.xlsx,"ST22!STCO2AN, STCH4AN, STN2OAN, STNGENAN; reported comparison from STC2ERTA",One-phase,14.102386231591128,3.049789121460012,17.15217535305114,17.780771585439137,5.59267656702036
2022,VA,89477324.859,267.97209812030604,267.60634412127,266.46241734258183,IPCC AR4 GWP100,IPCC AR5 GWP100; CH4=28 and N2O=265,egrid2022_data.xlsx,"ST22!STCO2AN, STCH4AN, STN2OAN, STNGENAN; reported comparison from STC2ERTA",Two-phase,13.424386893533864,2.819329915902762,16.243716809436627,17.356433561221035,0.0
2022,VT,2182637.111,19.26120127825431,19.32711729333,16.160222160638916,IPCC AR4 GWP100,IPCC AR5 GWP100; CH4=28 and N2O=265,egrid2022_data.xlsx,"ST22!STCO2AN, STCH4AN, STN2OAN, STNGENAN; reported comparison from STC2ERTA",Air-cooled,1.229868129854958,3.5104211643502636,4.740289294205222,74.05499847111834,24.946120533230488
2022,VT,2182637.111,19.26120127825431,19.32711729333,16.160222160638916,IPCC AR4 GWP100,IPCC AR5 GWP100; CH4=28 and N2O=265,egrid2022_data.xlsx,"ST22!STCO2AN, STCH4AN, STN2OAN, STNGENAN; reported comparison from STC2ERTA",Cold plate,1.0443184598290145,2.9474308328855217,3.991749292714536,73.83807490778462,5.215854415394117
2022,VT,2182637.111,19.26120127825431,19.32711729333,16.160222160638916,IPCC AR4 GWP100,IPCC AR5 GWP100; CH4=28 and N2O=265,egrid2022_data.xlsx,"ST22!STCO2AN, STCH4AN, STN2OAN, STNGENAN; reported comparison from STC2ERTA",One-phase,1.0237558424800557,3.049789121460012,4.073544963940067,74.86818357124884,7.371851900301896
2022,VT,2182637.111,19.26120127825431,19.32711729333,16.160222160638916,IPCC AR4 GWP100,IPCC AR5 GWP100; CH4=28 and N2O=265,egrid2022_data.xlsx,"ST22!STCO2AN, STCH4AN, STN2OAN, STNGENAN; reported comparison from STC2ERTA",Two-phase,0.9745368115915918,2.819329915902762,3.7938667274943536,74.31283485713739,0.0
2022,WA,116650629.994,84.33956627125515,84.35230508705,83.82818198146376,IPCC AR4 GWP100,IPCC AR5 GWP100; CH4=28 and N2O=265,egrid2022_data.xlsx,"ST22!STCO2AN, STCH4AN, STN2OAN, STNGENAN; reported comparison from STC2ERTA",Air-cooled,5.3410457506438265,3.5104211643502636,8.85146691499409,39.659202232386214,25.525513878580753
2022,WA,116650629.994,84.33956627125515,84.35230508705,83.82818198146376,IPCC AR4 GWP100,IPCC AR5 GWP100; CH4=28 and N2O=265,egrid2022_data.xlsx,"ST22!STCO2AN, STCH4AN, STN2OAN, STNGENAN; reported comparison from STC2ERTA",Cold plate,4.535244500437997,2.9474308328855217,7.4826753333235185,39.39006707613473,6.114237947489687
2022,WA,116650629.994,84.33956627125515,84.35230508705,83.82818198146376,IPCC AR4 GWP100,IPCC AR5 GWP100; CH4=28 and N2O=265,egrid2022_data.xlsx,"ST22!STCO2AN, STCH4AN, STN2OAN, STNGENAN; reported comparison from STC2ERTA",One-phase,4.445945593223675,3.049789121460012,7.495734714683687,40.68699383778432,6.299437256475926
2022,WA,116650629.994,84.33956627125515,84.35230508705,83.82818198146376,IPCC AR4 GWP100,IPCC AR5 GWP100; CH4=28 and N2O=265,egrid2022_data.xlsx,"ST22!STCO2AN, STCH4AN, STN2OAN, STNGENAN; reported comparison from STC2ERTA",Two-phase,4.232198208934076,2.819329915902762,7.051528124836837,39.98182898785499,0.0
2022,WI,61228765.961,534.4375647494098,534.51687754696,531.3628257990389,IPCC AR4 GWP100,IPCC AR5 GWP100; CH4=28 and N2O=265,egrid2022_data.xlsx,"ST22!STCO2AN, STCH4AN, STN2OAN, STNGENAN; reported comparison from STC2ERTA",Air-cooled,33.77496259388758,3.5104211643502636,37.28538375823784,9.415006124416434,26.03943189317548
2022,WI,61228765.961,534.4375647494098,534.51687754696,531.3628257990389,IPCC AR4 GWP100,IPCC AR5 GWP100; CH4=28 and N2O=265,egrid2022_data.xlsx,"ST22!STCO2AN, STCH4AN, STN2OAN, STNGENAN; reported comparison from STC2ERTA",Cold plate,28.679348672114106,2.9474308328855217,31.62677950499963,9.319414998987126,6.911098120055215
2022,WI,61228765.961,534.4375647494098,534.51687754696,531.3628257990389,IPCC AR4 GWP100,IPCC AR5 GWP100; CH4=28 and N2O=265,egrid2022_data.xlsx,"ST22!STCO2AN, STCH4AN, STN2OAN, STNGENAN; reported comparison from STC2ERTA",One-phase,28.114652657204438,3.049789121460012,31.16444177866445,9.78611824052608,5.348212654052897
2022,WI,61228765.961,534.4375647494098,534.51687754696,531.3628257990389,IPCC AR4 GWP100,IPCC AR5 GWP100; CH4=28 and N2O=265,egrid2022_data.xlsx,"ST22!STCO2AN, STCH4AN, STN2OAN, STNGENAN; reported comparison from STC2ERTA",Two-phase,26.762986664069615,2.819329915902762,29.582316579972378,9.530456846680782,0.0
2022,WV,56665360.441,895.3553969394001,895.5392094926201,888.5405791742605,IPCC AR4 GWP100,IPCC AR5 GWP100; CH4=28 and N2O=265,egrid2022_data.xlsx,"ST22!STCO2AN, STCH4AN, STN2OAN, STNGENAN; reported comparison from STC2ERTA",Air-cooled,56.57512536384504,3.5104211643502636,60.0855465281953,5.842372029857445,26.100417148978927
2022,WV,56665360.441,895.3553969394001,895.5392094926201,888.5405791742605,IPCC AR4 GWP100,IPCC AR5 GWP100; CH4=28 and N2O=265,egrid2022_data.xlsx,"ST22!STCO2AN, STCH4AN, STN2OAN, STNGENAN; reported comparison from STC2ERTA",Cold plate,48.03966079808233,2.9474308328855217,50.98709163096785,5.78073927851839,7.005659353721638
2022,WV,56665360.441,895.3553969394001,895.5392094926201,888.5405791742605,IPCC AR4 GWP100,IPCC AR5 GWP100; CH4=28 and N2O=265,egrid2022_data.xlsx,"ST22!STCO2AN, STCH4AN, STN2OAN, STNGENAN; reported comparison from STC2ERTA",One-phase,47.09376048073424,3.049789121460012,50.14354960219425,6.082116534738807,5.235333412504928
2022,WV,56665360.441,895.3553969394001,895.5392094926201,888.5405791742605,IPCC AR4 GWP100,IPCC AR5 GWP100; CH4=28 and N2O=265,egrid2022_data.xlsx,"ST22!STCO2AN, STCH4AN, STN2OAN, STNGENAN; reported comparison from STC2ERTA",Two-phase,44.82963738069895,2.819329915902762,47.64896729660171,5.91687517245276,0.0
2022,WY,46210977.449,824.2863536298626,824.44223423408,818.5014242235046,IPCC AR4 GWP100,IPCC AR5 GWP100; CH4=28 and N2O=265,egrid2022_data.xlsx,"ST22!STCO2AN, STCH4AN, STN2OAN, STNGENAN; reported comparison from STC2ERTA",Air-cooled,52.08550027236542,3.5104211643502636,55.595921436715685,6.31417030896078,26.092360118613044
2022,WY,46210977.449,824.2863536298626,824.44223423408,818.5014242235046,IPCC AR4 GWP100,IPCC AR5 GWP100; CH4=28 and N2O=265,egrid2022_data.xlsx,"ST22!STCO2AN, STCH4AN, STN2OAN, STNGENAN; reported comparison from STC2ERTA",Cold plate,44.22738349214333,2.9474308328855217,47.174814325028855,6.2478906913720405,6.993166453248434
2022,WY,46210977.449,824.2863536298626,824.44223423408,818.5014242235046,IPCC AR4 GWP100,IPCC AR5 GWP100; CH4=28 and N2O=265,egrid2022_data.xlsx,"ST22!STCO2AN, STCH4AN, STN2OAN, STNGENAN; reported comparison from STC2ERTA",One-phase,43.35654686703619,3.049789121460012,46.406335988496195,6.571923976536379,5.250246385564528
2022,WY,46210977.449,824.2863536298626,824.44223423408,818.5014242235046,IPCC AR4 GWP100,IPCC AR5 GWP100; CH4=28 and N2O=265,egrid2022_data.xlsx,"ST22!STCO2AN, STCH4AN, STN2OAN, STNGENAN; reported comparison from STC2ERTA",Two-phase,41.272097498428685,2.819329915902762,44.09142741433145,6.394281340472929,0.0
2023,AK,6678905.161,369.43135553196305,369.43148089309,367.33000651986026,IPCC AR5 GWP100,IPCC AR5 GWP100; CH4=28 and N2O=265,egrid2023_data_rev2.xlsx,"ST23!STCO2AN, STCH4AN, STN2OAN, STNGENAN; reported comparison from STC2ERTA",Air-cooled,23.351070802830275,3.5104211643502636,26.861491967180537,13.068600838104258,25.977125608761177
2023,AK,6678905.161,369.43135553196305,369.43148089309,367.33000651986026,IPCC AR5 GWP100,IPCC AR5 GWP100; CH4=28 and N2O=265,egrid2023_data_rev2.xlsx,"ST23!STCO2AN, STCH4AN, STN2OAN, STNGENAN; reported comparison from STC2ERTA",Cold plate,19.82810490344675,2.9474308328855217,22.775535736332273,12.941214059714452,6.814488553664622
2023,AK,6678905.161,369.43135553196305,369.43148089309,367.33000651986026,IPCC AR5 GWP100,IPCC AR5 GWP100; CH4=28 and N2O=265,egrid2023_data_rev2.xlsx,"ST23!STCO2AN, STCH4AN, STN2OAN, STNGENAN; reported comparison from STC2ERTA",One-phase,19.43768976709903,3.049789121460012,22.487478888559043,13.562165579226638,5.463537022799181
2023,AK,6678905.161,369.43135553196305,369.43148089309,367.33000651986026,IPCC AR5 GWP100,IPCC AR5 GWP100; CH4=28 and N2O=265,egrid2023_data_rev2.xlsx,"ST23!STCO2AN, STCH4AN, STN2OAN, STNGENAN; reported comparison from STC2ERTA",Two-phase,18.503185451373117,2.819329915902762,21.32251536727588,13.22231391250231,0.0
2023,AL,138596256.477,323.8541379153855,323.85406596312004,322.49853553678656,IPCC AR5 GWP100,IPCC AR5 GWP100; CH4=28 and N2O=265,egrid2023_data_rev2.xlsx,"ST23!STCO2AN, STCH4AN, STN2OAN, STNGENAN; reported comparison from STC2ERTA",Air-cooled,20.47183379213939,3.5104211643502636,23.98225495648965,14.637577536887688,25.950388093227982
2023,AL,138596256.477,323.8541379153855,323.85406596312004,322.49853553678656,IPCC AR5 GWP100,IPCC AR5 GWP100; CH4=28 and N2O=265,egrid2023_data_rev2.xlsx,"ST23!STCO2AN, STCH4AN, STN2OAN, STNGENAN; reported comparison from STC2ERTA",Cold plate,17.383257128716618,2.9474308328855217,20.33068796160214,14.497447594750513,6.773030459889617
2023,AL,138596256.477,323.8541379153855,323.85406596312004,322.49853553678656,IPCC AR5 GWP100,IPCC AR5 GWP100; CH4=28 and N2O=265,egrid2023_data_rev2.xlsx,"ST23!STCO2AN, STCH4AN, STN2OAN, STNGENAN; reported comparison from STC2ERTA",One-phase,17.040981014326302,3.049789121460012,20.090770135786315,15.180050843484745,5.513026205627036
2023,AL,138596256.477,323.8541379153855,323.85406596312004,322.49853553678656,IPCC AR5 GWP100,IPCC AR5 GWP100; CH4=28 and N2O=265,egrid2023_data_rev2.xlsx,"ST23!STCO2AN, STCH4AN, STN2OAN, STNGENAN; reported comparison from STC2ERTA",Two-phase,16.221703080945233,2.819329915902762,19.041032996847996,14.8066017025939,0.0
2023,AR,63195646.552,452.87288650888115,452.87297250118,450.6044599161595,IPCC AR5 GWP100,IPCC AR5 GWP100; CH4=28 and N2O=265,egrid2023_data_rev2.xlsx,"ST23!STCO2AN, STCH4AN, STN2OAN, STNGENAN; reported comparison from STC2ERTA",Air-cooled,28.622299648754122,3.5104211643502636,32.132720813104385,10.924755437823496,26.01367803400043
2023,AR,63195646.552,452.87288650888115,452.87297250118,450.6044599161595,IPCC AR5 GWP100,IPCC AR5 GWP100; CH4=28 and N2O=265,egrid2023_data_rev2.xlsx,"ST23!STCO2AN, STCH4AN, STN2OAN, STNGENAN; reported comparison from STC2ERTA",Cold plate,24.304065745224694,2.9474308328855217,27.251496578110217,10.815665937602294,6.871165243441335
2023,AR,63195646.552,452.87288650888115,452.87297250118,450.6044599161595,IPCC AR5 GWP100,IPCC AR5 GWP100; CH4=28 and N2O=265,egrid2023_data_rev2.xlsx,"ST23!STCO2AN, STCH4AN, STN2OAN, STNGENAN; reported comparison from STC2ERTA",One-phase,23.825518996156585,3.049789121460012,26.875308117616598,11.347922442834781,5.395881161011062
2023,AR,63195646.552,452.87288650888115,452.87297250118,450.6044599161595,IPCC AR5 GWP100,IPCC AR5 GWP100; CH4=28 and N2O=265,egrid2023_data_rev2.xlsx,"ST23!STCO2AN, STCH4AN, STN2OAN, STNGENAN; reported comparison from STC2ERTA",Two-phase,22.680061352110602,2.819329915902762,25.499391268013365,11.05645968670378,0.0
2023,AZ,111820945.514,312.57210241840414,312.57231653648006,311.47635639994564,IPCC AR5 GWP100,IPCC AR5 GWP100; CH4=28 and N2O=265,egrid2023_data_rev2.xlsx,"ST23!STCO2AN, STCH4AN, STN2OAN, STNGENAN; reported comparison from STC2ERTA",Air-cooled,19.759116872205652,3.5104211643502636,23.269538036555915,15.085908275598216,25.94275000713191
2023,AZ,111820945.514,312.57210241840414,312.57231653648006,311.47635639994564,IPCC AR5 GWP100,IPCC AR5 GWP100; CH4=28 and N2O=265,egrid2023_data_rev2.xlsx,"ST23!STCO2AN, STCH4AN, STN2OAN, STNGENAN; reported comparison from STC2ERTA",Cold plate,16.778067500616363,2.9474308328855217,19.725498333501886,14.942237620834097,6.761187157199777
2023,AZ,111820945.514,312.57210241840414,312.57231653648006,311.47635639994564,IPCC AR5 GWP100,IPCC AR5 GWP100; CH4=28 and N2O=265,egrid2023_data_rev2.xlsx,"ST23!STCO2AN, STCH4AN, STN2OAN, STNGENAN; reported comparison from STC2ERTA",One-phase,16.44770756239727,3.049789121460012,19.497496683857282,15.641952251157699,5.527163743529373
2023,AZ,111820945.514,312.57210241840414,312.57231653648006,311.47635639994564,IPCC AR5 GWP100,IPCC AR5 GWP100; CH4=28 and N2O=265,egrid2023_data_rev2.xlsx,"ST23!STCO2AN, STCH4AN, STN2OAN, STNGENAN; reported comparison from STC2ERTA",Two-phase,15.656952391128174,2.819329915902762,18.476282307030935,15.259184012521276,0.0
2023,CA,216080235.825,179.0640050031462,179.06420631253002,178.48236643090792,IPCC AR5 GWP100,IPCC AR5 GWP100; CH4=28 and N2O=265,egrid2023_data_rev2.xlsx,"ST23!STCO2AN, STCH4AN, STN2OAN, STNGENAN; reported comparison from STC2ERTA",Air-cooled,11.325046619415188,3.5104211643502636,14.835467783765452,23.662355751206846,25.796813618099602
2023,CA,216080235.825,179.0640050031462,179.06420631253002,178.48236643090792,IPCC AR5 GWP100,IPCC AR5 GWP100; CH4=28 and N2O=265,egrid2023_data_rev2.xlsx,"ST23!STCO2AN, STCH4AN, STN2OAN, STNGENAN; reported comparison from STC2ERTA",Cold plate,9.616441759877333,2.9474308328855217,12.563872592762854,23.45957276408012,6.53490418434155
2023,CA,216080235.825,179.0640050031462,179.06420631253002,178.48236643090792,IPCC AR5 GWP100,IPCC AR5 GWP100; CH4=28 and N2O=265,egrid2023_data_rev2.xlsx,"ST23!STCO2AN, STCH4AN, STN2OAN, STNGENAN; reported comparison from STC2ERTA",One-phase,9.427094142485526,3.049789121460012,12.476883263945538,24.44351731872807,5.797281310328084
2023,CA,216080235.825,179.0640050031462,179.06420631253002,178.48236643090792,IPCC AR5 GWP100,IPCC AR5 GWP100; CH4=28 and N2O=265,egrid2023_data_rev2.xlsx,"ST23!STCO2AN, STCH4AN, STN2OAN, STNGENAN; reported comparison from STC2ERTA",Two-phase,8.973868462558338,2.819329915902762,11.7931983784611,23.90640626424074,0.0
2023,CO,57471488.483,494.904813803869,494.90465587486,492.15723980774715,IPCC AR5 GWP100,IPCC AR5 GWP100; CH4=28 and N2O=265,egrid2023_data_rev2.xlsx,"ST23!STCO2AN, STCH4AN, STN2OAN, STNGENAN; reported comparison from STC2ERTA",Air-cooled,31.277571010786087,3.5104211643502636,34.78799217513635,10.090899028255011,26.027900962055384
2023,CO,57471488.483,494.904813803869,494.90465587486,492.15723980774715,IPCC AR5 GWP100,IPCC AR5 GWP100; CH4=28 and N2O=265,egrid2023_data_rev2.xlsx,"ST23!STCO2AN, STCH4AN, STN2OAN, STNGENAN; reported comparison from STC2ERTA",Cold plate,26.55873747133271,2.9474308328855217,29.50616830421823,9.989202266104318,6.893218731706741
2023,CO,57471488.483,494.904813803869,494.90465587486,492.15723980774715,IPCC AR5 GWP100,IPCC AR5 GWP100; CH4=28 and N2O=265,egrid2023_data_rev2.xlsx,"ST23!STCO2AN, STCH4AN, STN2OAN, STNGENAN; reported comparison from STC2ERTA",One-phase,26.03579626431442,3.049789121460012,29.085585385774433,10.485568988931691,5.369555562958217
2023,CO,57471488.483,494.904813803869,494.90465587486,492.15723980774715,IPCC AR5 GWP100,IPCC AR5 GWP100; CH4=28 and N2O=265,egrid2023_data_rev2.xlsx,"ST23!STCO2AN, STCH4AN, STN2OAN, STNGENAN; reported comparison from STC2ERTA",Two-phase,24.78407529006854,2.819329915902762,27.603405205971303,10.213703327054992,0.0
2023,CT,40652074.995,245.24549081873042,245.24560105738001,244.1531856354547,IPCC AR5 GWP100,IPCC AR5 GWP100; CH4=28 and N2O=265,egrid2023_data_rev2.xlsx,"ST23!STCO2AN, STCH4AN, STN2OAN, STNGENAN; reported comparison from STC2ERTA",Air-cooled,15.505911387988405,3.5104211643502636,19.016332552338667,18.460032473078225,25.885295699964693
2023,CT,40652074.995,245.24549081873042,245.24560105738001,244.1531856354547,IPCC AR5 GWP100,IPCC AR5 GWP100; CH4=28 and N2O=265,egrid2023_data_rev2.xlsx,"ST23!STCO2AN, STCH4AN, STN2OAN, STNGENAN; reported comparison from STC2ERTA",Cold plate,13.166541278583198,2.9474308328855217,16.11397211146872,18.29115014284877,6.672100867512087
2023,CT,40652074.995,245.24549081873042,245.24560105738001,244.1531856354547,IPCC AR5 GWP100,IPCC AR5 GWP100; CH4=28 and N2O=265,egrid2023_data_rev2.xlsx,"ST23!STCO2AN, STCH4AN, STN2OAN, STNGENAN; reported comparison from STC2ERTA",One-phase,12.907292246285998,3.049789121460012,15.95708136774601,19.112449521154534,5.63350745778064
2023,CT,40652074.995,245.24549081873042,245.24560105738001,244.1531856354547,IPCC AR5 GWP100,IPCC AR5 GWP100; CH4=28 and N2O=265,egrid2023_data_rev2.xlsx,"ST23!STCO2AN, STCH4AN, STN2OAN, STNGENAN; reported comparison from STC2ERTA",Two-phase,12.286749349829941,2.819329915902762,15.106079265732703,18.66354509537266,0.0
2023,DC,171869.499,179.17415860658173,179.17397566607002,178.7601577372334,IPCC AR5 GWP100,IPCC AR5 GWP100; CH4=28 and N2O=265,egrid2023_data_rev2.xlsx,"ST23!STCO2AN, STCH4AN, STN2OAN, STNGENAN; reported comparison from STC2ERTA",Air-cooled,11.332005322654615,3.5104211643502636,14.842426487004879,23.65126192421282,25.79700217163172
2023,DC,171869.499,179.17415860658173,179.17397566607002,178.7601577372334,IPCC AR5 GWP100,IPCC AR5 GWP100; CH4=28 and N2O=265,egrid2023_data_rev2.xlsx,"ST23!STCO2AN, STCH4AN, STN2OAN, STNGENAN; reported comparison from STC2ERTA",Cold plate,9.62235060658455,2.9474308328855217,12.569781439470072,23.448544806279322,6.535196547706712
2023,DC,171869.499,179.17415860658173,179.17397566607002,178.7601577372334,IPCC AR5 GWP100,IPCC AR5 GWP100; CH4=28 and N2O=265,egrid2023_data_rev2.xlsx,"ST23!STCO2AN, STCH4AN, STN2OAN, STNGENAN; reported comparison from STC2ERTA",One-phase,9.432886644075342,3.049789121460012,12.482675765535355,24.432174469198934,5.79693231155094
2023,DC,171869.499,179.17415860658173,179.17397566607002,178.7601577372334,IPCC AR5 GWP100,IPCC AR5 GWP100; CH4=28 and N2O=265,egrid2023_data_rev2.xlsx,"ST23!STCO2AN, STCH4AN, STN2OAN, STNGENAN; reported comparison from STC2ERTA",Two-phase,8.979382478494797,2.819329915902762,11.798712394397558,23.895233832816185,0.0
2023,DE,4772059.259,319.40645322612716,319.40659277527004,318.96362574015023,IPCC AR5 GWP100,IPCC AR5 GWP100; CH4=28 and N2O=265,egrid2023_data_rev2.xlsx,"ST23!STCO2AN, STCH4AN, STN2OAN, STNGENAN; reported comparison from STC2ERTA",Air-cooled,20.190861432726695,3.5104211643502636,23.701282597076958,14.811102099526032,25.947431693624146
2023,DE,4772059.259,319.40645322612716,319.40659277527004,318.96362574015023,IPCC AR5 GWP100,IPCC AR5 GWP100; CH4=28 and N2O=265,egrid2023_data_rev2.xlsx,"ST23!STCO2AN, STCH4AN, STN2OAN, STNGENAN; reported comparison from STC2ERTA",Cold plate,17.144674947006624,2.9474308328855217,20.092105779892147,14.669596433417459,6.768446388050142
2023,DE,4772059.259,319.40645322612716,319.40659277527004,318.96362574015023,IPCC AR5 GWP100,IPCC AR5 GWP100; CH4=28 and N2O=265,egrid2023_data_rev2.xlsx,"ST23!STCO2AN, STCH4AN, STN2OAN, STNGENAN; reported comparison from STC2ERTA",One-phase,16.807096512775654,3.049789121460012,19.856885634235667,15.358849205445425,5.518498284748463
2023,DE,4772059.259,319.40645322612716,319.40659277527004,318.96362574015023,IPCC AR5 GWP100,IPCC AR5 GWP100; CH4=28 and N2O=265,egrid2023_data_rev2.xlsx,"ST23!STCO2AN, STCH4AN, STN2OAN, STNGENAN; reported comparison from STC2ERTA",Two-phase,15.99906302658452,2.819329915902762,18.818392942487282,14.981778329951924,0.0
2023,FL,258099011.95,357.94455534704406,357.94470771521003,356.81601239129026,IPCC AR5 GWP100,IPCC AR5 GWP100; CH4=28 and N2O=265,egrid2023_data_rev2.xlsx,"ST23!STCO2AN, STCH4AN, STN2OAN, STNGENAN; reported comparison from STC2ERTA",Air-cooled,22.62541833968386,3.5104211643502636,26.135839504034124,13.431445979794995,25.970941220704358
2023,FL,258099011.95,357.94455534704406,357.94470771521003,356.81601239129026,IPCC AR5 GWP100,IPCC AR5 GWP100; CH4=28 and N2O=265,egrid2023_data_rev2.xlsx,"ST23!STCO2AN, STCH4AN, STN2OAN, STNGENAN; reported comparison from STC2ERTA",Cold plate,19.211931311914164,2.9474308328855217,22.159362144799687,13.30106351268427,6.80489929546737
2023,FL,258099011.95,357.94455534704406,357.94470771521003,356.81601239129026,IPCC AR5 GWP100,IPCC AR5 GWP100; CH4=28 and N2O=265,egrid2023_data_rev2.xlsx,"ST23!STCO2AN, STCH4AN, STN2OAN, STNGENAN; reported comparison from STC2ERTA",One-phase,18.833648625839604,3.049789121460012,21.883437747299617,13.936517455244669,5.474983872108785
2023,FL,258099011.95,357.94455534704406,357.94470771521003,356.81601239129026,IPCC AR5 GWP100,IPCC AR5 GWP100; CH4=28 and N2O=265,egrid2023_data_rev2.xlsx,"ST23!STCO2AN, STCH4AN, STN2OAN, STNGENAN; reported comparison from STC2ERTA",Two-phase,17.928184749597317,2.819329915902762,20.74751466550008,13.588759720656435,0.0
2023,GA,129220273.258,325.4274995098813,325.42757789465,323.7884682077497,IPCC AR5 GWP100,IPCC AR5 GWP100; CH4=28 and N2O=265,egrid2023_data_rev2.xlsx,"ST23!STCO2AN, STCH4AN, STN2OAN, STNGENAN; reported comparison from STC2ERTA",Air-cooled,20.571227330643246,3.5104211643502636,24.08164849499351,14.577163042140025,25.951417429005595
2023,GA,129220273.258,325.4274995098813,325.42757789465,323.7884682077497,IPCC AR5 GWP100,IPCC AR5 GWP100; CH4=28 and N2O=265,egrid2023_data_rev2.xlsx,"ST23!STCO2AN, STCH4AN, STN2OAN, STNGENAN; reported comparison from STC2ERTA",Cold plate,17.467655207280984,2.9474308328855217,20.415086040166507,14.437513645969831,6.774626505683079
2023,GA,129220273.258,325.4274995098813,325.42757789465,323.7884682077497,IPCC AR5 GWP100,IPCC AR5 GWP100; CH4=28 and N2O=265,egrid2023_data_rev2.xlsx,"ST23!STCO2AN, STCH4AN, STN2OAN, STNGENAN; reported comparison from STC2ERTA",One-phase,17.123717295784452,3.049789121460012,20.173506417244464,15.117793894536,5.511120980497708
2023,GA,129220273.258,325.4274995098813,325.42757789465,323.7884682077497,IPCC AR5 GWP100,IPCC AR5 GWP100; CH4=28 and N2O=265,egrid2023_data_rev2.xlsx,"ST23!STCO2AN, STCH4AN, STN2OAN, STNGENAN; reported comparison from STC2ERTA",Two-phase,16.30046165656405,2.819329915902762,19.119791572466813,14.745610093170148,0.0
2023,HI,9158617.733,632.6161474753626,632.6162065916001,628.2849076716288,IPCC AR5 GWP100,IPCC AR5 GWP100; CH4=28 and N2O=265,egrid2023_data_rev2.xlsx,"ST23!STCO2AN, STCH4AN, STN2OAN, STNGENAN; reported comparison from STC2ERTA",Air-cooled,39.9771711494823,3.5104211643502636,43.487592313832565,8.07223618869713,26.062346203096332
2023,HI,9158617.733,632.6161474753626,632.6162065916001,628.2849076716288,IPCC AR5 GWP100,IPCC AR5 GWP100; CH4=28 and N2O=265,egrid2023_data_rev2.xlsx,"ST23!STCO2AN, STCH4AN, STN2OAN, STNGENAN; reported comparison from STC2ERTA",Cold plate,33.945832719538664,2.9474308328855217,36.89326355242419,7.989075915437281,6.9466281081840275
2023,HI,9158617.733,632.6161474753626,632.6162065916001,628.2849076716288,IPCC AR5 GWP100,IPCC AR5 GWP100; CH4=28 and N2O=265,egrid2023_data_rev2.xlsx,"ST23!STCO2AN, STCH4AN, STN2OAN, STNGENAN; reported comparison from STC2ERTA",One-phase,33.277439699924784,3.049789121460012,36.32722882138479,8.39532554617733,5.3057999447778
2023,HI,9158617.733,632.6161474753626,632.6162065916001,628.2849076716288,IPCC AR5 GWP100,IPCC AR5 GWP100; CH4=28 and N2O=265,egrid2023_data_rev2.xlsx,"ST23!STCO2AN, STCH4AN, STN2OAN, STNGENAN; reported comparison from STC2ERTA",Two-phase,31.67756279127456,2.819329915902762,34.496892707177324,8.172706857496705,0.0
2023,IA,69819809.048,287.6484249519214,287.64832298972,285.848053121799,IPCC AR5 GWP100,IPCC AR5 GWP100; CH4=28 and N2O=265,egrid2023_data_rev2.xlsx,"ST23!STCO2AN, STCH4AN, STN2OAN, STNGENAN; reported comparison from STC2ERTA",Air-cooled,18.184620262787394,3.5104211643502636,21.695041427137657,16.180753450690286,25.924101327333737
2023,IA,69819809.048,287.6484249519214,287.64832298972,285.848053121799,IPCC AR5 GWP100,IPCC AR5 GWP100; CH4=28 and N2O=265,egrid2023_data_rev2.xlsx,"ST23!STCO2AN, STCH4AN, STN2OAN, STNGENAN; reported comparison from STC2ERTA",Cold plate,15.441114510097297,2.9474308328855217,18.38854534298282,16.02862422181904,6.732271279997448
2023,IA,69819809.048,287.6484249519214,287.64832298972,285.848053121799,IPCC AR5 GWP100,IPCC AR5 GWP100; CH4=28 and N2O=265,egrid2023_data_rev2.xlsx,"ST23!STCO2AN, STCH4AN, STN2OAN, STNGENAN; reported comparison from STC2ERTA",One-phase,15.137079159458594,3.049789121460012,18.186868280918606,16.769182436207586,5.5616810838890585
2023,IA,69819809.048,287.6484249519214,287.64832298972,285.848053121799,IPCC AR5 GWP100,IPCC AR5 GWP100; CH4=28 and N2O=265,egrid2023_data_rev2.xlsx,"ST23!STCO2AN, STCH4AN, STN2OAN, STNGENAN; reported comparison from STC2ERTA",Two-phase,14.40933496910001,2.819329915902762,17.22866488500277,16.364181059421124,0.0
2023,ID,17842445.937,142.3736047555775,142.3735730956,142.10707960286683,IPCC AR5 GWP100,IPCC AR5 GWP100; CH4=28 and N2O=265,egrid2023_data_rev2.xlsx,"ST23!STCO2AN, STCH4AN, STN2OAN, STNGENAN; reported comparison from STC2ERTA",Air-cooled,9.007214073809385,3.5104211643502636,12.517635238159649,28.04380458098704,25.722389557301504
2023,ID,17842445.937,142.3736047555775,142.3735730956,142.10707960286683,IPCC AR5 GWP100,IPCC AR5 GWP100; CH4=28 and N2O=265,egrid2023_data_rev2.xlsx,"ST23!STCO2AN, STCH4AN, STN2OAN, STNGENAN; reported comparison from STC2ERTA",Cold plate,7.648299602673795,2.9474308328855217,10.595730435559316,27.817155700695547,6.419505291431826
2023,ID,17842445.937,142.3736047555775,142.3735730956,142.10707960286683,IPCC AR5 GWP100,IPCC AR5 GWP100; CH4=28 and N2O=265,egrid2023_data_rev2.xlsx,"ST23!STCO2AN, STCH4AN, STN2OAN, STNGENAN; reported comparison from STC2ERTA",One-phase,7.497704679621564,3.049789121460012,10.547493801081576,28.91482260124463,5.935034795578398
2023,ID,17842445.937,142.3736047555775,142.3735730956,142.10707960286683,IPCC AR5 GWP100,IPCC AR5 GWP100; CH4=28 and N2O=265,egrid2023_data_rev2.xlsx,"ST23!STCO2AN, STCH4AN, STN2OAN, STNGENAN; reported comparison from STC2ERTA",Two-phase,7.137238108485914,2.819329915902762,9.956568024388675,28.316282367546684,0.0
2023,IL,177690286.567,215.2004741174664,215.20054965332,213.9617723005444,IPCC AR5 GWP100,IPCC AR5 GWP100; CH4=28 and N2O=265,egrid2023_data_rev2.xlsx,"ST23!STCO2AN, STCH4AN, STN2OAN, STNGENAN; reported comparison from STC2ERTA",Air-cooled,13.607885826163841,3.5104211643502636,17.118306990514103,20.506824455803482,25.850468633099965
2023,IL,177690286.567,215.2004741174664,215.20054965332,213.9617723005444,IPCC AR5 GWP100,IPCC AR5 GWP100; CH4=28 and N2O=265,egrid2023_data_rev2.xlsx,"ST23!STCO2AN, STCH4AN, STN2OAN, STNGENAN; reported comparison from STC2ERTA",Cold plate,11.5548700080426,2.9474308328855217,14.502300840928122,20.32388422509715,6.618099447589776
2023,IL,177690286.567,215.2004741174664,215.20054965332,213.9617723005444,IPCC AR5 GWP100,IPCC AR5 GWP100; CH4=28 and N2O=265,egrid2023_data_rev2.xlsx,"ST23!STCO2AN, STCH4AN, STN2OAN, STNGENAN; reported comparison from STC2ERTA",One-phase,11.327354762806737,3.049789121460012,14.377143884266749,21.212760656846932,5.697969807593561
2023,IL,177690286.567,215.2004741174664,215.20054965332,213.9617723005444,IPCC AR5 GWP100,IPCC AR5 GWP100; CH4=28 and N2O=265,egrid2023_data_rev2.xlsx,"ST23!STCO2AN, STCH4AN, STN2OAN, STNGENAN; reported comparison from STC2ERTA",Two-phase,10.782770399210259,2.819329915902762,13.60210031511302,20.727166030162717,0.0
2023,IN,90031870.696,664.740405019609,664.74052541974,660.9703426556702,IPCC AR5 GWP100,IPCC AR5 GWP100; CH4=28 and N2O=265,egrid2023_data_rev2.xlsx,"ST23!STCO2AN, STCH4AN, STN2OAN, STNGENAN; reported comparison from STC2ERTA",Air-cooled,42.00654802019145,3.5104211643502636,45.516969184541715,7.7123350417243035,26.068489316268195
2023,IN,90031870.696,664.740405019609,664.74052541974,660.9703426556702,IPCC AR5 GWP100,IPCC AR5 GWP100; CH4=28 and N2O=265,egrid2023_data_rev2.xlsx,"ST23!STCO2AN, STCH4AN, STN2OAN, STNGENAN; reported comparison from STC2ERTA",Cold plate,35.6690383841017,2.9474308328855217,38.61646921698722,7.632574631108324,6.956153367239382
2023,IN,90031870.696,664.740405019609,664.74052541974,660.9703426556702,IPCC AR5 GWP100,IPCC AR5 GWP100; CH4=28 and N2O=265,egrid2023_data_rev2.xlsx,"ST23!STCO2AN, STCH4AN, STN2OAN, STNGENAN; reported comparison from STC2ERTA",One-phase,34.966715466609955,3.049789121460012,38.016504588069964,8.022276520438105,5.294429492256936
2023,IN,90031870.696,664.740405019609,664.74052541974,660.9703426556702,IPCC AR5 GWP100,IPCC AR5 GWP100; CH4=28 and N2O=265,egrid2023_data_rev2.xlsx,"ST23!STCO2AN, STCH4AN, STN2OAN, STNGENAN; reported comparison from STC2ERTA",Two-phase,33.2856233768691,2.819329915902762,36.10495329277186,7.808706725199354,0.0
2023,KS,58456598.044,332.6121161818401,332.61202744308,330.28767826718337,IPCC AR5 GWP100,IPCC AR5 GWP100; CH4=28 and N2O=265,egrid2023_data_rev2.xlsx,"ST23!STCO2AN, STCH4AN, STN2OAN, STNGENAN; reported comparison from STC2ERTA",Air-cooled,21.025099140097595,3.5104211643502636,24.535520304447857,14.307506508080394,25.956012013686358
2023,KS,58456598.044,332.6121161818401,332.61202744308,330.28767826718337,IPCC AR5 GWP100,IPCC AR5 GWP100; CH4=28 and N2O=265,egrid2023_data_rev2.xlsx,"ST23!STCO2AN, STCH4AN, STN2OAN, STNGENAN; reported comparison from STC2ERTA",Cold plate,17.853051574178522,2.9474308328855217,20.800482407064045,14.170011902630419,6.781750680040832
2023,KS,58456598.044,332.6121161818401,332.61202744308,330.28767826718337,IPCC AR5 GWP100,IPCC AR5 GWP100; CH4=28 and N2O=265,egrid2023_data_rev2.xlsx,"ST23!STCO2AN, STCH4AN, STN2OAN, STNGENAN; reported comparison from STC2ERTA",One-phase,17.501525213061473,3.049789121460012,20.551314334521486,14.839873848540513,5.502616740789978
2023,KS,58456598.044,332.6121161818401,332.61202744308,330.28767826718337,IPCC AR5 GWP100,IPCC AR5 GWP100; CH4=28 and N2O=265,egrid2023_data_rev2.xlsx,"ST23!STCO2AN, STCH4AN, STN2OAN, STNGENAN; reported comparison from STC2ERTA",Two-phase,16.660105731664288,2.819329915902762,19.47943564756705,14.47336548610376,0.0
2023,KY,62417958.511,792.4276370737498,792.42768475948,786.9867272081474,IPCC AR5 GWP100,IPCC AR5 GWP100; CH4=28 and N2O=265,egrid2023_data_rev2.xlsx,"ST23!STCO2AN, STCH4AN, STN2OAN, STNGENAN; reported comparison from STC2ERTA",Air-cooled,50.07289834933565,3.5104211643502636,53.583319513685915,6.55133201192146,26.088310431125716
2023,KY,62417958.511,792.4276370737498,792.42768475948,786.9867272081474,IPCC AR5 GWP100,IPCC AR5 GWP100; CH4=28 and N2O=265,egrid2023_data_rev2.xlsx,"ST23!STCO2AN, STCH4AN, STN2OAN, STNGENAN; reported comparison from STC2ERTA",Cold plate,42.51842194619675,2.9474308328855217,45.465852779082276,6.482735179755744,6.986887174105982
2023,KY,62417958.511,792.4276370737498,792.42768475948,786.9867272081474,IPCC AR5 GWP100,IPCC AR5 GWP100; CH4=28 and N2O=265,egrid2023_data_rev2.xlsx,"ST23!STCO2AN, STCH4AN, STN2OAN, STNGENAN; reported comparison from STC2ERTA",One-phase,41.68123475245093,3.049789121460012,44.73102387391094,6.818062403527454,5.257742060478932
2023,KY,62417958.511,792.4276370737498,792.42768475948,786.9867272081474,IPCC AR5 GWP100,IPCC AR5 GWP100; CH4=28 and N2O=265,egrid2023_data_rev2.xlsx,"ST23!STCO2AN, STCH4AN, STN2OAN, STNGENAN; reported comparison from STC2ERTA",Two-phase,39.677329235506186,2.819329915902762,42.49665915140895,6.634238954779787,0.0
2023,LA,97434806.41,346.12176904811423,346.12182259116,345.366998819146,IPCC AR5 GWP100,IPCC AR5 GWP100; CH4=28 and N2O=265,egrid2023_data_rev2.xlsx,"ST23!STCO2AN, STCH4AN, STN2OAN, STNGENAN; reported comparison from STC2ERTA",Air-cooled,21.878540718330633,3.5104211643502636,25.388961882680896,13.82656439665184,25.964207452588628
2023,LA,97434806.41,346.12176904811423,346.12182259116,345.366998819146,IPCC AR5 GWP100,IPCC AR5 GWP100; CH4=28 and N2O=265,egrid2023_data_rev2.xlsx,"ST23!STCO2AN, STCH4AN, STN2OAN, STNGENAN; reported comparison from STC2ERTA",Cold plate,18.5777347925651,2.9474308328855217,21.525165625450622,13.692953095796762,6.7944581911076884
2023,LA,97434806.41,346.12176904811423,346.12182259116,345.366998819146,IPCC AR5 GWP100,IPCC AR5 GWP100; CH4=28 and N2O=265,egrid2023_data_rev2.xlsx,"ST23!STCO2AN, STCH4AN, STN2OAN, STNGENAN; reported comparison from STC2ERTA",One-phase,18.21193942798589,3.049789121460012,21.261728549445902,14.344031880415912,5.487447583667371
2023,LA,97434806.41,346.12176904811423,346.12182259116,345.366998819146,IPCC AR5 GWP100,IPCC AR5 GWP100; CH4=28 and N2O=265,egrid2023_data_rev2.xlsx,"ST23!STCO2AN, STCH4AN, STN2OAN, STNGENAN; reported comparison from STC2ERTA",Two-phase,17.336365417025036,2.819329915902762,20.1556953329278,13.987758146437653,0.0
2023,MA,19663313.081,376.52751450250565,376.52747992937003,373.0300521233588,IPCC AR5 GWP100,IPCC AR5 GWP100; CH4=28 and N2O=265,egrid2023_data_rev2.xlsx,"ST23!STCO2AN, STCH4AN, STN2OAN, STNGENAN; reported comparison from STC2ERTA",Air-cooled,23.79935449828563,3.5104211643502636,27.309775662635893,12.854082756721713,25.980782173361394
2023,MA,19663313.081,376.52751450250565,376.52747992937003,373.0300521233588,IPCC AR5 GWP100,IPCC AR5 GWP100; CH4=28 and N2O=265,egrid2023_data_rev2.xlsx,"ST23!STCO2AN, STCH4AN, STN2OAN, STNGENAN; reported comparison from STC2ERTA",Cold plate,20.20875623267471,2.9474308328855217,23.156187065560232,12.728480835556821,6.820158272599497
2023,MA,19663313.081,376.52751450250565,376.52747992937003,373.0300521233588,IPCC AR5 GWP100,IPCC AR5 GWP100; CH4=28 and N2O=265,egrid2023_data_rev2.xlsx,"ST23!STCO2AN, STCH4AN, STN2OAN, STNGENAN; reported comparison from STC2ERTA",One-phase,19.810846076438548,3.049789121460012,22.86063519789856,13.340789068452308,5.456768989553984
2023,MA,19663313.081,376.52751450250565,376.52747992937003,373.0300521233588,IPCC AR5 GWP100,IPCC AR5 GWP100; CH4=28 and N2O=265,egrid2023_data_rev2.xlsx,"ST23!STCO2AN, STCH4AN, STN2OAN, STNGENAN; reported comparison from STC2ERTA",Two-phase,18.85840155353285,2.819329915902762,21.677731469435614,13.005650152451878,0.0
2023,MD,35987133.297,236.8693146507776,236.86911076059002,235.87811164417764,IPCC AR5 GWP100,IPCC AR5 GWP100; CH4=28 and N2O=265,egrid2023_data_rev2.xlsx,"ST23!STCO2AN, STCH4AN, STN2OAN, STNGENAN; reported comparison from STC2ERTA",Air-cooled,14.976765518801674,3.5104211643502636,18.487186683151936,18.988401126221337,25.876303429101434
2023,MD,35987133.297,236.8693146507776,236.86911076059002,235.87811164417764,IPCC AR5 GWP100,IPCC AR5 GWP100; CH4=28 and N2O=265,egrid2023_data_rev2.xlsx,"ST23!STCO2AN, STCH4AN, STN2OAN, STNGENAN; reported comparison from STC2ERTA",Cold plate,12.717227416617249,2.9474308328855217,15.66465824950277,18.815800421174714,6.658157821523547
2023,MD,35987133.297,236.8693146507776,236.86911076059002,235.87811164417764,IPCC AR5 GWP100,IPCC AR5 GWP100; CH4=28 and N2O=265,egrid2023_data_rev2.xlsx,"ST23!STCO2AN, STCH4AN, STN2OAN, STNGENAN; reported comparison from STC2ERTA",One-phase,12.466825368615146,3.049789121460012,15.516614490075158,19.654990612873306,5.650151492497946
2023,MD,35987133.297,236.8693146507776,236.86911076059002,235.87811164417764,IPCC AR5 GWP100,IPCC AR5 GWP100; CH4=28 and N2O=265,egrid2023_data_rev2.xlsx,"ST23!STCO2AN, STCH4AN, STN2OAN, STNGENAN; reported comparison from STC2ERTA",Two-phase,11.867458764354804,2.819329915902762,14.686788680257566,19.196367410750533,0.0
2023,ME,12512180.99,143.71377092109228,143.71393854895,141.44076709567338,IPCC AR5 GWP100,IPCC AR5 GWP100; CH4=28 and N2O=265,egrid2023_data_rev2.xlsx,"ST23!STCO2AN, STCH4AN, STN2OAN, STNGENAN; reported comparison from STC2ERTA",Air-cooled,9.0918760217301,3.5104211643502636,12.602297186080364,27.855406935075575,25.725587900949165
2023,ME,12512180.99,143.71377092109228,143.71393854895,141.44076709567338,IPCC AR5 GWP100,IPCC AR5 GWP100; CH4=28 and N2O=265,egrid2023_data_rev2.xlsx,"ST23!STCO2AN, STCH4AN, STN2OAN, STNGENAN; reported comparison from STC2ERTA",Cold plate,7.720188639321255,2.9474308328855217,10.667619472206777,27.6296960213542,6.424464511771699
2023,ME,12512180.99,143.71377092109228,143.71393854895,141.44076709567338,IPCC AR5 GWP100,IPCC AR5 GWP100; CH4=28 and N2O=265,egrid2023_data_rev2.xlsx,"ST23!STCO2AN, STCH4AN, STN2OAN, STNGENAN; reported comparison from STC2ERTA",One-phase,7.568178222040943,3.049789121460012,10.617967343500954,28.722909223550463,5.929114895753429
2023,ME,12512180.99,143.71377092109228,143.71393854895,141.44076709567338,IPCC AR5 GWP100,IPCC AR5 GWP100; CH4=28 and N2O=265,egrid2023_data_rev2.xlsx,"ST23!STCO2AN, STCH4AN, STN2OAN, STNGENAN; reported comparison from STC2ERTA",Two-phase,7.204323499827437,2.819329915902762,10.023653415730198,28.126769741243898,0.0
2023,MI,120648501.215,361.70897606538057,361.70907079384,359.7763209944085,IPCC AR5 GWP100,IPCC AR5 GWP100; CH4=28 and N2O=265,egrid2023_data_rev2.xlsx,"ST23!STCO2AN, STCH4AN, STN2OAN, STNGENAN; reported comparison from STC2ERTA",Air-cooled,22.863227052519893,3.5104211643502636,26.373648216870155,13.310335890901849,25.973005372058623
2023,MI,120648501.215,361.70897606538057,361.70907079384,359.7763209944085,IPCC AR5 GWP100,IPCC AR5 GWP100; CH4=28 and N2O=265,egrid2023_data_rev2.xlsx,"ST23!STCO2AN, STCH4AN, STN2OAN, STNGENAN; reported comparison from STC2ERTA",Cold plate,19.413861927639715,2.9474308328855217,22.361292760525238,13.180950066038536,6.808099883805685
2023,MI,120648501.215,361.70897606538057,361.70907079384,359.7763209944085,IPCC AR5 GWP100,IPCC AR5 GWP100; CH4=28 and N2O=265,egrid2023_data_rev2.xlsx,"ST23!STCO2AN, STCH4AN, STN2OAN, STNGENAN; reported comparison from STC2ERTA",One-phase,19.031603230279398,3.049789121460012,22.08139235173941,13.811579781198768,5.471163279143454
2023,MI,120648501.215,361.70897606538057,361.70907079384,359.7763209944085,IPCC AR5 GWP100,IPCC AR5 GWP100; CH4=28 and N2O=265,egrid2023_data_rev2.xlsx,"ST23!STCO2AN, STCH4AN, STN2OAN, STNGENAN; reported comparison from STC2ERTA",Two-phase,18.11662230574674,2.819329915902762,20.935952221649504,13.466451805269893,0.0
2023,MN,57260118.977,341.25081216715995,341.25069412973,339.0806347455495,IPCC AR5 GWP100,IPCC AR5 GWP100; CH4=28 and N2O=265,egrid2023_data_rev2.xlsx,"ST23!STCO2AN, STCH4AN, STN2OAN, STNGENAN; reported comparison from STC2ERTA",Air-cooled,21.57082910137528,3.5104211643502636,25.081250265725544,13.996196868811536,25.961316728158312
2023,MN,57260118.977,341.25081216715995,341.25069412973,339.0806347455495,IPCC AR5 GWP100,IPCC AR5 GWP100; CH4=28 and N2O=265,egrid2023_data_rev2.xlsx,"ST23!STCO2AN, STCH4AN, STN2OAN, STNGENAN; reported comparison from STC2ERTA",Cold plate,18.31644749347214,2.9474308328855217,21.263878326357663,13.861210018456655,6.789975952495753
2023,MN,57260118.977,341.25081216715995,341.25069412973,339.0806347455495,IPCC AR5 GWP100,IPCC AR5 GWP100; CH4=28 and N2O=265,egrid2023_data_rev2.xlsx,"ST23!STCO2AN, STCH4AN, STN2OAN, STNGENAN; reported comparison from STC2ERTA",One-phase,17.955796872528197,3.049789121460012,21.00558599398821,14.518943305522923,5.49279810285308
2023,MN,57260118.977,341.25081216715995,341.25069412973,339.0806347455495,IPCC AR5 GWP100,IPCC AR5 GWP100; CH4=28 and N2O=265,egrid2023_data_rev2.xlsx,"ST23!STCO2AN, STCH4AN, STN2OAN, STNGENAN; reported comparison from STC2ERTA",Two-phase,17.092537407502803,2.819329915902762,19.911867323405566,14.159043298710401,0.0
2023,MO,66705178.956,659.7920708036113,659.7922862554101,655.0493897548647,IPCC AR5 GWP100,IPCC AR5 GWP100; CH4=28 and N2O=265,egrid2023_data_rev2.xlsx,"ST23!STCO2AN, STCH4AN, STN2OAN, STNGENAN; reported comparison from STC2ERTA",Air-cooled,41.69394826616902,3.5104211643502636,45.204369430519286,7.765667807281119,26.067578947360094
2023,MO,66705178.956,659.7920708036113,659.7922862554101,655.0493897548647,IPCC AR5 GWP100,IPCC AR5 GWP100; CH4=28 and N2O=265,egrid2023_data_rev2.xlsx,"ST23!STCO2AN, STCH4AN, STN2OAN, STNGENAN; reported comparison from STC2ERTA",Cold plate,35.4036004190557,2.9474308328855217,38.35103125194122,7.685401765399283,6.954741786589147
2023,MO,66705178.956,659.7920708036113,659.7922862554101,655.0493897548647,IPCC AR5 GWP100,IPCC AR5 GWP100; CH4=28 and N2O=265,egrid2023_data_rev2.xlsx,"ST23!STCO2AN, STCH4AN, STN2OAN, STNGENAN; reported comparison from STC2ERTA",One-phase,34.70650397175966,3.049789121460012,37.75629309321967,8.077565013943854,5.296114518424733
2023,MO,66705178.956,659.7920708036113,659.7922862554101,655.0493897548647,IPCC AR5 GWP100,IPCC AR5 GWP100; CH4=28 and N2O=265,egrid2023_data_rev2.xlsx,"ST23!STCO2AN, STCH4AN, STN2OAN, STNGENAN; reported comparison from STC2ERTA",Two-phase,33.03792205004045,2.819329915902762,35.85725196594321,7.862649147180959,0.0
2023,MS,72933440.201,375.6985762929853,375.69876666938,374.8190292570256,IPCC AR5 GWP100,IPCC AR5 GWP100; CH4=28 and N2O=265,egrid2023_data_rev2.xlsx,"ST23!STCO2AN, STCH4AN, STN2OAN, STNGENAN; reported comparison from STC2ERTA",Air-cooled,23.746988213171317,3.5104211643502636,27.25740937752158,12.878777714089033,25.980361225040483
2023,MS,72933440.201,375.6985762929853,375.69876666938,374.8190292570256,IPCC AR5 GWP100,IPCC AR5 GWP100; CH4=28 and N2O=265,egrid2023_data_rev2.xlsx,"ST23!STCO2AN, STCH4AN, STN2OAN, STNGENAN; reported comparison from STC2ERTA",Cold plate,20.16429042622764,2.9474308328855217,23.111721259113164,12.752969801949833,6.81950556741675
2023,MS,72933440.201,375.6985762929853,375.69876666938,374.8190292570256,IPCC AR5 GWP100,IPCC AR5 GWP100; CH4=28 and N2O=265,egrid2023_data_rev2.xlsx,"ST23!STCO2AN, STCH4AN, STN2OAN, STNGENAN; reported comparison from STC2ERTA",One-phase,19.76725580116157,3.049789121460012,22.817044922621584,13.366275658406353,5.457548134063028
2023,MS,72933440.201,375.6985762929853,375.69876666938,374.8190292570256,IPCC AR5 GWP100,IPCC AR5 GWP100; CH4=28 and N2O=265,egrid2023_data_rev2.xlsx,"ST23!STCO2AN, STCH4AN, STN2OAN, STNGENAN; reported comparison from STC2ERTA",Two-phase,18.81690696456727,2.819329915902762,21.636236880470033,13.030592757318313,0.0
2023,MT,26895758.013,482.5866649006598,482.5864478827701,479.0692345411206,IPCC AR5 GWP100,IPCC AR5 GWP100; CH4=28 and N2O=265,egrid2023_data_rev2.xlsx,"ST23!STCO2AN, STCH4AN, STN2OAN, STNGENAN; reported comparison from STC2ERTA",Air-cooled,30.499399984119005,3.5104211643502636,34.00982114846927,10.321786606949745,26.023962435718207
2023,MT,26895758.013,482.5866649006598,482.5864478827701,479.0692345411206,IPCC AR5 GWP100,IPCC AR5 GWP100; CH4=28 and N2O=265,egrid2023_data_rev2.xlsx,"ST23!STCO2AN, STCH4AN, STN2OAN, STNGENAN; reported comparison from STC2ERTA",Cold plate,25.89796876912366,2.9474308328855217,28.845399602009184,10.218027392763949,6.887111814479541
2023,MT,26895758.013,482.5866649006598,482.5864478827701,479.0692345411206,IPCC AR5 GWP100,IPCC AR5 GWP100; CH4=28 and N2O=265,egrid2023_data_rev2.xlsx,"ST23!STCO2AN, STCH4AN, STN2OAN, STNGENAN; reported comparison from STC2ERTA",One-phase,25.388038089547276,3.049789121460012,28.43782721100729,10.724409775862007,5.376845486725856
2023,MT,26895758.013,482.5866649006598,482.5864478827701,479.0692345411206,IPCC AR5 GWP100,IPCC AR5 GWP100; CH4=28 and N2O=265,egrid2023_data_rev2.xlsx,"ST23!STCO2AN, STCH4AN, STN2OAN, STNGENAN; reported comparison from STC2ERTA",Two-phase,24.167459335242125,2.819329915902762,26.986789251144888,10.447074269063537,0.0
2023,NC,126510680.084,284.1474502846105,284.14749707806,283.02275002556416,IPCC AR5 GWP100,IPCC AR5 GWP100; CH4=28 and N2O=265,egrid2023_data_rev2.xlsx,"ST23!STCO2AN, STCH4AN, STN2OAN, STNGENAN; reported comparison from STC2ERTA",Air-cooled,17.963454154746028,3.5104211643502636,21.47387531909629,16.34740405346638,25.92126322420867
2023,NC,126510680.084,284.1474502846105,284.14749707806,283.02275002556416,IPCC AR5 GWP100,IPCC AR5 GWP100; CH4=28 and N2O=265,egrid2023_data_rev2.xlsx,"ST23!STCO2AN, STCH4AN, STN2OAN, STNGENAN; reported comparison from STC2ERTA",Cold plate,15.253315636616955,2.9474308328855217,18.200746469502477,16.194010711727092,6.727870633820876
2023,NC,126510680.084,284.1474502846105,284.14749707806,283.02275002556416,IPCC AR5 GWP100,IPCC AR5 GWP100; CH4=28 and N2O=265,egrid2023_data_rev2.xlsx,"ST23!STCO2AN, STCH4AN, STN2OAN, STNGENAN; reported comparison from STC2ERTA",One-phase,14.952978043436811,3.049789121460012,18.002767164896824,16.940668584586955,5.566934204893004
2023,NC,126510680.084,284.1474502846105,284.14749707806,283.02275002556416,IPCC AR5 GWP100,IPCC AR5 GWP100; CH4=28 and N2O=265,egrid2023_data_rev2.xlsx,"ST23!STCO2AN, STCH4AN, STN2OAN, STNGENAN; reported comparison from STC2ERTA",Two-phase,14.23408486827158,2.819329915902762,17.053414784174343,16.532348222240593,0.0
2023,ND,42068807.125,588.6959149643503,588.6957645892401,584.3921148495326,IPCC AR5 GWP100,IPCC AR5 GWP100; CH4=28 and N2O=265,egrid2023_data_rev2.xlsx,"ST23!STCO2AN, STCH4AN, STN2OAN, STNGENAN; reported comparison from STC2ERTA",Air-cooled,37.20261040231945,3.5104211643502636,40.71303156666971,8.622352670057904,26.052957482108987
2023,ND,42068807.125,588.6959149643503,588.6957645892401,584.3921148495326,IPCC AR5 GWP100,IPCC AR5 GWP100; CH4=28 and N2O=265,egrid2023_data_rev2.xlsx,"ST23!STCO2AN, STCH4AN, STN2OAN, STNGENAN; reported comparison from STC2ERTA",Cold plate,31.589868745969515,2.9474308328855217,34.537299578855034,8.534051210796004,6.932070342910812
2023,ND,42068807.125,588.6959149643503,588.6957645892401,584.3921148495326,IPCC AR5 GWP100,IPCC AR5 GWP100; CH4=28 and N2O=265,egrid2023_data_rev2.xlsx,"ST23!STCO2AN, STCH4AN, STN2OAN, STNGENAN; reported comparison from STC2ERTA",One-phase,30.967864627385275,3.049789121460012,34.017653748845284,8.965312963606538,5.323177779636312
2023,ND,42068807.125,588.6959149643503,588.6957645892401,584.3921148495326,IPCC AR5 GWP100,IPCC AR5 GWP100; CH4=28 and N2O=265,egrid2023_data_rev2.xlsx,"ST23!STCO2AN, STCH4AN, STN2OAN, STNGENAN; reported comparison from STC2ERTA",Two-phase,29.47902498183791,2.819329915902762,32.29835489774067,8.72902017712357,0.0
2023,NE,39445955.006,465.30509326119716,465.30503217814,461.8270178349173,IPCC AR5 GWP100,IPCC AR5 GWP100; CH4=28 and N2O=265,egrid2023_data_rev2.xlsx,"ST23!STCO2AN, STCH4AN, STN2OAN, STNGENAN; reported comparison from STC2ERTA",Air-cooled,29.407676020496694,3.5104211643502636,32.91809718484696,10.664107176784812,26.018123516235512
2023,NE,39445955.006,465.30509326119716,465.30503217814,461.8270178349173,IPCC AR5 GWP100,IPCC AR5 GWP100; CH4=28 and N2O=265,egrid2023_data_rev2.xlsx,"ST23!STCO2AN, STCH4AN, STN2OAN, STNGENAN; reported comparison from STC2ERTA",Cold plate,24.970952725230454,2.9474308328855217,27.918383558115977,10.557311911522516,6.878058225668804
2023,NE,39445955.006,465.30509326119716,465.30503217814,461.8270178349173,IPCC AR5 GWP100,IPCC AR5 GWP100; CH4=28 and N2O=265,egrid2023_data_rev2.xlsx,"ST23!STCO2AN, STCH4AN, STN2OAN, STNGENAN; reported comparison from STC2ERTA",One-phase,24.47927497990752,3.049789121460012,27.52906410136753,11.078433724554081,5.3876528990090655
2023,NE,39445955.006,465.30509326119716,465.30503217814,461.8270178349173,IPCC AR5 GWP100,IPCC AR5 GWP100; CH4=28 and N2O=265,egrid2023_data_rev2.xlsx,"ST23!STCO2AN, STCH4AN, STN2OAN, STNGENAN; reported comparison from STC2ERTA",Two-phase,23.302386759719663,2.819329915902762,26.121716675622427,10.793049901401945,0.0
2023,NH,16824998.889,125.29213065101831,125.29219162614,123.76447055584076,IPCC AR5 GWP100,IPCC AR5 GWP100; CH4=28 and N2O=265,egrid2023_data_rev2.xlsx,"ST23!STCO2AN, STCH4AN, STN2OAN, STNGENAN; reported comparison from STC2ERTA",Air-cooled,7.928130816627046,3.5104211643502636,11.43855198097731,30.68938419992504,25.677493900842265
2023,NH,16824998.889,125.29213065101831,125.29219162614,123.76447055584076,IPCC AR5 GWP100,IPCC AR5 GWP100; CH4=28 and N2O=265,egrid2023_data_rev2.xlsx,"ST23!STCO2AN, STCH4AN, STN2OAN, STNGENAN; reported comparison from STC2ERTA",Cold plate,6.732017167335923,2.9474308328855217,9.679448000221445,30.45040205617191,6.34989192988864
2023,NH,16824998.889,125.29213065101831,125.29219162614,123.76447055584076,IPCC AR5 GWP100,IPCC AR5 GWP100; CH4=28 and N2O=265,egrid2023_data_rev2.xlsx,"ST23!STCO2AN, STCH4AN, STN2OAN, STNGENAN; reported comparison from STC2ERTA",One-phase,6.599463833919587,3.049789121460012,9.649252955379598,31.606479129140354,6.018133367243839
2023,NH,16824998.889,125.29213065101831,125.29219162614,123.76447055584076,IPCC AR5 GWP100,IPCC AR5 GWP100; CH4=28 and N2O=265,egrid2023_data_rev2.xlsx,"ST23!STCO2AN, STCH4AN, STN2OAN, STNGENAN; reported comparison from STC2ERTA",Two-phase,6.2821819188273,2.819329915902762,9.101511834730061,30.976501125281228,0.0
2023,NJ,64195046.033,213.2645617812463,213.26461741816001,212.42169675979451,IPCC AR5 GWP100,IPCC AR5 GWP100; CH4=28 and N2O=265,egrid2023_data_rev2.xlsx,"ST23!STCO2AN, STCH4AN, STN2OAN, STNGENAN; reported comparison from STC2ERTA",Air-cooled,13.48558896954593,3.5104211643502636,16.996010133896192,20.654383803579957,25.84795859051181
2023,NJ,64195046.033,213.2645617812463,213.26461741816001,212.42169675979451,IPCC AR5 GWP100,IPCC AR5 GWP100; CH4=28 and N2O=265,egrid2023_data_rev2.xlsx,"ST23!STCO2AN, STCH4AN, STN2OAN, STNGENAN; reported comparison from STC2ERTA",Cold plate,11.451024025010089,2.9474308328855217,14.39845485789561,20.47046618526052,6.614207478611989
2023,NJ,64195046.033,213.2645617812463,213.26461741816001,212.42169675979451,IPCC AR5 GWP100,IPCC AR5 GWP100; CH4=28 and N2O=265,egrid2023_data_rev2.xlsx,"ST23!STCO2AN, STCH4AN, STN2OAN, STNGENAN; reported comparison from STC2ERTA",One-phase,11.22555350587499,3.049789121460012,14.275342627335002,21.364034482928293,5.702615712572889
2023,NJ,64195046.033,213.2645617812463,213.26461741816001,212.42169675979451,IPCC AR5 GWP100,IPCC AR5 GWP100; CH4=28 and N2O=265,egrid2023_data_rev2.xlsx,"ST23!STCO2AN, STCH4AN, STN2OAN, STNGENAN; reported comparison from STC2ERTA",Two-phase,10.685863433477154,2.819329915902762,13.505193349379915,20.875894501963646,0.0
2023,NM,39258858.763,350.9159352142669,350.91584034969,349.36313089162246,IPCC AR5 GWP100,IPCC AR5 GWP100; CH4=28 and N2O=265,egrid2023_data_rev2.xlsx,"ST23!STCO2AN, STCH4AN, STN2OAN, STNGENAN; reported comparison from STC2ERTA",Air-cooled,22.181401256617814,3.5104211643502636,25.691822420968077,13.663573984091043,25.96698511398914
2023,NM,39258858.763,350.9159352142669,350.91584034969,349.36313089162246,IPCC AR5 GWP100,IPCC AR5 GWP100; CH4=28 and N2O=265,egrid2023_data_rev2.xlsx,"ST23!STCO2AN, STCH4AN, STN2OAN, STNGENAN; reported comparison from STC2ERTA",Cold plate,18.834902893119384,2.9474308328855217,21.782333726004907,13.531290402399454,6.798765118827821
2023,NM,39258858.763,350.9159352142669,350.91584034969,349.36313089162246,IPCC AR5 GWP100,IPCC AR5 GWP100; CH4=28 and N2O=265,egrid2023_data_rev2.xlsx,"ST23!STCO2AN, STCH4AN, STN2OAN, STNGENAN; reported comparison from STC2ERTA",One-phase,18.46404389187237,3.049789121460012,21.513833013332384,14.175944935381901,5.482306335868459
2023,NM,39258858.763,350.9159352142669,350.91584034969,349.36313089162246,IPCC AR5 GWP100,IPCC AR5 GWP100; CH4=28 and N2O=265,egrid2023_data_rev2.xlsx,"ST23!STCO2AN, STCH4AN, STN2OAN, STNGENAN; reported comparison from STC2ERTA",Two-phase,17.576349473993897,2.819329915902762,20.39567938989666,13.823172359236848,0.0
2023,NV,42162355.474,292.0497350515941,292.04952975583,291.37397291695663,IPCC AR5 GWP100,IPCC AR5 GWP100; CH4=28 and N2O=265,egrid2023_data_rev2.xlsx,"ST23!STCO2AN, STCH4AN, STN2OAN, STNGENAN; reported comparison from STC2ERTA",Air-cooled,18.462663013029697,3.5104211643502636,21.97308417737996,15.976005625846746,25.927588411214785
2023,NV,42162355.474,292.0497350515941,292.04952975583,291.37397291695663,IPCC AR5 GWP100,IPCC AR5 GWP100; CH4=28 and N2O=265,egrid2023_data_rev2.xlsx,"ST23!STCO2AN, STCH4AN, STN2OAN, STNGENAN; reported comparison from STC2ERTA",Cold plate,15.677209071498694,2.9474308328855217,18.624639904384217,15.825437957550523,6.737678209087883
2023,NV,42162355.474,292.0497350515941,292.04952975583,291.37397291695663,IPCC AR5 GWP100,IPCC AR5 GWP100; CH4=28 and N2O=265,egrid2023_data_rev2.xlsx,"ST23!STCO2AN, STCH4AN, STN2OAN, STNGENAN; reported comparison from STC2ERTA",One-phase,15.368525021913253,3.049789121460012,18.418314143373266,16.558459681595217,5.5552267470411865
2023,NV,42162355.474,292.0497350515941,292.04952975583,291.37397291695663,IPCC AR5 GWP100,IPCC AR5 GWP100; CH4=28 and N2O=265,egrid2023_data_rev2.xlsx,"ST23!STCO2AN, STCH4AN, STN2OAN, STNGENAN; reported comparison from STC2ERTA",Two-phase,14.629653626628965,2.819329915902762,17.448983542531728,16.157559602429977,0.0
2023,NY,123473720.157,211.65363436218823,211.65345731992,210.98200217311117,IPCC AR5 GWP100,IPCC AR5 GWP100; CH4=28 and N2O=265,egrid2023_data_rev2.xlsx,"ST23!STCO2AN, STCH4AN, STN2OAN, STNGENAN; reported comparison from STC2ERTA",Air-cooled,13.383822295557438,3.5104211643502636,16.894243459907702,20.778800617387585,25.84584228933533
2023,NY,123473720.157,211.65363436218823,211.65345731992,210.98200217311117,IPCC AR5 GWP100,IPCC AR5 GWP100; CH4=28 and N2O=265,egrid2023_data_rev2.xlsx,"ST23!STCO2AN, STCH4AN, STN2OAN, STNGENAN; reported comparison from STC2ERTA",Cold plate,11.364610844879861,2.9474308328855217,14.312041677765382,20.594062672864716,6.610926028900521
2023,NY,123473720.157,211.65363436218823,211.65345731992,210.98200217311117,IPCC AR5 GWP100,IPCC AR5 GWP100; CH4=28 and N2O=265,egrid2023_data_rev2.xlsx,"ST23!STCO2AN, STCH4AN, STN2OAN, STNGENAN; reported comparison from STC2ERTA",One-phase,11.14084180017548,3.049789121460012,14.190630921635492,21.491568192434666,5.706532831039346
2023,NY,123473720.157,211.65363436218823,211.65345731992,210.98200217311117,IPCC AR5 GWP100,IPCC AR5 GWP100; CH4=28 and N2O=265,egrid2023_data_rev2.xlsx,"ST23!STCO2AN, STCH4AN, STN2OAN, STNGENAN; reported comparison from STC2ERTA",Two-phase,10.605224405936275,2.819329915902762,13.424554321839036,21.00129246984596,0.0
2023,OH,133121090.814,484.5589188675632,484.55912109990004,482.5511114256422,IPCC AR5 GWP100,IPCC AR5 GWP100; CH4=28 and N2O=265,egrid2023_data_rev2.xlsx,"ST23!STCO2AN, STCH4AN, STN2OAN, STNGENAN; reported comparison from STC2ERTA",Air-cooled,30.623992640558935,3.5104211643502636,34.1344138049092,10.284111467135832,26.02460508895539
2023,OH,133121090.814,484.5589188675632,484.55912109990004,482.5511114256422,IPCC AR5 GWP100,IPCC AR5 GWP100; CH4=28 and N2O=265,egrid2023_data_rev2.xlsx,"ST23!STCO2AN, STCH4AN, STN2OAN, STNGENAN; reported comparison from STC2ERTA",Cold plate,26.003764185657214,2.9474308328855217,28.951195018542737,10.180687985410424,6.888108286202521
2023,OH,133121090.814,484.5589188675632,484.55912109990004,482.5511114256422,IPCC AR5 GWP100,IPCC AR5 GWP100; CH4=28 and N2O=265,egrid2023_data_rev2.xlsx,"ST23!STCO2AN, STCH4AN, STN2OAN, STNGENAN; reported comparison from STC2ERTA",One-phase,25.491750395658933,3.049789121460012,28.541539517118945,10.685440144638228,5.375655982655814
2023,OH,133121090.814,484.5589188675632,484.55912109990004,482.5511114256422,IPCC AR5 GWP100,IPCC AR5 GWP100; CH4=28 and N2O=265,egrid2023_data_rev2.xlsx,"ST23!STCO2AN, STCH4AN, STN2OAN, STNGENAN; reported comparison from STC2ERTA",Two-phase,24.26618547279072,2.819329915902762,27.085515388693484,10.40899490167965,0.0
2023,OK,88878115.88,294.3061512874112,294.30615179657997,293.5679871938715,IPCC AR5 GWP100,IPCC AR5 GWP100; CH4=28 and N2O=265,egrid2023_data_rev2.xlsx,"ST23!STCO2AN, STCH4AN, STN2OAN, STNGENAN; reported comparison from STC2ERTA",Air-cooled,18.605206974189038,3.5104211643502636,22.1156281385393,15.873033957524848,25.92934220659395
2023,OK,88878115.88,294.3061512874112,294.30615179657997,293.5679871938715,IPCC AR5 GWP100,IPCC AR5 GWP100; CH4=28 and N2O=265,egrid2023_data_rev2.xlsx,"ST23!STCO2AN, STCH4AN, STN2OAN, STNGENAN; reported comparison from STC2ERTA",Cold plate,15.798247487213564,2.9474308328855217,18.745678320099085,15.723255155431165,6.740397572194046
2023,OK,88878115.88,294.3061512874112,294.30615179657997,293.5679871938715,IPCC AR5 GWP100,IPCC AR5 GWP100; CH4=28 and N2O=265,egrid2023_data_rev2.xlsx,"ST23!STCO2AN, STCH4AN, STN2OAN, STNGENAN; reported comparison from STC2ERTA",One-phase,15.487180192743917,3.049789121460012,18.53696931420393,16.45246895415161,5.55198060025337
2023,OK,88878115.88,294.3061512874112,294.30615179657997,293.5679871938715,IPCC AR5 GWP100,IPCC AR5 GWP100; CH4=28 and N2O=265,egrid2023_data_rev2.xlsx,"ST23!STCO2AN, STCH4AN, STN2OAN, STNGENAN; reported comparison from STC2ERTA",Two-phase,14.742604221938922,2.819329915902762,17.561934137841686,16.053641323183154,0.0
2023,OR,61683300.013,165.54455210628316,165.54443213231002,165.1811393282656,IPCC AR5 GWP100,IPCC AR5 GWP100; CH4=28 and N2O=265,egrid2023_data_rev2.xlsx,"ST23!STCO2AN, STCH4AN, STN2OAN, STNGENAN; reported comparison from STC2ERTA",Air-cooled,10.47098594654994,3.5104211643502636,13.981407110900204,25.10778161672629,25.772251622469568
2023,OR,61683300.013,165.54455210628316,165.54443213231002,165.1811393282656,IPCC AR5 GWP100,IPCC AR5 GWP100; CH4=28 and N2O=265,egrid2023_data_rev2.xlsx,"ST23!STCO2AN, STCH4AN, STN2OAN, STNGENAN; reported comparison from STC2ERTA",Cold plate,8.891232849396536,2.9474308328855217,11.838663682282057,24.896651446368022,6.496819362404094
2023,OR,61683300.013,165.54455210628316,165.54443213231002,165.1811393282656,IPCC AR5 GWP100,IPCC AR5 GWP100; CH4=28 and N2O=265,egrid2023_data_rev2.xlsx,"ST23!STCO2AN, STCH4AN, STN2OAN, STNGENAN; reported comparison from STC2ERTA",One-phase,8.716164586337616,3.049789121460012,11.765953707797628,25.920458274783375,5.842743765164005
2023,OR,61683300.013,165.54455210628316,165.54443213231002,165.1811393282656,IPCC AR5 GWP100,IPCC AR5 GWP100; CH4=28 and N2O=265,egrid2023_data_rev2.xlsx,"ST23!STCO2AN, STCH4AN, STN2OAN, STNGENAN; reported comparison from STC2ERTA",Two-phase,8.297118211994462,2.819329915902762,11.116448127897224,25.361787177574527,0.0
2023,PA,235912550.485,293.8693450623773,293.86934234427,292.91749904415985,IPCC AR5 GWP100,IPCC AR5 GWP100; CH4=28 and N2O=265,egrid2023_data_rev2.xlsx,"ST23!STCO2AN, STCH4AN, STN2OAN, STNGENAN; reported comparison from STC2ERTA",Air-cooled,18.577612734887335,3.5104211643502636,22.088033899237598,15.892863893474154,25.929004462807924
2023,PA,235912550.485,293.8693450623773,293.86934234427,292.91749904415985,IPCC AR5 GWP100,IPCC AR5 GWP100; CH4=28 and N2O=265,egrid2023_data_rev2.xlsx,"ST23!STCO2AN, STCH4AN, STN2OAN, STNGENAN; reported comparison from STC2ERTA",Cold plate,15.774816378797812,2.9474308328855217,18.722247211683335,15.742932990684055,6.739873880546821
2023,PA,235912550.485,293.8693450623773,293.86934234427,292.91749904415985,IPCC AR5 GWP100,IPCC AR5 GWP100; CH4=28 and N2O=265,egrid2023_data_rev2.xlsx,"ST23!STCO2AN, STCH4AN, STN2OAN, STNGENAN; reported comparison from STC2ERTA",One-phase,15.46421044255839,3.049789121460012,18.513999564018402,16.472881026675715,5.552605739262795
2023,PA,235912550.485,293.8693450623773,293.86934234427,292.91749904415985,IPCC AR5 GWP100,IPCC AR5 GWP100; CH4=28 and N2O=265,egrid2023_data_rev2.xlsx,"ST23!STCO2AN, STCH4AN, STN2OAN, STNGENAN; reported comparison from STC2ERTA",Two-phase,14.72073878666616,2.819329915902762,17.540068702568924,16.07365377930271,0.0
2023,RI,10416553.048,381.01956302652,381.01940516948,380.62560972169643,IPCC AR5 GWP100,IPCC AR5 GWP100; CH4=28 and N2O=265,egrid2023_data_rev2.xlsx,"ST23!STCO2AN, STCH4AN, STN2OAN, STNGENAN; reported comparison from STC2ERTA",Air-cooled,24.083129442007888,3.5104211643502636,27.59355060635815,12.721890033033251,25.983035568073397
2023,RI,10416553.048,381.01956302652,381.01940516948,380.62560972169643,IPCC AR5 GWP100,IPCC AR5 GWP100; CH4=28 and N2O=265,egrid2023_data_rev2.xlsx,"ST23!STCO2AN, STCH4AN, STN2OAN, STNGENAN; reported comparison from STC2ERTA",Cold plate,20.449718174018003,2.9474308328855217,23.397149006903526,12.59739309270483,6.8236522939182365
2023,RI,10416553.048,381.01956302652,381.01940516948,380.62560972169643,IPCC AR5 GWP100,IPCC AR5 GWP100; CH4=28 and N2O=265,egrid2023_data_rev2.xlsx,"ST23!STCO2AN, STCH4AN, STN2OAN, STNGENAN; reported comparison from STC2ERTA",One-phase,20.047063480185216,3.049789121460012,23.096852601645228,13.204349415308517,5.452598120994834
2023,RI,10416553.048,381.01956302652,381.01940516948,380.62560972169643,IPCC AR5 GWP100,IPCC AR5 GWP100; CH4=28 and N2O=265,egrid2023_data_rev2.xlsx,"ST23!STCO2AN, STCH4AN, STN2OAN, STNGENAN; reported comparison from STC2ERTA",Two-phase,19.083262351330163,2.819329915902762,21.902592267232926,12.872128931152053,0.0
2023,SC,100853387.4,254.1761566398344,254.17638123031003,252.7295234581406,IPCC AR5 GWP100,IPCC AR5 GWP100; CH4=28 and N2O=265,egrid2023_data_rev2.xlsx,"ST23!STCO2AN, STCH4AN, STN2OAN, STNGENAN; reported comparison from STC2ERTA",Air-cooled,16.070085879256208,3.5104211643502636,19.58050704360647,17.928142292395357,25.894349201204548
2023,SC,100853387.4,254.1761566398344,254.17638123031003,252.7295234581406,IPCC AR5 GWP100,IPCC AR5 GWP100; CH4=28 and N2O=265,egrid2023_data_rev2.xlsx,"ST23!STCO2AN, STCH4AN, STN2OAN, STNGENAN; reported comparison from STC2ERTA",Cold plate,13.645599009646686,2.9474308328855217,16.593029842532207,17.763065943089536,6.686138854808621
2023,SC,100853387.4,254.1761566398344,254.17638123031003,252.7295234581406,IPCC AR5 GWP100,IPCC AR5 GWP100; CH4=28 and N2O=265,egrid2023_data_rev2.xlsx,"ST23!STCO2AN, STCH4AN, STN2OAN, STNGENAN; reported comparison from STC2ERTA",One-phase,13.376917336645679,3.049789121460012,16.42670645810569,18.56604139873155,5.616750090121081
2023,SC,100853387.4,254.1761566398344,254.17638123031003,252.7295234581406,IPCC AR5 GWP100,IPCC AR5 GWP100; CH4=28 and N2O=265,egrid2023_data_rev2.xlsx,"ST23!STCO2AN, STCH4AN, STN2OAN, STNGENAN; reported comparison from STC2ERTA",Two-phase,12.733796310845408,2.819329915902762,15.55312622674817,18.127094674086138,0.0
2023,SD,17405995.526,152.21764504303394,152.21743470934,151.51440402143524,IPCC AR5 GWP100,IPCC AR5 GWP100; CH4=28 and N2O=265,egrid2023_data_rev2.xlsx,"ST23!STCO2AN, STCH4AN, STN2OAN, STNGENAN; reported comparison from STC2ERTA",Air-cooled,9.6290889185798,3.5104211643502636,13.139510082930064,26.716530085172337,25.744925576059032
2023,SD,17405995.526,152.21764504303394,152.21743470934,151.51440402143524,IPCC AR5 GWP100,IPCC AR5 GWP100; CH4=28 and N2O=265,egrid2023_data_rev2.xlsx,"ST23!STCO2AN, STCH4AN, STN2OAN, STNGENAN; reported comparison from STC2ERTA",Cold plate,8.176352459994066,2.9474308328855217,11.123783292879587,26.496658153815286,6.454448716815042
2023,SD,17405995.526,152.21764504303394,152.21743470934,151.51440402143524,IPCC AR5 GWP100,IPCC AR5 GWP100; CH4=28 and N2O=265,egrid2023_data_rev2.xlsx,"ST23!STCO2AN, STCH4AN, STN2OAN, STNGENAN; reported comparison from STC2ERTA",One-phase,8.015360182817808,3.049789121460012,11.06514930427782,27.562114505594188,5.893322275538115
2023,SD,17405995.526,152.21764504303394,152.21743470934,151.51440402143524,IPCC AR5 GWP100,IPCC AR5 GWP100; CH4=28 and N2O=265,egrid2023_data_rev2.xlsx,"ST23!STCO2AN, STCH4AN, STN2OAN, STNGENAN; reported comparison from STC2ERTA",Two-phase,7.6300063278746455,2.819329915902762,10.449336243777408,26.980947403062814,0.0
2023,TN,77754006.807,299.89990487277237,299.89985290342,298.1312404476648,IPCC AR5 GWP100,IPCC AR5 GWP100; CH4=28 and N2O=265,egrid2023_data_rev2.xlsx,"ST23!STCO2AN, STCH4AN, STN2OAN, STNGENAN; reported comparison from STC2ERTA",Air-cooled,18.958579628201136,3.5104211643502636,22.469000792551398,15.623396860237719,25.933594184590405
2023,TN,77754006.807,299.89990487277237,299.89985290342,298.1312404476648,IPCC AR5 GWP100,IPCC AR5 GWP100; CH4=28 and N2O=265,egrid2023_data_rev2.xlsx,"ST23!STCO2AN, STCH4AN, STN2OAN, STNGENAN; reported comparison from STC2ERTA",Cold plate,16.09830696255514,2.9474308328855217,19.04573779544066,15.475540325831346,6.746990514694162
2023,TN,77754006.807,299.89990487277237,299.89985290342,298.1312404476648,IPCC AR5 GWP100,IPCC AR5 GWP100; CH4=28 and N2O=265,egrid2023_data_rev2.xlsx,"ST23!STCO2AN, STCH4AN, STN2OAN, STNGENAN; reported comparison from STC2ERTA",One-phase,15.781331500787187,3.049789121460012,18.831120622247198,16.19547334775697,5.544110500423605
2023,TN,77754006.807,299.89990487277237,299.89985290342,298.1312404476648,IPCC AR5 GWP100,IPCC AR5 GWP100; CH4=28 and N2O=265,egrid2023_data_rev2.xlsx,"ST23!STCO2AN, STCH4AN, STN2OAN, STNGENAN; reported comparison from STC2ERTA",Two-phase,15.02261364017242,2.819329915902762,17.841943556075183,15.801697315328518,0.0
2023,TX,544038647.008,349.80073139662716,349.80091030423,348.5027136359315,IPCC AR5 GWP100,IPCC AR5 GWP100; CH4=28 and N2O=265,egrid2023_data_rev2.xlsx,"ST23!STCO2AN, STCH4AN, STN2OAN, STNGENAN; reported comparison from STC2ERTA",Air-cooled,22.110950793115975,3.5104211643502636,25.621371957466238,13.70114438125279,25.966344833305644
2023,TX,544038647.008,349.80073139662716,349.80091030423,348.5027136359315,IPCC AR5 GWP100,IPCC AR5 GWP100; CH4=28 and N2O=265,egrid2023_data_rev2.xlsx,"ST23!STCO2AN, STCH4AN, STN2OAN, STNGENAN; reported comparison from STC2ERTA",Cold plate,18.775081260415433,2.9474308328855217,21.722512093300956,13.568554227181142,6.797772325889162
2023,TX,544038647.008,349.80073139662716,349.80091030423,348.5027136359315,IPCC AR5 GWP100,IPCC AR5 GWP100; CH4=28 and N2O=265,egrid2023_data_rev2.xlsx,"ST23!STCO2AN, STCH4AN, STN2OAN, STNGENAN; reported comparison from STC2ERTA",One-phase,18.405400146364517,3.049789121460012,21.45518926782453,14.214692228484116,5.483491448515432
2023,TX,544038647.008,349.80073139662716,349.80091030423,348.5027136359315,IPCC AR5 GWP100,IPCC AR5 GWP100; CH4=28 and N2O=265,egrid2023_data_rev2.xlsx,"ST23!STCO2AN, STCH4AN, STN2OAN, STNGENAN; reported comparison from STC2ERTA",Two-phase,17.520525139327766,2.819329915902762,20.33985505523053,13.861111144829678,0.0
2023,UT,32789440.038,644.6610352492104,644.66089838458,640.9347816104034,IPCC AR5 GWP100,IPCC AR5 GWP100; CH4=28 and N2O=265,egrid2023_data_rev2.xlsx,"ST23!STCO2AN, STCH4AN, STN2OAN, STNGENAN; reported comparison from STC2ERTA",Air-cooled,40.73807952611534,3.5104211643502636,44.248500690465605,7.933423979508231,26.064715502531534
2023,UT,32789440.038,644.6610352492104,644.66089838458,640.9347816104034,IPCC AR5 GWP100,IPCC AR5 GWP100; CH4=28 and N2O=265,egrid2023_data_rev2.xlsx,"ST23!STCO2AN, STCH4AN, STN2OAN, STNGENAN; reported comparison from STC2ERTA",Cold plate,34.591943180218806,2.9474308328855217,37.53937401310433,7.85157161080157,6.950301846607632
2023,UT,32789440.038,644.6610352492104,644.66089838458,640.9347816104034,IPCC AR5 GWP100,IPCC AR5 GWP100; CH4=28 and N2O=265,egrid2023_data_rev2.xlsx,"ST23!STCO2AN, STCH4AN, STN2OAN, STNGENAN; reported comparison from STC2ERTA",One-phase,33.9108282537545,3.049789121460012,36.96061737521451,8.25145611205395,5.30141454506563
2023,UT,32789440.038,644.6610352492104,644.66089838458,640.9347816104034,IPCC AR5 GWP100,IPCC AR5 GWP100; CH4=28 and N2O=265,egrid2023_data_rev2.xlsx,"ST23!STCO2AN, STCH4AN, STN2OAN, STNGENAN; reported comparison from STC2ERTA",Two-phase,32.280499972324,2.819329915902762,35.099829888226765,8.032317891228372,0.0
2023,VA,91024103.437,244.7579415008848,244.75798925963002,243.51164747744673,IPCC AR5 GWP100,IPCC AR5 GWP100; CH4=28 and N2O=265,egrid2023_data_rev2.xlsx,"ST23!STCO2AN, STCH4AN, STN2OAN, STNGENAN; reported comparison from STC2ERTA",Air-cooled,15.47511156926565,3.5104211643502636,18.985532733615912,18.48997978410523,25.88478599433015
2023,VA,91024103.437,244.7579415008848,244.75798925963002,243.51164747744673,IPCC AR5 GWP100,IPCC AR5 GWP100; CH4=28 and N2O=265,egrid2023_data_rev2.xlsx,"ST23!STCO2AN, STCH4AN, STN2OAN, STNGENAN; reported comparison from STC2ERTA",Cold plate,13.14038821511992,2.9474308328855217,16.087819048005443,18.32088503786933,6.671310538883124
2023,VA,91024103.437,244.7579415008848,244.75798925963002,243.51164747744673,IPCC AR5 GWP100,IPCC AR5 GWP100; CH4=28 and N2O=265,egrid2023_data_rev2.xlsx,"ST23!STCO2AN, STCH4AN, STN2OAN, STNGENAN; reported comparison from STC2ERTA",One-phase,12.881654136313617,3.049789121460012,15.93144325777363,19.14320675229402,5.634450885576103
2023,VA,91024103.437,244.7579415008848,244.75798925963002,243.51164747744673,IPCC AR5 GWP100,IPCC AR5 GWP100; CH4=28 and N2O=265,egrid2023_data_rev2.xlsx,"ST23!STCO2AN, STCH4AN, STN2OAN, STNGENAN; reported comparison from STC2ERTA",Two-phase,12.262343841298541,2.819329915902762,15.081673757201303,18.693746869816543,0.0
2023,VT,2480198.747,23.695374653003146,23.69521181643,19.49567363258492,IPCC AR5 GWP100,IPCC AR5 GWP100; CH4=28 and N2O=265,egrid2023_data_rev2.xlsx,"ST23!STCO2AN, STCH4AN, STN2OAN, STNGENAN; reported comparison from STC2ERTA",Air-cooled,1.5099869427188932,3.5104211643502636,5.020408107069157,69.92302397502894,25.015440351344797
2023,VT,2480198.747,23.695374653003146,23.69521181643,19.49567363258492,IPCC AR5 GWP100,IPCC AR5 GWP100; CH4=28 and N2O=265,egrid2023_data_rev2.xlsx,"ST23!STCO2AN, STCH4AN, STN2OAN, STNGENAN; reported comparison from STC2ERTA",Cold plate,1.282175869186956,2.9474308328855217,4.229606702072478,69.68569516029235,5.323338879172557
2023,VT,2480198.747,23.695374653003146,23.69521181643,19.49567363258492,IPCC AR5 GWP100,IPCC AR5 GWP100; CH4=28 and N2O=265,egrid2023_data_rev2.xlsx,"ST23!STCO2AN, STCH4AN, STN2OAN, STNGENAN; reported comparison from STC2ERTA",One-phase,1.2569298424371496,3.049789121460012,4.306718963897161,70.81467695073954,7.2435459943922975
2023,VT,2480198.747,23.695374653003146,23.69521181643,19.49567363258492,IPCC AR5 GWP100,IPCC AR5 GWP100; CH4=28 and N2O=265,egrid2023_data_rev2.xlsx,"ST23!STCO2AN, STCH4AN, STN2OAN, STNGENAN; reported comparison from STC2ERTA",Two-phase,1.19650052308921,2.819329915902762,4.015830438991972,70.2054023130133,0.0
2023,WA,102953150.197,120.92099029838242,120.92092195645,120.25613617562851,IPCC AR5 GWP100,IPCC AR5 GWP100; CH4=28 and N2O=265,egrid2023_data_rev2.xlsx,"ST23!STCO2AN, STCH4AN, STN2OAN, STNGENAN; reported comparison from STC2ERTA",Air-cooled,7.651993971501687,3.5104211643502636,11.162415135851951,31.448580989210242,25.66461620287399
2023,WA,102953150.197,120.92099029838242,120.92092195645,120.25613617562851,IPCC AR5 GWP100,IPCC AR5 GWP100; CH4=28 and N2O=265,egrid2023_data_rev2.xlsx,"ST23!STCO2AN, STCH4AN, STN2OAN, STNGENAN; reported comparison from STC2ERTA",Cold plate,6.497540967975129,2.9474308328855217,9.444971800860651,31.20634867980171,6.329924300162082
2023,WA,102953150.197,120.92099029838242,120.92092195645,120.25613617562851,IPCC AR5 GWP100,IPCC AR5 GWP100; CH4=28 and N2O=265,egrid2023_data_rev2.xlsx,"ST23!STCO2AN, STCH4AN, STN2OAN, STNGENAN; reported comparison from STC2ERTA",One-phase,6.369604467977292,3.049789121460012,9.419393589437304,32.37776500686813,6.041969042939366
2023,WA,102953150.197,120.92099029838242,120.92092195645,120.25613617562851,IPCC AR5 GWP100,IPCC AR5 GWP100; CH4=28 and N2O=265,egrid2023_data_rev2.xlsx,"ST23!STCO2AN, STCH4AN, STN2OAN, STNGENAN; reported comparison from STC2ERTA",Two-phase,6.063373483939924,2.819329915902762,8.882703399842686,31.73954807443748,0.0
2023,WI,62538903.174,527.7871563547909,527.78738114564,524.8045879747674,IPCC AR5 GWP100,IPCC AR5 GWP100; CH4=28 and N2O=265,egrid2023_data_rev2.xlsx,"ST23!STCO2AN, STCH4AN, STN2OAN, STNGENAN; reported comparison from STC2ERTA",Air-cooled,33.35483817674828,3.5104211643502636,36.86525934109854,9.522301557327541,26.037601260737663
2023,WI,62538903.174,527.7871563547909,527.78738114564,524.8045879747674,IPCC AR5 GWP100,IPCC AR5 GWP100; CH4=28 and N2O=265,egrid2023_data_rev2.xlsx,"ST23!STCO2AN, STCH4AN, STN2OAN, STNGENAN; reported comparison from STC2ERTA",Cold plate,28.32260824312582,2.9474308328855217,31.270039076011344,9.425734408968578,6.908259616560719
2023,WI,62538903.174,527.7871563547909,527.78738114564,524.8045879747674,IPCC AR5 GWP100,IPCC AR5 GWP100; CH4=28 and N2O=265,egrid2023_data_rev2.xlsx,"ST23!STCO2AN, STCH4AN, STN2OAN, STNGENAN; reported comparison from STC2ERTA",One-phase,27.76493644277939,3.049789121460012,30.814725564239403,9.897180862773292,5.351601020608254
2023,WI,62538903.174,527.7871563547909,527.78738114564,524.8045879747674,IPCC AR5 GWP100,IPCC AR5 GWP100; CH4=28 and N2O=265,egrid2023_data_rev2.xlsx,"ST23!STCO2AN, STCH4AN, STN2OAN, STNGENAN; reported comparison from STC2ERTA",Two-phase,26.430083729184233,2.819329915902762,29.249413645086996,9.638927980275334,0.0
2023,WV,52286784.268,893.0639126032002,893.06395592953,886.4931760843995,IPCC AR5 GWP100,IPCC AR5 GWP100; CH4=28 and N2O=265,egrid2023_data_rev2.xlsx,"ST23!STCO2AN, STCH4AN, STN2OAN, STNGENAN; reported comparison from STC2ERTA",Air-cooled,56.43036605524245,3.5104211643502636,59.940787219592714,5.856481583216211,26.100176181278044
2023,WV,52286784.268,893.0639126032002,893.06395592953,886.4931760843995,IPCC AR5 GWP100,IPCC AR5 GWP100; CH4=28 and N2O=265,egrid2023_data_rev2.xlsx,"ST23!STCO2AN, STCH4AN, STN2OAN, STNGENAN; reported comparison from STC2ERTA",Cold plate,47.91674126342979,2.9474308328855217,50.864172096315315,5.794709146753297,7.005285719098531
2023,WV,52286784.268,893.0639126032002,893.06395592953,886.4931760843995,IPCC AR5 GWP100,IPCC AR5 GWP100; CH4=28 and N2O=265,egrid2023_data_rev2.xlsx,"ST23!STCO2AN, STCH4AN, STN2OAN, STNGENAN; reported comparison from STC2ERTA",One-phase,46.973261230174145,3.049789121460012,50.023050351634154,6.096767590184314,5.235779426069254
2023,WV,52286784.268,893.0639126032002,893.06395592953,886.4931760843995,IPCC AR5 GWP100,IPCC AR5 GWP100; CH4=28 and N2O=265,egrid2023_data_rev2.xlsx,"ST23!STCO2AN, STCH4AN, STN2OAN, STNGENAN; reported comparison from STC2ERTA",Two-phase,44.714931363338856,2.819329915902762,47.53426127924162,5.931153319792882,0.0
2023,WY,43176351.213,831.5539040677187,831.55410900331,825.6822607260964,IPCC AR5 GWP100,IPCC AR5 GWP100; CH4=28 and N2O=265,egrid2023_data_rev2.xlsx,"ST23!STCO2AN, STCH4AN, STN2OAN, STNGENAN; reported comparison from STC2ERTA",Air-cooled,52.54461123376222,3.5104211643502636,56.05503239811248,6.262454973567134,26.09324322552842
2023,WY,43176351.213,831.5539040677187,831.55410900331,825.6822607260964,IPCC AR5 GWP100,IPCC AR5 GWP100; CH4=28 and N2O=265,egrid2023_data_rev2.xlsx,"ST23!STCO2AN, STCH4AN, STN2OAN, STNGENAN; reported comparison from STC2ERTA",Cold plate,44.617228582407655,2.9474308328855217,47.56465941529318,6.196682303874233,6.994535762572096
2023,WY,43176351.213,831.5539040677187,831.55410900331,825.6822607260964,IPCC AR5 GWP100,IPCC AR5 GWP100; CH4=28 and N2O=265,egrid2023_data_rev2.xlsx,"ST23!STCO2AN, STCH4AN, STN2OAN, STNGENAN; reported comparison from STC2ERTA",One-phase,43.738715912372804,3.049789121460012,46.78850503383281,6.518244426178409,5.248611819348459
2023,WY,43176351.213,831.5539040677187,831.55410900331,825.6822607260964,IPCC AR5 GWP100,IPCC AR5 GWP100; CH4=28 and N2O=265,egrid2023_data_rev2.xlsx,"ST23!STCO2AN, STCH4AN, STN2OAN, STNGENAN; reported comparison from STC2ERTA",Two-phase,41.63589303197028,2.819329915902762,44.45522294787304,6.3419542833215115,0.0
