region_level,region_name,region_code,lifecycle_ar5_gwp100_kgco2e_per_mwh,nominal_index_screening_winner,active_assumption_blocks,critical_competitor,critical_equal_half_width_pct,robust_through_99_9999_pct,bound_structure,interpretation
BA,"Alcoa Power Generating, Inc. - Yadkin Division",YAD,4.7630803317316985,Two-phase,grid only,none below 100%,,True,"Shared nonnegative grid multiplier; independent technology-specific use, embodied, and service multipliers; equal relative half-width for active blocks.","Deterministic set-bounded numerical certificate, not a probability, confidence interval, or physical validation."
BA,"Alcoa Power Generating, Inc. - Yadkin Division",YAD,4.7630803317316985,Two-phase,use phase only,Cold plate,28.31073035791018,False,"Shared nonnegative grid multiplier; independent technology-specific use, embodied, and service multipliers; equal relative half-width for active blocks.","Deterministic set-bounded numerical certificate, not a probability, confidence interval, or physical validation."
BA,"Alcoa Power Generating, Inc. - Yadkin Division",YAD,4.7630803317316985,Two-phase,embodied only,Cold plate,2.5302940023313463,False,"Shared nonnegative grid multiplier; independent technology-specific use, embodied, and service multipliers; equal relative half-width for active blocks.","Deterministic set-bounded numerical certificate, not a probability, confidence interval, or physical validation."
BA,"Alcoa Power Generating, Inc. - Yadkin Division",YAD,4.7630803317316985,Two-phase,service equivalence only,Cold plate,2.3227007763914345,False,"Shared nonnegative grid multiplier; independent technology-specific use, embodied, and service multipliers; equal relative half-width for active blocks.","Deterministic set-bounded numerical certificate, not a probability, confidence interval, or physical validation."
BA,"Alcoa Power Generating, Inc. - Yadkin Division",YAD,4.7630803317316985,Two-phase,all four equal-width,Cold plate,1.1609889111337313,False,"Shared nonnegative grid multiplier; independent technology-specific use, embodied, and service multipliers; equal relative half-width for active blocks.","Deterministic set-bounded numerical certificate, not a probability, confidence interval, or physical validation."
BA,Arizona Public Service Company,AZPS,590.9597461410133,Two-phase,grid only,none below 100%,,True,"Shared nonnegative grid multiplier; independent technology-specific use, embodied, and service multipliers; equal relative half-width for active blocks.","Deterministic set-bounded numerical certificate, not a probability, confidence interval, or physical validation."
BA,Arizona Public Service Company,AZPS,590.9597461410133,Two-phase,use phase only,One-phase,2.8428531810651303,False,"Shared nonnegative grid multiplier; independent technology-specific use, embodied, and service multipliers; equal relative half-width for active blocks.","Deterministic set-bounded numerical certificate, not a probability, confidence interval, or physical validation."
BA,Arizona Public Service Company,AZPS,590.9597461410133,Two-phase,embodied only,One-phase,29.391500867196278,False,"Shared nonnegative grid multiplier; independent technology-specific use, embodied, and service multipliers; equal relative half-width for active blocks.","Deterministic set-bounded numerical certificate, not a probability, confidence interval, or physical validation."
BA,Arizona Public Service Company,AZPS,590.9597461410133,Two-phase,service equivalence only,One-phase,2.5921326548528856,False,"Shared nonnegative grid multiplier; independent technology-specific use, embodied, and service multipliers; equal relative half-width for active blocks.","Deterministic set-bounded numerical certificate, not a probability, confidence interval, or physical validation."
BA,Arizona Public Service Company,AZPS,590.9597461410133,Two-phase,all four equal-width,One-phase,1.2955305095041616,False,"Shared nonnegative grid multiplier; independent technology-specific use, embodied, and service multipliers; equal relative half-width for active blocks.","Deterministic set-bounded numerical certificate, not a probability, confidence interval, or physical validation."
BA,"Associated Electric Cooperative, Inc.",AECI,628.3855662962353,Two-phase,grid only,none below 100%,,True,"Shared nonnegative grid multiplier; independent technology-specific use, embodied, and service multipliers; equal relative half-width for active blocks.","Deterministic set-bounded numerical certificate, not a probability, confidence interval, or physical validation."
BA,"Associated Electric Cooperative, Inc.",AECI,628.3855662962353,Two-phase,use phase only,One-phase,2.8202403051789506,False,"Shared nonnegative grid multiplier; independent technology-specific use, embodied, and service multipliers; equal relative half-width for active blocks.","Deterministic set-bounded numerical certificate, not a probability, confidence interval, or physical validation."
BA,"Associated Electric Cooperative, Inc.",AECI,628.3855662962353,Two-phase,embodied only,One-phase,31.003640023155803,False,"Shared nonnegative grid multiplier; independent technology-specific use, embodied, and service multipliers; equal relative half-width for active blocks.","Deterministic set-bounded numerical certificate, not a probability, confidence interval, or physical validation."
BA,"Associated Electric Cooperative, Inc.",AECI,628.3855662962353,Two-phase,service equivalence only,One-phase,2.5850882380078435,False,"Shared nonnegative grid multiplier; independent technology-specific use, embodied, and service multipliers; equal relative half-width for active blocks.","Deterministic set-bounded numerical certificate, not a probability, confidence interval, or physical validation."
BA,"Associated Electric Cooperative, Inc.",AECI,628.3855662962353,Two-phase,all four equal-width,One-phase,1.2920458318448236,False,"Shared nonnegative grid multiplier; independent technology-specific use, embodied, and service multipliers; equal relative half-width for active blocks.","Deterministic set-bounded numerical certificate, not a probability, confidence interval, or physical validation."
BA,Avista Corporation,AVA,252.90909952475863,Two-phase,grid only,none below 100%,,True,"Shared nonnegative grid multiplier; independent technology-specific use, embodied, and service multipliers; equal relative half-width for active blocks.","Deterministic set-bounded numerical certificate, not a probability, confidence interval, or physical validation."
BA,Avista Corporation,AVA,252.90909952475863,Two-phase,use phase only,One-phase,3.3500956082680062,False,"Shared nonnegative grid multiplier; independent technology-specific use, embodied, and service multipliers; equal relative half-width for active blocks.","Deterministic set-bounded numerical certificate, not a probability, confidence interval, or physical validation."
BA,Avista Corporation,AVA,252.90909952475863,Two-phase,embodied only,One-phase,14.82977097464723,False,"Shared nonnegative grid multiplier; independent technology-specific use, embodied, and service multipliers; equal relative half-width for active blocks.","Deterministic set-bounded numerical certificate, not a probability, confidence interval, or physical validation."
BA,Avista Corporation,AVA,252.90909952475863,Two-phase,service equivalence only,One-phase,2.7327566122225813,False,"Shared nonnegative grid multiplier; independent technology-specific use, embodied, and service multipliers; equal relative half-width for active blocks.","Deterministic set-bounded numerical certificate, not a probability, confidence interval, or physical validation."
BA,Avista Corporation,AVA,252.90909952475863,Two-phase,all four equal-width,One-phase,1.3651487283603936,False,"Shared nonnegative grid multiplier; independent technology-specific use, embodied, and service multipliers; equal relative half-width for active blocks.","Deterministic set-bounded numerical certificate, not a probability, confidence interval, or physical validation."
BA,Balancing Authority of Northern California,BANC,240.48844753786167,Two-phase,grid only,none below 100%,,True,"Shared nonnegative grid multiplier; independent technology-specific use, embodied, and service multipliers; equal relative half-width for active blocks.","Deterministic set-bounded numerical certificate, not a probability, confidence interval, or physical validation."
BA,Balancing Authority of Northern California,BANC,240.48844753786167,Two-phase,use phase only,One-phase,3.3958697453152444,False,"Shared nonnegative grid multiplier; independent technology-specific use, embodied, and service multipliers; equal relative half-width for active blocks.","Deterministic set-bounded numerical certificate, not a probability, confidence interval, or physical validation."
BA,Balancing Authority of Northern California,BANC,240.48844753786167,Two-phase,embodied only,One-phase,14.294744104759735,False,"Shared nonnegative grid multiplier; independent technology-specific use, embodied, and service multipliers; equal relative half-width for active blocks.","Deterministic set-bounded numerical certificate, not a probability, confidence interval, or physical validation."
BA,Balancing Authority of Northern California,BANC,240.48844753786167,Two-phase,service equivalence only,One-phase,2.7440025221154967,False,"Shared nonnegative grid multiplier; independent technology-specific use, embodied, and service multipliers; equal relative half-width for active blocks.","Deterministic set-bounded numerical certificate, not a probability, confidence interval, or physical validation."
BA,Balancing Authority of Northern California,BANC,240.48844753786167,Two-phase,all four equal-width,One-phase,1.3707212176553685,False,"Shared nonnegative grid multiplier; independent technology-specific use, embodied, and service multipliers; equal relative half-width for active blocks.","Deterministic set-bounded numerical certificate, not a probability, confidence interval, or physical validation."
BA,Bonneville Power Administration,BPAT,167.18791001586249,Two-phase,grid only,none below 100%,,True,"Shared nonnegative grid multiplier; independent technology-specific use, embodied, and service multipliers; equal relative half-width for active blocks.","Deterministic set-bounded numerical certificate, not a probability, confidence interval, or physical validation."
BA,Bonneville Power Administration,BPAT,167.18791001586249,Two-phase,use phase only,One-phase,3.8043399002242246,False,"Shared nonnegative grid multiplier; independent technology-specific use, embodied, and service multipliers; equal relative half-width for active blocks.","Deterministic set-bounded numerical certificate, not a probability, confidence interval, or physical validation."
BA,Bonneville Power Administration,BPAT,167.18791001586249,Two-phase,embodied only,One-phase,11.137280455279742,False,"Shared nonnegative grid multiplier; independent technology-specific use, embodied, and service multipliers; equal relative half-width for active blocks.","Deterministic set-bounded numerical certificate, not a probability, confidence interval, or physical validation."
BA,Bonneville Power Administration,BPAT,167.18791001586249,Two-phase,service equivalence only,One-phase,2.835703183985705,False,"Shared nonnegative grid multiplier; independent technology-specific use, embodied, and service multipliers; equal relative half-width for active blocks.","Deterministic set-bounded numerical certificate, not a probability, confidence interval, or physical validation."
BA,Bonneville Power Administration,BPAT,167.18791001586249,Two-phase,all four equal-width,One-phase,1.41619163506303,False,"Shared nonnegative grid multiplier; independent technology-specific use, embodied, and service multipliers; equal relative half-width for active blocks.","Deterministic set-bounded numerical certificate, not a probability, confidence interval, or physical validation."
BA,California Independent System Operator,CISO,255.80932868374495,Two-phase,grid only,none below 100%,,True,"Shared nonnegative grid multiplier; independent technology-specific use, embodied, and service multipliers; equal relative half-width for active blocks.","Deterministic set-bounded numerical certificate, not a probability, confidence interval, or physical validation."
BA,California Independent System Operator,CISO,255.80932868374495,Two-phase,use phase only,One-phase,3.340046944552827,False,"Shared nonnegative grid multiplier; independent technology-specific use, embodied, and service multipliers; equal relative half-width for active blocks.","Deterministic set-bounded numerical certificate, not a probability, confidence interval, or physical validation."
BA,California Independent System Operator,CISO,255.80932868374495,Two-phase,embodied only,One-phase,14.954700046850972,False,"Shared nonnegative grid multiplier; independent technology-specific use, embodied, and service multipliers; equal relative half-width for active blocks.","Deterministic set-bounded numerical certificate, not a probability, confidence interval, or physical validation."
BA,California Independent System Operator,CISO,255.80932868374495,Two-phase,service equivalence only,One-phase,2.730259140596936,False,"Shared nonnegative grid multiplier; independent technology-specific use, embodied, and service multipliers; equal relative half-width for active blocks.","Deterministic set-bounded numerical certificate, not a probability, confidence interval, or physical validation."
BA,California Independent System Operator,CISO,255.80932868374495,Two-phase,all four equal-width,One-phase,1.3639113086263144,False,"Shared nonnegative grid multiplier; independent technology-specific use, embodied, and service multipliers; equal relative half-width for active blocks.","Deterministic set-bounded numerical certificate, not a probability, confidence interval, or physical validation."
BA,City of Homestead,HST,363.9488338562637,Two-phase,grid only,none below 100%,,True,"Shared nonnegative grid multiplier; independent technology-specific use, embodied, and service multipliers; equal relative half-width for active blocks.","Deterministic set-bounded numerical certificate, not a probability, confidence interval, or physical validation."
BA,City of Homestead,HST,363.9488338562637,Two-phase,use phase only,One-phase,3.0796157838642317,False,"Shared nonnegative grid multiplier; independent technology-specific use, embodied, and service multipliers; equal relative half-width for active blocks.","Deterministic set-bounded numerical certificate, not a probability, confidence interval, or physical validation."
BA,City of Homestead,HST,363.9488338562637,Two-phase,embodied only,One-phase,19.612872663286428,False,"Shared nonnegative grid multiplier; independent technology-specific use, embodied, and service multipliers; equal relative half-width for active blocks.","Deterministic set-bounded numerical certificate, not a probability, confidence interval, or physical validation."
BA,City of Homestead,HST,363.9488338562637,Two-phase,service equivalence only,One-phase,2.661678659061312,False,"Shared nonnegative grid multiplier; independent technology-specific use, embodied, and service multipliers; equal relative half-width for active blocks.","Deterministic set-bounded numerical certificate, not a probability, confidence interval, or physical validation."
BA,City of Homestead,HST,363.9488338562637,Two-phase,all four equal-width,One-phase,1.3299465776132116,False,"Shared nonnegative grid multiplier; independent technology-specific use, embodied, and service multipliers; equal relative half-width for active blocks.","Deterministic set-bounded numerical certificate, not a probability, confidence interval, or physical validation."
BA,"City of Tacoma, Department of Public Utilities, Light Division",TPWR,76.8119032633172,Two-phase,grid only,none below 100%,,True,"Shared nonnegative grid multiplier; independent technology-specific use, embodied, and service multipliers; equal relative half-width for active blocks.","Deterministic set-bounded numerical certificate, not a probability, confidence interval, or physical validation."
BA,"City of Tacoma, Department of Public Utilities, Light Division",TPWR,76.8119032633172,Two-phase,use phase only,Cold plate,5.060398001707839,False,"Shared nonnegative grid multiplier; independent technology-specific use, embodied, and service multipliers; equal relative half-width for active blocks.","Deterministic set-bounded numerical certificate, not a probability, confidence interval, or physical validation."
BA,"City of Tacoma, Department of Public Utilities, Light Division",TPWR,76.8119032633172,Two-phase,embodied only,Cold plate,7.008532707700578,False,"Shared nonnegative grid multiplier; independent technology-specific use, embodied, and service multipliers; equal relative half-width for active blocks.","Deterministic set-bounded numerical certificate, not a probability, confidence interval, or physical validation."
BA,"City of Tacoma, Department of Public Utilities, Light Division",TPWR,76.8119032633172,Two-phase,service equivalence only,Cold plate,2.9386169962268784,False,"Shared nonnegative grid multiplier; independent technology-specific use, embodied, and service multipliers; equal relative half-width for active blocks.","Deterministic set-bounded numerical certificate, not a probability, confidence interval, or physical validation."
BA,"City of Tacoma, Department of Public Utilities, Light Division",TPWR,76.8119032633172,Two-phase,all four equal-width,Cold plate,1.467404962803959,False,"Shared nonnegative grid multiplier; independent technology-specific use, embodied, and service multipliers; equal relative half-width for active blocks.","Deterministic set-bounded numerical certificate, not a probability, confidence interval, or physical validation."
BA,City of Tallahassee,TAL,490.4374192079083,Two-phase,grid only,none below 100%,,True,"Shared nonnegative grid multiplier; independent technology-specific use, embodied, and service multipliers; equal relative half-width for active blocks.","Deterministic set-bounded numerical certificate, not a probability, confidence interval, or physical validation."
BA,City of Tallahassee,TAL,490.4374192079083,Two-phase,use phase only,One-phase,2.9206656788315857,False,"Shared nonnegative grid multiplier; independent technology-specific use, embodied, and service multipliers; equal relative half-width for active blocks.","Deterministic set-bounded numerical certificate, not a probability, confidence interval, or physical validation."
BA,City of Tallahassee,TAL,490.4374192079083,Two-phase,embodied only,One-phase,25.06144267141356,False,"Shared nonnegative grid multiplier; independent technology-specific use, embodied, and service multipliers; equal relative half-width for active blocks.","Deterministic set-bounded numerical certificate, not a probability, confidence interval, or physical validation."
BA,City of Tallahassee,TAL,490.4374192079083,Two-phase,service equivalence only,One-phase,2.6158177416878483,False,"Shared nonnegative grid multiplier; independent technology-specific use, embodied, and service multipliers; equal relative half-width for active blocks.","Deterministic set-bounded numerical certificate, not a probability, confidence interval, or physical validation."
BA,City of Tallahassee,TAL,490.4374192079083,Two-phase,all four equal-width,One-phase,1.3072486660602567,False,"Shared nonnegative grid multiplier; independent technology-specific use, embodied, and service multipliers; equal relative half-width for active blocks.","Deterministic set-bounded numerical certificate, not a probability, confidence interval, or physical validation."
BA,"Dominion Energy South Carolina, Inc.",SCEG,437.9129029356049,Two-phase,grid only,none below 100%,,True,"Shared nonnegative grid multiplier; independent technology-specific use, embodied, and service multipliers; equal relative half-width for active blocks.","Deterministic set-bounded numerical certificate, not a probability, confidence interval, or physical validation."
BA,"Dominion Energy South Carolina, Inc.",SCEG,437.9129029356049,Two-phase,use phase only,One-phase,2.9755269495091388,False,"Shared nonnegative grid multiplier; independent technology-specific use, embodied, and service multipliers; equal relative half-width for active blocks.","Deterministic set-bounded numerical certificate, not a probability, confidence interval, or physical validation."
BA,"Dominion Energy South Carolina, Inc.",SCEG,437.9129029356049,Two-phase,embodied only,One-phase,22.798918323805022,False,"Shared nonnegative grid multiplier; independent technology-specific use, embodied, and service multipliers; equal relative half-width for active blocks.","Deterministic set-bounded numerical certificate, not a probability, confidence interval, or physical validation."
BA,"Dominion Energy South Carolina, Inc.",SCEG,437.9129029356049,Two-phase,service equivalence only,One-phase,2.6320176893342153,False,"Shared nonnegative grid multiplier; independent technology-specific use, embodied, and service multipliers; equal relative half-width for active blocks.","Deterministic set-bounded numerical certificate, not a probability, confidence interval, or physical validation."
BA,"Dominion Energy South Carolina, Inc.",SCEG,437.9129029356049,Two-phase,all four equal-width,One-phase,1.3152652121722066,False,"Shared nonnegative grid multiplier; independent technology-specific use, embodied, and service multipliers; equal relative half-width for active blocks.","Deterministic set-bounded numerical certificate, not a probability, confidence interval, or physical validation."
BA,Duke Energy Carolinas,DUK,327.7243132921762,Two-phase,grid only,none below 100%,,True,"Shared nonnegative grid multiplier; independent technology-specific use, embodied, and service multipliers; equal relative half-width for active blocks.","Deterministic set-bounded numerical certificate, not a probability, confidence interval, or physical validation."
BA,Duke Energy Carolinas,DUK,327.7243132921762,Two-phase,use phase only,One-phase,3.147723457115482,False,"Shared nonnegative grid multiplier; independent technology-specific use, embodied, and service multipliers; equal relative half-width for active blocks.","Deterministic set-bounded numerical certificate, not a probability, confidence interval, or physical validation."
BA,Duke Energy Carolinas,DUK,327.7243132921762,Two-phase,embodied only,One-phase,18.052480191858553,False,"Shared nonnegative grid multiplier; independent technology-specific use, embodied, and service multipliers; equal relative half-width for active blocks.","Deterministic set-bounded numerical certificate, not a probability, confidence interval, or physical validation."
BA,Duke Energy Carolinas,DUK,327.7243132921762,Two-phase,service equivalence only,One-phase,2.680361769155726,False,"Shared nonnegative grid multiplier; independent technology-specific use, embodied, and service multipliers; equal relative half-width for active blocks.","Deterministic set-bounded numerical certificate, not a probability, confidence interval, or physical validation."
BA,Duke Energy Carolinas,DUK,327.7243132921762,Two-phase,all four equal-width,One-phase,1.3391967125527873,False,"Shared nonnegative grid multiplier; independent technology-specific use, embodied, and service multipliers; equal relative half-width for active blocks.","Deterministic set-bounded numerical certificate, not a probability, confidence interval, or physical validation."
BA,"Duke Energy Florida, Inc.",FPC,535.3369989299163,Two-phase,grid only,none below 100%,,True,"Shared nonnegative grid multiplier; independent technology-specific use, embodied, and service multipliers; equal relative half-width for active blocks.","Deterministic set-bounded numerical certificate, not a probability, confidence interval, or physical validation."
BA,"Duke Energy Florida, Inc.",FPC,535.3369989299163,Two-phase,use phase only,One-phase,2.8822999080668654,False,"Shared nonnegative grid multiplier; independent technology-specific use, embodied, and service multipliers; equal relative half-width for active blocks.","Deterministic set-bounded numerical certificate, not a probability, confidence interval, or physical validation."
BA,"Duke Energy Florida, Inc.",FPC,535.3369989299163,Two-phase,embodied only,One-phase,26.995518404577467,False,"Shared nonnegative grid multiplier; independent technology-specific use, embodied, and service multipliers; equal relative half-width for active blocks.","Deterministic set-bounded numerical certificate, not a probability, confidence interval, or physical validation."
BA,"Duke Energy Florida, Inc.",FPC,535.3369989299163,Two-phase,service equivalence only,One-phase,2.6042457117025135,False,"Shared nonnegative grid multiplier; independent technology-specific use, embodied, and service multipliers; equal relative half-width for active blocks.","Deterministic set-bounded numerical certificate, not a probability, confidence interval, or physical validation."
BA,"Duke Energy Florida, Inc.",FPC,535.3369989299163,Two-phase,all four equal-width,One-phase,1.3015230725159532,False,"Shared nonnegative grid multiplier; independent technology-specific use, embodied, and service multipliers; equal relative half-width for active blocks.","Deterministic set-bounded numerical certificate, not a probability, confidence interval, or physical validation."
BA,Duke Energy Progress East,CPLE,277.74181738396925,Two-phase,grid only,none below 100%,,True,"Shared nonnegative grid multiplier; independent technology-specific use, embodied, and service multipliers; equal relative half-width for active blocks.","Deterministic set-bounded numerical certificate, not a probability, confidence interval, or physical validation."
BA,Duke Energy Progress East,CPLE,277.74181738396925,Two-phase,use phase only,One-phase,3.2708449084865645,False,"Shared nonnegative grid multiplier; independent technology-specific use, embodied, and service multipliers; equal relative half-width for active blocks.","Deterministic set-bounded numerical certificate, not a probability, confidence interval, or physical validation."
BA,Duke Energy Progress East,CPLE,277.74181738396925,Two-phase,embodied only,One-phase,15.89945486250027,False,"Shared nonnegative grid multiplier; independent technology-specific use, embodied, and service multipliers; equal relative half-width for active blocks.","Deterministic set-bounded numerical certificate, not a probability, confidence interval, or physical validation."
BA,Duke Energy Progress East,CPLE,277.74181738396925,Two-phase,service equivalence only,One-phase,2.712771923547436,False,"Shared nonnegative grid multiplier; independent technology-specific use, embodied, and service multipliers; equal relative half-width for active blocks.","Deterministic set-bounded numerical certificate, not a probability, confidence interval, or physical validation."
BA,Duke Energy Progress East,CPLE,277.74181738396925,Two-phase,all four equal-width,One-phase,1.3552480238997577,False,"Shared nonnegative grid multiplier; independent technology-specific use, embodied, and service multipliers; equal relative half-width for active blocks.","Deterministic set-bounded numerical certificate, not a probability, confidence interval, or physical validation."
BA,Duke Energy Progress West,CPLW,82.777537488305,Two-phase,grid only,none below 100%,,True,"Shared nonnegative grid multiplier; independent technology-specific use, embodied, and service multipliers; equal relative half-width for active blocks.","Deterministic set-bounded numerical certificate, not a probability, confidence interval, or physical validation."
BA,Duke Energy Progress West,CPLW,82.777537488305,Two-phase,use phase only,Cold plate,4.945096068356786,False,"Shared nonnegative grid multiplier; independent technology-specific use, embodied, and service multipliers; equal relative half-width for active blocks.","Deterministic set-bounded numerical certificate, not a probability, confidence interval, or physical validation."
BA,Duke Energy Progress West,CPLW,82.777537488305,Two-phase,embodied only,Cold plate,7.379330355759091,False,"Shared nonnegative grid multiplier; independent technology-specific use, embodied, and service multipliers; equal relative half-width for active blocks.","Deterministic set-bounded numerical certificate, not a probability, confidence interval, or physical validation."
BA,Duke Energy Progress West,CPLW,82.777537488305,Two-phase,service equivalence only,Cold plate,2.9609083841796724,False,"Shared nonnegative grid multiplier; independent technology-specific use, embodied, and service multipliers; equal relative half-width for active blocks.","Deterministic set-bounded numerical certificate, not a probability, confidence interval, or physical validation."
BA,Duke Energy Progress West,CPLW,82.777537488305,Two-phase,all four equal-width,Cold plate,1.4785696153010288,False,"Shared nonnegative grid multiplier; independent technology-specific use, embodied, and service multipliers; equal relative half-width for active blocks.","Deterministic set-bounded numerical certificate, not a probability, confidence interval, or physical validation."
BA,El Paso Electric Company,EPE,491.10527833727076,Two-phase,grid only,none below 100%,,True,"Shared nonnegative grid multiplier; independent technology-specific use, embodied, and service multipliers; equal relative half-width for active blocks.","Deterministic set-bounded numerical certificate, not a probability, confidence interval, or physical validation."
BA,El Paso Electric Company,EPE,491.10527833727076,Two-phase,use phase only,One-phase,2.920043630616892,False,"Shared nonnegative grid multiplier; independent technology-specific use, embodied, and service multipliers; equal relative half-width for active blocks.","Deterministic set-bounded numerical certificate, not a probability, confidence interval, or physical validation."
BA,El Paso Electric Company,EPE,491.10527833727076,Two-phase,embodied only,One-phase,25.09021109515543,False,"Shared nonnegative grid multiplier; independent technology-specific use, embodied, and service multipliers; equal relative half-width for active blocks.","Deterministic set-bounded numerical certificate, not a probability, confidence interval, or physical validation."
BA,El Paso Electric Company,EPE,491.10527833727076,Two-phase,service equivalence only,One-phase,2.615631732610802,False,"Shared nonnegative grid multiplier; independent technology-specific use, embodied, and service multipliers; equal relative half-width for active blocks.","Deterministic set-bounded numerical certificate, not a probability, confidence interval, or physical validation."
BA,El Paso Electric Company,EPE,491.10527833727076,Two-phase,all four equal-width,One-phase,1.3071566273459847,False,"Shared nonnegative grid multiplier; independent technology-specific use, embodied, and service multipliers; equal relative half-width for active blocks.","Deterministic set-bounded numerical certificate, not a probability, confidence interval, or physical validation."
BA,"Electric Reliability Council of Texas, Inc.",ERCO,402.1761089059627,Two-phase,grid only,none below 100%,,True,"Shared nonnegative grid multiplier; independent technology-specific use, embodied, and service multipliers; equal relative half-width for active blocks.","Deterministic set-bounded numerical certificate, not a probability, confidence interval, or physical validation."
BA,"Electric Reliability Council of Texas, Inc.",ERCO,402.1761089059627,Two-phase,use phase only,One-phase,3.0210411045438756,False,"Shared nonnegative grid multiplier; independent technology-specific use, embodied, and service multipliers; equal relative half-width for active blocks.","Deterministic set-bounded numerical certificate, not a probability, confidence interval, or physical validation."
BA,"Electric Reliability Council of Texas, Inc.",ERCO,402.1761089059627,Two-phase,embodied only,One-phase,21.259534958933013,False,"Shared nonnegative grid multiplier; independent technology-specific use, embodied, and service multipliers; equal relative half-width for active blocks.","Deterministic set-bounded numerical certificate, not a probability, confidence interval, or physical validation."
BA,"Electric Reliability Council of Texas, Inc.",ERCO,402.1761089059627,Two-phase,service equivalence only,One-phase,2.6451567214269445,False,"Shared nonnegative grid multiplier; independent technology-specific use, embodied, and service multipliers; equal relative half-width for active blocks.","Deterministic set-bounded numerical certificate, not a probability, confidence interval, or physical validation."
BA,"Electric Reliability Council of Texas, Inc.",ERCO,402.1761089059627,Two-phase,all four equal-width,One-phase,1.3217680821204225,False,"Shared nonnegative grid multiplier; independent technology-specific use, embodied, and service multipliers; equal relative half-width for active blocks.","Deterministic set-bounded numerical certificate, not a probability, confidence interval, or physical validation."
BA,Florida Municipal Power Pool,FMPP,579.3221770711856,Two-phase,grid only,none below 100%,,True,"Shared nonnegative grid multiplier; independent technology-specific use, embodied, and service multipliers; equal relative half-width for active blocks.","Deterministic set-bounded numerical certificate, not a probability, confidence interval, or physical validation."
BA,Florida Municipal Power Pool,FMPP,579.3221770711856,Two-phase,use phase only,One-phase,2.8504799514410872,False,"Shared nonnegative grid multiplier; independent technology-specific use, embodied, and service multipliers; equal relative half-width for active blocks.","Deterministic set-bounded numerical certificate, not a probability, confidence interval, or physical validation."
BA,Florida Municipal Power Pool,FMPP,579.3221770711856,Two-phase,embodied only,One-phase,28.8902057532927,False,"Shared nonnegative grid multiplier; independent technology-specific use, embodied, and service multipliers; equal relative half-width for active blocks.","Deterministic set-bounded numerical certificate, not a probability, confidence interval, or physical validation."
BA,Florida Municipal Power Pool,FMPP,579.3221770711856,Two-phase,service equivalence only,One-phase,2.5944919104405773,False,"Shared nonnegative grid multiplier; independent technology-specific use, embodied, and service multipliers; equal relative half-width for active blocks.","Deterministic set-bounded numerical certificate, not a probability, confidence interval, or physical validation."
BA,Florida Municipal Power Pool,FMPP,579.3221770711856,Two-phase,all four equal-width,One-phase,1.2966976219220938,False,"Shared nonnegative grid multiplier; independent technology-specific use, embodied, and service multipliers; equal relative half-width for active blocks.","Deterministic set-bounded numerical certificate, not a probability, confidence interval, or physical validation."
BA,Florida Power & Light Co.,FPL,365.4934416250191,Two-phase,grid only,none below 100%,,True,"Shared nonnegative grid multiplier; independent technology-specific use, embodied, and service multipliers; equal relative half-width for active blocks.","Deterministic set-bounded numerical certificate, not a probability, confidence interval, or physical validation."
BA,Florida Power & Light Co.,FPL,365.4934416250191,Two-phase,use phase only,One-phase,3.077011615642433,False,"Shared nonnegative grid multiplier; independent technology-specific use, embodied, and service multipliers; equal relative half-width for active blocks.","Deterministic set-bounded numerical certificate, not a probability, confidence interval, or physical validation."
BA,Florida Power & Light Co.,FPL,365.4934416250191,Two-phase,embodied only,One-phase,19.679407548942457,False,"Shared nonnegative grid multiplier; independent technology-specific use, embodied, and service multipliers; equal relative half-width for active blocks.","Deterministic set-bounded numerical certificate, not a probability, confidence interval, or physical validation."
BA,Florida Power & Light Co.,FPL,365.4934416250191,Two-phase,service equivalence only,One-phase,2.6609531657465384,False,"Shared nonnegative grid multiplier; independent technology-specific use, embodied, and service multipliers; equal relative half-width for active blocks.","Deterministic set-bounded numerical certificate, not a probability, confidence interval, or physical validation."
BA,Florida Power & Light Co.,FPL,365.4934416250191,Two-phase,all four equal-width,One-phase,1.3295874207262748,False,"Shared nonnegative grid multiplier; independent technology-specific use, embodied, and service multipliers; equal relative half-width for active blocks.","Deterministic set-bounded numerical certificate, not a probability, confidence interval, or physical validation."
BA,Gainesville Regional Utilities,GVL,786.3374408098942,Two-phase,grid only,none below 100%,,True,"Shared nonnegative grid multiplier; independent technology-specific use, embodied, and service multipliers; equal relative half-width for active blocks.","Deterministic set-bounded numerical certificate, not a probability, confidence interval, or physical validation."
BA,Gainesville Regional Utilities,GVL,786.3374408098942,Two-phase,use phase only,One-phase,2.7485111008891674,False,"Shared nonnegative grid multiplier; independent technology-specific use, embodied, and service multipliers; equal relative half-width for active blocks.","Deterministic set-bounded numerical certificate, not a probability, confidence interval, or physical validation."
BA,Gainesville Regional Utilities,GVL,786.3374408098942,Two-phase,embodied only,One-phase,37.80750966728238,False,"Shared nonnegative grid multiplier; independent technology-specific use, embodied, and service multipliers; equal relative half-width for active blocks.","Deterministic set-bounded numerical certificate, not a probability, confidence interval, or physical validation."
BA,Gainesville Regional Utilities,GVL,786.3374408098942,Two-phase,service equivalence only,One-phase,2.5622424993689776,False,"Shared nonnegative grid multiplier; independent technology-specific use, embodied, and service multipliers; equal relative half-width for active blocks.","Deterministic set-bounded numerical certificate, not a probability, confidence interval, or physical validation."
BA,Gainesville Regional Utilities,GVL,786.3374408098942,Two-phase,all four equal-width,One-phase,1.2807463070297511,False,"Shared nonnegative grid multiplier; independent technology-specific use, embodied, and service multipliers; equal relative half-width for active blocks.","Deterministic set-bounded numerical certificate, not a probability, confidence interval, or physical validation."
BA,"Gridforce Energy Management, LLC",GRID,506.8031571691256,Two-phase,grid only,none below 100%,,True,"Shared nonnegative grid multiplier; independent technology-specific use, embodied, and service multipliers; equal relative half-width for active blocks.","Deterministic set-bounded numerical certificate, not a probability, confidence interval, or physical validation."
BA,"Gridforce Energy Management, LLC",GRID,506.8031571691256,Two-phase,use phase only,One-phase,2.90589448028008,False,"Shared nonnegative grid multiplier; independent technology-specific use, embodied, and service multipliers; equal relative half-width for active blocks.","Deterministic set-bounded numerical certificate, not a probability, confidence interval, or physical validation."
BA,"Gridforce Energy Management, LLC",GRID,506.8031571691256,Two-phase,embodied only,One-phase,25.766406433704546,False,"Shared nonnegative grid multiplier; independent technology-specific use, embodied, and service multipliers; equal relative half-width for active blocks.","Deterministic set-bounded numerical certificate, not a probability, confidence interval, or physical validation."
BA,"Gridforce Energy Management, LLC",GRID,506.8031571691256,Two-phase,service equivalence only,One-phase,2.6113864547172017,False,"Shared nonnegative grid multiplier; independent technology-specific use, embodied, and service multipliers; equal relative half-width for active blocks.","Deterministic set-bounded numerical certificate, not a probability, confidence interval, or physical validation."
BA,"Gridforce Energy Management, LLC",GRID,506.8031571691256,Two-phase,all four equal-width,One-phase,1.3050560794822421,False,"Shared nonnegative grid multiplier; independent technology-specific use, embodied, and service multipliers; equal relative half-width for active blocks.","Deterministic set-bounded numerical certificate, not a probability, confidence interval, or physical validation."
BA,Gridforce South,GRIS,13.174429872116708,Two-phase,grid only,none below 100%,,True,"Shared nonnegative grid multiplier; independent technology-specific use, embodied, and service multipliers; equal relative half-width for active blocks.","Deterministic set-bounded numerical certificate, not a probability, confidence interval, or physical validation."
BA,Gridforce South,GRIS,13.174429872116708,Two-phase,use phase only,Cold plate,12.68792499835637,False,"Shared nonnegative grid multiplier; independent technology-specific use, embodied, and service multipliers; equal relative half-width for active blocks.","Deterministic set-bounded numerical certificate, not a probability, confidence interval, or physical validation."
BA,Gridforce South,GRIS,13.174429872116708,Two-phase,embodied only,Cold plate,3.053106583348947,False,"Shared nonnegative grid multiplier; independent technology-specific use, embodied, and service multipliers; equal relative half-width for active blocks.","Deterministic set-bounded numerical certificate, not a probability, confidence interval, or physical validation."
BA,Gridforce South,GRIS,13.174429872116708,Two-phase,service equivalence only,Cold plate,2.4609306664844843,False,"Shared nonnegative grid multiplier; independent technology-specific use, embodied, and service multipliers; equal relative half-width for active blocks.","Deterministic set-bounded numerical certificate, not a probability, confidence interval, or physical validation."
BA,Gridforce South,GRIS,13.174429872116708,Two-phase,all four equal-width,Cold plate,1.229479728241667,False,"Shared nonnegative grid multiplier; independent technology-specific use, embodied, and service multipliers; equal relative half-width for active blocks.","Deterministic set-bounded numerical certificate, not a probability, confidence interval, or physical validation."
BA,"Griffith Energy, LLC",GRIF,516.8253052790286,Two-phase,grid only,none below 100%,,True,"Shared nonnegative grid multiplier; independent technology-specific use, embodied, and service multipliers; equal relative half-width for active blocks.","Deterministic set-bounded numerical certificate, not a probability, confidence interval, or physical validation."
BA,"Griffith Energy, LLC",GRIF,516.8253052790286,Two-phase,use phase only,One-phase,2.8973104715763425,False,"Shared nonnegative grid multiplier; independent technology-specific use, embodied, and service multipliers; equal relative half-width for active blocks.","Deterministic set-bounded numerical certificate, not a probability, confidence interval, or physical validation."
BA,"Griffith Energy, LLC",GRIF,516.8253052790286,Two-phase,embodied only,One-phase,26.198116342205896,False,"Shared nonnegative grid multiplier; independent technology-specific use, embodied, and service multipliers; equal relative half-width for active blocks.","Deterministic set-bounded numerical certificate, not a probability, confidence interval, or physical validation."
BA,"Griffith Energy, LLC",GRIF,516.8253052790286,Two-phase,service equivalence only,One-phase,2.6087975027708934,False,"Shared nonnegative grid multiplier; independent technology-specific use, embodied, and service multipliers; equal relative half-width for active blocks.","Deterministic set-bounded numerical certificate, not a probability, confidence interval, or physical validation."
BA,"Griffith Energy, LLC",GRIF,516.8253052790286,Two-phase,all four equal-width,One-phase,1.3037751206415595,False,"Shared nonnegative grid multiplier; independent technology-specific use, embodied, and service multipliers; equal relative half-width for active blocks.","Deterministic set-bounded numerical certificate, not a probability, confidence interval, or physical validation."
BA,ISO New England,ISNE,301.47104499520196,Two-phase,grid only,none below 100%,,True,"Shared nonnegative grid multiplier; independent technology-specific use, embodied, and service multipliers; equal relative half-width for active blocks.","Deterministic set-bounded numerical certificate, not a probability, confidence interval, or physical validation."
BA,ISO New England,ISNE,301.47104499520196,Two-phase,use phase only,One-phase,3.2073061745938327,False,"Shared nonnegative grid multiplier; independent technology-specific use, embodied, and service multipliers; equal relative half-width for active blocks.","Deterministic set-bounded numerical certificate, not a probability, confidence interval, or physical validation."
BA,ISO New England,ISNE,301.47104499520196,Two-phase,embodied only,One-phase,16.92160526065004,False,"Shared nonnegative grid multiplier; independent technology-specific use, embodied, and service multipliers; equal relative half-width for active blocks.","Deterministic set-bounded numerical certificate, not a probability, confidence interval, or physical validation."
BA,ISO New England,ISNE,301.47104499520196,Two-phase,service equivalence only,One-phase,2.6962595176158404,False,"Shared nonnegative grid multiplier; independent technology-specific use, embodied, and service multipliers; equal relative half-width for active blocks.","Deterministic set-bounded numerical certificate, not a probability, confidence interval, or physical validation."
BA,ISO New England,ISNE,301.47104499520196,Two-phase,all four equal-width,One-phase,1.3470693820721968,False,"Shared nonnegative grid multiplier; independent technology-specific use, embodied, and service multipliers; equal relative half-width for active blocks.","Deterministic set-bounded numerical certificate, not a probability, confidence interval, or physical validation."
BA,Idaho Power Company,IPCO,329.3441999952835,Two-phase,grid only,none below 100%,,True,"Shared nonnegative grid multiplier; independent technology-specific use, embodied, and service multipliers; equal relative half-width for active blocks.","Deterministic set-bounded numerical certificate, not a probability, confidence interval, or physical validation."
BA,Idaho Power Company,IPCO,329.3441999952835,Two-phase,use phase only,One-phase,3.144358012908916,False,"Shared nonnegative grid multiplier; independent technology-specific use, embodied, and service multipliers; equal relative half-width for active blocks.","Deterministic set-bounded numerical certificate, not a probability, confidence interval, or physical validation."
BA,Idaho Power Company,IPCO,329.3441999952835,Two-phase,embodied only,One-phase,18.12225776176794,False,"Shared nonnegative grid multiplier; independent technology-specific use, embodied, and service multipliers; equal relative half-width for active blocks.","Deterministic set-bounded numerical certificate, not a probability, confidence interval, or physical validation."
BA,Idaho Power Company,IPCO,329.3441999952835,Two-phase,service equivalence only,One-phase,2.679451540807343,False,"Shared nonnegative grid multiplier; independent technology-specific use, embodied, and service multipliers; equal relative half-width for active blocks.","Deterministic set-bounded numerical certificate, not a probability, confidence interval, or physical validation."
BA,Idaho Power Company,IPCO,329.3441999952835,Two-phase,all four equal-width,One-phase,1.3387460060873937,False,"Shared nonnegative grid multiplier; independent technology-specific use, embodied, and service multipliers; equal relative half-width for active blocks.","Deterministic set-bounded numerical certificate, not a probability, confidence interval, or physical validation."
BA,Imperial Irrigation District,IID,225.09928394546202,Two-phase,grid only,none below 100%,,True,"Shared nonnegative grid multiplier; independent technology-specific use, embodied, and service multipliers; equal relative half-width for active blocks.","Deterministic set-bounded numerical certificate, not a probability, confidence interval, or physical validation."
BA,Imperial Irrigation District,IID,225.09928394546202,Two-phase,use phase only,One-phase,3.4595840904457886,False,"Shared nonnegative grid multiplier; independent technology-specific use, embodied, and service multipliers; equal relative half-width for active blocks.","Deterministic set-bounded numerical certificate, not a probability, confidence interval, or physical validation."
BA,Imperial Irrigation District,IID,225.09928394546202,Two-phase,embodied only,One-phase,13.631846856232436,False,"Shared nonnegative grid multiplier; independent technology-specific use, embodied, and service multipliers; equal relative half-width for active blocks.","Deterministic set-bounded numerical certificate, not a probability, confidence interval, or physical validation."
BA,Imperial Irrigation District,IID,225.09928394546202,Two-phase,service equivalence only,One-phase,2.7593079043145288,False,"Shared nonnegative grid multiplier; independent technology-specific use, embodied, and service multipliers; equal relative half-width for active blocks.","Deterministic set-bounded numerical certificate, not a probability, confidence interval, or physical validation."
BA,Imperial Irrigation District,IID,225.09928394546202,Two-phase,all four equal-width,One-phase,1.3783065338642542,False,"Shared nonnegative grid multiplier; independent technology-specific use, embodied, and service multipliers; equal relative half-width for active blocks.","Deterministic set-bounded numerical certificate, not a probability, confidence interval, or physical validation."
BA,JEA,JEA,612.5895053424948,Two-phase,grid only,none below 100%,,True,"Shared nonnegative grid multiplier; independent technology-specific use, embodied, and service multipliers; equal relative half-width for active blocks.","Deterministic set-bounded numerical certificate, not a probability, confidence interval, or physical validation."
BA,JEA,JEA,612.5895053424948,Two-phase,use phase only,One-phase,2.8294474928141247,False,"Shared nonnegative grid multiplier; independent technology-specific use, embodied, and service multipliers; equal relative half-width for active blocks.","Deterministic set-bounded numerical certificate, not a probability, confidence interval, or physical validation."
BA,JEA,JEA,612.5895053424948,Two-phase,embodied only,One-phase,30.323215432116037,False,"Shared nonnegative grid multiplier; independent technology-specific use, embodied, and service multipliers; equal relative half-width for active blocks.","Deterministic set-bounded numerical certificate, not a probability, confidence interval, or physical validation."
BA,JEA,JEA,612.5895053424948,Two-phase,service equivalence only,One-phase,2.587965439540752,False,"Shared nonnegative grid multiplier; independent technology-specific use, embodied, and service multipliers; equal relative half-width for active blocks.","Deterministic set-bounded numerical certificate, not a probability, confidence interval, or physical validation."
BA,JEA,JEA,612.5895053424948,Two-phase,all four equal-width,One-phase,1.293469074543857,False,"Shared nonnegative grid multiplier; independent technology-specific use, embodied, and service multipliers; equal relative half-width for active blocks.","Deterministic set-bounded numerical certificate, not a probability, confidence interval, or physical validation."
BA,Los Angeles Department of Water and Power,LDWP,503.2227764913654,Two-phase,grid only,none below 100%,,True,"Shared nonnegative grid multiplier; independent technology-specific use, embodied, and service multipliers; equal relative half-width for active blocks.","Deterministic set-bounded numerical certificate, not a probability, confidence interval, or physical validation."
BA,Los Angeles Department of Water and Power,LDWP,503.2227764913654,Two-phase,use phase only,One-phase,2.9090439491102797,False,"Shared nonnegative grid multiplier; independent technology-specific use, embodied, and service multipliers; equal relative half-width for active blocks.","Deterministic set-bounded numerical certificate, not a probability, confidence interval, or physical validation."
BA,Los Angeles Department of Water and Power,LDWP,503.2227764913654,Two-phase,embodied only,One-phase,25.612179435874737,False,"Shared nonnegative grid multiplier; independent technology-specific use, embodied, and service multipliers; equal relative half-width for active blocks.","Deterministic set-bounded numerical certificate, not a probability, confidence interval, or physical validation."
BA,Los Angeles Department of Water and Power,LDWP,503.2227764913654,Two-phase,service equivalence only,One-phase,2.6123337910772206,False,"Shared nonnegative grid multiplier; independent technology-specific use, embodied, and service multipliers; equal relative half-width for active blocks.","Deterministic set-bounded numerical certificate, not a probability, confidence interval, or physical validation."
BA,Los Angeles Department of Water and Power,LDWP,503.2227764913654,Two-phase,all four equal-width,One-phase,1.3055248100510564,False,"Shared nonnegative grid multiplier; independent technology-specific use, embodied, and service multipliers; equal relative half-width for active blocks.","Deterministic set-bounded numerical certificate, not a probability, confidence interval, or physical validation."
BA,Louisville Gas and Electric Company and Kentucky Utilities Company,LGEE,987.8437633300874,Two-phase,grid only,none below 100%,,True,"Shared nonnegative grid multiplier; independent technology-specific use, embodied, and service multipliers; equal relative half-width for active blocks.","Deterministic set-bounded numerical certificate, not a probability, confidence interval, or physical validation."
BA,Louisville Gas and Electric Company and Kentucky Utilities Company,LGEE,987.8437633300874,Two-phase,use phase only,One-phase,2.6902940872206296,False,"Shared nonnegative grid multiplier; independent technology-specific use, embodied, and service multipliers; equal relative half-width for active blocks.","Deterministic set-bounded numerical certificate, not a probability, confidence interval, or physical validation."
BA,Louisville Gas and Electric Company and Kentucky Utilities Company,LGEE,987.8437633300874,Two-phase,embodied only,One-phase,46.487512706918324,False,"Shared nonnegative grid multiplier; independent technology-specific use, embodied, and service multipliers; equal relative half-width for active blocks.","Deterministic set-bounded numerical certificate, not a probability, confidence interval, or physical validation."
BA,Louisville Gas and Electric Company and Kentucky Utilities Company,LGEE,987.8437633300874,Two-phase,service equivalence only,One-phase,2.5431203365482715,False,"Shared nonnegative grid multiplier; independent technology-specific use, embodied, and service multipliers; equal relative half-width for active blocks.","Deterministic set-bounded numerical certificate, not a probability, confidence interval, or physical validation."
BA,Louisville Gas and Electric Company and Kentucky Utilities Company,LGEE,987.8437633300874,Two-phase,all four equal-width,One-phase,1.2712903147104384,False,"Shared nonnegative grid multiplier; independent technology-specific use, embodied, and service multipliers; equal relative half-width for active blocks.","Deterministic set-bounded numerical certificate, not a probability, confidence interval, or physical validation."
BA,"Midcontinent Independent System Operator, Inc.",MISO,534.4912639110221,Two-phase,grid only,none below 100%,,True,"Shared nonnegative grid multiplier; independent technology-specific use, embodied, and service multipliers; equal relative half-width for active blocks.","Deterministic set-bounded numerical certificate, not a probability, confidence interval, or physical validation."
BA,"Midcontinent Independent System Operator, Inc.",MISO,534.4912639110221,Two-phase,use phase only,One-phase,2.882963031026237,False,"Shared nonnegative grid multiplier; independent technology-specific use, embodied, and service multipliers; equal relative half-width for active blocks.","Deterministic set-bounded numerical certificate, not a probability, confidence interval, or physical validation."
BA,"Midcontinent Independent System Operator, Inc.",MISO,534.4912639110221,Two-phase,embodied only,One-phase,26.959087872557884,False,"Shared nonnegative grid multiplier; independent technology-specific use, embodied, and service multipliers; equal relative half-width for active blocks.","Deterministic set-bounded numerical certificate, not a probability, confidence interval, or physical validation."
BA,"Midcontinent Independent System Operator, Inc.",MISO,534.4912639110221,Two-phase,service equivalence only,One-phase,2.604447460326454,False,"Shared nonnegative grid multiplier; independent technology-specific use, embodied, and service multipliers; equal relative half-width for active blocks.","Deterministic set-bounded numerical certificate, not a probability, confidence interval, or physical validation."
BA,"Midcontinent Independent System Operator, Inc.",MISO,534.4912639110221,Two-phase,all four equal-width,One-phase,1.3016228876339688,False,"Shared nonnegative grid multiplier; independent technology-specific use, embodied, and service multipliers; equal relative half-width for active blocks.","Deterministic set-bounded numerical certificate, not a probability, confidence interval, or physical validation."
BA,"NaturEner Power Watch, LLC",GWA,21.911896273417995,Two-phase,grid only,none below 100%,,True,"Shared nonnegative grid multiplier; independent technology-specific use, embodied, and service multipliers; equal relative half-width for active blocks.","Deterministic set-bounded numerical certificate, not a probability, confidence interval, or physical validation."
BA,"NaturEner Power Watch, LLC",GWA,21.911896273417995,Two-phase,use phase only,Cold plate,9.041323811812159,False,"Shared nonnegative grid multiplier; independent technology-specific use, embodied, and service multipliers; equal relative half-width for active blocks.","Deterministic set-bounded numerical certificate, not a probability, confidence interval, or physical validation."
BA,"NaturEner Power Watch, LLC",GWA,21.911896273417995,Two-phase,embodied only,Cold plate,3.5961891575406915,False,"Shared nonnegative grid multiplier; independent technology-specific use, embodied, and service multipliers; equal relative half-width for active blocks.","Deterministic set-bounded numerical certificate, not a probability, confidence interval, or physical validation."
BA,"NaturEner Power Watch, LLC",GWA,21.911896273417995,Two-phase,service equivalence only,Cold plate,2.57284093323612,False,"Shared nonnegative grid multiplier; independent technology-specific use, embodied, and service multipliers; equal relative half-width for active blocks.","Deterministic set-bounded numerical certificate, not a probability, confidence interval, or physical validation."
BA,"NaturEner Power Watch, LLC",GWA,21.911896273417995,Two-phase,all four equal-width,Cold plate,1.2850262944230253,False,"Shared nonnegative grid multiplier; independent technology-specific use, embodied, and service multipliers; equal relative half-width for active blocks.","Deterministic set-bounded numerical certificate, not a probability, confidence interval, or physical validation."
BA,"NaturEner Wind Watch, LLC",WWA,14.283891652263383,Two-phase,grid only,none below 100%,,True,"Shared nonnegative grid multiplier; independent technology-specific use, embodied, and service multipliers; equal relative half-width for active blocks.","Deterministic set-bounded numerical certificate, not a probability, confidence interval, or physical validation."
BA,"NaturEner Wind Watch, LLC",WWA,14.283891652263383,Two-phase,use phase only,Cold plate,11.981148668165027,False,"Shared nonnegative grid multiplier; independent technology-specific use, embodied, and service multipliers; equal relative half-width for active blocks.","Deterministic set-bounded numerical certificate, not a probability, confidence interval, or physical validation."
BA,"NaturEner Wind Watch, LLC",WWA,14.283891652263383,Two-phase,embodied only,Cold plate,3.122065859626072,False,"Shared nonnegative grid multiplier; independent technology-specific use, embodied, and service multipliers; equal relative half-width for active blocks.","Deterministic set-bounded numerical certificate, not a probability, confidence interval, or physical validation."
BA,"NaturEner Wind Watch, LLC",WWA,14.283891652263383,Two-phase,service equivalence only,Cold plate,2.4766870090570827,False,"Shared nonnegative grid multiplier; independent technology-specific use, embodied, and service multipliers; equal relative half-width for active blocks.","Deterministic set-bounded numerical certificate, not a probability, confidence interval, or physical validation."
BA,"NaturEner Wind Watch, LLC",WWA,14.283891652263383,Two-phase,all four equal-width,Cold plate,1.2372946645007434,False,"Shared nonnegative grid multiplier; independent technology-specific use, embodied, and service multipliers; equal relative half-width for active blocks.","Deterministic set-bounded numerical certificate, not a probability, confidence interval, or physical validation."
BA,Nevada Power Company,NEVP,430.505424037978,Two-phase,grid only,none below 100%,,True,"Shared nonnegative grid multiplier; independent technology-specific use, embodied, and service multipliers; equal relative half-width for active blocks.","Deterministic set-bounded numerical certificate, not a probability, confidence interval, or physical validation."
BA,Nevada Power Company,NEVP,430.505424037978,Two-phase,use phase only,One-phase,2.984340556293719,False,"Shared nonnegative grid multiplier; independent technology-specific use, embodied, and service multipliers; equal relative half-width for active blocks.","Deterministic set-bounded numerical certificate, not a probability, confidence interval, or physical validation."
BA,Nevada Power Company,NEVP,430.505424037978,Two-phase,embodied only,One-phase,22.479836825302716,False,"Shared nonnegative grid multiplier; independent technology-specific use, embodied, and service multipliers; equal relative half-width for active blocks.","Deterministic set-bounded numerical certificate, not a probability, confidence interval, or physical validation."
BA,Nevada Power Company,NEVP,430.505424037978,Two-phase,service equivalence only,One-phase,2.63458299599742,False,"Shared nonnegative grid multiplier; independent technology-specific use, embodied, and service multipliers; equal relative half-width for active blocks.","Deterministic set-bounded numerical certificate, not a probability, confidence interval, or physical validation."
BA,Nevada Power Company,NEVP,430.505424037978,Two-phase,all four equal-width,One-phase,1.3165347808027696,False,"Shared nonnegative grid multiplier; independent technology-specific use, embodied, and service multipliers; equal relative half-width for active blocks.","Deterministic set-bounded numerical certificate, not a probability, confidence interval, or physical validation."
BA,New York Independent System Operator,NYIS,238.89728981608397,Two-phase,grid only,none below 100%,,True,"Shared nonnegative grid multiplier; independent technology-specific use, embodied, and service multipliers; equal relative half-width for active blocks.","Deterministic set-bounded numerical certificate, not a probability, confidence interval, or physical validation."
BA,New York Independent System Operator,NYIS,238.89728981608397,Two-phase,use phase only,One-phase,3.4020773119519574,False,"Shared nonnegative grid multiplier; independent technology-specific use, embodied, and service multipliers; equal relative half-width for active blocks.","Deterministic set-bounded numerical certificate, not a probability, confidence interval, or physical validation."
BA,New York Independent System Operator,NYIS,238.89728981608397,Two-phase,embodied only,One-phase,14.226204052572585,False,"Shared nonnegative grid multiplier; independent technology-specific use, embodied, and service multipliers; equal relative half-width for active blocks.","Deterministic set-bounded numerical certificate, not a probability, confidence interval, or physical validation."
BA,New York Independent System Operator,NYIS,238.89728981608397,Two-phase,service equivalence only,One-phase,2.745511320227412,False,"Shared nonnegative grid multiplier; independent technology-specific use, embodied, and service multipliers; equal relative half-width for active blocks.","Deterministic set-bounded numerical certificate, not a probability, confidence interval, or physical validation."
BA,New York Independent System Operator,NYIS,238.89728981608397,Two-phase,all four equal-width,One-phase,1.3714689075001398,False,"Shared nonnegative grid multiplier; independent technology-specific use, embodied, and service multipliers; equal relative half-width for active blocks.","Deterministic set-bounded numerical certificate, not a probability, confidence interval, or physical validation."
BA,NorthWestern Corporation,NWMT,737.2774036547537,Two-phase,grid only,none below 100%,,True,"Shared nonnegative grid multiplier; independent technology-specific use, embodied, and service multipliers; equal relative half-width for active blocks.","Deterministic set-bounded numerical certificate, not a probability, confidence interval, or physical validation."
BA,NorthWestern Corporation,NWMT,737.2774036547537,Two-phase,use phase only,One-phase,2.767500687751118,False,"Shared nonnegative grid multiplier; independent technology-specific use, embodied, and service multipliers; equal relative half-width for active blocks.","Deterministic set-bounded numerical certificate, not a probability, confidence interval, or physical validation."
BA,NorthWestern Corporation,NWMT,737.2774036547537,Two-phase,embodied only,One-phase,35.6942197897969,False,"Shared nonnegative grid multiplier; independent technology-specific use, embodied, and service multipliers; equal relative half-width for active blocks.","Deterministic set-bounded numerical certificate, not a probability, confidence interval, or physical validation."
BA,NorthWestern Corporation,NWMT,737.2774036547537,Two-phase,service equivalence only,One-phase,2.568366068664746,False,"Shared nonnegative grid multiplier; independent technology-specific use, embodied, and service multipliers; equal relative half-width for active blocks.","Deterministic set-bounded numerical certificate, not a probability, confidence interval, or physical validation."
BA,NorthWestern Corporation,NWMT,737.2774036547537,Two-phase,all four equal-width,One-phase,1.2837747902850916,False,"Shared nonnegative grid multiplier; independent technology-specific use, embodied, and service multipliers; equal relative half-width for active blocks.","Deterministic set-bounded numerical certificate, not a probability, confidence interval, or physical validation."
BA,"PJM Interconnection, LLC",PJM,402.3069833306786,Two-phase,grid only,none below 100%,,True,"Shared nonnegative grid multiplier; independent technology-specific use, embodied, and service multipliers; equal relative half-width for active blocks.","Deterministic set-bounded numerical certificate, not a probability, confidence interval, or physical validation."
BA,"PJM Interconnection, LLC",PJM,402.3069833306786,Two-phase,use phase only,One-phase,3.0208596793151243,False,"Shared nonnegative grid multiplier; independent technology-specific use, embodied, and service multipliers; equal relative half-width for active blocks.","Deterministic set-bounded numerical certificate, not a probability, confidence interval, or physical validation."
BA,"PJM Interconnection, LLC",PJM,402.3069833306786,Two-phase,embodied only,One-phase,21.26517245154426,False,"Shared nonnegative grid multiplier; independent technology-specific use, embodied, and service multipliers; equal relative half-width for active blocks.","Deterministic set-bounded numerical certificate, not a probability, confidence interval, or physical validation."
BA,"PJM Interconnection, LLC",PJM,402.3069833306786,Two-phase,service equivalence only,One-phase,2.645104877009808,False,"Shared nonnegative grid multiplier; independent technology-specific use, embodied, and service multipliers; equal relative half-width for active blocks.","Deterministic set-bounded numerical certificate, not a probability, confidence interval, or physical validation."
BA,"PJM Interconnection, LLC",PJM,402.3069833306786,Two-phase,all four equal-width,One-phase,1.3217424210606346,False,"Shared nonnegative grid multiplier; independent technology-specific use, embodied, and service multipliers; equal relative half-width for active blocks.","Deterministic set-bounded numerical certificate, not a probability, confidence interval, or physical validation."
BA,PUD No. 1 of Douglas County,DOPD,0.9210698640687016,Two-phase,grid only,none below 100%,,True,"Shared nonnegative grid multiplier; independent technology-specific use, embodied, and service multipliers; equal relative half-width for active blocks.","Deterministic set-bounded numerical certificate, not a probability, confidence interval, or physical validation."
BA,PUD No. 1 of Douglas County,DOPD,0.9210698640687016,Two-phase,use phase only,none below 100%,,True,"Shared nonnegative grid multiplier; independent technology-specific use, embodied, and service multipliers; equal relative half-width for active blocks.","Deterministic set-bounded numerical certificate, not a probability, confidence interval, or physical validation."
BA,PUD No. 1 of Douglas County,DOPD,0.9210698640687016,Two-phase,embodied only,Cold plate,2.2914914892207707,False,"Shared nonnegative grid multiplier; independent technology-specific use, embodied, and service multipliers; equal relative half-width for active blocks.","Deterministic set-bounded numerical certificate, not a probability, confidence interval, or physical validation."
BA,PUD No. 1 of Douglas County,DOPD,0.9210698640687016,Two-phase,service equivalence only,Cold plate,2.2459266756825915,False,"Shared nonnegative grid multiplier; independent technology-specific use, embodied, and service multipliers; equal relative half-width for active blocks.","Deterministic set-bounded numerical certificate, not a probability, confidence interval, or physical validation."
BA,PUD No. 1 of Douglas County,DOPD,0.9210698640687016,Two-phase,all four equal-width,Cold plate,1.1229945778991781,False,"Shared nonnegative grid multiplier; independent technology-specific use, embodied, and service multipliers; equal relative half-width for active blocks.","Deterministic set-bounded numerical certificate, not a probability, confidence interval, or physical validation."
BA,PacifiCorp East,PACE,747.1893611076588,Two-phase,grid only,none below 100%,,True,"Shared nonnegative grid multiplier; independent technology-specific use, embodied, and service multipliers; equal relative half-width for active blocks.","Deterministic set-bounded numerical certificate, not a probability, confidence interval, or physical validation."
BA,PacifiCorp East,PACE,747.1893611076588,Two-phase,use phase only,One-phase,2.763463124345822,False,"Shared nonnegative grid multiplier; independent technology-specific use, embodied, and service multipliers; equal relative half-width for active blocks.","Deterministic set-bounded numerical certificate, not a probability, confidence interval, or physical validation."
BA,PacifiCorp East,PACE,747.1893611076588,Two-phase,embodied only,One-phase,36.1211831711138,False,"Shared nonnegative grid multiplier; independent technology-specific use, embodied, and service multipliers; equal relative half-width for active blocks.","Deterministic set-bounded numerical certificate, not a probability, confidence interval, or physical validation."
BA,PacifiCorp East,PACE,747.1893611076588,Two-phase,service equivalence only,One-phase,2.567068681624335,False,"Shared nonnegative grid multiplier; independent technology-specific use, embodied, and service multipliers; equal relative half-width for active blocks.","Deterministic set-bounded numerical certificate, not a probability, confidence interval, or physical validation."
BA,PacifiCorp East,PACE,747.1893611076588,Two-phase,all four equal-width,One-phase,1.283133137761222,False,"Shared nonnegative grid multiplier; independent technology-specific use, embodied, and service multipliers; equal relative half-width for active blocks.","Deterministic set-bounded numerical certificate, not a probability, confidence interval, or physical validation."
BA,PacifiCorp West,PACW,125.87656479882322,Two-phase,grid only,none below 100%,,True,"Shared nonnegative grid multiplier; independent technology-specific use, embodied, and service multipliers; equal relative half-width for active blocks.","Deterministic set-bounded numerical certificate, not a probability, confidence interval, or physical validation."
BA,PacifiCorp West,PACW,125.87656479882322,Two-phase,use phase only,One-phase,4.243812371471584,False,"Shared nonnegative grid multiplier; independent technology-specific use, embodied, and service multipliers; equal relative half-width for active blocks.","Deterministic set-bounded numerical certificate, not a probability, confidence interval, or physical validation."
BA,PacifiCorp West,PACW,125.87656479882322,Two-phase,embodied only,One-phase,9.357770028159418,False,"Shared nonnegative grid multiplier; independent technology-specific use, embodied, and service multipliers; equal relative half-width for active blocks.","Deterministic set-bounded numerical certificate, not a probability, confidence interval, or physical validation."
BA,PacifiCorp West,PACW,125.87656479882322,Two-phase,service equivalence only,One-phase,2.9197058877477593,False,"Shared nonnegative grid multiplier; independent technology-specific use, embodied, and service multipliers; equal relative half-width for active blocks.","Deterministic set-bounded numerical certificate, not a probability, confidence interval, or physical validation."
BA,PacifiCorp West,PACW,125.87656479882322,Two-phase,all four equal-width,One-phase,1.4578990227666402,False,"Shared nonnegative grid multiplier; independent technology-specific use, embodied, and service multipliers; equal relative half-width for active blocks.","Deterministic set-bounded numerical certificate, not a probability, confidence interval, or physical validation."
BA,Portland General Electric Company,PGE,302.9681658917514,Two-phase,grid only,none below 100%,,True,"Shared nonnegative grid multiplier; independent technology-specific use, embodied, and service multipliers; equal relative half-width for active blocks.","Deterministic set-bounded numerical certificate, not a probability, confidence interval, or physical validation."
BA,Portland General Electric Company,PGE,302.9681658917514,Two-phase,use phase only,One-phase,3.203630957045739,False,"Shared nonnegative grid multiplier; independent technology-specific use, embodied, and service multipliers; equal relative half-width for active blocks.","Deterministic set-bounded numerical certificate, not a probability, confidence interval, or physical validation."
BA,Portland General Electric Company,PGE,302.9681658917514,Two-phase,embodied only,One-phase,16.986094621431512,False,"Shared nonnegative grid multiplier; independent technology-specific use, embodied, and service multipliers; equal relative half-width for active blocks.","Deterministic set-bounded numerical certificate, not a probability, confidence interval, or physical validation."
BA,Portland General Electric Company,PGE,302.9681658917514,Two-phase,service equivalence only,One-phase,2.6952906495438635,False,"Shared nonnegative grid multiplier; independent technology-specific use, embodied, and service multipliers; equal relative half-width for active blocks.","Deterministic set-bounded numerical certificate, not a probability, confidence interval, or physical validation."
BA,Portland General Electric Company,PGE,302.9681658917514,Two-phase,all four equal-width,One-phase,1.3465895496898805,False,"Shared nonnegative grid multiplier; independent technology-specific use, embodied, and service multipliers; equal relative half-width for active blocks.","Deterministic set-bounded numerical certificate, not a probability, confidence interval, or physical validation."
BA,Public Service Company of Colorado,PSCO,435.72208674979794,Two-phase,grid only,none below 100%,,True,"Shared nonnegative grid multiplier; independent technology-specific use, embodied, and service multipliers; equal relative half-width for active blocks.","Deterministic set-bounded numerical certificate, not a probability, confidence interval, or physical validation."
BA,Public Service Company of Colorado,PSCO,435.72208674979794,Two-phase,use phase only,One-phase,2.978102444692266,False,"Shared nonnegative grid multiplier; independent technology-specific use, embodied, and service multipliers; equal relative half-width for active blocks.","Deterministic set-bounded numerical certificate, not a probability, confidence interval, or physical validation."
BA,Public Service Company of Colorado,PSCO,435.72208674979794,Two-phase,embodied only,One-phase,22.704547631539608,False,"Shared nonnegative grid multiplier; independent technology-specific use, embodied, and service multipliers; equal relative half-width for active blocks.","Deterministic set-bounded numerical certificate, not a probability, confidence interval, or physical validation."
BA,Public Service Company of Colorado,PSCO,435.72208674979794,Two-phase,service equivalence only,One-phase,2.6327683711150964,False,"Shared nonnegative grid multiplier; independent technology-specific use, embodied, and service multipliers; equal relative half-width for active blocks.","Deterministic set-bounded numerical certificate, not a probability, confidence interval, or physical validation."
BA,Public Service Company of Colorado,PSCO,435.72208674979794,Two-phase,all four equal-width,One-phase,1.3156367204936514,False,"Shared nonnegative grid multiplier; independent technology-specific use, embodied, and service multipliers; equal relative half-width for active blocks.","Deterministic set-bounded numerical certificate, not a probability, confidence interval, or physical validation."
BA,Public Service Company of New Mexico,PNM,267.2833621097521,Two-phase,grid only,none below 100%,,True,"Shared nonnegative grid multiplier; independent technology-specific use, embodied, and service multipliers; equal relative half-width for active blocks.","Deterministic set-bounded numerical certificate, not a probability, confidence interval, or physical validation."
BA,Public Service Company of New Mexico,PNM,267.2833621097521,Two-phase,use phase only,One-phase,3.302428247251011,False,"Shared nonnegative grid multiplier; independent technology-specific use, embodied, and service multipliers; equal relative half-width for active blocks.","Deterministic set-bounded numerical certificate, not a probability, confidence interval, or physical validation."
BA,Public Service Company of New Mexico,PNM,267.2833621097521,Two-phase,embodied only,One-phase,15.448950766972406,False,"Shared nonnegative grid multiplier; independent technology-specific use, embodied, and service multipliers; equal relative half-width for active blocks.","Deterministic set-bounded numerical certificate, not a probability, confidence interval, or physical validation."
BA,Public Service Company of New Mexico,PNM,267.2833621097521,Two-phase,service equivalence only,One-phase,2.720815965830609,False,"Shared nonnegative grid multiplier; independent technology-specific use, embodied, and service multipliers; equal relative half-width for active blocks.","Deterministic set-bounded numerical certificate, not a probability, confidence interval, or physical validation."
BA,Public Service Company of New Mexico,PNM,267.2833621097521,Two-phase,all four equal-width,One-phase,1.3592328612795748,False,"Shared nonnegative grid multiplier; independent technology-specific use, embodied, and service multipliers; equal relative half-width for active blocks.","Deterministic set-bounded numerical certificate, not a probability, confidence interval, or physical validation."
BA,Public Utility District No. 1 of Chelan County,CHPD,2.0134360773276714,Two-phase,grid only,none below 100%,,True,"Shared nonnegative grid multiplier; independent technology-specific use, embodied, and service multipliers; equal relative half-width for active blocks.","Deterministic set-bounded numerical certificate, not a probability, confidence interval, or physical validation."
BA,Public Utility District No. 1 of Chelan County,CHPD,2.0134360773276714,Two-phase,use phase only,Cold plate,59.086671029548675,False,"Shared nonnegative grid multiplier; independent technology-specific use, embodied, and service multipliers; equal relative half-width for active blocks.","Deterministic set-bounded numerical certificate, not a probability, confidence interval, or physical validation."
BA,Public Utility District No. 1 of Chelan County,CHPD,2.0134360773276714,Two-phase,embodied only,Cold plate,2.3593881800702325,False,"Shared nonnegative grid multiplier; independent technology-specific use, embodied, and service multipliers; equal relative half-width for active blocks.","Deterministic set-bounded numerical certificate, not a probability, confidence interval, or physical validation."
BA,Public Utility District No. 1 of Chelan County,CHPD,2.0134360773276714,Two-phase,service equivalence only,Cold plate,2.2687930685877324,False,"Shared nonnegative grid multiplier; independent technology-specific use, embodied, and service multipliers; equal relative half-width for active blocks.","Deterministic set-bounded numerical certificate, not a probability, confidence interval, or physical validation."
BA,Public Utility District No. 1 of Chelan County,CHPD,2.0134360773276714,Two-phase,all four equal-width,Cold plate,1.1343078455773425,False,"Shared nonnegative grid multiplier; independent technology-specific use, embodied, and service multipliers; equal relative half-width for active blocks.","Deterministic set-bounded numerical certificate, not a probability, confidence interval, or physical validation."
BA,"Public Utility District No. 2 of Grant County, Washington",GCPD,58.88396311445999,Two-phase,grid only,none below 100%,,True,"Shared nonnegative grid multiplier; independent technology-specific use, embodied, and service multipliers; equal relative half-width for active blocks.","Deterministic set-bounded numerical certificate, not a probability, confidence interval, or physical validation."
BA,"Public Utility District No. 2 of Grant County, Washington",GCPD,58.88396311445999,Two-phase,use phase only,Cold plate,5.54701376755184,False,"Shared nonnegative grid multiplier; independent technology-specific use, embodied, and service multipliers; equal relative half-width for active blocks.","Deterministic set-bounded numerical certificate, not a probability, confidence interval, or physical validation."
BA,"Public Utility District No. 2 of Grant County, Washington",GCPD,58.88396311445999,Two-phase,embodied only,Cold plate,5.894210610330703,False,"Shared nonnegative grid multiplier; independent technology-specific use, embodied, and service multipliers; equal relative half-width for active blocks.","Deterministic set-bounded numerical certificate, not a probability, confidence interval, or physical validation."
BA,"Public Utility District No. 2 of Grant County, Washington",GCPD,58.88396311445999,Two-phase,service equivalence only,Cold plate,2.8576720746390616,False,"Shared nonnegative grid multiplier; independent technology-specific use, embodied, and service multipliers; equal relative half-width for active blocks.","Deterministic set-bounded numerical certificate, not a probability, confidence interval, or physical validation."
BA,"Public Utility District No. 2 of Grant County, Washington",GCPD,58.88396311445999,Two-phase,all four equal-width,Cold plate,1.4269170376771334,False,"Shared nonnegative grid multiplier; independent technology-specific use, embodied, and service multipliers; equal relative half-width for active blocks.","Deterministic set-bounded numerical certificate, not a probability, confidence interval, or physical validation."
BA,"Puget Sound Energy, Inc.",PSEI,325.50560135087255,Two-phase,grid only,none below 100%,,True,"Shared nonnegative grid multiplier; independent technology-specific use, embodied, and service multipliers; equal relative half-width for active blocks.","Deterministic set-bounded numerical certificate, not a probability, confidence interval, or physical validation."
BA,"Puget Sound Energy, Inc.",PSEI,325.50560135087255,Two-phase,use phase only,One-phase,3.1523873332687753,False,"Shared nonnegative grid multiplier; independent technology-specific use, embodied, and service multipliers; equal relative half-width for active blocks.","Deterministic set-bounded numerical certificate, not a probability, confidence interval, or physical validation."
BA,"Puget Sound Energy, Inc.",PSEI,325.50560135087255,Two-phase,embodied only,One-phase,17.95690787356233,False,"Shared nonnegative grid multiplier; independent technology-specific use, embodied, and service multipliers; equal relative half-width for active blocks.","Deterministic set-bounded numerical certificate, not a probability, confidence interval, or physical validation."
BA,"Puget Sound Energy, Inc.",PSEI,325.50560135087255,Two-phase,service equivalence only,One-phase,2.6816209812146443,False,"Shared nonnegative grid multiplier; independent technology-specific use, embodied, and service multipliers; equal relative half-width for active blocks.","Deterministic set-bounded numerical certificate, not a probability, confidence interval, or physical validation."
BA,"Puget Sound Energy, Inc.",PSEI,325.50560135087255,Two-phase,all four equal-width,One-phase,1.3398202288431083,False,"Shared nonnegative grid multiplier; independent technology-specific use, embodied, and service multipliers; equal relative half-width for active blocks.","Deterministic set-bounded numerical certificate, not a probability, confidence interval, or physical validation."
BA,Salt River Project Agricultural Improvement and Power District,SRP,319.56545859668586,Two-phase,grid only,none below 100%,,True,"Shared nonnegative grid multiplier; independent technology-specific use, embodied, and service multipliers; equal relative half-width for active blocks.","Deterministic set-bounded numerical certificate, not a probability, confidence interval, or physical validation."
BA,Salt River Project Agricultural Improvement and Power District,SRP,319.56545859668586,Two-phase,use phase only,One-phase,3.1651924870463812,False,"Shared nonnegative grid multiplier; independent technology-specific use, embodied, and service multipliers; equal relative half-width for active blocks.","Deterministic set-bounded numerical certificate, not a probability, confidence interval, or physical validation."
BA,Salt River Project Agricultural Improvement and Power District,SRP,319.56545859668586,Two-phase,embodied only,One-phase,17.701032740130547,False,"Shared nonnegative grid multiplier; independent technology-specific use, embodied, and service multipliers; equal relative half-width for active blocks.","Deterministic set-bounded numerical certificate, not a probability, confidence interval, or physical validation."
BA,Salt River Project Agricultural Improvement and Power District,SRP,319.56545859668586,Two-phase,service equivalence only,One-phase,2.685065230152478,False,"Shared nonnegative grid multiplier; independent technology-specific use, embodied, and service multipliers; equal relative half-width for active blocks.","Deterministic set-bounded numerical certificate, not a probability, confidence interval, or physical validation."
BA,Salt River Project Agricultural Improvement and Power District,SRP,319.56545859668586,Two-phase,all four equal-width,One-phase,1.3415257433806729,False,"Shared nonnegative grid multiplier; independent technology-specific use, embodied, and service multipliers; equal relative half-width for active blocks.","Deterministic set-bounded numerical certificate, not a probability, confidence interval, or physical validation."
BA,Seattle City Light,SCL,76.61670712206625,Two-phase,grid only,none below 100%,,True,"Shared nonnegative grid multiplier; independent technology-specific use, embodied, and service multipliers; equal relative half-width for active blocks.","Deterministic set-bounded numerical certificate, not a probability, confidence interval, or physical validation."
BA,Seattle City Light,SCL,76.61670712206625,Two-phase,use phase only,Cold plate,5.064473240436701,False,"Shared nonnegative grid multiplier; independent technology-specific use, embodied, and service multipliers; equal relative half-width for active blocks.","Deterministic set-bounded numerical certificate, not a probability, confidence interval, or physical validation."
BA,Seattle City Light,SCL,76.61670712206625,Two-phase,embodied only,Cold plate,6.996400172021006,False,"Shared nonnegative grid multiplier; independent technology-specific use, embodied, and service multipliers; equal relative half-width for active blocks.","Deterministic set-bounded numerical certificate, not a probability, confidence interval, or physical validation."
BA,Seattle City Light,SCL,76.61670712206625,Two-phase,service equivalence only,Cold plate,2.9378536892683385,False,"Shared nonnegative grid multiplier; independent technology-specific use, embodied, and service multipliers; equal relative half-width for active blocks.","Deterministic set-bounded numerical certificate, not a probability, confidence interval, or physical validation."
BA,Seattle City Light,SCL,76.61670712206625,Two-phase,all four equal-width,Cold plate,1.4670227756029,False,"Shared nonnegative grid multiplier; independent technology-specific use, embodied, and service multipliers; equal relative half-width for active blocks.","Deterministic set-bounded numerical certificate, not a probability, confidence interval, or physical validation."
BA,Seminole Electric Cooperative,SEC,689.7021954188502,Two-phase,grid only,none below 100%,,True,"Shared nonnegative grid multiplier; independent technology-specific use, embodied, and service multipliers; equal relative half-width for active blocks.","Deterministic set-bounded numerical certificate, not a probability, confidence interval, or physical validation."
BA,Seminole Electric Cooperative,SEC,689.7021954188502,Two-phase,use phase only,One-phase,2.788494903841621,False,"Shared nonnegative grid multiplier; independent technology-specific use, embodied, and service multipliers; equal relative half-width for active blocks.","Deterministic set-bounded numerical certificate, not a probability, confidence interval, or physical validation."
BA,Seminole Electric Cooperative,SEC,689.7021954188502,Two-phase,embodied only,One-phase,33.64488978896,False,"Shared nonnegative grid multiplier; independent technology-specific use, embodied, and service multipliers; equal relative half-width for active blocks.","Deterministic set-bounded numerical certificate, not a probability, confidence interval, or physical validation."
BA,Seminole Electric Cooperative,SEC,689.7021954188502,Two-phase,service equivalence only,One-phase,2.5750724097660997,False,"Shared nonnegative grid multiplier; independent technology-specific use, embodied, and service multipliers; equal relative half-width for active blocks.","Deterministic set-bounded numerical certificate, not a probability, confidence interval, or physical validation."
BA,Seminole Electric Cooperative,SEC,689.7021954188502,Two-phase,all four equal-width,One-phase,1.2870916905393937,False,"Shared nonnegative grid multiplier; independent technology-specific use, embodied, and service multipliers; equal relative half-width for active blocks.","Deterministic set-bounded numerical certificate, not a probability, confidence interval, or physical validation."
BA,South Carolina Public Service Authority,SC,781.7710741666726,Two-phase,grid only,none below 100%,,True,"Shared nonnegative grid multiplier; independent technology-specific use, embodied, and service multipliers; equal relative half-width for active blocks.","Deterministic set-bounded numerical certificate, not a probability, confidence interval, or physical validation."
BA,South Carolina Public Service Authority,SC,781.7710741666726,Two-phase,use phase only,One-phase,2.7501780283124004,False,"Shared nonnegative grid multiplier; independent technology-specific use, embodied, and service multipliers; equal relative half-width for active blocks.","Deterministic set-bounded numerical certificate, not a probability, confidence interval, or physical validation."
BA,South Carolina Public Service Authority,SC,781.7710741666726,Two-phase,embodied only,One-phase,37.61081074564315,False,"Shared nonnegative grid multiplier; independent technology-specific use, embodied, and service multipliers; equal relative half-width for active blocks.","Deterministic set-bounded numerical certificate, not a probability, confidence interval, or physical validation."
BA,South Carolina Public Service Authority,SC,781.7710741666726,Two-phase,service equivalence only,One-phase,2.562782242996742,False,"Shared nonnegative grid multiplier; independent technology-specific use, embodied, and service multipliers; equal relative half-width for active blocks.","Deterministic set-bounded numerical certificate, not a probability, confidence interval, or physical validation."
BA,South Carolina Public Service Authority,SC,781.7710741666726,Two-phase,all four equal-width,One-phase,1.2810132366366245,False,"Shared nonnegative grid multiplier; independent technology-specific use, embodied, and service multipliers; equal relative half-width for active blocks.","Deterministic set-bounded numerical certificate, not a probability, confidence interval, or physical validation."
BA,Southeastern Power Administration,SEPA,123.27449122450241,Two-phase,grid only,none below 100%,,True,"Shared nonnegative grid multiplier; independent technology-specific use, embodied, and service multipliers; equal relative half-width for active blocks.","Deterministic set-bounded numerical certificate, not a probability, confidence interval, or physical validation."
BA,Southeastern Power Administration,SEPA,123.27449122450241,Two-phase,use phase only,One-phase,4.281337497963917,False,"Shared nonnegative grid multiplier; independent technology-specific use, embodied, and service multipliers; equal relative half-width for active blocks.","Deterministic set-bounded numerical certificate, not a probability, confidence interval, or physical validation."
BA,Southeastern Power Administration,SEPA,123.27449122450241,Two-phase,embodied only,One-phase,9.245684182653536,False,"Shared nonnegative grid multiplier; independent technology-specific use, embodied, and service multipliers; equal relative half-width for active blocks.","Deterministic set-bounded numerical certificate, not a probability, confidence interval, or physical validation."
BA,Southeastern Power Administration,SEPA,123.27449122450241,Two-phase,service equivalence only,One-phase,2.9262830592077185,False,"Shared nonnegative grid multiplier; independent technology-specific use, embodied, and service multipliers; equal relative half-width for active blocks.","Deterministic set-bounded numerical certificate, not a probability, confidence interval, or physical validation."
BA,Southeastern Power Administration,SEPA,123.27449122450241,Two-phase,all four equal-width,One-phase,1.4611669582250133,False,"Shared nonnegative grid multiplier; independent technology-specific use, embodied, and service multipliers; equal relative half-width for active blocks.","Deterministic set-bounded numerical certificate, not a probability, confidence interval, or physical validation."
BA,"Southern Company Services, Inc. - Trans",SOCO,475.4818419135107,Two-phase,grid only,none below 100%,,True,"Shared nonnegative grid multiplier; independent technology-specific use, embodied, and service multipliers; equal relative half-width for active blocks.","Deterministic set-bounded numerical certificate, not a probability, confidence interval, or physical validation."
BA,"Southern Company Services, Inc. - Trans",SOCO,475.4818419135107,Two-phase,use phase only,One-phase,2.935052903049468,False,"Shared nonnegative grid multiplier; independent technology-specific use, embodied, and service multipliers; equal relative half-width for active blocks.","Deterministic set-bounded numerical certificate, not a probability, confidence interval, or physical validation."
BA,"Southern Company Services, Inc. - Trans",SOCO,475.4818419135107,Two-phase,embodied only,One-phase,24.41722240700041,False,"Shared nonnegative grid multiplier; independent technology-specific use, embodied, and service multipliers; equal relative half-width for active blocks.","Deterministic set-bounded numerical certificate, not a probability, confidence interval, or physical validation."
BA,"Southern Company Services, Inc. - Trans",SOCO,475.4818419135107,Two-phase,service equivalence only,One-phase,2.620105226995112,False,"Shared nonnegative grid multiplier; independent technology-specific use, embodied, and service multipliers; equal relative half-width for active blocks.","Deterministic set-bounded numerical certificate, not a probability, confidence interval, or physical validation."
BA,"Southern Company Services, Inc. - Trans",SOCO,475.4818419135107,Two-phase,all four equal-width,One-phase,1.3093701959244588,False,"Shared nonnegative grid multiplier; independent technology-specific use, embodied, and service multipliers; equal relative half-width for active blocks.","Deterministic set-bounded numerical certificate, not a probability, confidence interval, or physical validation."
BA,Southwest Power Pool,SWPP,455.6312036543764,Two-phase,grid only,none below 100%,,True,"Shared nonnegative grid multiplier; independent technology-specific use, embodied, and service multipliers; equal relative half-width for active blocks.","Deterministic set-bounded numerical certificate, not a probability, confidence interval, or physical validation."
BA,Southwest Power Pool,SWPP,455.6312036543764,Two-phase,use phase only,One-phase,2.9556072857760074,False,"Shared nonnegative grid multiplier; independent technology-specific use, embodied, and service multipliers; equal relative half-width for active blocks.","Deterministic set-bounded numerical certificate, not a probability, confidence interval, or physical validation."
BA,Southwest Power Pool,SWPP,455.6312036543764,Two-phase,embodied only,One-phase,23.56214452024713,False,"Shared nonnegative grid multiplier; independent technology-specific use, embodied, and service multipliers; equal relative half-width for active blocks.","Deterministic set-bounded numerical certificate, not a probability, confidence interval, or physical validation."
BA,Southwest Power Pool,SWPP,455.6312036543764,Two-phase,service equivalence only,One-phase,2.626182133461702,False,"Shared nonnegative grid multiplier; independent technology-specific use, embodied, and service multipliers; equal relative half-width for active blocks.","Deterministic set-bounded numerical certificate, not a probability, confidence interval, or physical validation."
BA,Southwest Power Pool,SWPP,455.6312036543764,Two-phase,all four equal-width,One-phase,1.312377328775988,False,"Shared nonnegative grid multiplier; independent technology-specific use, embodied, and service multipliers; equal relative half-width for active blocks.","Deterministic set-bounded numerical certificate, not a probability, confidence interval, or physical validation."
BA,Southwestern Power Administration,SPA,289.9120187785068,Two-phase,grid only,none below 100%,,True,"Shared nonnegative grid multiplier; independent technology-specific use, embodied, and service multipliers; equal relative half-width for active blocks.","Deterministic set-bounded numerical certificate, not a probability, confidence interval, or physical validation."
BA,Southwestern Power Administration,SPA,289.9120187785068,Two-phase,use phase only,One-phase,3.2369589155032528,False,"Shared nonnegative grid multiplier; independent technology-specific use, embodied, and service multipliers; equal relative half-width for active blocks.","Deterministic set-bounded numerical certificate, not a probability, confidence interval, or physical validation."
BA,Southwestern Power Administration,SPA,289.9120187785068,Two-phase,embodied only,One-phase,16.423693426215696,False,"Shared nonnegative grid multiplier; independent technology-specific use, embodied, and service multipliers; equal relative half-width for active blocks.","Deterministic set-bounded numerical certificate, not a probability, confidence interval, or physical validation."
BA,Southwestern Power Administration,SPA,289.9120187785068,Two-phase,service equivalence only,One-phase,2.7040212062888815,False,"Shared nonnegative grid multiplier; independent technology-specific use, embodied, and service multipliers; equal relative half-width for active blocks.","Deterministic set-bounded numerical certificate, not a probability, confidence interval, or physical validation."
BA,Southwestern Power Administration,SPA,289.9120187785068,Two-phase,all four equal-width,One-phase,1.350913564166595,False,"Shared nonnegative grid multiplier; independent technology-specific use, embodied, and service multipliers; equal relative half-width for active blocks.","Deterministic set-bounded numerical certificate, not a probability, confidence interval, or physical validation."
BA,Tampa Electric Company,TEC,483.8696179603348,Two-phase,grid only,none below 100%,,True,"Shared nonnegative grid multiplier; independent technology-specific use, embodied, and service multipliers; equal relative half-width for active blocks.","Deterministic set-bounded numerical certificate, not a probability, confidence interval, or physical validation."
BA,Tampa Electric Company,TEC,483.8696179603348,Two-phase,use phase only,One-phase,2.9268744076730027,False,"Shared nonnegative grid multiplier; independent technology-specific use, embodied, and service multipliers; equal relative half-width for active blocks.","Deterministic set-bounded numerical certificate, not a probability, confidence interval, or physical validation."
BA,Tampa Electric Company,TEC,483.8696179603348,Two-phase,embodied only,One-phase,24.778530780215,False,"Shared nonnegative grid multiplier; independent technology-specific use, embodied, and service multipliers; equal relative half-width for active blocks.","Deterministic set-bounded numerical certificate, not a probability, confidence interval, or physical validation."
BA,Tampa Electric Company,TEC,483.8696179603348,Two-phase,service equivalence only,One-phase,2.6176714294023133,False,"Shared nonnegative grid multiplier; independent technology-specific use, embodied, and service multipliers; equal relative half-width for active blocks.","Deterministic set-bounded numerical certificate, not a probability, confidence interval, or physical validation."
BA,Tampa Electric Company,TEC,483.8696179603348,Two-phase,all four equal-width,One-phase,1.3081658946320354,False,"Shared nonnegative grid multiplier; independent technology-specific use, embodied, and service multipliers; equal relative half-width for active blocks.","Deterministic set-bounded numerical certificate, not a probability, confidence interval, or physical validation."
BA,Tennessee Valley Authority,TVA,346.692012633331,Two-phase,grid only,none below 100%,,True,"Shared nonnegative grid multiplier; independent technology-specific use, embodied, and service multipliers; equal relative half-width for active blocks.","Deterministic set-bounded numerical certificate, not a probability, confidence interval, or physical validation."
BA,Tennessee Valley Authority,TVA,346.692012633331,Two-phase,use phase only,One-phase,3.1102872143947358,False,"Shared nonnegative grid multiplier; independent technology-specific use, embodied, and service multipliers; equal relative half-width for active blocks.","Deterministic set-bounded numerical certificate, not a probability, confidence interval, or physical validation."
BA,Tennessee Valley Authority,TVA,346.692012633331,Two-phase,embodied only,One-phase,18.86952496681657,False,"Shared nonnegative grid multiplier; independent technology-specific use, embodied, and service multipliers; equal relative half-width for active blocks.","Deterministic set-bounded numerical certificate, not a probability, confidence interval, or physical validation."
BA,Tennessee Valley Authority,TVA,346.692012633331,Two-phase,service equivalence only,One-phase,2.670161226225615,False,"Shared nonnegative grid multiplier; independent technology-specific use, embodied, and service multipliers; equal relative half-width for active blocks.","Deterministic set-bounded numerical certificate, not a probability, confidence interval, or physical validation."
BA,Tennessee Valley Authority,TVA,346.692012633331,Two-phase,all four equal-width,One-phase,1.3341461084913742,False,"Shared nonnegative grid multiplier; independent technology-specific use, embodied, and service multipliers; equal relative half-width for active blocks.","Deterministic set-bounded numerical certificate, not a probability, confidence interval, or physical validation."
BA,Tucson Electric Power,TEPC,690.8765446066819,Two-phase,grid only,none below 100%,,True,"Shared nonnegative grid multiplier; independent technology-specific use, embodied, and service multipliers; equal relative half-width for active blocks.","Deterministic set-bounded numerical certificate, not a probability, confidence interval, or physical validation."
BA,Tucson Electric Power,TEPC,690.8765446066819,Two-phase,use phase only,One-phase,2.787941886819151,False,"Shared nonnegative grid multiplier; independent technology-specific use, embodied, and service multipliers; equal relative half-width for active blocks.","Deterministic set-bounded numerical certificate, not a probability, confidence interval, or physical validation."
BA,Tucson Electric Power,TEPC,690.8765446066819,Two-phase,embodied only,One-phase,33.69547556906109,False,"Shared nonnegative grid multiplier; independent technology-specific use, embodied, and service multipliers; equal relative half-width for active blocks.","Deterministic set-bounded numerical certificate, not a probability, confidence interval, or physical validation."
BA,Tucson Electric Power,TEPC,690.8765446066819,Two-phase,service equivalence only,One-phase,2.5748966047076163,False,"Shared nonnegative grid multiplier; independent technology-specific use, embodied, and service multipliers; equal relative half-width for active blocks.","Deterministic set-bounded numerical certificate, not a probability, confidence interval, or physical validation."
BA,Tucson Electric Power,TEPC,690.8765446066819,Two-phase,all four equal-width,One-phase,1.2870047361293657,False,"Shared nonnegative grid multiplier; independent technology-specific use, embodied, and service multipliers; equal relative half-width for active blocks.","Deterministic set-bounded numerical certificate, not a probability, confidence interval, or physical validation."
BA,Turlock Irrigation District,TIDC,398.052562381381,Two-phase,grid only,none below 100%,,True,"Shared nonnegative grid multiplier; independent technology-specific use, embodied, and service multipliers; equal relative half-width for active blocks.","Deterministic set-bounded numerical certificate, not a probability, confidence interval, or physical validation."
BA,Turlock Irrigation District,TIDC,398.052562381381,Two-phase,use phase only,One-phase,3.026818452848901,False,"Shared nonnegative grid multiplier; independent technology-specific use, embodied, and service multipliers; equal relative half-width for active blocks.","Deterministic set-bounded numerical certificate, not a probability, confidence interval, or physical validation."
BA,Turlock Irrigation District,TIDC,398.052562381381,Two-phase,embodied only,One-phase,21.08191077364777,False,"Shared nonnegative grid multiplier; independent technology-specific use, embodied, and service multipliers; equal relative half-width for active blocks.","Deterministic set-bounded numerical certificate, not a probability, confidence interval, or physical validation."
BA,Turlock Irrigation District,TIDC,398.052562381381,Two-phase,service equivalence only,One-phase,2.6468054766179643,False,"Shared nonnegative grid multiplier; independent technology-specific use, embodied, and service multipliers; equal relative half-width for active blocks.","Deterministic set-bounded numerical certificate, not a probability, confidence interval, or physical validation."
BA,Turlock Irrigation District,TIDC,398.052562381381,Two-phase,all four equal-width,One-phase,1.3225841622808712,False,"Shared nonnegative grid multiplier; independent technology-specific use, embodied, and service multipliers; equal relative half-width for active blocks.","Deterministic set-bounded numerical certificate, not a probability, confidence interval, or physical validation."
BA,Western Area Power Administration - Desert Southwest Region,WALC,441.4932771095297,Two-phase,grid only,none below 100%,,True,"Shared nonnegative grid multiplier; independent technology-specific use, embodied, and service multipliers; equal relative half-width for active blocks.","Deterministic set-bounded numerical certificate, not a probability, confidence interval, or physical validation."
BA,Western Area Power Administration - Desert Southwest Region,WALC,441.4932771095297,Two-phase,use phase only,One-phase,2.9713729026169147,False,"Shared nonnegative grid multiplier; independent technology-specific use, embodied, and service multipliers; equal relative half-width for active blocks.","Deterministic set-bounded numerical certificate, not a probability, confidence interval, or physical validation."
BA,Western Area Power Administration - Desert Southwest Region,WALC,441.4932771095297,Two-phase,embodied only,One-phase,22.95314504147824,False,"Shared nonnegative grid multiplier; independent technology-specific use, embodied, and service multipliers; equal relative half-width for active blocks.","Deterministic set-bounded numerical certificate, not a probability, confidence interval, or physical validation."
BA,Western Area Power Administration - Desert Southwest Region,WALC,441.4932771095297,Two-phase,service equivalence only,One-phase,2.6308050685130926,False,"Shared nonnegative grid multiplier; independent technology-specific use, embodied, and service multipliers; equal relative half-width for active blocks.","Deterministic set-bounded numerical certificate, not a probability, confidence interval, or physical validation."
BA,Western Area Power Administration - Desert Southwest Region,WALC,441.4932771095297,Two-phase,all four equal-width,One-phase,1.3146650990369326,False,"Shared nonnegative grid multiplier; independent technology-specific use, embodied, and service multipliers; equal relative half-width for active blocks.","Deterministic set-bounded numerical certificate, not a probability, confidence interval, or physical validation."
BA,Western Area Power Administration - Rocky Mountain Region,WACM,881.1488943710526,Two-phase,grid only,none below 100%,,True,"Shared nonnegative grid multiplier; independent technology-specific use, embodied, and service multipliers; equal relative half-width for active blocks.","Deterministic set-bounded numerical certificate, not a probability, confidence interval, or physical validation."
BA,Western Area Power Administration - Rocky Mountain Region,WACM,881.1488943710526,Two-phase,use phase only,One-phase,2.717803210007791,False,"Shared nonnegative grid multiplier; independent technology-specific use, embodied, and service multipliers; equal relative half-width for active blocks.","Deterministic set-bounded numerical certificate, not a probability, confidence interval, or physical validation."
BA,Western Area Power Administration - Rocky Mountain Region,WACM,881.1488943710526,Two-phase,embodied only,One-phase,41.89156864275549,False,"Shared nonnegative grid multiplier; independent technology-specific use, embodied, and service multipliers; equal relative half-width for active blocks.","Deterministic set-bounded numerical certificate, not a probability, confidence interval, or physical validation."
BA,Western Area Power Administration - Rocky Mountain Region,WACM,881.1488943710526,Two-phase,service equivalence only,One-phase,2.552222436696117,False,"Shared nonnegative grid multiplier; independent technology-specific use, embodied, and service multipliers; equal relative half-width for active blocks.","Deterministic set-bounded numerical certificate, not a probability, confidence interval, or physical validation."
BA,Western Area Power Administration - Rocky Mountain Region,WACM,881.1488943710526,Two-phase,all four equal-width,One-phase,1.2757911376047484,False,"Shared nonnegative grid multiplier; independent technology-specific use, embodied, and service multipliers; equal relative half-width for active blocks.","Deterministic set-bounded numerical certificate, not a probability, confidence interval, or physical validation."
BA,Western Area Power Administration - Upper Great Plains West,WAUW,145.86919963139408,Two-phase,grid only,none below 100%,,True,"Shared nonnegative grid multiplier; independent technology-specific use, embodied, and service multipliers; equal relative half-width for active blocks.","Deterministic set-bounded numerical certificate, not a probability, confidence interval, or physical validation."
BA,Western Area Power Administration - Upper Great Plains West,WAUW,145.86919963139408,Two-phase,use phase only,One-phase,4.000090162196563,False,"Shared nonnegative grid multiplier; independent technology-specific use, embodied, and service multipliers; equal relative half-width for active blocks.","Deterministic set-bounded numerical certificate, not a probability, confidence interval, or physical validation."
BA,Western Area Power Administration - Upper Great Plains West,WAUW,145.86919963139408,Two-phase,embodied only,One-phase,10.2189645006041,False,"Shared nonnegative grid multiplier; independent technology-specific use, embodied, and service multipliers; equal relative half-width for active blocks.","Deterministic set-bounded numerical certificate, not a probability, confidence interval, or physical validation."
BA,Western Area Power Administration - Upper Great Plains West,WAUW,145.86919963139408,Two-phase,service equivalence only,One-phase,2.874788819375074,False,"Shared nonnegative grid multiplier; independent technology-specific use, embodied, and service multipliers; equal relative half-width for active blocks.","Deterministic set-bounded numerical certificate, not a probability, confidence interval, or physical validation."
BA,Western Area Power Administration - Upper Great Plains West,WAUW,145.86919963139408,Two-phase,all four equal-width,One-phase,1.435590854853103,False,"Shared nonnegative grid multiplier; independent technology-specific use, embodied, and service multipliers; equal relative half-width for active blocks.","Deterministic set-bounded numerical certificate, not a probability, confidence interval, or physical validation."
FERC,CAISO,CAISO,288.8345630774139,Two-phase,grid only,none below 100%,,True,"Shared nonnegative grid multiplier; independent technology-specific use, embodied, and service multipliers; equal relative half-width for active blocks.","Deterministic set-bounded numerical certificate, not a probability, confidence interval, or physical validation."
FERC,CAISO,CAISO,288.8345630774139,Two-phase,use phase only,One-phase,3.2398437866277283,False,"Shared nonnegative grid multiplier; independent technology-specific use, embodied, and service multipliers; equal relative half-width for active blocks.","Deterministic set-bounded numerical certificate, not a probability, confidence interval, or physical validation."
FERC,CAISO,CAISO,288.8345630774139,Two-phase,embodied only,One-phase,16.377281389890573,False,"Shared nonnegative grid multiplier; independent technology-specific use, embodied, and service multipliers; equal relative half-width for active blocks.","Deterministic set-bounded numerical certificate, not a probability, confidence interval, or physical validation."
FERC,CAISO,CAISO,288.8345630774139,Two-phase,service equivalence only,One-phase,2.7047711056257806,False,"Shared nonnegative grid multiplier; independent technology-specific use, embodied, and service multipliers; equal relative half-width for active blocks.","Deterministic set-bounded numerical certificate, not a probability, confidence interval, or physical validation."
FERC,CAISO,CAISO,288.8345630774139,Two-phase,all four equal-width,One-phase,1.3512849908246805,False,"Shared nonnegative grid multiplier; independent technology-specific use, embodied, and service multipliers; equal relative half-width for active blocks.","Deterministic set-bounded numerical certificate, not a probability, confidence interval, or physical validation."
FERC,ERCOT,ERCOT,402.1761089059627,Two-phase,grid only,none below 100%,,True,"Shared nonnegative grid multiplier; independent technology-specific use, embodied, and service multipliers; equal relative half-width for active blocks.","Deterministic set-bounded numerical certificate, not a probability, confidence interval, or physical validation."
FERC,ERCOT,ERCOT,402.1761089059627,Two-phase,use phase only,One-phase,3.0210411045438756,False,"Shared nonnegative grid multiplier; independent technology-specific use, embodied, and service multipliers; equal relative half-width for active blocks.","Deterministic set-bounded numerical certificate, not a probability, confidence interval, or physical validation."
FERC,ERCOT,ERCOT,402.1761089059627,Two-phase,embodied only,One-phase,21.259534958933013,False,"Shared nonnegative grid multiplier; independent technology-specific use, embodied, and service multipliers; equal relative half-width for active blocks.","Deterministic set-bounded numerical certificate, not a probability, confidence interval, or physical validation."
FERC,ERCOT,ERCOT,402.1761089059627,Two-phase,service equivalence only,One-phase,2.6451567214269445,False,"Shared nonnegative grid multiplier; independent technology-specific use, embodied, and service multipliers; equal relative half-width for active blocks.","Deterministic set-bounded numerical certificate, not a probability, confidence interval, or physical validation."
FERC,ERCOT,ERCOT,402.1761089059627,Two-phase,all four equal-width,One-phase,1.3217680821204225,False,"Shared nonnegative grid multiplier; independent technology-specific use, embodied, and service multipliers; equal relative half-width for active blocks.","Deterministic set-bounded numerical certificate, not a probability, confidence interval, or physical validation."
FERC,ISO-NE,ISO-NE,301.47104499520196,Two-phase,grid only,none below 100%,,True,"Shared nonnegative grid multiplier; independent technology-specific use, embodied, and service multipliers; equal relative half-width for active blocks.","Deterministic set-bounded numerical certificate, not a probability, confidence interval, or physical validation."
FERC,ISO-NE,ISO-NE,301.47104499520196,Two-phase,use phase only,One-phase,3.2073061745938327,False,"Shared nonnegative grid multiplier; independent technology-specific use, embodied, and service multipliers; equal relative half-width for active blocks.","Deterministic set-bounded numerical certificate, not a probability, confidence interval, or physical validation."
FERC,ISO-NE,ISO-NE,301.47104499520196,Two-phase,embodied only,One-phase,16.92160526065004,False,"Shared nonnegative grid multiplier; independent technology-specific use, embodied, and service multipliers; equal relative half-width for active blocks.","Deterministic set-bounded numerical certificate, not a probability, confidence interval, or physical validation."
FERC,ISO-NE,ISO-NE,301.47104499520196,Two-phase,service equivalence only,One-phase,2.6962595176158404,False,"Shared nonnegative grid multiplier; independent technology-specific use, embodied, and service multipliers; equal relative half-width for active blocks.","Deterministic set-bounded numerical certificate, not a probability, confidence interval, or physical validation."
FERC,ISO-NE,ISO-NE,301.47104499520196,Two-phase,all four equal-width,One-phase,1.3470693820721968,False,"Shared nonnegative grid multiplier; independent technology-specific use, embodied, and service multipliers; equal relative half-width for active blocks.","Deterministic set-bounded numerical certificate, not a probability, confidence interval, or physical validation."
FERC,MISO,MISO,557.1100814369414,Two-phase,grid only,none below 100%,,True,"Shared nonnegative grid multiplier; independent technology-specific use, embodied, and service multipliers; equal relative half-width for active blocks.","Deterministic set-bounded numerical certificate, not a probability, confidence interval, or physical validation."
FERC,MISO,MISO,557.1100814369414,Two-phase,use phase only,One-phase,2.86592095667636,False,"Shared nonnegative grid multiplier; independent technology-specific use, embodied, and service multipliers; equal relative half-width for active blocks.","Deterministic set-bounded numerical certificate, not a probability, confidence interval, or physical validation."
FERC,MISO,MISO,557.1100814369414,Two-phase,embodied only,One-phase,27.93340670495225,False,"Shared nonnegative grid multiplier; independent technology-specific use, embodied, and service multipliers; equal relative half-width for active blocks.","Deterministic set-bounded numerical certificate, not a probability, confidence interval, or physical validation."
FERC,MISO,MISO,557.1100814369414,Two-phase,service equivalence only,One-phase,2.5992429622684,False,"Shared nonnegative grid multiplier; independent technology-specific use, embodied, and service multipliers; equal relative half-width for active blocks.","Deterministic set-bounded numerical certificate, not a probability, confidence interval, or physical validation."
FERC,MISO,MISO,557.1100814369414,Two-phase,all four equal-width,One-phase,1.2990480276455887,False,"Shared nonnegative grid multiplier; independent technology-specific use, embodied, and service multipliers; equal relative half-width for active blocks.","Deterministic set-bounded numerical certificate, not a probability, confidence interval, or physical validation."
FERC,NYISO,NYISO,238.89728981608397,Two-phase,grid only,none below 100%,,True,"Shared nonnegative grid multiplier; independent technology-specific use, embodied, and service multipliers; equal relative half-width for active blocks.","Deterministic set-bounded numerical certificate, not a probability, confidence interval, or physical validation."
FERC,NYISO,NYISO,238.89728981608397,Two-phase,use phase only,One-phase,3.4020773119519574,False,"Shared nonnegative grid multiplier; independent technology-specific use, embodied, and service multipliers; equal relative half-width for active blocks.","Deterministic set-bounded numerical certificate, not a probability, confidence interval, or physical validation."
FERC,NYISO,NYISO,238.89728981608397,Two-phase,embodied only,One-phase,14.226204052572585,False,"Shared nonnegative grid multiplier; independent technology-specific use, embodied, and service multipliers; equal relative half-width for active blocks.","Deterministic set-bounded numerical certificate, not a probability, confidence interval, or physical validation."
FERC,NYISO,NYISO,238.89728981608397,Two-phase,service equivalence only,One-phase,2.745511320227412,False,"Shared nonnegative grid multiplier; independent technology-specific use, embodied, and service multipliers; equal relative half-width for active blocks.","Deterministic set-bounded numerical certificate, not a probability, confidence interval, or physical validation."
FERC,NYISO,NYISO,238.89728981608397,Two-phase,all four equal-width,One-phase,1.3714689075001398,False,"Shared nonnegative grid multiplier; independent technology-specific use, embodied, and service multipliers; equal relative half-width for active blocks.","Deterministic set-bounded numerical certificate, not a probability, confidence interval, or physical validation."
FERC,Northwest,NW,378.1864378618833,Two-phase,grid only,none below 100%,,True,"Shared nonnegative grid multiplier; independent technology-specific use, embodied, and service multipliers; equal relative half-width for active blocks.","Deterministic set-bounded numerical certificate, not a probability, confidence interval, or physical validation."
FERC,Northwest,NW,378.1864378618833,Two-phase,use phase only,One-phase,3.0564167646869427,False,"Shared nonnegative grid multiplier; independent technology-specific use, embodied, and service multipliers; equal relative half-width for active blocks.","Deterministic set-bounded numerical certificate, not a probability, confidence interval, or physical validation."
FERC,Northwest,NW,378.1864378618833,Two-phase,embodied only,One-phase,20.226165807145616,False,"Shared nonnegative grid multiplier; independent technology-specific use, embodied, and service multipliers; equal relative half-width for active blocks.","Deterministic set-bounded numerical certificate, not a probability, confidence interval, or physical validation."
FERC,Northwest,NW,378.1864378618833,Two-phase,service equivalence only,One-phase,2.655186213452432,False,"Shared nonnegative grid multiplier; independent technology-specific use, embodied, and service multipliers; equal relative half-width for active blocks.","Deterministic set-bounded numerical certificate, not a probability, confidence interval, or physical validation."
FERC,Northwest,NW,378.1864378618833,Two-phase,all four equal-width,One-phase,1.326732583917145,False,"Shared nonnegative grid multiplier; independent technology-specific use, embodied, and service multipliers; equal relative half-width for active blocks.","Deterministic set-bounded numerical certificate, not a probability, confidence interval, or physical validation."
FERC,PJM,PJM,402.3069833306786,Two-phase,grid only,none below 100%,,True,"Shared nonnegative grid multiplier; independent technology-specific use, embodied, and service multipliers; equal relative half-width for active blocks.","Deterministic set-bounded numerical certificate, not a probability, confidence interval, or physical validation."
FERC,PJM,PJM,402.3069833306786,Two-phase,use phase only,One-phase,3.0208596793151243,False,"Shared nonnegative grid multiplier; independent technology-specific use, embodied, and service multipliers; equal relative half-width for active blocks.","Deterministic set-bounded numerical certificate, not a probability, confidence interval, or physical validation."
FERC,PJM,PJM,402.3069833306786,Two-phase,embodied only,One-phase,21.26517245154426,False,"Shared nonnegative grid multiplier; independent technology-specific use, embodied, and service multipliers; equal relative half-width for active blocks.","Deterministic set-bounded numerical certificate, not a probability, confidence interval, or physical validation."
FERC,PJM,PJM,402.3069833306786,Two-phase,service equivalence only,One-phase,2.645104877009808,False,"Shared nonnegative grid multiplier; independent technology-specific use, embodied, and service multipliers; equal relative half-width for active blocks.","Deterministic set-bounded numerical certificate, not a probability, confidence interval, or physical validation."
FERC,PJM,PJM,402.3069833306786,Two-phase,all four equal-width,One-phase,1.3217424210606346,False,"Shared nonnegative grid multiplier; independent technology-specific use, embodied, and service multipliers; equal relative half-width for active blocks.","Deterministic set-bounded numerical certificate, not a probability, confidence interval, or physical validation."
FERC,SPP,SPP,453.48353638888864,Two-phase,grid only,none below 100%,,True,"Shared nonnegative grid multiplier; independent technology-specific use, embodied, and service multipliers; equal relative half-width for active blocks.","Deterministic set-bounded numerical certificate, not a probability, confidence interval, or physical validation."
FERC,SPP,SPP,453.48353638888864,Two-phase,use phase only,One-phase,2.9579389188081455,False,"Shared nonnegative grid multiplier; independent technology-specific use, embodied, and service multipliers; equal relative half-width for active blocks.","Deterministic set-bounded numerical certificate, not a probability, confidence interval, or physical validation."
FERC,SPP,SPP,453.48353638888864,Two-phase,embodied only,One-phase,23.469632493034272,False,"Shared nonnegative grid multiplier; independent technology-specific use, embodied, and service multipliers; equal relative half-width for active blocks.","Deterministic set-bounded numerical certificate, not a probability, confidence interval, or physical validation."
FERC,SPP,SPP,453.48353638888864,Two-phase,service equivalence only,One-phase,2.62686791303729,False,"Shared nonnegative grid multiplier; independent technology-specific use, embodied, and service multipliers; equal relative half-width for active blocks.","Deterministic set-bounded numerical certificate, not a probability, confidence interval, or physical validation."
FERC,SPP,SPP,453.48353638888864,Two-phase,all four equal-width,One-phase,1.3127166961519499,False,"Shared nonnegative grid multiplier; independent technology-specific use, embodied, and service multipliers; equal relative half-width for active blocks.","Deterministic set-bounded numerical certificate, not a probability, confidence interval, or physical validation."
FERC,Southeast,SE,425.7935335813492,Two-phase,grid only,none below 100%,,True,"Shared nonnegative grid multiplier; independent technology-specific use, embodied, and service multipliers; equal relative half-width for active blocks.","Deterministic set-bounded numerical certificate, not a probability, confidence interval, or physical validation."
FERC,Southeast,SE,425.7935335813492,Two-phase,use phase only,One-phase,2.990106378797697,False,"Shared nonnegative grid multiplier; independent technology-specific use, embodied, and service multipliers; equal relative half-width for active blocks.","Deterministic set-bounded numerical certificate, not a probability, confidence interval, or physical validation."
FERC,Southeast,SE,425.7935335813492,Two-phase,embodied only,One-phase,22.276869380041195,False,"Shared nonnegative grid multiplier; independent technology-specific use, embodied, and service multipliers; equal relative half-width for active blocks.","Deterministic set-bounded numerical certificate, not a probability, confidence interval, or physical validation."
FERC,Southeast,SE,425.7935335813492,Two-phase,service equivalence only,One-phase,2.6362557145210745,False,"Shared nonnegative grid multiplier; independent technology-specific use, embodied, and service multipliers; equal relative half-width for active blocks.","Deterministic set-bounded numerical certificate, not a probability, confidence interval, or physical validation."
FERC,Southeast,SE,425.7935335813492,Two-phase,all four equal-width,One-phase,1.3173626269757102,False,"Shared nonnegative grid multiplier; independent technology-specific use, embodied, and service multipliers; equal relative half-width for active blocks.","Deterministic set-bounded numerical certificate, not a probability, confidence interval, or physical validation."
FERC,Southwest,SW,480.7620532983871,Two-phase,grid only,none below 100%,,True,"Shared nonnegative grid multiplier; independent technology-specific use, embodied, and service multipliers; equal relative half-width for active blocks.","Deterministic set-bounded numerical certificate, not a probability, confidence interval, or physical validation."
FERC,Southwest,SW,480.7620532983871,Two-phase,use phase only,One-phase,2.9298711720149866,False,"Shared nonnegative grid multiplier; independent technology-specific use, embodied, and service multipliers; equal relative half-width for active blocks.","Deterministic set-bounded numerical certificate, not a probability, confidence interval, or physical validation."
FERC,Southwest,SW,480.7620532983871,Two-phase,embodied only,One-phase,24.644670609604898,False,"Shared nonnegative grid multiplier; independent technology-specific use, embodied, and service multipliers; equal relative half-width for active blocks.","Deterministic set-bounded numerical certificate, not a probability, confidence interval, or physical validation."
FERC,Southwest,SW,480.7620532983871,Two-phase,service equivalence only,One-phase,2.6185642733333014,False,"Shared nonnegative grid multiplier; independent technology-specific use, embodied, and service multipliers; equal relative half-width for active blocks.","Deterministic set-bounded numerical certificate, not a probability, confidence interval, or physical validation."
FERC,Southwest,SW,480.7620532983871,Two-phase,all four equal-width,One-phase,1.308607691625896,False,"Shared nonnegative grid multiplier; independent technology-specific use, embodied, and service multipliers; equal relative half-width for active blocks.","Deterministic set-bounded numerical certificate, not a probability, confidence interval, or physical validation."
US,US,US,422.93128473601405,Two-phase,grid only,none below 100%,,True,"Shared nonnegative grid multiplier; independent technology-specific use, embodied, and service multipliers; equal relative half-width for active blocks.","Deterministic set-bounded numerical certificate, not a probability, confidence interval, or physical validation."
US,US,US,422.93128473601405,Two-phase,use phase only,One-phase,2.9936715348798275,False,"Shared nonnegative grid multiplier; independent technology-specific use, embodied, and service multipliers; equal relative half-width for active blocks.","Deterministic set-bounded numerical certificate, not a probability, confidence interval, or physical validation."
US,US,US,422.93128473601405,Two-phase,embodied only,One-phase,22.15357633212597,False,"Shared nonnegative grid multiplier; independent technology-specific use, embodied, and service multipliers; equal relative half-width for active blocks.","Deterministic set-bounded numerical certificate, not a probability, confidence interval, or physical validation."
US,US,US,422.93128473601405,Two-phase,service equivalence only,One-phase,2.637287834120733,False,"Shared nonnegative grid multiplier; independent technology-specific use, embodied, and service multipliers; equal relative half-width for active blocks.","Deterministic set-bounded numerical certificate, not a probability, confidence interval, or physical validation."
US,US,US,422.93128473601405,Two-phase,all four equal-width,One-phase,1.3178734413788307,False,"Shared nonnegative grid multiplier; independent technology-specific use, embodied, and service multipliers; equal relative half-width for active blocks.","Deterministic set-bounded numerical certificate, not a probability, confidence interval, or physical validation."
