year,state_abbreviation,net_generation_mwh,co2e_kg_per_mwh,reported_co2e_kg_per_mwh,co2_kg_per_mwh,provider_gwp_basis,harmonized_gwp_basis,source_file,source_field,lowest_ghg_technology,second_lowest_technology,margin_to_second_pct,cold_plate_use_multiplier_to_equal_one_phase,cold_plate_use_change_to_equal_one_phase_pct,one_phase_use_multiplier_to_equal_cold_plate,two_phase_use_increase_tolerated_before_losing_pct,two_phase_vs_air_reduction_pct
2012,AK,6928294.496,494.2599499802626,494.3179380358594,493.14717390357555,IPCC SAR GWP100,IPCC AR5 GWP100; CH4=28 and N2O=265,eGRID2012_Data.xlsx,"ST12!STCO2AN, STCH4AN, STN2OAN, STNGENAN; reported comparison from STC2ERTA",Two-phase,One-phase,5.369929107403526,0.984169073270527,-1.583092672947295,1.016148898334723,5.9815858286208945,20.65236398296032
2012,AL,153105216.953,454.3730409055167,454.5841777966787,452.5257823164536,IPCC SAR GWP100,IPCC AR5 GWP100; CH4=28 and N2O=265,eGRID2012_Data.xlsx,"ST12!STCO2AN, STCH4AN, STN2OAN, STNGENAN; reported comparison from STC2ERTA",Two-phase,One-phase,5.394867037946538,0.9845076846090259,-1.5492315390974065,1.0158034858283143,6.063283042745615,20.64388027725719
2012,AR,65005677.87300001,561.1093914393774,561.4238710069459,558.5029552729593,IPCC SAR GWP100,IPCC AR5 GWP100; CH4=28 and N2O=265,eGRID2012_Data.xlsx,"ST12!STCO2AN, STCH4AN, STN2OAN, STNGENAN; reported comparison from STC2ERTA",Two-phase,One-phase,5.3353565777717105,0.983709482222906,-1.6290517777094005,1.0166177204845825,5.870699676982372,20.66412231034024
2012,AZ,110614113.36099999,482.5465316272703,482.790167687186,480.6223546248839,IPCC SAR GWP100,IPCC AR5 GWP100; CH4=28 and N2O=265,eGRID2012_Data.xlsx,"ST12!STCO2AN, STCH4AN, STN2OAN, STNGENAN; reported comparison from STC2ERTA",Two-phase,One-phase,5.376869782228866,0.9842627085863374,-1.5737291413662646,1.016053382309578,6.004177347497053,20.650002997175676
2012,CA,199189655.76309997,261.3139690543445,261.2998055293646,260.3537247134843,IPCC SAR GWP100,IPCC AR5 GWP100; CH4=28 and N2O=265,eGRID2012_Data.xlsx,"ST12!STCO2AN, STCH4AN, STN2OAN, STNGENAN; reported comparison from STC2ERTA",Two-phase,One-phase,5.60403390027866,0.9876064733551646,-1.2393526644835395,1.0126424564535137,6.810931981032486,20.57265172185264
2012,CO,52547910.61299999,760.198501012236,760.6469914145814,756.9203756152335,IPCC SAR GWP100,IPCC AR5 GWP100; CH4=28 and N2O=265,eGRID2012_Data.xlsx,"ST12!STCO2AN, STCH4AN, STN2OAN, STNGENAN; reported comparison from STC2ERTA",Two-phase,One-phase,5.265919904629324,0.9828194343977523,-1.7180565602247677,1.0175256453387032,5.6559566383257875,20.68772761965224
2012,CT,35557337.401,239.7168008176756,239.68896895265962,238.10589897015092,IPCC SAR GWP100,IPCC AR5 GWP100; CH4=28 and N2O=265,eGRID2012_Data.xlsx,"ST12!STCO2AN, STCH4AN, STN2OAN, STNGENAN; reported comparison from STC2ERTA",Two-phase,One-phase,5.644387747514701,0.9882632768859925,-1.173672311400753,1.0119724607150153,6.969399854358271,20.55889512366973
2012,DC,71786.78,559.8383302374101,559.8332523955094,558.8328250929319,IPCC SAR GWP100,IPCC AR5 GWP100; CH4=28 and N2O=265,eGRID2012_Data.xlsx,"ST12!STCO2AN, STCH4AN, STN2OAN, STNGENAN; reported comparison from STC2ERTA",Two-phase,One-phase,5.335943993323133,0.9837171975499978,-1.6282802450002243,1.0166098501915193,5.872561164350909,20.663922555844728
2012,DE,8633823.2578,571.3130010635252,571.4295315872655,569.9525020470321,IPCC SAR GWP100,IPCC AR5 GWP100; CH4=28 and N2O=265,eGRID2012_Data.xlsx,"ST12!STCO2AN, STCH4AN, STN2OAN, STNGENAN; reported comparison from STC2ERTA",Two-phase,One-phase,5.330727206017594,0.9836487899413514,-1.635121005864859,1.0166796317991427,5.856056368391882,20.665696523245845
2012,FL,221099929.55259997,517.5204264953462,517.6417385146392,515.5550247311198,IPCC SAR GWP100,IPCC AR5 GWP100; CH4=28 and N2O=265,eGRID2012_Data.xlsx,"ST12!STCO2AN, STCH4AN, STN2OAN, STNGENAN; reported comparison from STC2ERTA",Two-phase,One-phase,5.356986046921519,0.9839956932986461,-1.6004306701353888,1.0163257607248426,5.939754209070003,20.656766404616533
2012,GA,122014744.25300002,491.94842944531047,492.1877319826492,489.92069645279645,IPCC SAR GWP100,IPCC AR5 GWP100; CH4=28 and N2O=265,eGRID2012_Data.xlsx,"ST12!STCO2AN, STCH4AN, STN2OAN, STNGENAN; reported comparison from STC2ERTA",Two-phase,One-phase,5.371275298326328,0.984187198226581,-1.5812801773419038,1.0161304093304064,5.985958861202434,20.651906064748438
2012,HI,10469268.697999999,670.574660405638,670.6966419750073,667.2141361606315,IPCC SAR GWP100,IPCC AR5 GWP100; CH4=28 and N2O=265,eGRID2012_Data.xlsx,"ST12!STCO2AN, STCH4AN, STN2OAN, STNGENAN; reported comparison from STC2ERTA",Two-phase,One-phase,5.292472250576918,0.983154720808473,-1.6845279191527007,1.0171836245428099,5.736851642643148,20.67870268914377
2012,IA,56602145.65100001,639.3075041586324,639.7195546818368,636.3380494182813,IPCC SAR GWP100,IPCC AR5 GWP100; CH4=28 and N2O=265,eGRID2012_Data.xlsx,"ST12!STCO2AN, STCH4AN, STN2OAN, STNGENAN; reported comparison from STC2ERTA",Two-phase,One-phase,5.303344958133027,0.9832938043117317,-1.6706195688268255,1.017041747482007,5.770408506974123,20.67500654986928
2012,ID,15499089.316,52.12778651231866,52.13348084501698,51.8038153326558,IPCC SAR GWP100,IPCC AR5 GWP100; CH4=28 and N2O=265,eGRID2012_Data.xlsx,"ST12!STCO2AN, STCH4AN, STN2OAN, STNGENAN; reported comparison from STC2ERTA",Two-phase,Cold plate,5.804070665945482,1.016770912736654,1.6770912736653987,0.9828922355972679,12.050296296664854,20.207764993560716
2012,IL,197522000.958,454.39311885956795,454.67638520585797,452.36179271621273,IPCC SAR GWP100,IPCC AR5 GWP100; CH4=28 and N2O=265,eGRID2012_Data.xlsx,"ST12!STCO2AN, STCH4AN, STN2OAN, STNGENAN; reported comparison from STC2ERTA",Two-phase,One-phase,5.394853505385311,0.9845074992139127,-1.5492500786087327,1.0158036749471753,6.063238312216734,20.643884881429752
2012,IN,114878967.34740001,867.340099761104,867.8846107891013,863.4105839467014,IPCC SAR GWP100,IPCC AR5 GWP100; CH4=28 and N2O=265,eGRID2012_Data.xlsx,"ST12!STCO2AN, STCH4AN, STN2OAN, STNGENAN; reported comparison from STC2ERTA",Two-phase,One-phase,5.240938126182604,0.9825095222055515,-1.7490477794448456,1.0178417822629695,5.58118370591798,20.696216851961147
2012,KS,44286624.611999996,726.621096613354,727.0757184352591,723.3624283690865,IPCC SAR GWP100,IPCC AR5 GWP100; CH4=28 and N2O=265,eGRID2012_Data.xlsx,"ST12!STCO2AN, STCH4AN, STN2OAN, STNGENAN; reported comparison from STC2ERTA",Two-phase,One-phase,5.275155774205187,0.9829353625736159,-1.7064637426384088,1.0174073886909312,5.683926785600257,20.684588654224022
2012,KY,89957452.21,945.140654890686,945.7709144811539,940.6713247395894,IPCC SAR GWP100,IPCC AR5 GWP100; CH4=28 and N2O=265,eGRID2012_Data.xlsx,"ST12!STCO2AN, STCH4AN, STN2OAN, STNGENAN; reported comparison from STC2ERTA",Two-phase,One-phase,5.226147022449501,0.9823285062114187,-1.767149378858135,1.0180264340484375,5.537509732984214,20.701242263579957
2012,LA,103347602.39899999,525.3788371220971,525.534693645618,523.7305698352345,IPCC SAR GWP100,IPCC AR5 GWP100; CH4=28 and N2O=265,eGRID2012_Data.xlsx,"ST12!STCO2AN, STCH4AN, STN2OAN, STNGENAN; reported comparison from STC2ERTA",Two-phase,One-phase,5.35284715484845,0.9839405860585245,-1.6059413941475476,1.016381974819787,5.926458410955315,20.6581740943901
2012,MA,36198121.51100001,410.7034504289817,410.7054747429866,408.1999731705908,IPCC SAR GWP100,IPCC AR5 GWP100; CH4=28 and N2O=265,eGRID2012_Data.xlsx,"ST12!STCO2AN, STCH4AN, STN2OAN, STNGENAN; reported comparison from STC2ERTA",Two-phase,One-phase,5.427052620576478,0.9849537928950183,-1.5046207104981724,1.0153484172476885,6.1709161903097165,20.632928290161743
2012,MD,37808347.212,537.0555257910838,537.3367612535643,534.3391711022015,IPCC SAR GWP100,IPCC AR5 GWP100; CH4=28 and N2O=265,eGRID2012_Data.xlsx,"ST12!STCO2AN, STCH4AN, STN2OAN, STNGENAN; reported comparison from STC2ERTA",Two-phase,One-phase,5.346899636374203,0.983861680377795,-1.6138319622205022,1.0164624653582066,5.9074207309921745,20.66019683352155
2012,ME,14420135.401999999,259.2529875211957,259.2166344561971,255.21781703124665,IPCC SAR GWP100,IPCC AR5 GWP100; CH4=28 and N2O=265,eGRID2012_Data.xlsx,"ST12!STCO2AN, STCH4AN, STN2OAN, STNGENAN; reported comparison from STC2ERTA",Two-phase,One-phase,5.607646560184398,0.9876644316669498,-1.2335568333050162,1.012583334021791,6.824915661051034,20.57142036280316
2012,MI,108166077.441,599.6253743105458,599.9605647723747,596.7718252913878,IPCC SAR GWP100,IPCC AR5 GWP100; CH4=28 and N2O=265,eGRID2012_Data.xlsx,"ST12!STCO2AN, STCH4AN, STN2OAN, STNGENAN; reported comparison from STC2ERTA",Two-phase,One-phase,5.318635912873426,0.9834911980986292,-1.6508801901370829,1.0168403889481077,5.818033972047298,20.669807859869138
2012,MN,52193624.220999986,529.4799037700917,529.7696269083569,526.3380940014063,IPCC SAR GWP100,IPCC AR5 GWP100; CH4=28 and N2O=265,eGRID2012_Data.xlsx,"ST12!STCO2AN, STCH4AN, STN2OAN, STNGENAN; reported comparison from STC2ERTA",Two-phase,One-phase,5.350731273634968,0.983912476585123,-1.6087523414876959,1.0164106488851758,5.9196764004130875,20.658893713175907
2012,MO,91804321.40999998,785.9467421171474,786.4515106620867,782.3395378595554,IPCC SAR GWP100,IPCC AR5 GWP100; CH4=28 and N2O=265,eGRID2012_Data.xlsx,"ST12!STCO2AN, STCH4AN, STN2OAN, STNGENAN; reported comparison from STC2ERTA",Two-phase,One-phase,5.259336268250747,0.9827372454016629,-1.7262754598337149,1.0176094851394148,5.636126788439544,20.689965027401303
2012,MS,54584295.177999996,445.69113431633656,445.788401903682,444.43380589493825,IPCC SAR GWP100,IPCC AR5 GWP100; CH4=28 and N2O=265,eGRID2012_Data.xlsx,"ST12!STCO2AN, STCH4AN, STN2OAN, STNGENAN; reported comparison from STC2ERTA",Two-phase,One-phase,5.400820042840326,0.9845894157990508,-1.5410584200949207,1.015720113028917,6.083002437145479,20.641854839324868
2012,MT,27795017.083,585.740746870752,586.1233263347476,583.0349996238921,IPCC SAR GWP100,IPCC AR5 GWP100; CH4=28 and N2O=265,eGRID2012_Data.xlsx,"ST12!STCO2AN, STCH4AN, STN2OAN, STNGENAN; reported comparison from STC2ERTA",Two-phase,One-phase,5.324432383045985,0.983566579505293,-1.6433420494706974,1.016763493470455,5.8362213456554235,20.667836970829157
2012,NC,116971226.61099999,481.30751684002286,481.57895136449986,478.99239449691584,IPCC SAR GWP100,IPCC AR5 GWP100; CH4=28 and N2O=265,eGRID2012_Data.xlsx,"ST12!STCO2AN, STCH4AN, STN2OAN, STNGENAN; reported comparison from STC2ERTA",Two-phase,One-phase,5.377621629221552,0.9842728795100076,-1.5727120489992363,1.0160430070981246,6.006631299962528,20.64974723550318
2012,ND,36125158.886,843.9460734714537,844.4898304874455,840.1184380449001,IPCC SAR GWP100,IPCC AR5 GWP100; CH4=28 and N2O=265,eGRID2012_Data.xlsx,"ST12!STCO2AN, STCH4AN, STN2OAN, STNGENAN; reported comparison from STC2ERTA",Two-phase,One-phase,5.245885510921289,0.9825704772377551,-1.7429522762244853,1.01777960292029,5.595890408711801,20.694535790974335
2012,NE,34200814.916,746.3856737332081,746.8754785946351,742.9239127675949,IPCC SAR GWP100,IPCC AR5 GWP100; CH4=28 and N2O=265,eGRID2012_Data.xlsx,"ST12!STCO2AN, STCH4AN, STN2OAN, STNGENAN; reported comparison from STC2ERTA",Two-phase,One-phase,5.269625763375418,0.9828658615929886,-1.713413840701139,1.0174782856314257,5.667158190309407,20.686468151148553
2012,NH,19264434.942,234.15258259285312,234.1645204567588,231.7331079565679,IPCC SAR GWP100,IPCC AR5 GWP100; CH4=28 and N2O=265,eGRID2012_Data.xlsx,"ST12!STCO2AN, STCH4AN, STN2OAN, STNGENAN; reported comparison from STC2ERTA",Two-phase,One-phase,5.655755834504195,0.9884521049741279,-1.1547895025872057,1.0117798399259643,7.01495866174362,20.555018890467792
2012,NJ,65232564.118,235.28684265658478,235.30687567808639,234.47730143668517,IPCC SAR GWP100,IPCC AR5 GWP100; CH4=28 and N2O=265,eGRID2012_Data.xlsx,"ST12!STCO2AN, STCH4AN, STN2OAN, STNGENAN; reported comparison from STC2ERTA",Two-phase,One-phase,5.653403282604019,0.9884128884720094,-1.1587111527990634,1.011819844109963,7.00549684340932,20.55582108283862
2012,NM,36635909.33,803.4899790321422,803.9514215538795,800.0863303832165,IPCC SAR GWP100,IPCC AR5 GWP100; CH4=28 and N2O=265,eGRID2012_Data.xlsx,"ST12!STCO2AN, STCH4AN, STN2OAN, STNGENAN; reported comparison from STC2ERTA",Two-phase,One-phase,5.255076390458546,0.9826842633520027,-1.7315736647997348,1.0176635313584486,5.623343737892439,20.69141265302912
2012,NV,35142773.975999996,416.9967391202233,417.06387390575577,416.1089130285342,IPCC SAR GWP100,IPCC AR5 GWP100; CH4=28 and N2O=265,eGRID2012_Data.xlsx,"ST12!STCO2AN, STCH4AN, STN2OAN, STNGENAN; reported comparison from STC2ERTA",Two-phase,One-phase,5.422048198157858,0.9848837440490902,-1.5116255950909818,1.015419873057616,6.154015410819169,20.634631374373637
2012,NY,135662526.46399996,256.0484913564343,256.046472781625,255.23953798744816,IPCC SAR GWP100,IPCC AR5 GWP100; CH4=28 and N2O=265,eGRID2012_Data.xlsx,"ST12!STCO2AN, STCH4AN, STN2OAN, STNGENAN; reported comparison from STC2ERTA",Two-phase,One-phase,5.613358289842929,0.9877563992374371,-1.2243600762562923,1.0124895192394179,6.847104800764847,20.569473467269926
2012,OH,129741418.34499998,736.1428251993694,736.578696719413,732.9351404998242,IPCC SAR GWP100,IPCC AR5 GWP100; CH4=28 and N2O=265,eGRID2012_Data.xlsx,"ST12!STCO2AN, STCH4AN, STN2OAN, STNGENAN; reported comparison from STC2ERTA",Two-phase,One-phase,5.272457225713834,0.982901414218359,-1.709858578164103,1.017442018914862,5.675736020161337,20.685505826953822
2012,OK,77757667.6767,624.3274607211923,624.5843367986424,622.1730762916426,IPCC SAR GWP100,IPCC AR5 GWP100; CH4=28 and N2O=265,eGRID2012_Data.xlsx,"ST12!STCO2AN, STCH4AN, STN2OAN, STNGENAN; reported comparison from STC2ERTA",Two-phase,One-phase,5.308907882635827,0.9833653733327441,-1.6634626667255903,1.016968740963564,5.787676061156621,20.67311531974425
2012,OR,60612559.41,118.69190777497103,118.71983648454595,118.18279085758503,IPCC SAR GWP100,IPCC AR5 GWP100; CH4=28 and N2O=265,eGRID2012_Data.xlsx,"ST12!STCO2AN, STCH4AN, STN2OAN, STNGENAN; reported comparison from STC2ERTA",Two-phase,One-phase,6.054582011003373,0.996358740939131,-0.36412590608689843,1.0037143954608096,8.922603380029592,20.418789306551865
2012,PA,223416431.35199994,483.33457850786266,483.57730055072983,481.1579322728749,IPCC SAR GWP100,IPCC AR5 GWP100; CH4=28 and N2O=265,eGRID2012_Data.xlsx,"ST12!STCO2AN, STCH4AN, STN2OAN, STNGENAN; reported comparison from STC2ERTA",Two-phase,One-phase,5.376393382738742,0.9842562667227898,-1.5743733277210237,1.016059953560983,6.0026231103946115,20.650165056863333
2012,RI,8309035.853,411.8666283420352,411.8467500008195,411.42338117309777,IPCC SAR GWP100,IPCC AR5 GWP100; CH4=28 and N2O=265,eGRID2012_Data.xlsx,"ST12!STCO2AN, STCH4AN, STN2OAN, STNGENAN; reported comparison from STC2ERTA",Two-phase,One-phase,5.426117531009367,0.9849406847014603,-1.5059315298539655,1.015361788725476,6.1677535587787435,20.633246521504645
2012,SC,96755682.345,350.28003175959816,350.47735500875496,348.5714559112253,IPCC SAR GWP100,IPCC AR5 GWP100; CH4=28 and N2O=265,eGRID2012_Data.xlsx,"ST12!STCO2AN, STCH4AN, STN2OAN, STNGENAN; reported comparison from STC2ERTA",Two-phase,One-phase,5.48298130604552,0.9857543730756577,-1.424562692434228,1.0145317570377799,6.364073249762181,20.613889898442185
2012,SD,12017721.954,254.6617176345289,254.8235470417611,253.5066900807431,IPCC SAR GWP100,IPCC AR5 GWP100; CH4=28 and N2O=265,eGRID2012_Data.xlsx,"ST12!STCO2AN, STCH4AN, STN2OAN, STNGENAN; reported comparison from STC2ERTA",Two-phase,One-phase,5.615866559427407,0.987796915970125,-1.2203084029875022,1.0124481887091075,6.8568803274814405,20.56861847037672
2012,TN,77385936.54100001,500.0632866948322,500.37128622523164,497.7923561574476,IPCC SAR GWP100,IPCC AR5 GWP100; CH4=28 and N2O=265,eGRID2012_Data.xlsx,"ST12!STCO2AN, STCH4AN, STN2OAN, STNGENAN; reported comparison from STC2ERTA",Two-phase,One-phase,5.366598616531859,0.9841243066253603,-1.5875693374639677,1.0161945641390022,5.970784919791172,20.653496854846054
2012,TX,429697350.6938001,547.2391810351714,547.4493701801143,545.4392162157662,IPCC SAR GWP100,IPCC AR5 GWP100; CH4=28 and N2O=265,eGRID2012_Data.xlsx,"ST12!STCO2AN, STCH4AN, STN2OAN, STNGENAN; reported comparison from STC2ERTA",Two-phase,One-phase,5.341900398863131,0.9837956118717937,-1.6204388128206348,1.0165298608812086,5.891480293481699,20.66189698441653
2012,UT,39400420.758,820.4564722763827,820.9580075521128,816.8082919969178,IPCC SAR GWP100,IPCC AR5 GWP100; CH4=28 and N2O=265,eGRID2012_Data.xlsx,"ST12!STCO2AN, STCH4AN, STN2OAN, STNGENAN; reported comparison from STC2ERTA",Two-phase,One-phase,5.251118675567268,0.9826351778201159,-1.736482217988411,1.0177136027963178,5.611500805441461,20.69275754789568
2012,VA,70739234.747,372.3456848736803,372.4703163542424,370.52946504297023,IPCC SAR GWP100,IPCC AR5 GWP100; CH4=28 and N2O=265,eGRID2012_Data.xlsx,"ST12!STCO2AN, STCH4AN, STN2OAN, STNGENAN; reported comparison from STC2ERTA",Two-phase,One-phase,5.460730348998388,0.985431913111543,-1.456808688845701,1.0148606937618576,6.286272899508938,20.62146532447847
2012,VT,6568121.002,3.396303171165729,3.37294715150058,1.9033026087614229,IPCC SAR GWP100,IPCC AR5 GWP100; CH4=28 and N2O=265,eGRID2012_Data.xlsx,"ST12!STCO2AN, STCH4AN, STN2OAN, STNGENAN; reported comparison from STC2ERTA",Two-phase,Cold plate,4.701021260489613,1.5098531943594218,50.98531943594218,0.47990616455729096,78.1779823164906,19.75225263396071
2012,WA,116834423.661,57.39603558916774,57.419739700996345,57.01010049108086,IPCC SAR GWP100,IPCC AR5 GWP100; CH4=28 and N2O=265,eGRID2012_Data.xlsx,"ST12!STCO2AN, STCH4AN, STN2OAN, STNGENAN; reported comparison from STC2ERTA",Two-phase,Cold plate,5.866795933409152,1.0134362857260033,1.3436285726003305,0.9862938401589874,11.603086619554158,20.233512509786745
2012,WI,63742909.901,618.4237649290749,618.7824180242433,615.421358889589,IPCC SAR GWP100,IPCC AR5 GWP100; CH4=28 and N2O=265,eGRID2012_Data.xlsx,"ST12!STCO2AN, STCH4AN, STN2OAN, STNGENAN; reported comparison from STC2ERTA",Two-phase,One-phase,5.3111680879561085,0.9833945311397008,-1.6605468860299233,1.016938997508348,5.79471100454898,20.67234689088838
2012,WV,73413404.20399998,898.3320538699384,898.9368141618589,894.0767366887252,IPCC SAR GWP100,IPCC AR5 GWP100; CH4=28 and N2O=265,eGRID2012_Data.xlsx,"ST12!STCO2AN, STCH4AN, STN2OAN, STNGENAN; reported comparison from STC2ERTA",Two-phase,One-phase,5.234757233748422,0.9824336578445451,-1.756634215545494,1.0179191703953294,5.562879809264509,20.698316943683114
2012,WY,49588606.105000004,956.2005044201436,956.8340785430383,951.735208793041,IPCC SAR GWP100,IPCC AR5 GWP100; CH4=28 and N2O=265,eGRID2012_Data.xlsx,"ST12!STCO2AN, STCH4AN, STN2OAN, STNGENAN; reported comparison from STC2ERTA",Two-phase,One-phase,5.2242288657531555,0.9823051644532127,-1.7694835546787302,1.0180502446368296,5.5318780355146036,20.701893928057668
2014,AK,6045142.31,398.2972892428671,398.29764572752003,396.90166610776515,IPCC SAR GWP100,IPCC AR5 GWP100; CH4=28 and N2O=265,eGRID2014_Data_v2.xlsx,"ST14!STCO2AN, STCH4AN, STN2OAN, STNGENAN; reported comparison from STC2ERTA",Two-phase,One-phase,5.437323597635291,0.9850983621471749,-1.4901637852825056,1.0152009442541425,6.205796608672731,20.629432685032654
2014,AL,149248102.877,480.6935003516088,480.66185545686005,478.0212386282057,IPCC SAR GWP100,IPCC AR5 GWP100; CH4=28 and N2O=265,eGRID2014_Data_v2.xlsx,"ST14!STCO2AN, STCH4AN, STN2OAN, STNGENAN; reported comparison from STC2ERTA",Two-phase,One-phase,5.377995505952837,0.9842779393195439,-1.5722060680456118,1.0160378456599353,6.007852087030541,20.649620050317218
2014,AR,61592136.606,586.4937608638078,586.46953323728,582.3158870342319,IPCC SAR GWP100,IPCC AR5 GWP100; CH4=28 and N2O=265,eGRID2014_Data_v2.xlsx,"ST14!STCO2AN, STCH4AN, STN2OAN, STNGENAN; reported comparison from STC2ERTA",Two-phase,One-phase,5.324111599484804,0.9835623997938397,-1.6437600206160252,1.0167677571333777,5.835212901038389,20.667946044735196
2014,AZ,108779907.038,507.01716339555117,506.9919853506201,503.90059243792905,IPCC SAR GWP100,IPCC AR5 GWP100; CH4=28 and N2O=265,eGRID2014_Data_v2.xlsx,"ST14!STCO2AN, STCH4AN, STN2OAN, STNGENAN; reported comparison from STC2ERTA",Two-phase,One-phase,5.362698180277303,0.984072013920887,-1.5927986079113055,1.016247907167027,5.958168188486623,20.654823553455092
2014,CA,197243679.949,251.99178190795038,251.92520229800002,251.06328700320523,IPCC SAR GWP100,IPCC AR5 GWP100; CH4=28 and N2O=265,eGRID2014_Data_v2.xlsx,"ST14!STCO2AN, STCH4AN, STN2OAN, STNGENAN; reported comparison from STC2ERTA",Two-phase,One-phase,5.620759193032665,0.9878761770183505,-1.212382298164949,1.012367335665469,6.876003747439352,20.56695065945997
2014,CO,53847380.231,722.722318317569,722.68558991013,717.9769608535275,IPCC SAR GWP100,IPCC AR5 GWP100; CH4=28 and N2O=265,eGRID2014_Data_v2.xlsx,"ST14!STCO2AN, STCH4AN, STN2OAN, STNGENAN; reported comparison from STC2ERTA",Two-phase,One-phase,5.276279754881963,0.9829495211578448,-1.705047884215516,1.0173929457248823,5.687342846304477,20.684206633550673
2014,CT,33651815.798,244.18526579684325,244.1506290762,242.2934523268175,IPCC SAR GWP100,IPCC AR5 GWP100; CH4=28 and N2O=265,eGRID2014_Data_v2.xlsx,"ST14!STCO2AN, STCH4AN, STN2OAN, STNGENAN; reported comparison from STC2ERTA",Two-phase,One-phase,5.635562943393357,0.9881178595886462,-1.1882140411353825,1.0121207987871375,6.934314826989141,20.561903900278857
2014,DC,67612.0,537.8768578754109,537.8516886512,537.3245339732055,IPCC SAR GWP100,IPCC AR5 GWP100; CH4=28 and N2O=265,eGRID2014_Data_v2.xlsx,"ST14!STCO2AN, STCH4AN, STN2OAN, STNGENAN; reported comparison from STC2ERTA",Two-phase,One-phase,5.346490087240285,0.9838562591076233,-1.614374089237669,1.016467995517138,5.906112733829394,20.660336116566945
2014,DE,7598247.016,474.44581075391756,474.42269240751,473.0115836626081,IPCC SAR GWP100,IPCC AR5 GWP100; CH4=28 and N2O=265,eGRID2014_Data_v2.xlsx,"ST14!STCO2AN, STCH4AN, STN2OAN, STNGENAN; reported comparison from STC2ERTA",Two-phase,One-phase,5.381848907038456,0.9843301677417517,-1.566983225824825,1.0159845682053157,6.020453308866203,20.648309178645764
2014,FL,229963756.27,498.7233002679562,498.69079138725,496.0846383778195,IPCC SAR GWP100,IPCC AR5 GWP100; CH4=28 and N2O=265,eGRID2014_Data_v2.xlsx,"ST14!STCO2AN, STCH4AN, STN2OAN, STNGENAN; reported comparison from STC2ERTA",Two-phase,One-phase,5.367361442957885,0.9841345507432917,-1.5865449256708297,1.0161841142631465,5.973256531934679,20.653237381052925
2014,GA,125805607.875,501.56983110275013,501.55704157328,498.3278183267063,IPCC SAR GWP100,IPCC AR5 GWP100; CH4=28 and N2O=265,eGRID2014_Data_v2.xlsx,"ST14!STCO2AN, STCH4AN, STN2OAN, STNGENAN; reported comparison from STC2ERTA",Two-phase,One-phase,5.365745346444029,0.9841128545187104,-1.5887145481289555,1.0162062462665975,5.968021854581074,20.65378709084843
2014,HI,10204158.502,607.2989722958507,607.2962269058299,602.8713620518298,IPCC SAR GWP100,IPCC AR5 GWP100; CH4=28 and N2O=265,eGRID2014_Data_v2.xlsx,"ST14!STCO2AN, STCH4AN, STN2OAN, STNGENAN; reported comparison from STC2ERTA",Two-phase,One-phase,5.315536422203726,0.9834510155582351,-1.6548984441764891,1.0168813785737147,5.808339076355962,20.67086169420247
2014,IA,56846167.863,611.8657981543408,611.8339649753101,607.3093117783437,IPCC SAR GWP100,IPCC AR5 GWP100; CH4=28 and N2O=265,eGRID2014_Data_v2.xlsx,"ST14!STCO2AN, STCH4AN, STN2OAN, STNGENAN; reported comparison from STC2ERTA",Two-phase,One-phase,5.31372558791976,0.983427579766855,-1.657242023314498,1.0169052850839817,5.802684691375659,20.671477369286894
2014,ID,15102586.656,66.8860486339835,66.88763806493999,66.54988773676311,IPCC SAR GWP100,IPCC AR5 GWP100; CH4=28 and N2O=265,eGRID2014_Data_v2.xlsx,"ST14!STCO2AN, STCH4AN, STN2OAN, STNGENAN; reported comparison from STC2ERTA",Two-phase,Cold plate,5.966275009873634,1.0087507316035358,0.8750731603535788,0.9910735058386154,10.974702953404769,20.274312701646792
2014,IL,202134056.529,452.1365530598411,452.11320528143006,448.80267943089814,IPCC SAR GWP100,IPCC AR5 GWP100; CH4=28 and N2O=265,eGRID2014_Data_v2.xlsx,"ST14!STCO2AN, STCH4AN, STN2OAN, STNGENAN; reported comparison from STC2ERTA",Two-phase,One-phase,5.396381120182925,0.9845284388334209,-1.5471561166579106,1.015782314745566,6.068290442444368,20.643365138888313
2014,IN,115023340.266,899.4594658555213,899.4147027019,893.0605650950398,IPCC SAR GWP100,IPCC AR5 GWP100; CH4=28 and N2O=265,eGRID2014_Data_v2.xlsx,"ST14!STCO2AN, STCH4AN, STN2OAN, STNGENAN; reported comparison from STC2ERTA",Two-phase,One-phase,5.2345399422867755,0.9824309966107907,-1.7569003389209303,1.0179218850812148,5.562237729808972,20.698390771127208
2014,KS,49727761.916,643.6893511941761,643.6570984697701,639.0483129116201,IPCC SAR GWP100,IPCC AR5 GWP100; CH4=28 and N2O=265,eGRID2014_Data_v2.xlsx,"ST14!STCO2AN, STCH4AN, STN2OAN, STNGENAN; reported comparison from STC2ERTA",Two-phase,One-phase,5.301762728989701,0.9832734989999389,-1.6726501000061123,1.0170624606355325,5.765509417024051,20.675544444602146
2014,KY,90896434.998,945.4608131804167,945.41305135123,938.2378048530062,IPCC SAR GWP100,IPCC AR5 GWP100; CH4=28 and N2O=265,eGRID2014_Data_v2.xlsx,"ST14!STCO2AN, STCH4AN, STN2OAN, STNGENAN; reported comparison from STC2ERTA",Two-phase,One-phase,5.226090900884683,0.9823278228452638,-1.7672177154736235,1.0180271311403228,5.537344856310766,20.701261330177623
2014,LA,103522968.665,444.36822144961087,444.35405420021004,442.31132587189984,IPCC SAR GWP100,IPCC AR5 GWP100; CH4=28 and N2O=265,eGRID2014_Data_v2.xlsx,"ST14!STCO2AN, STCH4AN, STN2OAN, STNGENAN; reported comparison from STC2ERTA",Two-phase,One-phase,5.401745255117474,0.9846021499226505,-1.5397850077349506,1.0157071231344585,6.086074816313403,20.64154003775175
2014,MA,31014178.671,406.26928604167296,406.21600773061004,403.02662440322496,IPCC SAR GWP100,IPCC AR5 GWP100; CH4=28 and N2O=265,eGRID2014_Data_v2.xlsx,"ST14!STCO2AN, STCH4AN, STN2OAN, STNGENAN; reported comparison from STC2ERTA",Two-phase,One-phase,5.4306603997391845,0.9850044509013693,-1.4995549098630656,1.0152967417514664,6.183138515794573,20.631700460429325
2014,MD,37819444.988,530.586888852448,530.55384101027,526.2878630061208,IPCC SAR GWP100,IPCC AR5 GWP100; CH4=28 and N2O=265,eGRID2014_Data_v2.xlsx,"ST14!STCO2AN, STCH4AN, STN2OAN, STNGENAN; reported comparison from STC2ERTA",Two-phase,One-phase,5.350165208253199,0.9839049635504743,-1.6095036449525701,1.0164183128226572,5.917863720414984,20.659086231828226
2014,ME,13245795.392,162.00050934016778,161.61450783863,156.99677549275523,IPCC SAR GWP100,IPCC AR5 GWP100; CH4=28 and N2O=265,eGRID2014_Data_v2.xlsx,"ST14!STCO2AN, STCH4AN, STN2OAN, STNGENAN; reported comparison from STC2ERTA",Two-phase,One-phase,5.855592046214064,0.9920738136407702,-0.7926186359229814,1.00808538753824,7.88877319420358,20.48681791984156
2014,MI,106747581.842,581.7188288798532,581.68594810326,577.3845026602347,IPCC SAR GWP100,IPCC AR5 GWP100; CH4=28 and N2O=265,eGRID2014_Data_v2.xlsx,"ST14!STCO2AN, STCH4AN, STN2OAN, STNGENAN; reported comparison from STC2ERTA",Two-phase,One-phase,5.326158535971004,0.9835890869132184,-1.6410913086781553,1.0167405339906612,5.84165173830804,20.667250033353135
2014,MN,56981323.968,549.0736279655731,548.82227371202,544.4622767949804,IPCC SAR GWP100,IPCC AR5 GWP100; CH4=28 and N2O=265,eGRID2014_Data_v2.xlsx,"ST14!STCO2AN, STCH4AN, STN2OAN, STNGENAN; reported comparison from STC2ERTA",Two-phase,One-phase,5.341017725434161,0.9837839709272682,-1.6216029072731786,1.0165417356395772,5.888671667102785,20.662197158229368
2014,MO,87833977.052,797.3863488653529,797.34235808843,791.0772903358068,IPCC SAR GWP100,IPCC AR5 GWP100; CH4=28 and N2O=265,eGRID2014_Data_v2.xlsx,"ST14!STCO2AN, STCH4AN, STN2OAN, STNGENAN; reported comparison from STC2ERTA",Two-phase,One-phase,5.2565386289339155,0.9827024324430486,-1.7297567556951443,1.017644997332668,5.627727418983008,20.690915749451243
2014,MS,55127091.661,449.6813963017305,449.66698163002,447.7719327338972,IPCC SAR GWP100,IPCC AR5 GWP100; CH4=28 and N2O=265,eGRID2014_Data_v2.xlsx,"ST14!STCO2AN, STCH4AN, STN2OAN, STNGENAN; reported comparison from STC2ERTA",Two-phase,One-phase,5.398058644120329,0.9845514598640298,-1.544854013597019,1.0157588313267354,6.07384475753423,20.64279438470531
2014,MT,30257616.001,590.7974325202091,590.77866075228,586.6382654621598,IPCC SAR GWP100,IPCC AR5 GWP100; CH4=28 and N2O=265,eGRID2014_Data_v2.xlsx,"ST14!STCO2AN, STCH4AN, STN2OAN, STNGENAN; reported comparison from STC2ERTA",Two-phase,One-phase,5.322292559221231,0.9835387160401412,-1.6461283959858797,1.0167919165864028,5.8294986898552725,20.668564555254655
2014,NC,126271599.062,447.54301759556205,447.50742835645,444.39967491385903,IPCC SAR GWP100,IPCC AR5 GWP100; CH4=28 and N2O=265,eGRID2014_Data_v2.xlsx,"ST14!STCO2AN, STCH4AN, STN2OAN, STNGENAN; reported comparison from STC2ERTA",Two-phase,One-phase,5.399533039156257,0.9845717162959632,-1.5428283704036816,1.0157381680348445,6.078732054174685,20.64229273552619
2014,ND,36462507.669,826.6287549239231,826.5868189594399,820.5062076814886,IPCC SAR GWP100,IPCC AR5 GWP100; CH4=28 and N2O=265,eGRID2014_Data_v2.xlsx,"ST14!STCO2AN, STCH4AN, STN2OAN, STNGENAN; reported comparison from STC2ERTA",Two-phase,One-phase,5.2497166111423965,0.9826178205945357,-1.738217940546427,1.017731308649933,5.6073130042263,20.693233980886884
2014,NE,39431137.998,636.7722821239898,636.7393612349,631.9462686038045,IPCC SAR GWP100,IPCC AR5 GWP100; CH4=28 and N2O=265,eGRID2014_Data_v2.xlsx,"ST14!STCO2AN, STCH4AN, STN2OAN, STNGENAN; reported comparison from STC2ERTA",Two-phase,One-phase,5.304269527825434,0.9833056800086825,-1.669431999131754,1.0170296332561004,5.773273772387144,20.67469222971363
2014,NH,19538394.984,174.47237259643467,174.42350277506,171.4005903085362,IPCC SAR GWP100,IPCC AR5 GWP100; CH4=28 and N2O=265,eGRID2014_Data_v2.xlsx,"ST14!STCO2AN, STCH4AN, STN2OAN, STNGENAN; reported comparison from STC2ERTA",Two-phase,One-phase,5.812125043975147,0.9912338953437364,-0.8766104656263596,1.008942175989103,7.686124974376596,20.50166249036821
2014,NJ,66819245.204,252.4734216187905,252.4513694472,251.33359367126488,IPCC SAR GWP100,IPCC AR5 GWP100; CH4=28 and N2O=265,eGRID2014_Data_v2.xlsx,"ST14!STCO2AN, STCH4AN, STN2OAN, STNGENAN; reported comparison from STC2ERTA",Two-phase,One-phase,5.619870342113353,0.9878617549937933,-1.213824500620675,1.0123820473631688,6.872524126131996,20.567253657979336
2014,NM,32305545.001,767.740267380408,767.7010038936701,762.7555426830521,IPCC SAR GWP100,IPCC AR5 GWP100; CH4=28 and N2O=265,eGRID2014_Data_v2.xlsx,"ST14!STCO2AN, STCH4AN, STN2OAN, STNGENAN; reported comparison from STC2ERTA",Two-phase,One-phase,5.263948936319807,0.9827947901669256,-1.7205209833074386,1.0175507845604908,5.650010691531127,20.6883974541748
2014,NV,35801018.998,439.30211533294704,439.28016994939003,437.56963269381436,IPCC SAR GWP100,IPCC AR5 GWP100; CH4=28 and N2O=265,eGRID2014_Data_v2.xlsx,"ST14!STCO2AN, STCH4AN, STN2OAN, STNGENAN; reported comparison from STC2ERTA",Two-phase,One-phase,5.405334018066332,0.9846516242467176,-1.5348375753282406,1.0156566550953354,6.09801155317784,20.64031894491194
2014,NY,133648655.493,237.62888656459722,237.61028069317,236.5629364722777,IPCC SAR GWP100,IPCC AR5 GWP100; CH4=28 and N2O=265,eGRID2014_Data_v2.xlsx,"ST14!STCO2AN, STCH4AN, STN2OAN, STNGENAN; reported comparison from STC2ERTA",Two-phase,One-phase,5.648603090442905,0.9883330969809566,-1.1666903019043384,1.0119012382506225,6.986245442795402,20.557457841336678
2014,OH,134484232.266,730.4718915456967,730.43476195921,725.3445381191606,IPCC SAR GWP100,IPCC AR5 GWP100; CH4=28 and N2O=265,eGRID2014_Data_v2.xlsx,"ST14!STCO2AN, STCH4AN, STN2OAN, STNGENAN; reported comparison from STC2ERTA",Two-phase,One-phase,5.274056558264251,0.9829215265607197,-1.7078473439280262,1.0174215026066504,5.68058855211635,20.684962254253
2014,OK,70003762.499,618.2461455464515,618.21646321358,614.6510168816485,IPCC SAR GWP100,IPCC AR5 GWP100; CH4=28 and N2O=265,eGRID2014_Data_v2.xlsx,"ST14!STCO2AN, STCH4AN, STN2OAN, STNGENAN; reported comparison from STC2ERTA",Two-phase,One-phase,5.311236701644195,0.9833954170114353,-1.660458298856471,1.0169380938434633,5.794924740016638,20.67232356324483
2014,OR,60110811.966,141.44468374865843,141.43282252022,140.6221360165021,IPCC SAR GWP100,IPCC AR5 GWP100; CH4=28 and N2O=265,eGRID2014_Data_v2.xlsx,"ST14!STCO2AN, STCH4AN, STN2OAN, STNGENAN; reported comparison from STC2ERTA",Two-phase,One-phase,5.939185137490877,0.9937809193987133,-0.6219080601286731,1.006343993758663,8.300648901787744,20.458254157830215
2014,PA,221043691.598,451.56343847012755,451.56980162217,448.6129713858665,IPCC SAR GWP100,IPCC AR5 GWP100; CH4=28 and N2O=265,eGRID2014_Data_v2.xlsx,"ST14!STCO2AN, STCH4AN, STN2OAN, STNGENAN; reported comparison from STC2ERTA",Two-phase,One-phase,5.396771259116395,0.9845337903143629,-1.5466209685637056,1.0157768557776135,6.069581601465601,20.643232400276222
2014,RI,6239678.499,405.3770040247822,405.35917174368,404.94914483075746,IPCC SAR GWP100,IPCC AR5 GWP100; CH4=28 and N2O=265,eGRID2014_Data_v2.xlsx,"ST14!STCO2AN, STCH4AN, STN2OAN, STNGENAN; reported comparison from STC2ERTA",Two-phase,One-phase,5.431394760879704,0.9850147786298339,-1.4985221370166113,1.0152862065857207,6.185630300764133,20.631450531819397
2014,SC,97158465.241,334.73547876694073,334.65047155386003,332.2335074276283,IPCC SAR GWP100,IPCC AR5 GWP100; CH4=28 and N2O=265,eGRID2014_Data_v2.xlsx,"ST14!STCO2AN, STCH4AN, STN2OAN, STNGENAN; reported comparison from STC2ERTA",Two-phase,One-phase,5.5001631646870885,0.9860070436699562,-1.3992956330043826,1.0142740114358182,6.425035424676184,20.608039277535774
2014,SD,10995239.493,282.50460020907326,282.49052415044997,280.51582616530226,IPCC SAR GWP100,IPCC AR5 GWP100; CH4=28 and N2O=265,eGRID2014_Data_v2.xlsx,"ST14!STCO2AN, STCH4AN, STN2OAN, STNGENAN; reported comparison from STC2ERTA",Two-phase,One-phase,5.569436658351523,0.9870595678413843,-1.2940432158615733,1.0132003468216306,6.678979350434289,20.584442104511492
2014,TN,79506885.795,486.7168341041721,486.66696484329,483.28829172032505,IPCC SAR GWP100,IPCC AR5 GWP100; CH4=28 and N2O=265,eGRID2014_Data_v2.xlsx,"ST14!STCO2AN, STCH4AN, STN2OAN, STNGENAN; reported comparison from STC2ERTA",Two-phase,One-phase,5.374364397568954,0.9842288553794961,-1.5771144620503885,1.0160879154739926,5.9960095386446755,20.65085526157182
2014,TX,438052226.109,540.0007613462666,539.97359375806,537.4436478148011,IPCC SAR GWP100,IPCC AR5 GWP100; CH4=28 and N2O=265,eGRID2014_Data_v2.xlsx,"ST14!STCO2AN, STCH4AN, STN2OAN, STNGENAN; reported comparison from STC2ERTA",Two-phase,One-phase,5.345436252641633,0.9838423165397312,-1.6157683460268801,1.0164822181280606,5.902748791677981,20.66069451159057
2014,UT,43784525.997,809.168464220192,809.13485252369,803.5103309364921,IPCC SAR GWP100,IPCC AR5 GWP100; CH4=28 and N2O=265,eGRID2014_Data_v2.xlsx,"ST14!STCO2AN, STCH4AN, STN2OAN, STNGENAN; reported comparison from STC2ERTA",Two-phase,One-phase,5.25373451822071,0.9826676058843861,-1.7332394115613936,1.0176805233991326,5.619324768224465,20.691868647804178
2014,VA,77345531.756,400.87615523979173,400.80102201755,397.7026585710148,IPCC SAR GWP100,IPCC AR5 GWP100; CH4=28 and N2O=265,eGRID2014_Data_v2.xlsx,"ST14!STCO2AN, STCH4AN, STN2OAN, STNGENAN; reported comparison from STC2ERTA",Two-phase,One-phase,5.435142701114715,0.9850675742483223,-1.4932425751677747,1.0152323505424166,6.198368370811069,20.630174953026227
2014,VT,7024733.008,10.45007915266899,10.418563146530001,8.638127899334323,IPCC SAR GWP100,IPCC AR5 GWP100; CH4=28 and N2O=265,eGRID2014_Data_v2.xlsx,"ST14!STCO2AN, STCH4AN, STN2OAN, STNGENAN; reported comparison from STC2ERTA",Two-phase,Cold plate,4.960036197754847,1.159360341783134,15.936034178313395,0.8374388308391705,31.173086437693655,19.859681364969383
2014,WA,116272503.358,102.44368672031356,102.43794006369,101.73376324545477,IPCC SAR GWP100,IPCC AR5 GWP100; CH4=28 and N2O=265,eGRID2014_Data_v2.xlsx,"ST14!STCO2AN, STCH4AN, STN2OAN, STNGENAN; reported comparison from STC2ERTA",Two-phase,One-phase,6.157206367943879,0.9988990350189976,-0.1100964981002428,1.0011230783801937,9.535503557273127,20.383659644752562
2014,WI,61008457.569,691.9911690104174,691.955160435,686.9725299965338,IPCC SAR GWP100,IPCC AR5 GWP100; CH4=28 and N2O=265,eGRID2014_Data_v2.xlsx,"ST14!STCO2AN, STCH4AN, STN2OAN, STNGENAN; reported comparison from STC2ERTA",Two-phase,One-phase,5.285549133208933,0.9830667059755029,-1.6933294024497059,1.0172734071950746,5.715616185238792,20.681055999432928
2014,WV,80357567.778,903.2965662623578,903.2575372605401,896.3392329390445,IPCC SAR GWP100,IPCC AR5 GWP100; CH4=28 and N2O=265,eGRID2014_Data_v2.xlsx,"ST14!STCO2AN, STCH4AN, STN2OAN, STNGENAN; reported comparison from STC2ERTA",Two-phase,One-phase,5.233804224859351,0.982421988978967,-1.7578011021032958,1.017931073635558,5.560064446335589,20.69864073914277
2014,WY,49696183.631,913.0112175636486,912.96486757091,906.230949065026,IPCC SAR GWP100,IPCC AR5 GWP100; CH4=28 and N2O=265,eGRID2014_Data_v2.xlsx,"ST14!STCO2AN, STCH4AN, STN2OAN, STNGENAN; reported comparison from STC2ERTA",Two-phase,One-phase,5.231967593819298,0.982399522156844,-1.7600477843155993,1.0179539917143647,5.55464384587423,20.699264747681344
2016,AK,6335033.511,421.8598131761124,421.84680080081006,419.96381653886704,IPCC SAR GWP100,IPCC AR5 GWP100; CH4=28 and N2O=265,egrid2016_data.xlsx,"ST16!STCO2AN, STCH4AN, STN2OAN, STNGENAN; reported comparison from STC2ERTA",Two-phase,One-phase,5.418271266113073,0.9848310453131167,-1.5168954686883285,1.0154736302724745,6.141300715747167,20.635916675772748
2016,AL,142863240.209,416.1843024115792,416.15648451916,414.09223612634827,IPCC SAR GWP100,IPCC AR5 GWP100; CH4=28 and N2O=265,egrid2016_data.xlsx,"ST16!STCO2AN, STCH4AN, STN2OAN, STNGENAN; reported comparison from STC2ERTA",Two-phase,One-phase,5.4226867571399495,0.9848926680253693,-1.5107331974630656,1.0154107698390784,6.156168510606497,20.63441406670632
2016,AR,60445059.072,509.2191669313832,509.19961941541004,506.050405336533,IPCC SAR GWP100,IPCC AR5 GWP100; CH4=28 and N2O=265,egrid2016_data.xlsx,"ST16!STCO2AN, STCH4AN, STN2OAN, STNGENAN; reported comparison from STC2ERTA",Two-phase,One-phase,5.361483062882355,0.9840557526085527,-1.5944247391447286,1.0162644950954636,5.954244799737696,20.655236855737357
2016,AZ,108734630.779,425.0362534546797,425.04870934064,422.850058386151,IPCC SAR GWP100,IPCC AR5 GWP100; CH4=28 and N2O=265,egrid2016_data.xlsx,"ST16!STCO2AN, STCH4AN, STN2OAN, STNGENAN; reported comparison from STC2ERTA",Two-phase,One-phase,5.415845452501933,0.9847972745579467,-1.5202725442053255,1.0155080793291371,6.133152800120678,20.63674216552688
2016,CA,197323836.964,205.97538596813195,205.95769792983003,205.26916296050487,IPCC SAR GWP100,IPCC AR5 GWP100; CH4=28 and N2O=265,egrid2016_data.xlsx,"ST16!STCO2AN, STCH4AN, STN2OAN, STNGENAN; reported comparison from STC2ERTA",Two-phase,One-phase,5.720723410809425,0.9895648148805898,-1.0435185119410217,1.0106447807179626,7.283423680930268,20.532859312478823
2016,CO,54418479.931,670.4190571185492,670.38457527965,666.0426651709566,IPCC SAR GWP100,IPCC AR5 GWP100; CH4=28 and N2O=265,egrid2016_data.xlsx,"ST16!STCO2AN, STCH4AN, STN2OAN, STNGENAN; reported comparison from STC2ERTA",Two-phase,One-phase,5.2925240436782595,0.9831553808571787,-1.6844619142821315,1.0171829512367156,5.737010893484151,20.678685083074843
2016,CT,36496559.656,227.80095081166738,227.76460470995002,226.10069821869672,IPCC SAR GWP100,IPCC AR5 GWP100; CH4=28 and N2O=265,egrid2016_data.xlsx,"ST16!STCO2AN, STCH4AN, STN2OAN, STNGENAN; reported comparison from STC2ERTA",Two-phase,One-phase,5.669276502331266,0.9886789196139679,-1.1321080386032079,1.011548469607461,7.069682535668753,20.55040818854117
2016,DC,76473.999,219.12858425615545,219.10416558954,218.53429887065434,IPCC SAR GWP100,IPCC AR5 GWP100; CH4=28 and N2O=265,egrid2016_data.xlsx,"ST16!STCO2AN, STCH4AN, STN2OAN, STNGENAN; reported comparison from STC2ERTA",Two-phase,One-phase,5.688743457579171,0.9890098197898166,-1.0990180210183387,1.011210923146029,7.149519267185367,20.543768794726702
2016,DE,8731261.003,403.42758774497486,403.39647755869004,402.5246887656987,IPCC SAR GWP100,IPCC AR5 GWP100; CH4=28 and N2O=265,egrid2016_data.xlsx,"ST16!STCO2AN, STCH4AN, STN2OAN, STNGENAN; reported comparison from STC2ERTA",Two-phase,One-phase,5.433009071242734,0.985037501024449,-1.496249897555102,1.0152630278011283,6.191112563545165,20.630901120383825
2016,FL,238226428.16,466.80366367722854,466.7315801817901,464.5715526539579,IPCC SAR GWP100,IPCC AR5 GWP100; CH4=28 and N2O=265,egrid2016_data.xlsx,"ST16!STCO2AN, STCH4AN, STN2OAN, STNGENAN; reported comparison from STC2ERTA",Two-phase,One-phase,5.386687471324425,0.984395953408587,-1.5604046591413012,1.015917461202437,6.036325505389817,20.646663107273934
2016,GA,132902274.317,456.9874517680668,456.97072597176003,454.38782132330164,IPCC SAR GWP100,IPCC AR5 GWP100; CH4=28 and N2O=265,egrid2016_data.xlsx,"ST16!STCO2AN, STCH4AN, STN2OAN, STNGENAN; reported comparison from STC2ERTA",Two-phase,One-phase,5.393113824765794,0.9844836807393605,-1.5516319260639455,1.0158279718269856,6.057491596751596,20.64447676713418
2016,HI,9948844.667,695.3098420329005,695.3035793103401,690.4137893069073,IPCC SAR GWP100,IPCC AR5 GWP100; CH4=28 and N2O=265,egrid2016_data.xlsx,"ST16!STCO2AN, STCH4AN, STN2OAN, STNGENAN; reported comparison from STC2ERTA",Two-phase,One-phase,5.284511630932243,0.9830535523584311,-1.694644764156894,1.0172868250087288,5.712442594315337,20.68140865581031
2016,IA,54396530.724,455.18479465079747,455.34777247190004,452.62091130331976,IPCC SAR GWP100,IPCC AR5 GWP100; CH4=28 and N2O=265,egrid2016_data.xlsx,"ST16!STCO2AN, STCH4AN, STN2OAN, STNGENAN; reported comparison from STC2ERTA",Two-phase,One-phase,5.394320761562432,0.9845002020961728,-1.5499797903827162,1.0158111186309553,6.061477726782316,20.64406613601234
2016,ID,15660938.441,85.85199529150658,85.85278864701,85.59069888275765,IPCC SAR GWP100,IPCC AR5 GWP100; CH4=28 and N2O=265,egrid2016_data.xlsx,"ST16!STCO2AN, STCH4AN, STN2OAN, STNGENAN; reported comparison from STC2ERTA",Two-phase,Cold plate,6.125351708350957,1.0024828884368338,0.24828884368337523,0.9974672415817429,10.134117151811783,20.33946950291594
2016,IL,187437381.035,370.0595603358064,370.14997120717004,368.0077344996838,IPCC SAR GWP100,IPCC AR5 GWP100; CH4=28 and N2O=265,egrid2016_data.xlsx,"ST16!STCO2AN, STCH4AN, STN2OAN, STNGENAN; reported comparison from STC2ERTA",Two-phase,One-phase,5.462928781686105,0.9854635370802044,-1.45364629197956,1.0148284346109198,6.293902857060485,20.620716923770377
2016,IN,101397209.392,827.803850770832,827.76298397485,822.2282690827121,IPCC SAR GWP100,IPCC AR5 GWP100; CH4=28 and N2O=265,egrid2016_data.xlsx,"ST16!STCO2AN, STCH4AN, STN2OAN, STNGENAN; reported comparison from STC2ERTA",Two-phase,One-phase,5.249451900076751,0.9826145454017434,-1.7385454598256578,1.017734649626512,5.606522794046009,20.693323931235753
2016,KS,47599990.322,546.1778299516731,546.15061465272,542.2938610267768,IPCC SAR GWP100,IPCC AR5 GWP100; CH4=28 and N2O=265,egrid2016_data.xlsx,"ST16!STCO2AN, STCH4AN, STN2OAN, STNGENAN; reported comparison from STC2ERTA",Two-phase,One-phase,5.342413538552293,0.9838023826374703,-1.619761736252967,1.0165229541215206,5.893113885244228,20.661722478179524
2016,KY,80273501.005,892.6615075290118,892.7078859190801,886.4560028929725,IPCC SAR GWP100,IPCC AR5 GWP100; CH4=28 and N2O=265,egrid2016_data.xlsx,"ST16!STCO2AN, STCH4AN, STN2OAN, STNGENAN; reported comparison from STC2ERTA",Two-phase,One-phase,5.235857972317159,0.9824471449671935,-1.7552855032806458,1.0179054123774824,5.566133865528022,20.697942952116975
2016,LA,106842115.053,400.13813251529854,400.12925171758,398.63966115732484,IPCC SAR GWP100,IPCC AR5 GWP100; CH4=28 and N2O=265,egrid2016_data.xlsx,"ST16!STCO2AN, STCH4AN, STN2OAN, STNGENAN; reported comparison from STC2ERTA",Two-phase,One-phase,5.435764316595537,0.9850763446494692,-1.4923655350530751,1.0152234039836396,6.200484417319285,20.62996338765104
2016,MA,31951671.137,375.40560381197093,375.35403646818,372.5477591110687,IPCC SAR GWP100,IPCC AR5 GWP100; CH4=28 and N2O=265,egrid2016_data.xlsx,"ST16!STCO2AN, STCH4AN, STN2OAN, STNGENAN; reported comparison from STC2ERTA",Two-phase,One-phase,5.457824223163965,0.9853901876888816,-1.4609812311118353,1.0149032572592478,6.276205750533004,20.622454619730746
2016,MD,37166746.524,462.3279669183563,462.41655596598,459.3449100166763,IPCC SAR GWP100,IPCC AR5 GWP100; CH4=28 and N2O=265,egrid2016_data.xlsx,"ST16!STCO2AN, STCH4AN, STN2OAN, STNGENAN; reported comparison from STC2ERTA",Two-phase,One-phase,5.389587404866747,0.9844354908013639,-1.5564509198636056,1.0158771296825402,6.045864745445861,20.645676522065447
2016,ME,11514427.426,157.72275859637236,157.67777965940002,152.84417735645985,IPCC SAR GWP100,IPCC AR5 GWP100; CH4=28 and N2O=265,egrid2016_data.xlsx,"ST16!STCO2AN, STCH4AN, STN2OAN, STNGENAN; reported comparison from STC2ERTA",Two-phase,One-phase,5.871666417565891,0.9923924525393278,-0.7607547460672159,1.0077603486276172,7.965651630818682,20.481326899874208
2016,MI,112121789.925,501.55925188512435,501.6799651055501,498.8854128466928,IPCC SAR GWP100,IPCC AR5 GWP100; CH4=28 and N2O=265,egrid2016_data.xlsx,"ST16!STCO2AN, STCH4AN, STN2OAN, STNGENAN; reported comparison from STC2ERTA",Two-phase,One-phase,5.3657513221942565,0.9841129346976408,-1.5887065302359171,1.0162061644772356,5.968041199459706,20.65378505823111
2016,MN,60036475.896,463.00349960592797,462.79258404071004,459.3395296065265,IPCC SAR GWP100,IPCC AR5 GWP100; CH4=28 and N2O=265,egrid2016_data.xlsx,"ST16!STCO2AN, STCH4AN, STN2OAN, STNGENAN; reported comparison from STC2ERTA",Two-phase,One-phase,5.389146506102471,0.9844294743260005,-1.5570525673999525,1.0158832670016398,6.0444131423240455,20.64582652163569
2016,MO,78611512.544,770.4498874451207,770.63302497335,765.547052681676,IPCC SAR GWP100,IPCC AR5 GWP100; CH4=28 and N2O=265,egrid2016_data.xlsx,"ST16!STCO2AN, STCH4AN, STN2OAN, STNGENAN; reported comparison from STC2ERTA",Two-phase,One-phase,5.263249581256657,0.9827860537212664,-1.7213946278733627,1.017559696481768,5.647902837509222,20.688635127607924
2016,MS,62881294.963,427.72928782282867,427.75075908873004,426.7016883710862,IPCC SAR GWP100,IPCC AR5 GWP100; CH4=28 and N2O=265,egrid2016_data.xlsx,"ST16!STCO2AN, STCH4AN, STN2OAN, STNGENAN; reported comparison from STC2ERTA",Two-phase,One-phase,5.413813738457951,0.9847690358991528,-1.5230964100847233,1.0155368851746676,6.126339620844634,20.63743353235902
2016,MT,27783529.992,571.5798722487729,571.56176640486,567.454048437915,IPCC SAR GWP100,IPCC AR5 GWP100; CH4=28 and N2O=265,egrid2016_data.xlsx,"ST16!STCO2AN, STCH4AN, STN2OAN, STNGENAN; reported comparison from STC2ERTA",Two-phase,One-phase,5.330608145089988,0.9836472316277546,-1.6352768372245419,1.0166812214122007,5.85568039196962,20.665737008962715
2016,NC,130768152.699,395.8512546588214,395.83101041946003,393.46458378559447,IPCC SAR GWP100,IPCC AR5 GWP100; CH4=28 and N2O=265,egrid2016_data.xlsx,"ST16!STCO2AN, STCH4AN, STN2OAN, STNGENAN; reported comparison from STC2ERTA",Two-phase,One-phase,5.439415138198855,0.9851279347274884,-1.4872065272511614,1.015170777694652,6.212931624992013,20.6287208162915
2016,ND,37856451.758,759.5483032373353,759.6869339005101,754.6661939071403,IPCC SAR GWP100,IPCC AR5 GWP100; CH4=28 and N2O=265,egrid2016_data.xlsx,"ST16!STCO2AN, STCH4AN, STN2OAN, STNGENAN; reported comparison from STC2ERTA",Two-phase,One-phase,5.266091533306172,0.9828215819578723,-1.7178418042127719,1.0175234546438285,5.656474783051113,20.687669291028833
2016,NE,37197843.2,585.4609760558545,585.4557542903301,581.121114207405,IPCC SAR GWP100,IPCC AR5 GWP100; CH4=28 and N2O=265,egrid2016_data.xlsx,"ST16!STCO2AN, STCH4AN, STN2OAN, STNGENAN; reported comparison from STC2ERTA",Two-phase,One-phase,5.324551756995932,0.9835681351515057,-1.6431864848494349,1.016761906578357,5.836596678514305,20.667796380820413
2016,NH,19282493.05,143.74519804583,143.69443407704,140.8696098987101,IPCC SAR GWP100,IPCC AR5 GWP100; CH4=28 and N2O=265,egrid2016_data.xlsx,"ST16!STCO2AN, STCH4AN, STN2OAN, STNGENAN; reported comparison from STC2ERTA",Two-phase,One-phase,5.928977023832616,0.9935656397146078,-0.6434360285392238,1.0065635974364238,8.248708082183054,20.461743370578965
2016,NJ,77598196.669,253.95310276509954,253.93189494287998,253.02394856683475,IPCC SAR GWP100,IPCC AR5 GWP100; CH4=28 and N2O=265,egrid2016_data.xlsx,"ST16!STCO2AN, STCH4AN, STN2OAN, STNGENAN; reported comparison from STC2ERTA",Two-phase,One-phase,5.617156887067365,0.987817789931484,-1.2182210068516053,1.012426895484422,6.861916616278885,20.568178627660227
2016,NM,32922552.001,717.8924042176814,717.8561919467401,713.4038805005014,IPCC SAR GWP100,IPCC AR5 GWP100; CH4=28 and N2O=265,egrid2016_data.xlsx,"ST16!STCO2AN, STCH4AN, STN2OAN, STNGENAN; reported comparison from STC2ERTA",Two-phase,One-phase,5.277687867435854,0.9829672744064932,-1.703272559350677,1.0173748358938892,5.691626196539201,20.68372803640578
2016,NV,39228694.003,349.9810711890645,349.96420355743004,349.2261956449471,IPCC SAR GWP100,IPCC AR5 GWP100; CH4=28 and N2O=265,egrid2016_data.xlsx,"ST16!STCO2AN, STCH4AN, STN2OAN, STNGENAN; reported comparison from STC2ERTA",Two-phase,One-phase,5.483299363023186,0.9857590210023259,-1.424097899767407,1.0145270157553197,6.36519466129537,20.613781604208704
2016,NY,134090832.639,211.33575183414303,211.31779896612,210.47579027446193,IPCC SAR GWP100,IPCC AR5 GWP100; CH4=28 and N2O=265,egrid2016_data.xlsx,"ST16!STCO2AN, STCH4AN, STN2OAN, STNGENAN; reported comparison from STC2ERTA",Two-phase,One-phase,5.7073113575471845,0.9893303039211688,-1.066969607883117,1.0108840019402436,7.226842905604358,20.537434998365445
2016,OH,118922077.758,669.1539917861774,669.20024560158,664.9484489927447,IPCC SAR GWP100,IPCC AR5 GWP100; CH4=28 and N2O=265,egrid2016_data.xlsx,"ST16!STCO2AN, STCH4AN, STN2OAN, STNGENAN; reported comparison from STC2ERTA",Two-phase,One-phase,5.292945949473826,0.9831607584875967,-1.6839241512403347,1.0171774655940629,5.738308361624722,20.678541664020887
2016,OK,78655008.003,475.490533862022,475.50587098707,473.42146485331347,IPCC SAR GWP100,IPCC AR5 GWP100; CH4=28 and N2O=265,egrid2016_data.xlsx,"ST16!STCO2AN, STCH4AN, STN2OAN, STNGENAN; reported comparison from STC2ERTA",Two-phase,One-phase,5.381198249317354,0.9843213387117962,-1.5678661288203832,1.0159935745704882,6.0183231169063545,20.648530526090948
2016,OR,60181811.826,139.33556632930996,139.32633955394,138.74962369967932,IPCC SAR GWP100,IPCC AR5 GWP100; CH4=28 and N2O=265,egrid2016_data.xlsx,"ST16!STCO2AN, STCH4AN, STN2OAN, STNGENAN; reported comparison from STC2ERTA",Two-phase,One-phase,5.948754663946643,0.9939845253419679,-0.6015474658032094,1.006136298294326,8.349773182199826,20.45498294114404
2016,PA,215066508.488,390.04693533523965,390.11030344902,388.0229434948906,IPCC SAR GWP100,IPCC AR5 GWP100; CH4=28 and N2O=265,egrid2016_data.xlsx,"ST16!STCO2AN, STCH4AN, STN2OAN, STNGENAN; reported comparison from STC2ERTA",Two-phase,One-phase,5.444469952892939,0.9851995925537366,-1.480040744626343,1.015097680587278,6.230220605333492,20.627000326184973
2016,RI,6564885.1,395.4103727654017,395.3919330053,394.998291484022,IPCC SAR GWP100,IPCC AR5 GWP100; CH4=28 and N2O=265,egrid2016_data.xlsx,"ST16!STCO2AN, STCH4AN, STN2OAN, STNGENAN; reported comparison from STC2ERTA",Two-phase,One-phase,5.439794532971454,0.9851333038898181,-1.4866696110181876,1.0151653006901726,6.214227050025523,20.62859168557055
2016,SC,96985763.86,286.9243926071705,287.03415892074,285.50382060171944,IPCC SAR GWP100,IPCC AR5 GWP100; CH4=28 and N2O=265,egrid2016_data.xlsx,"ST16!STCO2AN, STCH4AN, STN2OAN, STNGENAN; reported comparison from STC2ERTA",Two-phase,One-phase,5.562758691640268,0.9869556724842099,-1.30443275157901,1.0133063289658935,6.653912377546534,20.586717483565742
2016,SD,10289415.719,234.3202890877847,234.30858183194002,232.83626696845738,IPCC SAR GWP100,IPCC AR5 GWP100; CH4=28 and N2O=265,egrid2016_data.xlsx,"ST16!STCO2AN, STCH4AN, STN2OAN, STNGENAN; reported comparison from STC2ERTA",Two-phase,One-phase,5.655406841023747,0.9884462827051215,-1.155371729487853,1.0117857791379807,7.013553915051363,20.55513789413994
2016,TN,79340633.31,452.81910048307003,452.86979735459005,450.0863594436554,IPCC SAR GWP100,IPCC AR5 GWP100; CH4=28 and N2O=265,egrid2016_data.xlsx,"ST16!STCO2AN, STCH4AN, STN2OAN, STNGENAN; reported comparison from STC2ERTA",Two-phase,One-phase,5.395917631963387,0.9845220831839614,-1.5477916816038606,1.0157887980512326,6.066757006331147,20.643522832859684
2016,TX,453941342.056,478.38962211535426,478.35942058674004,476.0575184560906,IPCC SAR GWP100,IPCC AR5 GWP100; CH4=28 and N2O=265,egrid2016_data.xlsx,"ST16!STCO2AN, STCH4AN, STN2OAN, STNGENAN; reported comparison from STC2ERTA",Two-phase,One-phase,5.379405997521136,0.9842970402011596,-1.57029597988404,1.0160183611281333,6.012460582488011,20.649140226381313
2016,UT,38133928.003,743.1889363078752,743.15848153008,738.1634187712572,IPCC SAR GWP100,IPCC AR5 GWP100; CH4=28 and N2O=265,egrid2016_data.xlsx,"ST16!STCO2AN, STCH4AN, STN2OAN, STNGENAN; reported comparison from STC2ERTA",Two-phase,One-phase,5.270501661485527,0.9828768522055262,-1.712314779447377,1.0174670742672687,5.669809910212864,20.686170463671395
2016,VA,92554816.451,371.57521859373054,371.4830791826,369.1342372307261,IPCC SAR GWP100,IPCC AR5 GWP100; CH4=28 and N2O=265,egrid2016_data.xlsx,"ST16!STCO2AN, STCH4AN, STN2OAN, STNGENAN; reported comparison from STC2ERTA",Two-phase,One-phase,5.461468638378242,0.9854425275249807,-1.4557472475019262,1.0148498661529364,6.288833853348463,20.621213994138543
2016,VT,1911207.085,30.390928693241758,30.311310125250003,25.804714935318305,IPCC SAR GWP100,IPCC AR5 GWP100; CH4=28 and N2O=265,egrid2016_data.xlsx,"ST16!STCO2AN, STCH4AN, STN2OAN, STNGENAN; reported comparison from STC2ERTA",Two-phase,Cold plate,5.464857375303311,1.042672724482335,4.267272448233506,0.9564701737866096,15.524010397333843,20.06823595299716
2016,WA,114086582.682,85.21773281482784,85.24361409410001,84.75095980338385,IPCC SAR GWP100,IPCC AR5 GWP100; CH4=28 and N2O=265,egrid2016_data.xlsx,"ST16!STCO2AN, STCH4AN, STN2OAN, STNGENAN; reported comparison from STC2ERTA",Two-phase,Cold plate,6.120719841134137,1.0026475175756016,0.26475175756015545,0.9972993057893332,10.15619570625168,20.337573825027366
2016,WI,64966610.542,633.2804542253202,633.4372087813,629.9854517412301,IPCC SAR GWP100,IPCC AR5 GWP100; CH4=28 and N2O=265,egrid2016_data.xlsx,"ST16!STCO2AN, STCH4AN, STN2OAN, STNGENAN; reported comparison from STC2ERTA",Two-phase,One-phase,5.305554088283304,0.9833221923370175,-1.6677807662982547,1.0170127892698886,5.777257724104956,20.674255521622122
2016,WV,75942967.562,902.8908679212245,902.90237443483,896.1883729144995,IPCC SAR GWP100,IPCC AR5 GWP100; CH4=28 and N2O=265,egrid2016_data.xlsx,"ST16!STCO2AN, STCH4AN, STN2OAN, STNGENAN; reported comparison from STC2ERTA",Two-phase,One-phase,5.233881734380974,0.9824229377412489,-1.7577062258751108,1.0179301058169397,5.560293355490398,20.698614404512185
2016,WY,46656629.978,925.8131374203496,925.76705862179,919.096251493984,IPCC SAR GWP100,IPCC AR5 GWP100; CH4=28 and N2O=265,egrid2016_data.xlsx,"ST16!STCO2AN, STCH4AN, STN2OAN, STNGENAN; reported comparison from STC2ERTA",Two-phase,One-phase,5.229602766972374,0.9823706353873412,-1.7629364612658849,1.0179834586882122,5.547674296053762,20.700068200062262
2018,AK,6244300.149,413.62093515239224,413.66943755445004,411.645308627904,IPCC AR4 GWP100,IPCC AR5 GWP100; CH4=28 and N2O=265,egrid2018_data.xlsx,"ST18!STCO2AN, STCH4AN, STN2OAN, STNGENAN; reported comparison from STC2ERTA",Two-phase,One-phase,5.42471597895926,0.9849210542796569,-1.5078945720343073,1.0153818134335295,6.163017300446283,20.63372349540955
2018,AL,143221259.248,393.80101810563417,393.85334768626,391.8891935188003,IPCC AR4 GWP100,IPCC AR5 GWP100; CH4=28 and N2O=265,egrid2018_data.xlsx,"ST18!STCO2AN, STCH4AN, STN2OAN, STNGENAN; reported comparison from STC2ERTA",Two-phase,One-phase,5.441185745837029,0.9851530049701475,-1.4846995029852539,1.0151452039043838,6.218980356235826,20.628118169071797
2018,AR,67999351.643,552.8999517979905,552.99441633128,549.4507337402325,IPCC AR4 GWP100,IPCC AR5 GWP100; CH4=28 and N2O=265,egrid2018_data.xlsx,"ST18!STCO2AN, STCH4AN, STN2OAN, STNGENAN; reported comparison from STC2ERTA",Two-phase,One-phase,5.339193729932679,0.9837599385294359,-1.6240061470564116,1.016566250739417,5.882873338079508,20.662817443506075
2018,AZ,111639090.046,440.94352785916584,441.00291377065,438.64398264616017,IPCC AR4 GWP100,IPCC AR5 GWP100; CH4=28 and N2O=265,egrid2018_data.xlsx,"ST18!STCO2AN, STCH4AN, STN2OAN, STNGENAN; reported comparison from STC2ERTA",Two-phase,One-phase,5.404163258395656,0.984635470183446,-1.5364529816554007,1.0156731336205618,6.094114040554888,20.640717305319832
2018,CA,195212859.582,191.41717612581962,191.42913431873,190.6853533022388,IPCC AR4 GWP100,IPCC AR5 GWP100; CH4=28 and N2O=265,egrid2018_data.xlsx,"ST18!STCO2AN, STCH4AN, STN2OAN, STNGENAN; reported comparison from STC2ERTA",Two-phase,One-phase,5.760075425540845,0.9902679268716388,-0.9732073128361218,1.0099275463920505,7.453064458882475,20.51943084985939
2018,CO,55375731.38,621.9409885481101,622.0429684469,618.0507205417375,IPCC AR4 GWP100,IPCC AR5 GWP100; CH4=28 and N2O=265,egrid2018_data.xlsx,"ST18!STCO2AN, STCH4AN, STN2OAN, STNGENAN; reported comparison from STC2ERTA",Two-phase,One-phase,5.309816797143463,0.9833770932642436,-1.6622906735756393,1.016956785631731,5.790503744829234,20.672806307070047
2018,CT,39453552.523,231.07362319244365,231.09760144471002,229.68428036722526,IPCC AR4 GWP100,IPCC AR5 GWP100; CH4=28 and N2O=265,egrid2018_data.xlsx,"ST18!STCO2AN, STCH4AN, STN2OAN, STNGENAN; reported comparison from STC2ERTA",Two-phase,One-phase,5.66223541006301,0.9885604977849153,-1.1439502215084718,1.0116692699946186,7.04111074132765,20.552809348085134
2018,DC,74889.001,199.6092574346396,199.6123942659,199.0700587532599,IPCC AR4 GWP100,IPCC AR5 GWP100; CH4=28 and N2O=265,egrid2018_data.xlsx,"ST18!STCO2AN, STCH4AN, STN2OAN, STNGENAN; reported comparison from STC2ERTA",Two-phase,One-phase,5.7373811999894775,0.9898596718691469,-1.0140328130853082,1.0103440013881821,7.354564224058868,20.52717557038153
2018,DE,6240644.191,408.4040994041017,408.40821965482,407.4428857110588,IPCC AR4 GWP100,IPCC AR5 GWP100; CH4=28 and N2O=265,egrid2018_data.xlsx,"ST18!STCO2AN, STCH4AN, STN2OAN, STNGENAN; reported comparison from STC2ERTA",Two-phase,One-phase,5.428914856539224,0.9849799245332029,-1.5020075466797067,1.015321760743267,6.177221005882871,20.632294523108254
2018,FL,243456187.354,429.8363131417445,429.88037526588005,427.87886867742344,IPCC AR4 GWP100,IPCC AR5 GWP100; CH4=28 and N2O=265,egrid2018_data.xlsx,"ST18!STCO2AN, STCH4AN, STN2OAN, STNGENAN; reported comparison from STC2ERTA",Two-phase,One-phase,5.412239817240194,0.984747188630004,-1.525281136999601,1.0155591712564873,6.121068500764593,20.63796910974839
2018,GA,129232893.261,422.61856222422216,422.68367872346,420.22952034544534,IPCC AR4 GWP100,IPCC AR5 GWP100; CH4=28 and N2O=265,egrid2018_data.xlsx,"ST18!STCO2AN, STCH4AN, STN2OAN, STNGENAN; reported comparison from STC2ERTA",Two-phase,One-phase,5.417688893753692,0.9848229324446757,-1.517706755532433,1.015481906091692,6.139343313041379,20.63611485514376
2018,HI,9796772.998,691.4790887413594,691.62993470571,686.4321014675221,IPCC AR4 GWP100,IPCC AR5 GWP100; CH4=28 and N2O=265,egrid2018_data.xlsx,"ST18!STCO2AN, STCH4AN, STN2OAN, STNGENAN; reported comparison from STC2ERTA",Two-phase,One-phase,5.285710042492231,0.9830687468550867,-1.6931253144913283,1.0172713253234649,5.7161085910073295,20.68100130463596
2018,IA,63191960.4,488.59501704450014,488.68318292794004,485.30036501045015,IPCC AR4 GWP100,IPCC AR5 GWP100; CH4=28 and N2O=265,egrid2018_data.xlsx,"ST18!STCO2AN, STCH4AN, STN2OAN, STNGENAN; reported comparison from STC2ERTA",Two-phase,One-phase,5.373248564951538,0.9842137975414419,-1.5786202458558107,1.0161032757558026,5.992376513757702,20.651234831888456
2018,ID,18172119.496,72.88311256625481,72.89002589715,72.66844612335188,IPCC AR4 GWP100,IPCC AR5 GWP100; CH4=28 and N2O=265,egrid2018_data.xlsx,"ST18!STCO2AN, STCH4AN, STN2OAN, STNGENAN; reported comparison from STC2ERTA",Two-phase,Cold plate,6.021616116140249,1.0064171672027866,0.6417167202786622,0.9934539409773283,10.661746638097824,20.296992152773885
2018,IL,187990218.418,371.21812565112185,371.28485931691,368.71289339879763,IPCC AR4 GWP100,IPCC AR5 GWP100; CH4=28 and N2O=265,egrid2018_data.xlsx,"ST18!STCO2AN, STCH4AN, STN2OAN, STNGENAN; reported comparison from STC2ERTA",Two-phase,One-phase,5.4618117200869065,0.9854474619897056,-1.4552538010294436,1.014844832577168,6.290024398304839,20.621097200853033
2018,IN,113451149.922,792.9757722414781,793.11714516188,787.6746182052074,IPCC AR4 GWP100,IPCC AR5 GWP100; CH4=28 and N2O=265,egrid2018_data.xlsx,"ST18!STCO2AN, STCH4AN, STN2OAN, STNGENAN; reported comparison from STC2ERTA",Two-phase,One-phase,5.257608342689579,0.9827157357442398,-1.728426425576024,1.0176314268284188,5.630937124395707,20.690552231209715
2018,KS,51683745.199,451.9636026178785,452.05015594200006,448.74073013983366,IPCC AR4 GWP100,IPCC AR5 GWP100; CH4=28 and N2O=265,egrid2018_data.xlsx,"ST18!STCO2AN, STCH4AN, STN2OAN, STNGENAN; reported comparison from STC2ERTA",Two-phase,One-phase,5.396498760881974,0.9845300523360627,-1.5469947663937278,1.015780668834965,6.068679734401927,20.643325113544698
2018,KY,78804496.998,832.4818767006861,832.6418235065701,826.5228672855382,IPCC AR4 GWP100,IPCC AR5 GWP100; CH4=28 and N2O=265,egrid2018_data.xlsx,"ST18!STCO2AN, STCH4AN, STN2OAN, STNGENAN; reported comparison from STC2ERTA",Two-phase,One-phase,5.248405030347936,0.9826015985943016,-1.7398401405698372,1.0177478564766675,5.603399100360784,20.693679661616304
2018,LA,101862424.388,380.7169081158361,380.75858955673,379.22069946491314,IPCC AR4 GWP100,IPCC AR5 GWP100; CH4=28 and N2O=265,egrid2018_data.xlsx,"ST18!STCO2AN, STCH4AN, STN2OAN, STNGENAN; reported comparison from STC2ERTA",Two-phase,One-phase,5.452876443683641,0.9853193537361549,-1.4680646263845132,1.014975513945213,6.259115547266703,20.624138872294438
2018,MA,27123442.981,332.8099534974712,332.86558557791,330.02359964860045,IPCC AR4 GWP100,IPCC AR5 GWP100; CH4=28 and N2O=265,egrid2018_data.xlsx,"ST18!STCO2AN, STCH4AN, STN2OAN, STNGENAN; reported comparison from STC2ERTA",Two-phase,One-phase,5.5023870063277025,0.9860399842534197,-1.3960015746580345,1.014240409225251,6.432983043655893,20.6072819707937
2018,MD,43783522.967,381.48544366707245,381.54557231868,379.0891047727217,IPCC AR4 GWP100,IPCC AR5 GWP100; CH4=28 and N2O=265,egrid2018_data.xlsx,"ST18!STCO2AN, STCH4AN, STN2OAN, STNGENAN; reported comparison from STC2ERTA",Two-phase,One-phase,5.452170446971327,0.9853092674600639,-1.4690732539936135,1.0149858028089007,6.256682017836845,20.624379191804877
2018,ME,11280700.003,121.54019677439773,121.66299907377001,116.91210428868911,IPCC AR4 GWP100,IPCC AR5 GWP100; CH4=28 and N2O=265,egrid2018_data.xlsx,"ST18!STCO2AN, STCH4AN, STN2OAN, STNGENAN; reported comparison from STC2ERTA",Two-phase,One-phase,6.038521388234219,0.9959832796119158,-0.4016720388084205,1.004097398105281,8.832015319449438,20.424284262866966
2018,MI,115834924.306,506.0371214347768,506.10203712068,502.7183131150414,IPCC AR4 GWP100,IPCC AR5 GWP100; CH4=28 and N2O=265,egrid2018_data.xlsx,"ST18!STCO2AN, STCH4AN, STN2OAN, STNGENAN; reported comparison from STC2ERTA",Two-phase,One-phase,5.363242049493122,0.9840792968067713,-1.5920703193228691,1.016240478000956,5.9599253401820595,20.654638563853233
2018,MN,61425572.326,455.0015307940494,455.00168149359,451.51014217238395,IPCC AR4 GWP100,IPCC AR5 GWP100; CH4=28 and N2O=265,egrid2018_data.xlsx,"ST18!STCO2AN, STCH4AN, STN2OAN, STNGENAN; reported comparison from STC2ERTA",Two-phase,One-phase,5.394443938960136,0.984501889037445,-1.5498110962555045,1.0158093978066747,6.061884737377232,20.64402422763605
2018,MO,81304229.764,776.7971828851148,776.95519542641,770.9254125832923,IPCC AR4 GWP100,IPCC AR5 GWP100; CH4=28 and N2O=265,egrid2018_data.xlsx,"ST18!STCO2AN, STCH4AN, STN2OAN, STNGENAN; reported comparison from STC2ERTA",Two-phase,One-phase,5.261629144383417,0.9827658271095635,-1.7234172890436494,1.0175803293544752,5.643022735636016,20.689185822078894
2018,MS,63473771.44,417.05847804497745,417.08589528529006,415.92240261862423,IPCC AR4 GWP100,IPCC AR5 GWP100; CH4=28 and N2O=265,egrid2018_data.xlsx,"ST18!STCO2AN, STCH4AN, STN2OAN, STNGENAN; reported comparison from STC2ERTA",Two-phase,One-phase,5.421999762170815,0.9848830673164485,-1.511693268355152,1.015420563382751,6.153852134622362,20.63464785755005
2018,MT,28195174.001,528.7519393724339,528.8574055464701,524.8536428775332,IPCC AR4 GWP100,IPCC AR5 GWP100; CH4=28 and N2O=265,egrid2018_data.xlsx,"ST18!STCO2AN, STCH4AN, STN2OAN, STNGENAN; reported comparison from STC2ERTA",Two-phase,One-phase,5.35110469092297,0.9839174343704279,-1.608256562957211,1.0164055915204224,5.920872571957236,20.658766713566223
2018,NC,134162507.279,364.77339626840745,364.72183131538,362.6799166652462,IPCC AR4 GWP100,IPCC AR5 GWP100; CH4=28 and N2O=265,egrid2018_data.xlsx,"ST18!STCO2AN, STCH4AN, STN2OAN, STNGENAN; reported comparison from STC2ERTA",Two-phase,One-phase,5.468103544034175,0.9855381777073732,-1.4461822292626825,1.0147522947916667,6.311911501801215,20.618955251333926
2018,ND,42612541.996,687.8931810380643,688.0315864345,682.7661455978354,IPCC AR4 GWP100,IPCC AR5 GWP100; CH4=28 and N2O=265,egrid2018_data.xlsx,"ST18!STCO2AN, STCH4AN, STN2OAN, STNGENAN; reported comparison from STC2ERTA",Two-phase,One-phase,5.286843033250732,0.9830831234891841,-1.691687651081586,1.0172566599279136,5.719577260897291,20.680616186749525
2018,NE,36966215.818,642.8452571862035,642.97852428425,637.9095482252741,IPCC AR4 GWP100,IPCC AR5 GWP100; CH4=28 and N2O=265,egrid2018_data.xlsx,"ST18!STCO2AN, STCH4AN, STN2OAN, STNGENAN; reported comparison from STC2ERTA",Two-phase,One-phase,5.30206597880829,0.983277388980215,-1.6722611019785005,1.0170584925231738,5.7664479578094285,20.675441352337188
2018,NH,17063035.358,138.65405829927244,138.71535063155,135.83507174011538,IPCC AR4 GWP100,IPCC AR5 GWP100; CH4=28 and N2O=265,egrid2018_data.xlsx,"ST18!STCO2AN, STCH4AN, STN2OAN, STNGENAN; reported comparison from STC2ERTA",Two-phase,One-phase,5.951891024719669,0.9940516376124069,-0.5948362387593109,1.0060678380423869,8.365965450163326,20.453910758943962
2018,NJ,74975548.734,227.75020184902536,227.76732626417,226.8407349465722,IPCC AR4 GWP100,IPCC AR5 GWP100; CH4=28 and N2O=265,egrid2018_data.xlsx,"ST18!STCO2AN, STCH4AN, STN2OAN, STNGENAN; reported comparison from STC2ERTA",Two-phase,One-phase,5.669386964211109,0.9886807827404129,-1.1319217259587067,1.0115465690592453,7.07013205469782,20.550370517576354
2018,NM,32534843.004,607.9211230684574,608.0042845954,604.711025294935,IPCC AR4 GWP100,IPCC AR5 GWP100; CH4=28 and N2O=265,egrid2018_data.xlsx,"ST18!STCO2AN, STCH4AN, STN2OAN, STNGENAN; reported comparison from STC2ERTA",Two-phase,One-phase,5.315288262891493,0.983447802128508,-1.655219787149198,1.0168846565466887,5.807563767833601,20.670946067758976
2018,NV,39607668.204,338.6455634432161,338.6611352894,337.8421633683359,IPCC AR4 GWP100,IPCC AR5 GWP100; CH4=28 and N2O=265,egrid2018_data.xlsx,"ST18!STCO2AN, STCH4AN, STN2OAN, STNGENAN; reported comparison from STC2ERTA",Two-phase,One-phase,5.495713987802242,0.9859413045632109,-1.405869543678906,1.0143410709434253,6.409174461768252,20.609554356285507
2018,NY,132500581.801,189.99431802033644,189.91141424871,189.18737170558063,IPCC AR4 GWP100,IPCC AR5 GWP100; CH4=28 and N2O=265,egrid2018_data.xlsx,"ST18!STCO2AN, STCH4AN, STN2OAN, STNGENAN; reported comparison from STC2ERTA",Two-phase,One-phase,5.764170852215145,0.9903424199867964,-0.9657580013203604,1.0098515570476567,7.4710375132014395,20.518033067690066
2018,OH,126184610.568,603.1101171160266,603.20799887502,599.4079070927446,IPCC AR4 GWP100,IPCC AR5 GWP100; CH4=28 and N2O=265,egrid2018_data.xlsx,"ST18!STCO2AN, STCH4AN, STN2OAN, STNGENAN; reported comparison from STC2ERTA",Two-phase,One-phase,5.317219430522768,0.98347282366417,-1.6527176335830007,1.0168591324417207,5.8136007474745455,20.670289470772452
2018,OK,86223720.801,405.1908747096208,405.23171228771,403.5409451236488,IPCC AR4 GWP100,IPCC AR5 GWP100; CH4=28 and N2O=265,egrid2018_data.xlsx,"ST18!STCO2AN, STCH4AN, STN2OAN, STNGENAN; reported comparison from STC2ERTA",Two-phase,One-phase,5.4315483058163805,0.9850169387165988,-1.4983061283401211,1.0152840031125976,6.186151467809942,20.63139827494388
2018,OR,63917831.946,142.49015010143262,142.50057895920003,141.98515370506718,IPCC AR4 GWP100,IPCC AR5 GWP100; CH4=28 and N2O=265,egrid2018_data.xlsx,"ST18!STCO2AN, STCH4AN, STN2OAN, STNGENAN; reported comparison from STC2ERTA",Two-phase,One-phase,5.9345168160174655,0.9936822253038985,-0.6317774696101508,1.0064446701707668,8.27683684448135,20.459849864453382
2018,PA,215390665.858,357.76329088030843,357.81361952028004,355.74336412090844,IPCC AR4 GWP100,IPCC AR5 GWP100; CH4=28 and N2O=265,egrid2018_data.xlsx,"ST18!STCO2AN, STCH4AN, STN2OAN, STNGENAN; reported comparison from STC2ERTA",Two-phase,One-phase,5.475169593490969,0.9856405604337083,-1.435943956629171,1.0146478556601446,6.336613520207202,20.616549591472435
2018,RI,8372772.262,394.0673472052827,394.07016483912,393.65396674466365,IPCC AR4 GWP100,IPCC AR5 GWP100; CH4=28 and N2O=265,egrid2018_data.xlsx,"ST18!STCO2AN, STCH4AN, STN2OAN, STNGENAN; reported comparison from STC2ERTA",Two-phase,One-phase,5.440954830405742,0.9851497335695132,-1.4850266430486814,1.0151485410126375,6.218191060994549,20.628196764384754
2018,SC,99322722.723,287.7849976082588,287.83293508431,285.9954747577504,IPCC AR4 GWP100,IPCC AR5 GWP100; CH4=28 and N2O=265,egrid2018_data.xlsx,"ST18!STCO2AN, STCH4AN, STN2OAN, STNGENAN; reported comparison from STC2ERTA",Two-phase,One-phase,5.5614783251288324,0.9869358133025802,-1.3064186697419822,1.0133265870285217,6.649120926022412,20.587153727080178
2018,SD,12616395.683,235.82492640559514,235.86213569919,234.42201186033225,IPCC AR4 GWP100,IPCC AR5 GWP100; CH4=28 and N2O=265,egrid2018_data.xlsx,"ST18!STCO2AN, STCH4AN, STN2OAN, STNGENAN; reported comparison from STC2ERTA",Two-phase,One-phase,5.652293635120609,0.9883944162960917,-1.1605583703908295,1.0118386873082175,7.001040036623185,20.55619945388225
2018,TN,81539017.661,339.39130045814574,339.44811805135004,337.2840048644787,IPCC AR4 GWP100,IPCC AR5 GWP100; CH4=28 and N2O=265,egrid2018_data.xlsx,"ST18!STCO2AN, STCH4AN, STN2OAN, STNGENAN; reported comparison from STC2ERTA",Two-phase,One-phase,5.494875412899303,0.9859289385968574,-1.4071061403142626,1.0143536852860262,6.406190908395426,20.609839909823368
2018,TX,476834935.717,446.1305878650368,446.18157785894005,444.09523212710855,IPCC AR4 GWP100,IPCC AR5 GWP100; CH4=28 and N2O=265,egrid2018_data.xlsx,"ST18!STCO2AN, STCH4AN, STN2OAN, STNGENAN; reported comparison from STC2ERTA",Two-phase,One-phase,5.400513777554261,0.9845852024000464,-1.5414797599953567,1.015724411056021,6.0819858646876,20.64195904490792
2018,UT,39375424.0,729.8559140515437,729.9888806595,724.844108782594,IPCC AR4 GWP100,IPCC AR5 GWP100; CH4=28 and N2O=265,egrid2018_data.xlsx,"ST18!STCO2AN, STCH4AN, STN2OAN, STNGENAN; reported comparison from STC2ERTA",Two-phase,One-phase,5.274231666794682,0.9829237299784069,-1.7076270021593065,1.0174192549322831,5.681120173672194,20.68490273883793
2018,VA,94558960.368,337.21598076788956,336.94837050028,335.36128814038364,IPCC AR4 GWP100,IPCC AR5 GWP100; CH4=28 and N2O=265,egrid2018_data.xlsx,"ST18!STCO2AN, STCH4AN, STN2OAN, STNGENAN; reported comparison from STC2ERTA",Two-phase,One-phase,5.497330422547542,0.9859651630275298,-1.403483697247021,1.0143167332706353,6.414930825618259,20.609003918251734
2018,VT,2175006.475,25.967934010016823,26.08473642159,20.46930517500018,IPCC AR4 GWP100,IPCC AR5 GWP100; CH4=28 and N2O=265,egrid2018_data.xlsx,"ST18!STCO2AN, STCH4AN, STN2OAN, STNGENAN; reported comparison from STC2ERTA",Two-phase,Cold plate,5.373947381763644,1.0532106105669115,5.321061056691145,0.9457206293063168,16.937255302464504,20.030758875248555
2018,WA,116746864.289,90.72078500730798,90.73752487954,90.0899078114186,IPCC AR4 GWP100,IPCC AR5 GWP100; CH4=28 and N2O=265,egrid2018_data.xlsx,"ST18!STCO2AN, STCH4AN, STN2OAN, STNGENAN; reported comparison from STC2ERTA",Two-phase,Cold plate,6.159578522887488,1.0012956286313566,0.12956286313565712,0.9986783480585264,9.974892725044304,20.353474667927372
2018,WI,65802102.201,633.2196710494719,633.33016098198,629.0719342133693,IPCC AR4 GWP100,IPCC AR5 GWP100; CH4=28 and N2O=265,egrid2018_data.xlsx,"ST18!STCO2AN, STCH4AN, STN2OAN, STNGENAN; reported comparison from STC2ERTA",Two-phase,One-phase,5.305576564139125,0.9833224813835962,-1.6677518616403764,1.0170124944176735,5.777327462762694,20.67424788053134
2018,WV,67249024.77,889.5170150347643,889.70283646783,882.637869866755,IPCC AR4 GWP100,IPCC AR5 GWP100; CH4=28 and N2O=265,egrid2018_data.xlsx,"ST18!STCO2AN, STCH4AN, STN2OAN, STNGENAN; reported comparison from STC2ERTA",Two-phase,One-phase,5.236474053241547,0.9824546980911071,-1.7545301908892919,1.0178977075455244,5.567956217917058,20.697733628330994
2018,WY,46112136.165,935.9217919380314,936.1048823264599,929.1380705893456,IPCC AR4 GWP100,IPCC AR5 GWP100; CH4=28 and N2O=265,egrid2018_data.xlsx,"ST18!STCO2AN, STCH4AN, STN2OAN, STNGENAN; reported comparison from STC2ERTA",Two-phase,One-phase,5.227778558608365,0.9823483840462375,-1.7651615953762523,1.018006156957962,5.542305684988436,20.700687965628095
2019,AK,6068242.558,442.1634699811704,442.22080928409997,439.8289615479758,IPCC AR4 GWP100,IPCC AR5 GWP100; CH4=28 and N2O=265,egrid2019_data.xlsx,"ST19!STCO2AN, STCH4AN, STN2OAN, STNGENAN; reported comparison from STC2ERTA",Two-phase,One-phase,5.4032981108036005,0.9846235417057657,-1.5376458294234285,1.0156853016873235,6.091236040664083,20.641011676186828
2019,AL,142679432.855,356.34532776828667,356.32991887801,354.6659191701461,IPCC AR4 GWP100,IPCC AR5 GWP100; CH4=28 and N2O=265,egrid2019_data.xlsx,"ST19!STCO2AN, STCH4AN, STN2OAN, STNGENAN; reported comparison from STC2ERTA",Two-phase,One-phase,5.476628048745447,0.9856617593341047,-1.4338240665895285,1.0146262309698684,6.341728207484265,20.616053037413284
2019,AR,63857738.721,511.5477256893292,511.62633859491,508.68054666297184,IPCC AR4 GWP100,IPCC AR5 GWP100; CH4=28 and N2O=265,egrid2019_data.xlsx,"ST19!STCO2AN, STCH4AN, STN2OAN, STNGENAN; reported comparison from STC2ERTA",Two-phase,One-phase,5.360208357181895,0.9840387089488456,-1.5961291051154403,1.0162818810850878,5.950132652983453,20.655670421378293
2019,AZ,113368628.098,396.0871463781289,396.13310293788,394.25336648681565,IPCC AR4 GWP100,IPCC AR5 GWP100; CH4=28 and N2O=265,egrid2019_data.xlsx,"ST19!STCO2AN, STCH4AN, STN2OAN, STNGENAN; reported comparison from STC2ERTA",Two-phase,One-phase,5.439212448390918,0.9851250668891618,-1.4874933110838207,1.0151737031348593,6.212239697772826,20.62878980357754
2019,CA,201747828.474,175.63261917299548,175.62325459371002,174.90124771551075,IPCC AR4 GWP100,IPCC AR5 GWP100; CH4=28 and N2O=265,egrid2019_data.xlsx,"ST19!STCO2AN, STCH4AN, STN2OAN, STNGENAN; reported comparison from STC2ERTA",Two-phase,One-phase,5.808318785252853,0.9911618160956379,-0.8838183904362085,1.009015702982783,7.668734317017134,20.50296211539475
2019,CO,56336872.925,603.668225832527,603.76455671301,599.9872542099913,IPCC AR4 GWP100,IPCC AR5 GWP100; CH4=28 and N2O=265,egrid2019_data.xlsx,"ST19!STCO2AN, STCH4AN, STN2OAN, STNGENAN; reported comparison from STC2ERTA",Two-phase,One-phase,5.316993959063332,0.9834699005569484,-1.6530099443051616,1.0168621142609249,5.812895485454539,20.67036613162815
2019,CT,40050037.539,216.53258100233174,216.55497647014002,215.17397279122213,IPCC AR4 GWP100,IPCC AR5 GWP100; CH4=28 and N2O=265,egrid2019_data.xlsx,"ST19!STCO2AN, STCH4AN, STN2OAN, STNGENAN; reported comparison from STC2ERTA",Two-phase,One-phase,5.694811207172057,0.9891140218613138,-1.0885978138686192,1.0111046281269418,7.174660241451281,20.54169910305269
2019,DC,174080.0,361.82399916910515,361.82700481004,361.31790323995176,IPCC AR4 GWP100,IPCC AR5 GWP100; CH4=28 and N2O=265,egrid2019_data.xlsx,"ST19!STCO2AN, STCH4AN, STN2OAN, STNGENAN; reported comparison from STC2ERTA",Two-phase,One-phase,5.471047622219372,0.9855807705493922,-1.4419229450607807,1.0147088464523935,6.322187934214907,20.617952947917072
2019,DE,5258538.001,322.7274739851536,322.72099222286,322.03860636857974,IPCC AR4 GWP100,IPCC AR5 GWP100; CH4=28 and N2O=265,egrid2019_data.xlsx,"ST19!STCO2AN, STCH4AN, STN2OAN, STNGENAN; reported comparison from STC2ERTA",Two-phase,One-phase,5.514400225609872,0.9862188821470045,-1.3781117852995517,1.0140579180833762,6.476145979615033,20.603190740827447
2019,FL,244949921.388,397.8924323734225,397.92706076123,396.2861193865496,IPCC AR4 GWP100,IPCC AR5 GWP100; CH4=28 and N2O=265,egrid2019_data.xlsx,"ST19!STCO2AN, STCH4AN, STN2OAN, STNGENAN; reported comparison from STC2ERTA",Two-phase,One-phase,5.437668225227199,0.9851032317736634,-1.4896768226336565,1.0151959768189167,6.206971510020387,20.629315389783155
2019,GA,128595116.561,399.53419854710506,399.59083757439004,397.4414505767905,IPCC AR4 GWP100,IPCC AR5 GWP100; CH4=28 and N2O=265,egrid2019_data.xlsx,"ST19!STCO2AN, STCH4AN, STN2OAN, STNGENAN; reported comparison from STC2ERTA",Two-phase,One-phase,5.436274489713266,0.9850835456806698,-1.4916454319330197,1.0152160583163423,6.202221819824838,20.62978975058083
2019,HI,9749998.355,708.6780786516179,708.83560048455,703.3122784272151,IPCC AR4 GWP100,IPCC AR5 GWP100; CH4=28 and N2O=265,egrid2019_data.xlsx,"ST19!STCO2AN, STCH4AN, STN2OAN, STNGENAN; reported comparison from STC2ERTA",Two-phase,One-phase,5.280423514607513,0.983001814378643,-1.699818562135702,1.0173396021701622,5.699959702183444,20.682798212883448
2019,IA,62649563.58,390.6804361757955,390.75077587546,388.04489614298865,IPCC AR4 GWP100,IPCC AR5 GWP100; CH4=28 and N2O=265,egrid2019_data.xlsx,"ST19!STCO2AN, STCH4AN, STN2OAN, STNGENAN; reported comparison from STC2ERTA",Two-phase,One-phase,5.443911876283547,0.9851916681447161,-1.4808331855283852,1.015105764161779,6.2283086724861825,20.62719028048763
2019,ID,18384353.737,95.87663448610637,95.88398390956,95.63764570869095,IPCC AR4 GWP100,IPCC AR5 GWP100; CH4=28 and N2O=265,egrid2019_data.xlsx,"ST19!STCO2AN, STCH4AN, STN2OAN, STNGENAN; reported comparison from STC2ERTA",Two-phase,Cold plate,6.1934392815645944,1.0001695417478091,0.01695417478091432,0.9998270529264869,9.823872251095867,20.36732520271697
2019,IL,184292979.459,329.14979621040624,329.20600233675003,327.03737067360595,IPCC AR4 GWP100,IPCC AR5 GWP100; CH4=28 and N2O=265,egrid2019_data.xlsx,"ST19!STCO2AN, STCH4AN, STN2OAN, STNGENAN; reported comparison from STC2ERTA",Two-phase,One-phase,5.506675443422804,0.986103661666411,-1.3896338333589053,1.014175452821486,6.448346578932451,20.60582154619073
2019,IN,102127767.394,741.1343056932113,741.2579294997801,736.4694174724237,IPCC AR4 GWP100,IPCC AR5 GWP100; CH4=28 and N2O=265,egrid2019_data.xlsx,"ST19!STCO2AN, STCH4AN, STN2OAN, STNGENAN; reported comparison from STC2ERTA",Two-phase,One-phase,5.271068331405404,0.9828839662112734,-1.7116033788726615,1.017459817373372,5.671526315969988,20.685977870971804
2019,KS,50887993.408,405.27081384879364,405.34737834206004,402.4158824328047,IPCC AR4 GWP100,IPCC AR5 GWP100; CH4=28 and N2O=265,egrid2019_data.xlsx,"ST19!STCO2AN, STCH4AN, STN2OAN, STNGENAN; reported comparison from STC2ERTA",Two-phase,One-phase,5.431482345908356,0.985016010755852,-1.498398924414801,1.0152849497118723,6.185927577469541,20.631420723486116
2019,KY,71804253.994,807.5281060783642,807.68154257021,801.8062164437633,IPCC AR4 GWP100,IPCC AR5 GWP100; CH4=28 and N2O=265,egrid2019_data.xlsx,"ST19!STCO2AN, STCH4AN, STN2OAN, STNGENAN; reported comparison from STC2ERTA",Two-phase,One-phase,5.254120336622958,0.9826723937123439,-1.732760628765606,1.0176756394053996,5.6204799339304,20.691737539603373
2019,LA,99469963.984,374.7795386639754,374.81017921655007,373.5965500532878,IPCC AR4 GWP100,IPCC AR5 GWP100; CH4=28 and N2O=265,egrid2019_data.xlsx,"ST19!STCO2AN, STCH4AN, STN2OAN, STNGENAN; reported comparison from STC2ERTA",Two-phase,One-phase,5.458415466661348,0.9853986693784289,-1.4601330621571096,1.0148946052109786,6.278252139204343,20.622253352266263
2019,MA,21513219.546,353.99886286073183,354.0651321746,350.6733583711756,IPCC AR4 GWP100,IPCC AR5 GWP100; CH4=28 and N2O=265,egrid2019_data.xlsx,"ST19!STCO2AN, STCH4AN, STN2OAN, STNGENAN; reported comparison from STC2ERTA",Two-phase,One-phase,5.479063651487093,0.9856972123922003,-1.4302787607799683,1.014590065820435,6.3502820146055905,20.615223784254646
2019,MD,39325595.561,335.02507433756335,335.06823012663,333.2228414299938,IPCC AR4 GWP100,IPCC AR5 GWP100; CH4=28 and N2O=265,egrid2019_data.xlsx,"ST19!STCO2AN, STCH4AN, STN2OAN, STNGENAN; reported comparison from STC2ERTA",Two-phase,One-phase,5.499830595001343,0.9860021222008833,-1.3997877799116654,1.0142790317549109,6.423848015198286,20.6081525295313
2019,ME,10490562.004,96.7666148200254,96.87145449905,93.09167701060603,IPCC AR4 GWP100,IPCC AR5 GWP100; CH4=28 and N2O=265,egrid2019_data.xlsx,"ST19!STCO2AN, STCH4AN, STN2OAN, STNGENAN; reported comparison from STC2ERTA",Two-phase,One-phase,6.1981913960514,0.9999872801603396,-0.0012719839660446652,1.0000129753236195,9.798065929598089,20.36962126466728
2019,MI,116689224.485,459.6082762691021,459.6841155291,456.6943028804485,IPCC AR4 GWP100,IPCC AR5 GWP100; CH4=28 and N2O=265,egrid2019_data.xlsx,"ST19!STCO2AN, STCH4AN, STN2OAN, STNGENAN; reported comparison from STC2ERTA",Two-phase,One-phase,5.391374137280347,0.9844598919505844,-1.5540108049415635,1.015852238424767,6.0517520436136785,20.645068646345333
2019,MN,59379024.545,399.5142404732295,399.58176572699006,396.7882577565457,IPCC AR4 GWP100,IPCC AR5 GWP100; CH4=28 and N2O=265,egrid2019_data.xlsx,"ST19!STCO2AN, STCH4AN, STN2OAN, STNGENAN; reported comparison from STC2ERTA",Two-phase,One-phase,5.436291372357638,0.9850837840230035,-1.491621597699655,1.015215815186791,6.20227932500097,20.629784004571437
2019,MO,77222857.994,725.0700927004215,725.2125530034,719.7669835778903,IPCC AR4 GWP100,IPCC AR5 GWP100; CH4=28 and N2O=265,egrid2019_data.xlsx,"ST19!STCO2AN, STCH4AN, STN2OAN, STNGENAN; reported comparison from STC2ERTA",Two-phase,One-phase,5.275601570749644,0.9829409768793606,-1.705902312063945,1.0174016616192165,5.685281356715977,20.684437136493607
2019,MS,65958759.738,379.7958233865719,379.81919975846,378.818647247913,IPCC AR4 GWP100,IPCC AR5 GWP100; CH4=28 and N2O=265,egrid2019_data.xlsx,"ST19!STCO2AN, STCH4AN, STN2OAN, STNGENAN; reported comparison from STC2ERTA",Two-phase,One-phase,5.453725852587388,0.9853314958195168,-1.4668504180483155,1.014963127982399,6.262045084088319,20.623849733705025
2019,MT,27797079.004,572.6519898163721,572.7646933701001,568.4954078488383,IPCC AR4 GWP100,IPCC AR5 GWP100; CH4=28 and N2O=265,egrid2019_data.xlsx,"ST19!STCO2AN, STCH4AN, STN2OAN, STNGENAN; reported comparison from STC2ERTA",Two-phase,One-phase,5.330130852422044,0.9836409859540846,-1.6359014045915443,1.0166875925331622,5.854173489863412,20.665899308105008
2019,NC,131004605.112,353.6230196599763,353.5933961098,351.5384489786816,IPCC AR4 GWP100,IPCC AR5 GWP100; CH4=28 and N2O=265,egrid2019_data.xlsx,"ST19!STCO2AN, STCH4AN, STN2OAN, STNGENAN; reported comparison from STC2ERTA",Two-phase,One-phase,5.479456361626256,0.9857029347490216,-1.4297065250978402,1.014584228527387,6.35166265535021,20.615090076048393
2019,ND,41147324.005,656.4398004673417,656.57132683604,651.560515797813,IPCC AR4 GWP100,IPCC AR5 GWP100; CH4=28 and N2O=265,egrid2019_data.xlsx,"ST19!STCO2AN, STCH4AN, STN2OAN, STNGENAN; reported comparison from STC2ERTA",Two-phase,One-phase,5.297269336690413,0.9832159554691318,-1.6784044530868236,1.0171211599552061,5.751625811771244,20.677071978795702
2019,NE,37297615.002,573.9590334176577,574.07965765073,569.4773224273019,IPCC AR4 GWP100,IPCC AR5 GWP100; CH4=28 and N2O=265,egrid2019_data.xlsx,"ST19!STCO2AN, STCH4AN, STN2OAN, STNGENAN; reported comparison from STC2ERTA",Two-phase,One-phase,5.329551169500379,0.9836334032582462,-1.636659674175378,1.016695327531011,5.852344002616161,20.6660964232527
2019,NH,18026594.829,116.17811646427454,116.22669451932,113.874753503705,IPCC AR4 GWP100,IPCC AR5 GWP100; CH4=28 and N2O=265,egrid2019_data.xlsx,"ST19!STCO2AN, STCH4AN, STN2OAN, STNGENAN; reported comparison from STC2ERTA",Two-phase,One-phase,6.0691965836399575,0.9967053755156673,-0.3294624484332709,1.0033607985658557,9.006236371611752,20.41378844005002
2019,NJ,70988175.659,247.27688818035497,247.29311701556,246.36502373140894,IPCC AR4 GWP100,IPCC AR5 GWP100; CH4=28 and N2O=265,egrid2019_data.xlsx,"ST19!STCO2AN, STCH4AN, STN2OAN, STNGENAN; reported comparison from STC2ERTA",Two-phase,One-phase,5.629609212879139,0.9880203223259829,-1.1979677674017086,1.012220295131572,6.910781880135475,20.563933668725078
2019,NM,35174510.001,601.7720196617252,601.8585615742701,598.4572813108865,IPCC AR4 GWP100,IPCC AR5 GWP100; CH4=28 and N2O=265,egrid2019_data.xlsx,"ST19!STCO2AN, STCH4AN, STN2OAN, STNGENAN; reported comparison from STC2ERTA",Two-phase,One-phase,5.3177615683145385,0.9834798540561884,-1.652014594381157,1.0168519608409736,5.815296979634588,20.67010514197156
2019,NV,39889659.989,335.33541864763765,335.35217895025005,334.5028496723242,IPCC AR4 GWP100,IPCC AR5 GWP100; CH4=28 and N2O=265,egrid2019_data.xlsx,"ST19!STCO2AN, STCH4AN, STN2OAN, STNGENAN; reported comparison from STC2ERTA",Two-phase,One-phase,5.499474743237398,0.9859968575517537,-1.4003142448246297,1.0142844021469932,6.422577806205476,20.608273709557956
2019,NY,131568022.702,171.6448066761346,171.56995317539003,170.87826522948274,IPCC AR4 GWP100,IPCC AR5 GWP100; CH4=28 and N2O=265,egrid2019_data.xlsx,"ST19!STCO2AN, STCH4AN, STN2OAN, STNGENAN; reported comparison from STC2ERTA",Two-phase,One-phase,5.821563161609422,0.9914136314441158,-0.8586368555884238,1.0087588298046561,7.729490145619011,20.498439716363492
2019,OH,119407794.239,563.4995720744562,563.5690152530901,560.3726006450296,IPCC AR4 GWP100,IPCC AR5 GWP100; CH4=28 and N2O=265,egrid2019_data.xlsx,"ST19!STCO2AN, STCH4AN, STN2OAN, STNGENAN; reported comparison from STC2ERTA",Two-phase,One-phase,5.334258488599541,0.9836950680845407,-1.6304931915459342,1.0166324241376927,5.867221958387159,20.664495720038722
2019,OK,85216500.998,333.0247518402627,333.04792971065,332.0080314170944,IPCC AR4 GWP100,IPCC AR5 GWP100; CH4=28 and N2O=265,egrid2019_data.xlsx,"ST19!STCO2AN, STCH4AN, STN2OAN, STNGENAN; reported comparison from STC2ERTA",Two-phase,One-phase,5.502137840435339,0.9860362907641284,-1.3963709235871646,1.014244176900011,6.432091910515392,20.607366822432873
2019,OR,62258378.2,180.57421650404126,180.58918386047,179.8905644837229,IPCC AR4 GWP100,IPCC AR5 GWP100; CH4=28 and N2O=265,egrid2019_data.xlsx,"ST19!STCO2AN, STCH4AN, STN2OAN, STNGENAN; reported comparison from STC2ERTA",Two-phase,One-phase,5.792524772816221,0.9908651857100438,-0.9134814289956217,1.0093182913291134,7.597165903994663,20.50835443564517
2019,PA,228994206.68,344.12511177234063,344.16638588409,342.4239295114685,IPCC AR4 GWP100,IPCC AR5 GWP100; CH4=28 and N2O=265,egrid2019_data.xlsx,"ST19!STCO2AN, STCH4AN, STN2OAN, STNGENAN; reported comparison from STC2ERTA",Two-phase,One-phase,5.489625084348182,0.9858516907192392,-1.414830928076083,1.0144324847235795,6.387553208823937,20.61162771760663
2019,RI,7624238.487,386.5873008619002,386.58951947308003,386.1935438968281,IPCC AR4 GWP100,IPCC AR5 GWP100; CH4=28 and N2O=265,egrid2019_data.xlsx,"ST19!STCO2AN, STCH4AN, STN2OAN, STNGENAN; reported comparison from STC2ERTA",Two-phase,One-phase,5.44754583774496,0.9852433267900956,-1.475667320990437,1.0150530679282228,6.240772423498386,20.625953361203
2019,SC,99994165.303,244.17225796590645,244.21050326904003,242.72797779392695,IPCC AR4 GWP100,IPCC AR5 GWP100; CH4=28 and N2O=265,egrid2019_data.xlsx,"ST19!STCO2AN, STCH4AN, STN2OAN, STNGENAN; reported comparison from STC2ERTA",Two-phase,One-phase,5.635588252018686,0.9881182751848671,-1.1881724815132944,1.012120374843471,6.934415098449587,20.561895271744667
2019,SD,14506646.702,223.18451968080385,223.22051634729002,221.82914819589809,IPCC AR4 GWP100,IPCC AR5 GWP100; CH4=28 and N2O=265,egrid2019_data.xlsx,"ST19!STCO2AN, STCH4AN, STN2OAN, STNGENAN; reported comparison from STC2ERTA",Two-phase,One-phase,5.679488794991716,0.9888518646699935,-1.114813533000647,1.011372050868686,7.111409222484855,20.54692532549176
2019,TN,82232332.683,319.4720485316235,319.50048639586004,317.65653301960305,IPCC AR4 GWP100,IPCC AR5 GWP100; CH4=28 and N2O=265,egrid2019_data.xlsx,"ST19!STCO2AN, STCH4AN, STN2OAN, STNGENAN; reported comparison from STC2ERTA",Two-phase,One-phase,5.518416640924473,0.9862790546109843,-1.3720945389015693,1.013996537027171,6.490663871118518,20.601822813696547
2019,TX,483079821.375,414.2858750879543,414.32215697488,412.5595377235305,IPCC AR4 GWP100,IPCC AR5 GWP100; CH4=28 and N2O=265,egrid2019_data.xlsx,"ST19!STCO2AN, STCH4AN, STN2OAN, STNGENAN; reported comparison from STC2ERTA",Two-phase,One-phase,5.424187474378583,0.9849136571326111,-1.5086342867388858,1.015389359155751,6.161232580806386,20.63390335373687
2019,UT,39105762.001,726.4437033085785,726.57378370577,721.5026131561881,IPCC AR4 GWP100,IPCC AR5 GWP100; CH4=28 and N2O=265,egrid2019_data.xlsx,"ST19!STCO2AN, STCH4AN, STN2OAN, STNGENAN; reported comparison from STC2ERTA",Two-phase,One-phase,5.275206671939903,0.9829360034859856,-1.7063996514014357,1.0174067349055351,5.684081419391718,20.684571355085446
2019,VA,96827639.664,288.5551298092748,288.41580127976,287.2095097571902,IPCC AR4 GWP100,IPCC AR5 GWP100; CH4=28 and N2O=265,egrid2019_data.xlsx,"ST19!STCO2AN, STCH4AN, STN2OAN, STNGENAN; reported comparison from STC2ERTA",Two-phase,One-phase,5.560337974130514,0.9869181422179375,-1.30818577820625,1.0133446130452064,6.644857399608073,20.587542260797743
2019,VT,2289797.993,23.154449649498975,23.25250566331,18.533087745300993,IPCC AR4 GWP100,IPCC AR5 GWP100; CH4=28 and N2O=265,egrid2019_data.xlsx,"ST19!STCO2AN, STCH4AN, STN2OAN, STNGENAN; reported comparison from STC2ERTA",Two-phase,Cold plate,5.3108674851821025,1.061990179917242,6.199017991724198,0.9367647181784372,18.1146908482668,20.004733922179728
2019,WA,106463608.2,135.6468853025966,135.66766349752,134.8291957927858,IPCC AR4 GWP100,IPCC AR5 GWP100; CH4=28 and N2O=265,egrid2019_data.xlsx,"ST19!STCO2AN, STCH4AN, STN2OAN, STNGENAN; reported comparison from STC2ERTA",Two-phase,One-phase,5.965995938509039,0.9943558129492395,-0.564418705076053,1.0057575532009253,8.439354243742535,20.449088559194408
2019,WI,62021340.696,559.1993763006893,559.2734955091901,555.8211592466916,IPCC AR4 GWP100,IPCC AR5 GWP100; CH4=28 and N2O=265,egrid2019_data.xlsx,"ST19!STCO2AN, STCH4AN, STN2OAN, STNGENAN; reported comparison from STC2ERTA",Two-phase,One-phase,5.336240199180509,0.9837210892355532,-1.6278910764446763,1.01660588033963,5.873500116571306,20.663821828726505
2019,WV,63925638.663,882.1636140377021,882.34692900354,875.3768646350317,IPCC AR4 GWP100,IPCC AR5 GWP100; CH4=28 and N2O=265,egrid2019_data.xlsx,"ST19!STCO2AN, STCH4AN, STN2OAN, STNGENAN; reported comparison from STC2ERTA",Two-phase,One-phase,5.2379308716988815,0.9824725712273138,-1.7527428772686204,1.017879475418975,5.572268493584631,20.697238645527214
2019,WY,42145656.477,938.2994966924288,938.4789847910401,931.6618674166386,IPCC AR4 GWP100,IPCC AR5 GWP100; CH4=28 and N2O=265,egrid2019_data.xlsx,"ST19!STCO2AN, STCH4AN, STN2OAN, STNGENAN; reported comparison from STC2ERTA",Two-phase,One-phase,5.227354863382017,0.9823432198360253,-1.765678016397465,1.018011424893764,5.541059709028651,20.700831912552108
2020,AK,6156046.989,438.16825768522824,438.22828924336005,435.75099298509315,IPCC AR4 GWP100,IPCC AR5 GWP100; CH4=28 and N2O=265,egrid2020_data.xlsx,"ST20!STCO2AN, STCH4AN, STN2OAN, STNGENAN; reported comparison from STC2ERTA",Two-phase,One-phase,5.406147294417751,0.9846628538221831,-1.5337146177816896,1.0156451999685678,6.100720927989101,20.640042218728773
2020,AL,136842032.304,327.0811213790014,327.06640712746,325.6088046391051,IPCC AR4 GWP100,IPCC AR5 GWP100; CH4=28 and N2O=265,egrid2020_data.xlsx,"ST20!STCO2AN, STCH4AN, STN2OAN, STNGENAN; reported comparison from STC2ERTA",Two-phase,One-phase,5.509135410681143,0.9861402812996309,-1.3859718700369061,1.0141380976657184,6.457181847206717,20.60498378161072
2020,AR,54641258.916,431.4326675812841,431.49652488019,429.1013168499535,IPCC AR4 GWP100,IPCC AR5 GWP100; CH4=28 and N2O=265,egrid2020_data.xlsx,"ST20!STCO2AN, STCH4AN, STN2OAN, STNGENAN; reported comparison from STC2ERTA",Two-phase,One-phase,5.411056410836146,0.9847307784065056,-1.526922159349442,1.015575911087039,6.117109184018377,20.638371797133313
2020,AZ,109305056.86,334.2586550015248,334.28805125023,333.024562923917,IPCC AR4 GWP100,IPCC AR5 GWP100; CH4=28 and N2O=265,egrid2020_data.xlsx,"ST20!STCO2AN, STCH4AN, STN2OAN, STNGENAN; reported comparison from STC2ERTA",Two-phase,One-phase,5.500711819950199,0.9860151655163935,-1.3984834483606545,1.0142657264582773,6.426994993515223,20.607852439886575
2020,CA,192954153.405,205.51890148313856,205.53086750966,204.8033953911912,IPCC AR4 GWP100,IPCC AR5 GWP100; CH4=28 and N2O=265,egrid2020_data.xlsx,"ST20!STCO2AN, STCH4AN, STN2OAN, STNGENAN; reported comparison from STC2ERTA",Two-phase,One-phase,5.721890923855755,0.9895853503152219,-1.0414649684778121,1.0106238328194723,7.288378292927966,20.532460976201648
2020,CO,53792186.81,552.9563858037925,553.0366004216901,549.8485201361287,IPCC AR4 GWP100,IPCC AR5 GWP100; CH4=28 and N2O=265,egrid2020_data.xlsx,"ST20!STCO2AN, STCH4AN, STN2OAN, STNGENAN; reported comparison from STC2ERTA",Two-phase,One-phase,5.339166999414813,0.9837595865663497,-1.6240413433650347,1.0165666097718475,5.882788419471141,20.662826533668376
2020,CT,41190572.136,240.27193615335938,240.29781548542,238.8928588522633,IPCC AR4 GWP100,IPCC AR5 GWP100; CH4=28 and N2O=265,egrid2020_data.xlsx,"ST20!STCO2AN, STCH4AN, STN2OAN, STNGENAN; reported comparison from STC2ERTA",Two-phase,One-phase,5.643276951395282,0.9882449171262323,-1.1755082873767697,1.011991189239181,6.964970170369966,20.55927385706565
2020,DC,174521.001,363.38004878615436,363.38237304677,362.9282196904987,IPCC AR4 GWP100,IPCC AR5 GWP100; CH4=28 and N2O=265,egrid2020_data.xlsx,"ST20!STCO2AN, STCH4AN, STN2OAN, STNGENAN; reported comparison from STC2ERTA",Two-phase,One-phase,5.469489224774504,0.985558213206334,-1.4441786793666034,1.014731856870291,6.316745493645515,20.6184835032448
2020,DE,5205372.001,342.46612958757845,342.4758471211,341.81873382396736,IPCC AR4 GWP100,IPCC AR5 GWP100; CH4=28 and N2O=265,egrid2020_data.xlsx,"ST20!STCO2AN, STCH4AN, STN2OAN, STNGENAN; reported comparison from STC2ERTA",Two-phase,One-phase,5.491450902144002,0.9858785196147354,-1.4121480385264618,1.0144051169571056,6.394026252608542,20.611006011119336
2020,FL,250780435.174,381.97201659927055,382.00143265053003,380.5683903805379,IPCC AR4 GWP100,IPCC AR5 GWP100; CH4=28 and N2O=265,egrid2020_data.xlsx,"ST20!STCO2AN, STCH4AN, STN2OAN, STNGENAN; reported comparison from STC2ERTA",Two-phase,One-phase,5.4517247478155895,0.9853029026385592,-1.4697097361440759,1.0149922954708372,6.2551463687719355,20.624530905930516
2020,GA,119593376.135,328.13560640556386,328.17997639581006,326.4808923944263,IPCC AR4 GWP100,IPCC AR5 GWP100; CH4=28 and N2O=265,egrid2020_data.xlsx,"ST20!STCO2AN, STCH4AN, STN2OAN, STNGENAN; reported comparison from STC2ERTA",Two-phase,One-phase,5.5078781624060325,0.9861215571732285,-1.387844282677153,1.0141571978750015,6.452664251987406,20.605411951336748
2020,HI,9069239.997,692.2641754595409,692.40965998974,687.2934060964627,IPCC AR4 GWP100,IPCC AR5 GWP100; CH4=28 and N2O=265,egrid2020_data.xlsx,"ST20!STCO2AN, STCH4AN, STN2OAN, STNGENAN; reported comparison from STC2ERTA",Two-phase,One-phase,5.2854634372424325,0.9830656191505872,-1.693438084941279,1.0172745158493797,5.715353965526226,20.681085128383327
2020,IA,59636671.813,279.0011152394799,279.04911883926,277.19343988783345,IPCC AR4 GWP100,IPCC AR5 GWP100; CH4=28 and N2O=265,egrid2020_data.xlsx,"ST20!STCO2AN, STCH4AN, STN2OAN, STNGENAN; reported comparison from STC2ERTA",Two-phase,One-phase,5.574855156684411,0.9871442607723684,-1.2855739227631613,1.0131139527933148,6.69941332806816,20.582595767437116
2020,ID,17674572.412,96.78697131552254,96.79479738852,96.54193200408552,IPCC AR4 GWP100,IPCC AR5 GWP100; CH4=28 and N2O=265,egrid2020_data.xlsx,"ST20!STCO2AN, STCH4AN, STN2OAN, STNGENAN; reported comparison from STC2ERTA",Two-phase,One-phase,6.198039012189183,0.9999831504229191,-0.001684957708092405,1.0000171880087574,9.7970695422833,20.36967346905685
2020,IL,173337706.25,252.36161816109538,252.39875273228,250.92796061041128,IPCC AR4 GWP100,IPCC AR5 GWP100; CH4=28 and N2O=265,egrid2020_data.xlsx,"ST20!STCO2AN, STCH4AN, STN2OAN, STNGENAN; reported comparison from STC2ERTA",Two-phase,One-phase,5.620076424834131,0.9878650978891006,-1.2134902110899404,1.012378637324238,6.873330670989342,20.56718340708018
2020,IN,90072288.007,702.7112135803358,702.82096565835,698.496697689079,IPCC AR4 GWP100,IPCC AR5 GWP100; CH4=28 and N2O=265,egrid2020_data.xlsx,"ST20!STCO2AN, STCH4AN, STN2OAN, STNGENAN; reported comparison from STC2ERTA",Two-phase,One-phase,5.282230442799785,0.983024664284512,-1.6975335715488038,1.0173162933131923,5.705472729776639,20.68218404119507
2020,KS,54541831.47,364.70560211768867,364.77580880741,362.0910577355384,IPCC AR4 GWP100,IPCC AR5 GWP100; CH4=28 and N2O=265,egrid2020_data.xlsx,"ST20!STCO2AN, STCH4AN, STN2OAN, STNGENAN; reported comparison from STC2ERTA",Two-phase,One-phase,5.4681707529922186,0.9855391490053712,-1.4460850994628793,1.0147513039846918,6.3121458481786075,20.618932370509114
2020,KY,63513834.15,764.1001598499215,764.24599081138,758.6671832696501,IPCC AR4 GWP100,IPCC AR5 GWP100; CH4=28 and N2O=265,egrid2020_data.xlsx,"ST20!STCO2AN, STCH4AN, STN2OAN, STNGENAN; reported comparison from STC2ERTA",Two-phase,One-phase,5.264895720547469,0.9828066242258918,-1.7193375774108177,1.0175387128088873,5.652865910891491,20.688075690514353
2020,LA,100554704.576,345.497153727143,345.51854473906,344.6526236459386,IPCC AR4 GWP100,IPCC AR5 GWP100; CH4=28 and N2O=265,egrid2020_data.xlsx,"ST20!STCO2AN, STCH4AN, STN2OAN, STNGENAN; reported comparison from STC2ERTA",Two-phase,One-phase,5.488126447550656,0.9858296967345774,-1.4170303265422568,1.0144549204677622,6.382246690494298,20.612138008905166
2020,MA,18195165.072,399.0394451264077,399.11637995537,395.1755104653154,IPCC AR4 GWP100,IPCC AR5 GWP100; CH4=28 and N2O=265,egrid2020_data.xlsx,"ST20!STCO2AN, STCH4AN, STN2OAN, STNGENAN; reported comparison from STC2ERTA",Two-phase,One-phase,5.436693440528395,0.9850894611272311,-1.4910538872768941,1.0152100240552562,6.20364904759132,20.62964716039055
2020,MD,35998332.922,292.68325502816634,292.71449617025,291.31499864613426,IPCC AR4 GWP100,IPCC AR5 GWP100; CH4=28 and N2O=265,egrid2020_data.xlsx,"ST20!STCO2AN, STCH4AN, STN2OAN, STNGENAN; reported comparison from STC2ERTA",Two-phase,One-phase,5.554311111005039,0.9868250043507897,-1.317499564921032,1.0134396216301986,6.622385900841299,20.589595635183755
2020,ME,10001870.147,103.39463838897196,103.50025339423,99.51668490159966,IPCC AR4 GWP100,IPCC AR5 GWP100; CH4=28 and N2O=265,egrid2020_data.xlsx,"ST20!STCO2AN, STCH4AN, STN2OAN, STNGENAN; reported comparison from STC2ERTA",Two-phase,One-phase,6.150625603415971,0.9987284080058962,-0.127159199410376,1.001297132517062,9.494336147798265,20.385913257273625
2020,MI,106624721.023,425.4414938502769,425.48370442347,422.9662713208032,IPCC AR4 GWP100,IPCC AR5 GWP100; CH4=28 and N2O=265,egrid2020_data.xlsx,"ST20!STCO2AN, STCH4AN, STN2OAN, STNGENAN; reported comparison from STC2ERTA",Two-phase,One-phase,5.4155382745586955,0.9847930024431525,-1.5206997556847512,1.0155124372513653,6.132122061224954,20.636846695105003
2020,MN,56500626.797,349.37029857428496,349.43213970742,347.0203395875995,IPCC AR4 GWP100,IPCC AR5 GWP100; CH4=28 and N2O=265,egrid2020_data.xlsx,"ST20!STCO2AN, STCH4AN, STN2OAN, STNGENAN; reported comparison from STC2ERTA",Two-phase,One-phase,5.483950605705057,0.9857685413682493,-1.4231458631750682,1.0145173041683713,6.367491652816204,20.61355986368675
2020,MO,71871122.027,733.9576756322526,734.1034170477701,728.5351497547764,IPCC AR4 GWP100,IPCC AR5 GWP100; CH4=28 and N2O=265,egrid2020_data.xlsx,"ST20!STCO2AN, STCH4AN, STN2OAN, STNGENAN; reported comparison from STC2ERTA",Two-phase,One-phase,5.273070770187682,0.9829091272006177,-1.7090872799382262,1.0174341510137288,5.677596941788865,20.685297299579197
2020,MS,66499288.151,405.54879265850764,405.57236015758,404.5358656714506,IPCC AR4 GWP100,IPCC AR5 GWP100; CH4=28 and N2O=265,egrid2020_data.xlsx,"ST20!STCO2AN, STCH4AN, STN2OAN, STNGENAN; reported comparison from STC2ERTA",Two-phase,One-phase,5.431253155870008,0.9850127867296062,-1.4987213270393762,1.0152882384942008,6.1851497123109,20.63149872504645
2020,MT,23353290.001,413.88212163365245,413.96517977969,410.8319305839585,IPCC AR4 GWP100,IPCC AR5 GWP100; CH4=28 and N2O=265,egrid2020_data.xlsx,"ST20!STCO2AN, STCH4AN, STN2OAN, STNGENAN; reported comparison from STC2ERTA",Two-phase,One-phase,5.424508205711653,0.9849181458686632,-1.508185413133678,1.0153847802613252,6.162315584204947,20.63379420397394
2020,NC,124334264.838,294.1103001505701,294.12970436465,292.49716259726256,IPCC AR4 GWP100,IPCC AR5 GWP100; CH4=28 and N2O=265,egrid2020_data.xlsx,"ST20!STCO2AN, STCH4AN, STN2OAN, STNGENAN; reported comparison from STC2ERTA",Two-phase,One-phase,5.552260701688194,0.9867934153723856,-1.320658462761437,1.0134718450880833,6.614764385436356,20.590294192954794
2020,ND,42176424.004,629.5253860763758,629.65152686128,624.845639641219,IPCC AR4 GWP100,IPCC AR5 GWP100; CH4=28 and N2O=265,egrid2020_data.xlsx,"ST20!STCO2AN, STCH4AN, STN2OAN, STNGENAN; reported comparison from STC2ERTA",Two-phase,One-phase,5.3069500805110525,0.9833401538363038,-1.6659846163696201,1.0169944670054456,5.781591319251822,20.67378092496035
2020,NE,36756238.998,544.5061815365895,544.61384370316,540.5212245925552,IPCC AR4 GWP100,IPCC AR5 GWP100; CH4=28 and N2O=265,egrid2020_data.xlsx,"ST20!STCO2AN, STCH4AN, STN2OAN, STNGENAN; reported comparison from STC2ERTA",Two-phase,One-phase,5.343225418486441,0.9838131002290283,-1.6186899770971652,1.0165120212620982,5.89569973300792,20.66144637613585
2020,NH,16340973.012,112.40842740454687,112.44328056115,110.7280480123798,IPCC AR4 GWP100,IPCC AR5 GWP100; CH4=28 and N2O=265,egrid2020_data.xlsx,"ST20!STCO2AN, STCH4AN, STN2OAN, STNGENAN; reported comparison from STC2ERTA",Two-phase,One-phase,6.0919277899128765,0.997254193250335,-0.27458067496649585,1.0028009575689958,9.1386503663214,20.4060089458013
2020,NJ,61106458.407,223.28205232664934,223.30034860441,222.30043986250686,IPCC AR4 GWP100,IPCC AR5 GWP100; CH4=28 and N2O=265,egrid2020_data.xlsx,"ST20!STCO2AN, STCH4AN, STN2OAN, STNGENAN; reported comparison from STC2ERTA",Two-phase,One-phase,5.679269552543342,0.9888481369307278,-1.1151863069272183,1.0113758534813473,7.110509825806832,20.547000100491175
2020,NM,34005838.999,571.3878259866232,571.46877996901,568.2630725024909,IPCC AR4 GWP100,IPCC AR5 GWP100; CH4=28 and N2O=265,egrid2020_data.xlsx,"ST20!STCO2AN, STCH4AN, STN2OAN, STNGENAN; reported comparison from STC2ERTA",Two-phase,One-phase,5.3306938136922,0.9836483528770396,-1.6351647122960444,1.0166800776420966,5.855950917296182,20.665707878043392
2020,NV,40335219.989,325.042449280421,325.05472496651004,324.36360415863936,IPCC AR4 GWP100,IPCC AR5 GWP100; CH4=28 and N2O=265,egrid2020_data.xlsx,"ST20!STCO2AN, STCH4AN, STN2OAN, STNGENAN; reported comparison from STC2ERTA",Two-phase,One-phase,5.51158579591835,0.986176825561635,-1.3823174438365005,1.014100819395033,6.465998930566097,20.604149262699412
2020,NY,129411955.194,189.00303314574748,189.00967261715002,188.2207005726805,IPCC AR4 GWP100,IPCC AR5 GWP100; CH4=28 and N2O=265,egrid2020_data.xlsx,"ST20!STCO2AN, STCH4AN, STN2OAN, STNGENAN; reported comparison from STC2ERTA",Two-phase,One-phase,5.767052131107708,0.990394980446888,-0.9605019553111993,1.0097979408860163,7.483718846264975,20.517049648564235
2020,OH,120992732.718,568.4101723356015,568.47733828886,565.3848530904843,IPCC AR4 GWP100,IPCC AR5 GWP100; CH4=28 and N2O=265,egrid2020_data.xlsx,"ST20!STCO2AN, STCH4AN, STN2OAN, STNGENAN; reported comparison from STC2ERTA",Two-phase,One-phase,5.332028831882818,0.9836658346191568,-1.6334165380843202,1.0166622447709712,5.860168760784079,20.66525391307804
2020,OK,82297831.402,321.42015937089957,321.43914018524003,320.566280781754,IPCC AR4 GWP100,IPCC AR5 GWP100; CH4=28 and N2O=265,egrid2020_data.xlsx,"ST20!STCO2AN, STCH4AN, STN2OAN, STNGENAN; reported comparison from STC2ERTA",Two-phase,One-phase,5.516004825091803,0.9862428998581273,-1.3757100141872702,1.014033417965235,6.481940765156136,20.60264424543664
2020,OR,63624781.93,154.9407140022277,154.95214310807,154.3868259314453,IPCC AR4 GWP100,IPCC AR5 GWP100; CH4=28 and N2O=265,egrid2020_data.xlsx,"ST20!STCO2AN, STCH4AN, STN2OAN, STNGENAN; reported comparison from STC2ERTA",Two-phase,One-phase,5.882469421270753,0.9926091096573006,-0.7390890342699352,1.0075393398495827,8.01792478574943,20.477636157781987
2020,PA,230134952.99,316.3637401324633,316.39292506899005,315.08097840559276,IPCC AR4 GWP100,IPCC AR5 GWP100; CH4=28 and N2O=265,egrid2020_data.xlsx,"ST20!STCO2AN, STCH4AN, STN2OAN, STNGENAN; reported comparison from STC2ERTA",Two-phase,One-phase,5.522316995028564,0.9863376627291305,-1.3662337270869518,1.0139367517374211,6.50480433079379,20.600494370053426
2020,RI,8893740.309,375.37211722664506,375.37444812483,374.9877668126856,IPCC AR4 GWP100,IPCC AR5 GWP100; CH4=28 and N2O=265,egrid2020_data.xlsx,"ST20!STCO2AN, STCH4AN, STN2OAN, STNGENAN; reported comparison from STC2ERTA",Two-phase,One-phase,5.457855803841394,0.9853906406364672,-1.4609359363532803,1.0149027952139968,6.276315033807656,20.622443869257133
2020,SC,98528796.629,233.04890987868475,233.08342884057,231.7458358794051,IPCC AR4 GWP100,IPCC AR5 GWP100; CH4=28 and N2O=265,egrid2020_data.xlsx,"ST20!STCO2AN, STCH4AN, STN2OAN, STNGENAN; reported comparison from STC2ERTA",Two-phase,One-phase,5.658062636482808,0.9884906300423848,-1.15093699576152,1.0117405410636013,7.024253656897939,20.554232282548067
2020,SD,14146525.855,154.4629941590069,154.48585015171003,153.58737923135118,IPCC AR4 GWP100,IPCC AR5 GWP100; CH4=28 and N2O=265,egrid2020_data.xlsx,"ST20!STCO2AN, STCH4AN, STN2OAN, STNGENAN; reported comparison from STC2ERTA",Two-phase,One-phase,5.884353123011632,0.9926470970993041,-0.7352902900695901,1.0075005894119493,8.027090067092836,20.476992574160167
2020,TN,80566010.004,259.18872635508853,259.18585536459005,257.70547684922246,IPCC AR4 GWP100,IPCC AR5 GWP100; CH4=28 and N2O=265,egrid2020_data.xlsx,"ST20!STCO2AN, STCH4AN, STN2OAN, STNGENAN; reported comparison from STC2ERTA",Two-phase,One-phase,5.607759960750824,0.9876662536063463,-1.23337463936537,1.0125814754878852,6.825355242825415,20.571381710106806
2020,TX,473366236.705,388.92964370426165,388.96407553003,387.35908890372747,IPCC AR4 GWP100,IPCC AR5 GWP100; CH4=28 and N2O=265,egrid2020_data.xlsx,"ST20!STCO2AN, STCH4AN, STN2OAN, STNGENAN; reported comparison from STC2ERTA",Two-phase,One-phase,5.445458088931887,0.985213631542165,-1.4786368457834986,1.0150833596191675,6.233607810997754,20.626663988962413
2020,UT,37087308.992,710.0892556594647,710.2167892512,705.2974866158821,IPCC AR4 GWP100,IPCC AR5 GWP100; CH4=28 and N2O=265,egrid2020_data.xlsx,"ST20!STCO2AN, STCH4AN, STN2OAN, STNGENAN; reported comparison from STC2ERTA",Two-phase,One-phase,5.28000028483202,0.982996466457901,-1.7003533542099047,1.0173450575064062,5.698669402136458,20.68294206655883
2020,VA,102799855.681,292.6807155876813,292.49677183265004,291.4270300579319,IPCC AR4 GWP100,IPCC AR5 GWP100; CH4=28 and N2O=265,egrid2020_data.xlsx,"ST20!STCO2AN, STCH4AN, STN2OAN, STNGENAN; reported comparison from STC2ERTA",Two-phase,One-phase,5.554314774665126,0.9868250608380548,-1.3174939161945232,1.0134395640083604,6.622399529599887,20.589594386993582
2020,VT,2154917.77,13.678866127766877,13.7483847347,10.394292553518058,IPCC AR4 GWP100,IPCC AR5 GWP100; CH4=28 and N2O=265,egrid2020_data.xlsx,"ST20!STCO2AN, STCH4AN, STN2OAN, STNGENAN; reported comparison from STC2ERTA",Two-phase,Cold plate,5.0612330377447945,1.117727392389868,11.772739238986807,0.8799079975920453,25.58965602827683,19.901575546479034
2020,WA,116079174.179,96.72412791684742,96.73945911938,96.12729270755091,IPCC AR4 GWP100,IPCC AR5 GWP100; CH4=28 and N2O=265,egrid2020_data.xlsx,"ST20!STCO2AN, STCH4AN, STN2OAN, STNGENAN; reported comparison from STC2ERTA",Two-phase,One-phase,6.198509573277855,0.9999959050982469,-0.00040949017531266563,1.0000041771497798,9.800146879994331,20.369512261776425
2020,WI,61440537.516,540.6178632711361,540.68754814844,537.4518407523724,IPCC AR4 GWP100,IPCC AR5 GWP100; CH4=28 and N2O=265,egrid2020_data.xlsx,"ST20!STCO2AN, STCH4AN, STN2OAN, STNGENAN; reported comparison from STC2ERTA",Two-phase,One-phase,5.345131465595787,0.983838286046376,-1.616171395362398,1.0164863295757696,5.901776349112597,20.66079816497649
2020,WV,56661533.092,872.864290730183,873.0437494948401,866.2096953699313,IPCC AR4 GWP100,IPCC AR5 GWP100; CH4=28 and N2O=265,egrid2020_data.xlsx,"ST20!STCO2AN, STCH4AN, STN2OAN, STNGENAN; reported comparison from STC2ERTA",Two-phase,One-phase,5.239806217069187,0.9824956052328334,-1.7504394767166587,1.0178559787646269,5.577825939148706,20.69660145085318
2020,WY,42010989.65,902.5236190332504,902.69644349885,896.1272946368739,IPCC AR4 GWP100,IPCC AR5 GWP100; CH4=28 and N2O=265,egrid2020_data.xlsx,"ST20!STCO2AN, STCH4AN, STN2OAN, STNGENAN; reported comparison from STC2ERTA",Two-phase,One-phase,5.233951954602012,0.9824237973213762,-1.757620267862381,1.0179292289717414,5.560500747546482,20.698590546478833
2021,AK,6595817.773,419.5032238947026,419.55661292468005,417.3116044922331,IPCC AR4 GWP100,IPCC AR5 GWP100; CH4=28 and N2O=265,egrid2021_data.xlsx,"ST21!STCO2AN, STCH4AN, STN2OAN, STNGENAN; reported comparison from STC2ERTA",Two-phase,One-phase,5.420091886594025,0.9848564300027414,-1.5143569997258632,1.0154477357194258,6.147425314034249,20.635297118313257
2021,AL,142731860.61,342.23379153737824,342.22501054049,340.557119400603,IPCC AR4 GWP100,IPCC AR5 GWP100; CH4=28 and N2O=265,egrid2021_data.xlsx,"ST21!STCO2AN, STCH4AN, STN2OAN, STNGENAN; reported comparison from STC2ERTA",Two-phase,One-phase,5.491707818072333,0.9858822977147004,-1.4117702285299627,1.0144012629722265,6.394937799880429,20.61091852827929
2021,AR,61100068.005,495.76725524316936,495.84132411891005,493.02344233048336,IPCC AR4 GWP100,IPCC AR5 GWP100; CH4=28 and N2O=265,egrid2021_data.xlsx,"ST21!STCO2AN, STCH4AN, STN2OAN, STNGENAN; reported comparison from STC2ERTA",Two-phase,One-phase,5.36905734772235,0.984157345281002,-1.584265471899804,1.0161608618864308,5.978756200777546,20.652660516558985
2021,AZ,108500973.376,330.0130041593052,330.04333385177,328.76776338897344,IPCC AR4 GWP100,IPCC AR5 GWP100; CH4=28 and N2O=265,egrid2021_data.xlsx,"ST21!STCO2AN, STCH4AN, STN2OAN, STNGENAN; reported comparison from STC2ERTA",Two-phase,One-phase,5.50565674439929,0.9860885168484755,-1.3911483151524462,1.0141909018302089,6.444692568292298,20.606168468379337
2021,CA,196943760.108,217.96283938749224,217.94886582315002,217.27292051619818,IPCC AR4 GWP100,IPCC AR5 GWP100; CH4=28 and N2O=265,egrid2021_data.xlsx,"ST21!STCO2AN, STCH4AN, STN2OAN, STNGENAN; reported comparison from STC2ERTA",Two-phase,One-phase,5.691454005516117,0.9890563053589009,-1.0943694641099122,1.0111635038924374,7.160734903105936,20.54284424806232
2021,CO,56832574.334,555.3600434311675,555.4483510529801,551.9835226836482,IPCC AR4 GWP100,IPCC AR5 GWP100; CH4=28 and N2O=265,egrid2021_data.xlsx,"ST21!STCO2AN, STCH4AN, STN2OAN, STNGENAN; reported comparison from STC2ERTA",Two-phase,One-phase,5.338033060898284,0.9837446620079767,-1.6255337992023278,1.0165818340969912,5.879187551152576,20.66321214661919
2021,CT,44079943.539,234.99526330950286,235.02072185283998,233.66505524607194,IPCC AR4 GWP100,IPCC AR5 GWP100; CH4=28 and N2O=265,egrid2021_data.xlsx,"ST21!STCO2AN, STCH4AN, STN2OAN, STNGENAN; reported comparison from STC2ERTA",Two-phase,One-phase,5.654006294861835,0.988422933570346,-1.1577066429653948,1.0118095972511043,7.00792043782692,20.555615464335485
2021,DC,184480.001,296.0304761599726,296.03297794917,295.59358165408526,IPCC AR4 GWP100,IPCC AR5 GWP100; CH4=28 and N2O=265,egrid2021_data.xlsx,"ST21!STCO2AN, STCH4AN, STN2OAN, STNGENAN; reported comparison from STC2ERTA",Two-phase,One-phase,5.5495279448876556,0.9867513907480141,-1.32486092519859,1.0135147137967908,6.60462504766044,20.591225201856112
2021,DE,4305126.0,394.631120217674,394.65439181168,393.49043367427095,IPCC AR4 GWP100,IPCC AR5 GWP100; CH4=28 and N2O=265,egrid2021_data.xlsx,"ST21!STCO2AN, STCH4AN, STN2OAN, STNGENAN; reported comparison from STC2ERTA",Two-phase,One-phase,5.44046692142599,0.985142823134618,-1.4857176865382016,1.015155590246866,6.216523771051374,20.62836283055257
2021,FL,246185265.397,379.84462116448,379.87635239708004,378.3584569341653,IPCC AR4 GWP100,IPCC AR5 GWP100; CH4=28 and N2O=265,egrid2021_data.xlsx,"ST21!STCO2AN, STCH4AN, STN2OAN, STNGENAN; reported comparison from STC2ERTA",Two-phase,One-phase,5.453680762140722,0.9853308510725381,-1.466914892746185,1.0149637856794238,6.2618895251155715,20.62386508253532
2021,GA,124199775.463,345.77896238210315,345.83061628962,343.86026422912727,IPCC AR4 GWP100,IPCC AR5 GWP100; CH4=28 and N2O=265,egrid2021_data.xlsx,"ST21!STCO2AN, STCH4AN, STN2OAN, STNGENAN; reported comparison from STC2ERTA",Two-phase,One-phase,5.487819902503688,0.9858252009043629,-1.4174799095637125,1.01445950659884,6.381161975477578,20.61224238780418
2021,HI,9180590.002,681.3952581215224,681.54657632061,676.2933981580039,IPCC AR4 GWP100,IPCC AR5 GWP100; CH4=28 and N2O=265,egrid2021_data.xlsx,"ST21!STCO2AN, STCH4AN, STN2OAN, STNGENAN; reported comparison from STC2ERTA",Two-phase,One-phase,5.288924149415997,0.9831095603988347,-1.689043960116532,1.017229692020505,5.725955729728516,20.67990877930389
2021,IA,67198724.482,351.2102489866908,351.27508550673,348.7799805262472,IPCC AR4 GWP100,IPCC AR5 GWP100; CH4=28 and N2O=265,egrid2021_data.xlsx,"ST21!STCO2AN, STCH4AN, STN2OAN, STNGENAN; reported comparison from STC2ERTA",Two-phase,One-phase,5.481994653630973,0.9857399616148134,-1.4260038385186635,1.01454645795959,6.360596177176037,20.614225838781586
2021,ID,16834399.801,123.35073002337121,123.35852735283001,123.0779035403201,IPCC AR4 GWP100,IPCC AR5 GWP100; CH4=28 and N2O=265,egrid2021_data.xlsx,"ST21!STCO2AN, STCH4AN, STN2OAN, STNGENAN; reported comparison from STC2ERTA",Two-phase,One-phase,6.028576760527682,0.9957536141830337,-0.4246385816966347,1.0043316764722643,8.776603631808966,20.42768632182642
2021,IL,181296445.222,298.1062968636722,298.15624383314,296.2179832349012,IPCC AR4 GWP100,IPCC AR5 GWP100; CH4=28 and N2O=265,egrid2021_data.xlsx,"ST21!STCO2AN, STCH4AN, STN2OAN, STNGENAN; reported comparison from STC2ERTA",Two-phase,One-phase,5.546606966020606,0.9867065682742165,-1.3293431725783456,1.0135604365510449,6.593810668981703,20.592220311030694
2021,IN,94126667.181,745.0996523343708,745.2205124441001,740.5302646606427,IPCC AR4 GWP100,IPCC AR5 GWP100; CH4=28 and N2O=265,egrid2021_data.xlsx,"ST21!STCO2AN, STCH4AN, STN2OAN, STNGENAN; reported comparison from STC2ERTA",Two-phase,One-phase,5.26997729016172,0.9828702716917213,-1.7129728308278747,1.0174737869537869,5.66822222077592,20.686348679618906
2021,KS,56573059.816,383.0456398813082,383.1222593968,380.1946835358014,IPCC AR4 GWP100,IPCC AR5 GWP100; CH4=28 and N2O=265,egrid2021_data.xlsx,"ST21!STCO2AN, STCH4AN, STN2OAN, STNGENAN; reported comparison from STC2ERTA",Two-phase,One-phase,5.450744803068752,0.9852889158306029,-1.4711084169397148,1.0150065632104064,6.251771752760571,20.62486447297811
2021,KY,69904814.122,788.9916329686193,789.1418616312001,783.3931063288215,IPCC AR4 GWP100,IPCC AR5 GWP100; CH4=28 and N2O=265,egrid2021_data.xlsx,"ST21!STCO2AN, STCH4AN, STN2OAN, STNGENAN; reported comparison from STC2ERTA",Two-phase,One-phase,5.258584224742013,0.9827278806391888,-1.727211936081119,1.0176190379975454,5.6338673395726735,20.690220596662446
2021,LA,97167796.19,375.87834690717847,375.90923352906003,374.6863848718725,IPCC AR4 GWP100,IPCC AR5 GWP100; CH4=28 and N2O=265,egrid2021_data.xlsx,"ST21!STCO2AN, STCH4AN, STN2OAN, STNGENAN; reported comparison from STC2ERTA",Two-phase,One-phase,5.457378908460253,0.9853838018596022,-1.461619814039783,1.01490977135091,6.274665032893978,20.622606210341544
2021,MA,19429416.602,389.8285897449892,389.89983658934,386.2019747355051,IPCC AR4 GWP100,IPCC AR5 GWP100; CH4=28 and N2O=265,egrid2021_data.xlsx,"ST21!STCO2AN, STCH4AN, STN2OAN, STNGENAN; reported comparison from STC2ERTA",Two-phase,One-phase,5.444662669475209,0.9852023297856052,-1.479767021439482,1.0150948883768207,6.230881020956502,20.626934730420444
2021,MD,38166718.985,318.38383778054,318.42365810948,316.69305062786543,IPCC AR4 GWP100,IPCC AR5 GWP100; CH4=28 and N2O=265,egrid2021_data.xlsx,"ST21!STCO2AN, STCH4AN, STN2OAN, STNGENAN; reported comparison from STC2ERTA",Two-phase,One-phase,5.519774787252274,0.9862994430594572,-1.370055694054284,1.0139757390671265,6.495583019567408,20.60136024000917
2021,ME,10900945.883,140.23605890079295,140.33059306112,136.5497705180725,IPCC AR4 GWP100,IPCC AR5 GWP100; CH4=28 and N2O=265,egrid2021_data.xlsx,"ST21!STCO2AN, STCH4AN, STN2OAN, STNGENAN; reported comparison from STC2ERTA",Two-phase,One-phase,5.944643835924168,0.9938968472108156,-0.6103152789184385,1.0062257374819588,8.328618961296996,20.456388206571006
2021,MI,115299089.641,458.18023010203297,458.25575315597,455.29651306118456,IPCC AR4 GWP100,IPCC AR5 GWP100; CH4=28 and N2O=265,egrid2021_data.xlsx,"ST21!STCO2AN, STCH4AN, STN2OAN, STNGENAN; reported comparison from STC2ERTA",Two-phase,One-phase,5.3923198689936,0.9844728203594773,-1.5527179640522748,1.0158390503427042,6.0548712982561925,20.644746889110365
2021,MN,59157704.839,377.12267501123887,377.18745682772004,374.6550265271497,IPCC AR4 GWP100,IPCC AR5 GWP100; CH4=28 and N2O=265,egrid2021_data.xlsx,"ST21!STCO2AN, STCH4AN, STN2OAN, STNGENAN; reported comparison from STC2ERTA",Two-phase,One-phase,5.456211416977719,0.9853670699228025,-1.463293007719746,1.0149268393565258,6.270628095945874,20.623003636075232
2021,MO,76941409.993,747.8110680352758,747.9647462826,742.1044265434754,IPCC AR4 GWP100,IPCC AR5 GWP100; CH4=28 and N2O=265,egrid2021_data.xlsx,"ST21!STCO2AN, STCH4AN, STN2OAN, STNGENAN; reported comparison from STC2ERTA",Two-phase,One-phase,5.269237453196451,0.9828609912668387,-1.713900873316132,1.0174832537803657,5.6659831201534505,20.686600123634847
2021,MS,67723496.549,379.3415994333148,379.36742175794,378.2741720926958,IPCC AR4 GWP100,IPCC AR5 GWP100; CH4=28 and N2O=265,egrid2021_data.xlsx,"ST21!STCO2AN, STCH4AN, STN2OAN, STNGENAN; reported comparison from STC2ERTA",Two-phase,One-phase,5.454146051997122,0.9853375052663664,-1.4662494733633569,1.0149569978329842,6.263494991431151,20.623706697146815
2021,MT,24947923.138,477.5562988100064,477.65227008191,474.01472575371804,IPCC AR4 GWP100,IPCC AR5 GWP100; CH4=28 and N2O=265,egrid2021_data.xlsx,"ST21!STCO2AN, STCH4AN, STN2OAN, STNGENAN; reported comparison from STC2ERTA",Two-phase,One-phase,5.3799191755689035,0.9843039944441574,-1.5696005555842607,1.0160112672058959,6.014138442071171,20.64896565097306
2021,NC,129730297.061,305.1550553536907,305.11208282709003,303.67280427415574,IPCC AR4 GWP100,IPCC AR5 GWP100; CH4=28 and N2O=265,egrid2021_data.xlsx,"ST21!STCO2AN, STCH4AN, STN2OAN, STNGENAN; reported comparison from STC2ERTA",Two-phase,One-phase,5.5369385743958555,0.9865589148413558,-1.3441085158644173,1.0137110556725144,6.5581861261824415,20.5955139280093
2021,ND,43032366.995,612.6638793243548,612.7860553599401,608.1251647986048,IPCC AR4 GWP100,IPCC AR5 GWP100; CH4=28 and N2O=265,egrid2021_data.xlsx,"ST21!STCO2AN, STCH4AN, STN2OAN, STNGENAN; reported comparison from STC2ERTA",Two-phase,One-phase,5.313411670397206,0.9834235200681567,-1.6576479931843302,1.0169094263236367,5.801705202397756,20.67158409878661
2021,NE,37910897.991,514.1362522781033,514.2417522003301,510.21906025488096,IPCC AR4 GWP100,IPCC AR5 GWP100; CH4=28 and N2O=265,egrid2021_data.xlsx,"ST21!STCO2AN, STCH4AN, STN2OAN, STNGENAN; reported comparison from STC2ERTA",Two-phase,One-phase,5.358803548822189,0.9840199436067089,-1.5980056393291142,1.0163010233379426,5.94560511358837,20.656148233347448
2021,NH,17193229.589,139.6898502206294,139.72686161665,137.91112801696954,IPCC AR4 GWP100,IPCC AR5 GWP100; CH4=28 and N2O=265,egrid2021_data.xlsx,"ST21!STCO2AN, STCH4AN, STN2OAN, STNGENAN; reported comparison from STC2ERTA",Two-phase,One-phase,5.94713282459538,0.9939498951500957,-0.6050104849904314,1.006171624049881,8.341417909121551,20.455537364519248
2021,NJ,61421799.863,219.12733381979245,219.14589608758,218.14032931230605,IPCC AR4 GWP100,IPCC AR5 GWP100; CH4=28 and N2O=265,egrid2021_data.xlsx,"ST21!STCO2AN, STCH4AN, STN2OAN, STNGENAN; reported comparison from STC2ERTA",Two-phase,One-phase,5.688746352766283,0.9890098693878352,-1.0990130612164806,1.0112108725518107,7.149531233766182,20.543767807212554
2021,NM,35073356.999,517.3981552119037,517.4735978365801,514.5131129587961,IPCC AR4 GWP100,IPCC AR5 GWP100; CH4=28 and N2O=265,egrid2021_data.xlsx,"ST21!STCO2AN, STCH4AN, STN2OAN, STNGENAN; reported comparison from STC2ERTA",Two-phase,One-phase,5.3570513406227205,0.9839965639483822,-1.6003436051617803,1.0163248725876972,5.939964271905596,20.656744196999067
2021,NV,41723320.004,325.14802282292385,325.16404072768,324.35271454864636,IPCC AR4 GWP100,IPCC AR5 GWP100; CH4=28 and N2O=265,egrid2021_data.xlsx,"ST21!STCO2AN, STCH4AN, STN2OAN, STNGENAN; reported comparison from STC2ERTA",Two-phase,One-phase,5.511458258939728,0.9861749218566916,-1.3825078143308356,1.014102761336785,6.465539621108007,20.604192697943546
2021,NY,123769709.506,207.28756789399728,207.30123852977002,206.54121057086945,IPCC AR4 GWP100,IPCC AR5 GWP100; CH4=28 and N2O=265,egrid2021_data.xlsx,"ST21!STCO2AN, STCH4AN, STN2OAN, STNGENAN; reported comparison from STC2ERTA",Two-phase,One-phase,5.717389849922361,0.9895062881621368,-1.0493711837863184,1.0107044829730683,7.269302860668714,20.533996646727193
2021,OH,125609191.275,550.9840650503652,551.05031943346,548.0211732072097,IPCC AR4 GWP100,IPCC AR5 GWP100; CH4=28 and N2O=265,egrid2021_data.xlsx,"ST21!STCO2AN, STCH4AN, STN2OAN, STNGENAN; reported comparison from STC2ERTA",Two-phase,One-phase,5.3401041545708905,0.983771930134844,-1.6228069865156014,1.0165540182769774,5.885766568882289,20.662507837047748
2021,OK,80754585.812,343.1746649878009,343.20839879865,341.8023458534025,IPCC AR4 GWP100,IPCC AR5 GWP100; CH4=28 and N2O=265,egrid2021_data.xlsx,"ST21!STCO2AN, STCH4AN, STN2OAN, STNGENAN; reported comparison from STC2ERTA",Two-phase,One-phase,5.490669258607861,0.9858670295348387,-1.4132970465161265,1.0144168378206582,6.391254025542015,20.61127216858294
2021,OR,61016874.601,148.18998776640038,148.19724553403,147.78236529234613,IPCC AR4 GWP100,IPCC AR5 GWP100; CH4=28 and N2O=265,egrid2021_data.xlsx,"ST21!STCO2AN, STCH4AN, STN2OAN, STNGENAN; reported comparison from STC2ERTA",Two-phase,One-phase,5.909903931340743,0.9931686072628769,-0.6831392737123076,1.0069686044715866,8.15291552731081,20.46826188188874
2021,PA,241279607.04,330.9245260225584,330.95777606969,329.50353398145353,IPCC AR4 GWP100,IPCC AR5 GWP100; CH4=28 and N2O=265,egrid2021_data.xlsx,"ST21!STCO2AN, STCH4AN, STN2OAN, STNGENAN; reported comparison from STC2ERTA",Two-phase,One-phase,5.504585955910124,0.9860726100852861,-1.3927389914713872,1.0142071280882146,6.440854722093525,20.60653312658378
2021,RI,9314561.279,378.1025390338654,378.10462059986,377.71687431515005,IPCC AR4 GWP100,IPCC AR5 GWP100; CH4=28 and N2O=265,egrid2021_data.xlsx,"ST21!STCO2AN, STCH4AN, STN2OAN, STNGENAN; reported comparison from STC2ERTA",Two-phase,One-phase,5.455296763796547,0.9853539715834182,-1.4646028416581802,1.014940200782214,6.267467841944585,20.623314990351627
2021,SC,98113946.629,258.6871553403392,258.72636629378,257.19857559259907,IPCC AR4 GWP100,IPCC AR5 GWP100; CH4=28 and N2O=265,egrid2021_data.xlsx,"ST21!STCO2AN, STCH4AN, STN2OAN, STNGENAN; reported comparison from STC2ERTA",Two-phase,One-phase,5.608646663263284,0.9876805052810853,-1.2319494718914692,1.0125669375615596,6.828793763602503,20.57107947537238
2021,SD,17322408.875,138.14022382927794,138.15924638593,137.40152303412316,IPCC AR4 GWP100,IPCC AR5 GWP100; CH4=28 and N2O=265,egrid2021_data.xlsx,"ST21!STCO2AN, STCH4AN, STN2OAN, STNGENAN; reported comparison from STC2ERTA",Two-phase,One-phase,5.954270257034411,0.9941026752357487,-0.589732476425131,1.006015775304388,8.378279366351315,20.453097385996376
2021,TN,79057209.281,318.6826306470187,318.71531800339005,316.7325763526497,IPCC AR4 GWP100,IPCC AR5 GWP100; CH4=28 and N2O=265,egrid2021_data.xlsx,"ST21!STCO2AN, STCH4AN, STN2OAN, STNGENAN; reported comparison from STC2ERTA",Two-phase,One-phase,5.519401092894816,0.98629383109171,-1.3706168908290017,1.013981463753884,6.494229012543529,20.601487517831394
2021,TX,480614368.135,390.1577724948087,390.19920755354,388.47365261860966,IPCC AR4 GWP100,IPCC AR5 GWP100; CH4=28 and N2O=265,egrid2021_data.xlsx,"ST21!STCO2AN, STCH4AN, STN2OAN, STNGENAN; reported comparison from STC2ERTA",Two-phase,One-phase,5.4443721976905834,0.9851982042446433,-1.4801795755356673,1.0150990967812121,6.2298856461269425,20.627033599498425
2021,UT,42560373.008,712.5568210224661,712.68251737452,707.8320062434078,IPCC AR4 GWP100,IPCC AR5 GWP100; CH4=28 and N2O=265,egrid2021_data.xlsx,"ST21!STCO2AN, STCH4AN, STN2OAN, STNGENAN; reported comparison from STC2ERTA",Two-phase,One-phase,5.279263963196645,0.9829871660429885,-1.7012833957011475,1.017354544724524,5.696425478492539,20.68319233734156
2021,VA,93103269.048,273.1907461399224,272.85712939639,271.7973117695914,IPCC AR4 GWP100,IPCC AR5 GWP100; CH4=28 and N2O=265,egrid2021_data.xlsx,"ST21!STCO2AN, STCH4AN, STN2OAN, STNGENAN; reported comparison from STC2ERTA",Two-phase,One-phase,5.58409533162203,0.9872895051457385,-1.2710494854261456,1.0129657911184282,6.73445663383645,20.579447007469632
2021,VT,2107702.867,20.253630182656366,20.336360316580002,16.349705160231554,IPCC AR4 GWP100,IPCC AR5 GWP100; CH4=28 and N2O=265,egrid2021_data.xlsx,"ST21!STCO2AN, STCH4AN, STN2OAN, STNGENAN; reported comparison from STC2ERTA",Two-phase,Cold plate,5.240989236422133,1.0735703610550962,7.357036105509618,0.9249519436587541,19.6677188334065,19.975884381480256
2021,WA,110808400.626,92.04586594738451,92.05838586098001,91.5472011485916,IPCC AR4 GWP100,IPCC AR5 GWP100; CH4=28 and N2O=265,egrid2021_data.xlsx,"ST21!STCO2AN, STCH4AN, STN2OAN, STNGENAN; reported comparison from STC2ERTA",Two-phase,Cold plate,6.168505296928273,1.0009942006213195,0.09942006213194965,0.9989858303918421,9.934467957113702,20.357126577512364
2021,WI,64242541.956,578.24790883169,578.29988106121,574.7567097636511,IPCC AR4 GWP100,IPCC AR5 GWP100; CH4=28 and N2O=265,egrid2021_data.xlsx,"ST21!STCO2AN, STCH4AN, STN2OAN, STNGENAN; reported comparison from STC2ERTA",Two-phase,One-phase,5.327665791944081,0.983608762434966,-1.6391237565034023,1.0167204632768103,5.846398877964787,20.666737519505606
2021,WV,65836062.988,888.5759525992332,888.75754996875,881.8497591785284,IPCC AR4 GWP100,IPCC AR5 GWP100; CH4=28 and N2O=265,egrid2021_data.xlsx,"ST21!STCO2AN, STCH4AN, STN2OAN, STNGENAN; reported comparison from STC2ERTA",Two-phase,One-phase,5.236659226805385,0.9824569689297398,-1.7543031070260229,1.0178953910960304,5.568504106215322,20.697670712303275
2021,WY,43460743.876,837.8141335138722,837.9751625930301,831.8511651694887,IPCC AR4 GWP100,IPCC AR5 GWP100; CH4=28 and N2O=265,egrid2021_data.xlsx,"ST21!STCO2AN, STCH4AN, STN2OAN, STNGENAN; reported comparison from STC2ERTA",Two-phase,One-phase,5.247225110094034,0.9825870174307986,-1.741298256920143,1.017762730509694,5.599881083385405,20.694080599254207
2022,AK,6694128.234,416.09876243990334,416.14968063361,414.00008708288584,IPCC AR4 GWP100,IPCC AR5 GWP100; CH4=28 and N2O=265,egrid2022_data.xlsx,"ST22!STCO2AN, STCH4AN, STN2OAN, STNGENAN; reported comparison from STC2ERTA",Two-phase,One-phase,5.422754117584394,0.9848936096411767,-1.510639035882333,1.0154098093104749,6.156395695521755,20.634391143239927
2022,AL,144788892.892,358.9202939869469,358.9593938469,357.2749352789728,IPCC AR4 GWP100,IPCC AR5 GWP100; CH4=28 and N2O=265,egrid2022_data.xlsx,"ST22!STCO2AN, STCH4AN, STN2OAN, STNGENAN; reported comparison from STC2ERTA",Two-phase,One-phase,5.47398692628196,0.9856233869741922,-1.4376613025807838,1.014665374056668,6.332470056478057,20.61695224458734
2022,AR,65905029.856,481.4348754225039,481.50236211847,478.9032136589525,IPCC AR4 GWP100,IPCC AR5 GWP100; CH4=28 and N2O=265,egrid2022_data.xlsx,"ST22!STCO2AN, STCH4AN, STN2OAN, STNGENAN; reported comparison from STC2ERTA",Two-phase,One-phase,5.377544187018279,0.9842718316256857,-1.5728168374314344,1.0160440760296958,6.006378475499519,20.649773579699403
2022,AZ,104698773.165,322.88949793771394,322.91966568092005,321.6516314350463,IPCC AR4 GWP100,IPCC AR5 GWP100; CH4=28 and N2O=265,egrid2022_data.xlsx,"ST22!STCO2AN, STCH4AN, STN2OAN, STNGENAN; reported comparison from STC2ERTA",Two-phase,One-phase,5.514202127360712,0.9862159190137083,-1.3784080986291691,1.0140609407325976,6.475431060450054,20.603258208718444
2022,CA,203256382.497,207.51239918490901,207.51170538945001,206.8110107567684,IPCC AR4 GWP100,IPCC AR5 GWP100; CH4=28 and N2O=265,egrid2022_data.xlsx,"ST22!STCO2AN, STCH4AN, STN2OAN, STNGENAN; reported comparison from STC2ERTA",Two-phase,One-phase,5.716821997304056,0.989496334305479,-1.0503665694520992,1.010714636757616,7.266901280254001,20.53419038172557
2022,CO,58012255.357,532.0509593147601,532.13098168076,528.9800337442424,IPCC AR4 GWP100,IPCC AR5 GWP100; CH4=28 and N2O=265,egrid2022_data.xlsx,"ST22!STCO2AN, STCH4AN, STN2OAN, STNGENAN; reported comparison from STC2ERTA",Two-phase,One-phase,5.349419814840628,0.9838950749991152,-1.6104925000884784,1.0164283999902188,5.915477896297716,20.659339738460403
2022,CT,42761369.034,237.34367715817905,237.36352644389,236.25976018080658,IPCC AR4 GWP100,IPCC AR5 GWP100; CH4=28 and N2O=265,egrid2022_data.xlsx,"ST22!STCO2AN, STCH4AN, STN2OAN, STNGENAN; reported comparison from STC2ERTA",Two-phase,One-phase,5.649183556850268,0.988342729695232,-1.1657270304768041,1.0118914120587528,6.988569540754552,20.557259918819003
2022,DC,160237.001,251.69391704433824,251.69613815115,251.27926166567664,IPCC AR4 GWP100,IPCC AR5 GWP100; CH4=28 and N2O=265,egrid2022_data.xlsx,"ST22!STCO2AN, STCH4AN, STN2OAN, STNGENAN; reported comparison from STC2ERTA",Two-phase,One-phase,5.621310283466396,0.9878851237634442,-1.2114876236555827,1.0123582092207941,6.878162340689342,20.566762798240845
2022,DE,5308370.0,408.58277587631954,408.59419252652003,407.8938476811513,IPCC AR4 GWP100,IPCC AR5 GWP100; CH4=28 and N2O=265,egrid2022_data.xlsx,"ST22!STCO2AN, STCH4AN, STN2OAN, STNGENAN; reported comparison from STC2ERTA",Two-phase,One-phase,5.428769487317742,0.9849778833786538,-1.5022116621346226,1.0153238428953648,6.176728533773068,20.63234399637762
2022,FL,257955504.155,371.26609648267,371.29347757194,369.9342066946885,IPCC AR4 GWP100,IPCC AR5 GWP100; CH4=28 and N2O=265,egrid2022_data.xlsx,"ST22!STCO2AN, STCH4AN, STN2OAN, STNGENAN; reported comparison from STC2ERTA",Two-phase,One-phase,5.461765598180568,0.9854467985563894,-1.4553201443610608,1.014845509335854,6.289864330854278,20.621112901881954
2022,GA,126484632.485,336.15277431860244,336.19994308978,334.3831386519201,IPCC AR4 GWP100,IPCC AR5 GWP100; CH4=28 and N2O=265,egrid2022_data.xlsx,"ST22!STCO2AN, STCH4AN, STN2OAN, STNGENAN; reported comparison from STC2ERTA",Two-phase,One-phase,5.49854022578069,0.9859830385001784,-1.4016961499821567,1.0142984987607153,6.419243665002328,20.608591943820066
2022,HI,9304192.004,663.8762926106506,663.86237059142,659.1508334108196,IPCC AR4 GWP100,IPCC AR5 GWP100; CH4=28 and N2O=265,egrid2022_data.xlsx,"ST22!STCO2AN, STCH4AN, STN2OAN, STNGENAN; reported comparison from STC2ERTA",Two-phase,One-phase,5.294722074993818,0.9831834143447689,-1.6816585655231142,1.017154354683349,5.7437745708272425,20.67793789738873
2022,IA,72909386.062,281.8887791747418,281.93804864379,280.02394052151334,IPCC AR4 GWP100,IPCC AR5 GWP100; CH4=28 and N2O=265,egrid2022_data.xlsx,"ST22!STCO2AN, STCH4AN, STN2OAN, STNGENAN; reported comparison from STC2ERTA",Two-phase,One-phase,5.570380961719312,0.987074302255582,-1.2925697744417985,1.0131853164597973,6.682534342411373,20.584120342144818
2022,ID,16278410.189,112.68005610598362,112.68776684858001,112.42399983789157,IPCC AR4 GWP100,IPCC AR5 GWP100; CH4=28 and N2O=265,egrid2022_data.xlsx,"ST22!STCO2AN, STCH4AN, STN2OAN, STNGENAN; reported comparison from STC2ERTA",Two-phase,One-phase,6.0902560094551195,0.997213422233129,-0.2786577766870968,1.0028425474912483,9.128813488036315,20.406581145273805
2022,IL,185197549.577,268.65857146735857,268.70539843378003,266.8985677297932,IPCC AR4 GWP100,IPCC AR5 GWP100; CH4=28 and N2O=265,egrid2022_data.xlsx,"ST22!STCO2AN, STCH4AN, STN2OAN, STNGENAN; reported comparison from STC2ERTA",Two-phase,One-phase,5.591532038791813,0.9874071559959358,-1.259284400406424,1.0128457771955988,6.762842413069747,20.576912631046007
2022,IN,98022168.549,715.0208559086134,715.133730542,710.7404346788246,IPCC AR4 GWP100,IPCC AR5 GWP100; CH4=28 and N2O=265,egrid2022_data.xlsx,"ST22!STCO2AN, STCH4AN, STN2OAN, STNGENAN; reported comparison from STC2ERTA",Two-phase,One-phase,5.278533394750484,0.9829779429706259,-1.7022057029374094,1.0173639530466307,5.6942002153898885,20.683440651093
2022,KS,62194840.58,374.70555021481965,374.77752056591004,372.0242849153741,IPCC AR4 GWP100,IPCC AR5 GWP100; CH4=28 and N2O=265,egrid2022_data.xlsx,"ST22!STCO2AN, STCH4AN, STN2OAN, STNGENAN; reported comparison from STC2ERTA",Two-phase,One-phase,5.4584854533141325,0.9853996736171116,-1.460032638288844,1.0148935808016901,6.278494433225146,20.62222952777406
2022,KY,69146933.093,785.5939760491343,785.73765089435,780.211494031065,IPCC AR4 GWP100,IPCC AR5 GWP100; CH4=28 and N2O=265,egrid2022_data.xlsx,"ST22!STCO2AN, STCH4AN, STN2OAN, STNGENAN; reported comparison from STC2ERTA",Two-phase,One-phase,5.259423747840075,0.982738335048096,-1.7261664951903954,1.0176083736069208,5.636389688903454,20.68993529883616
2022,LA,105223371.518,372.21377467038775,372.24284640235,371.0650206559723,IPCC AR4 GWP100,IPCC AR5 GWP100; CH4=28 and N2O=265,egrid2022_data.xlsx,"ST22!STCO2AN, STCH4AN, STN2OAN, STNGENAN; reported comparison from STC2ERTA",Two-phase,One-phase,5.460856561992022,0.9854337272710496,-1.4566272728950391,1.0148588431641046,6.286710604218793,20.62142235884441
2022,MA,21022930.789,389.66741726217555,389.73518255903,386.3422804045451,IPCC AR4 GWP100,IPCC AR5 GWP100; CH4=28 and N2O=265,egrid2022_data.xlsx,"ST22!STCO2AN, STCH4AN, STN2OAN, STNGENAN; reported comparison from STC2ERTA",Two-phase,One-phase,5.444805044821632,0.9852043522487254,-1.479564775127462,1.015092825291578,6.231368983360053,20.62688626944732
2022,MD,37134094.879,290.4899960917014,290.525912985,288.9614938280466,IPCC AR4 GWP100,IPCC AR5 GWP100; CH4=28 and N2O=265,egrid2022_data.xlsx,"ST22!STCO2AN, STCH4AN, STN2OAN, STNGENAN; reported comparison from STC2ERTA",Two-phase,One-phase,5.557495309341265,0.986874158821878,-1.3125841178121989,1.0133894798684517,6.634245466346389,20.588510780355428
2022,ME,12763920.003,155.37887852663684,155.44973393796002,152.68446100130285,IPCC AR4 GWP100,IPCC AR5 GWP100; CH4=28 and N2O=265,egrid2022_data.xlsx,"ST22!STCO2AN, STCH4AN, STN2OAN, STNGENAN; reported comparison from STC2ERTA",Two-phase,One-phase,5.880749157895848,0.9925744726886702,-0.7425527311329838,1.0075746725180104,8.009567877633561,20.478223892117363
2022,MI,116615130.596,460.6523821897431,460.72601720299,457.8130478422535,IPCC AR4 GWP100,IPCC AR5 GWP100; CH4=28 and N2O=265,egrid2022_data.xlsx,"ST22!STCO2AN, STCH4AN, STN2OAN, STNGENAN; reported comparison from STC2ERTA",Two-phase,One-phase,5.390685977420562,0.9844504901406423,-1.5549509859357658,1.0158618290744816,6.049483656254284,20.64530277073764
2022,MN,58966891.046,350.929491077547,350.99476542207003,348.4684799979988,IPCC AR4 GWP100,IPCC AR5 GWP100; CH4=28 and N2O=265,egrid2022_data.xlsx,"ST22!STCO2AN, STCH4AN, STN2OAN, STNGENAN; reported comparison from STC2ERTA",Two-phase,One-phase,5.4822919701353445,0.9857443032328849,-1.4255696767115134,1.0145420291380784,6.3616436852211855,20.614124607273286
2022,MO,79361031.625,688.3104651598203,688.44753063779,683.2056856898663,IPCC AR4 GWP100,IPCC AR5 GWP100; CH4=28 and N2O=265,egrid2022_data.xlsx,"ST22!STCO2AN, STCH4AN, STN2OAN, STNGENAN; reported comparison from STC2ERTA",Two-phase,One-phase,5.286710628754099,0.9830814428129788,-1.6918557187021177,1.0172583743612904,5.719171761883457,20.68066119290527
2022,MS,67781239.54,403.0812178291575,403.10753921900005,401.97833990298375,IPCC AR4 GWP100,IPCC AR5 GWP100; CH4=28 and N2O=265,egrid2022_data.xlsx,"ST22!STCO2AN, STCH4AN, STN2OAN, STNGENAN; reported comparison from STC2ERTA",Two-phase,One-phase,5.433297332676701,0.9850415612948455,-1.4958438705154453,1.0152588859782923,6.192092190457421,20.630803013214372
2022,MT,27088739.999,467.7199094361092,467.81430516898007,464.232186673327,IPCC AR4 GWP100,IPCC AR5 GWP100; CH4=28 and N2O=265,egrid2022_data.xlsx,"ST22!STCO2AN, STCH4AN, STN2OAN, STNGENAN; reported comparison from STC2ERTA",Two-phase,One-phase,5.386099915027631,0.9843879527470001,-1.5612047252999917,1.015925622561073,6.034395174982987,20.64686299657349
2022,NC,134252770.682,298.0324652172543,298.06053584307,296.9078018304013,IPCC AR4 GWP100,IPCC AR5 GWP100; CH4=28 and N2O=265,egrid2022_data.xlsx,"ST22!STCO2AN, STCH4AN, STN2OAN, STNGENAN; reported comparison from STC2ERTA",Two-phase,One-phase,5.5467102711741045,0.9867081517937479,-1.3291848206252066,1.0135588212257793,6.5941927268738265,20.592185117806782
2022,ND,44400926.002,599.2722951154657,599.39328704332,594.7876392898185,IPCC AR4 GWP100,IPCC AR5 GWP100; CH4=28 and N2O=265,egrid2022_data.xlsx,"ST22!STCO2AN, STCH4AN, STN2OAN, STNGENAN; reported comparison from STC2ERTA",Two-phase,One-phase,5.318780272814894,0.9834930717415963,-1.650692825840372,1.016838477672141,5.818486028411818,20.66975877645707
2022,NE,40692718.002,501.41725957424836,501.51893981420005,497.63853028317686,IPCC AR4 GWP100,IPCC AR5 GWP100; CH4=28 and N2O=265,egrid2022_data.xlsx,"ST22!STCO2AN, STCH4AN, STN2OAN, STNGENAN; reported comparison from STC2ERTA",Two-phase,One-phase,5.36583154954593,0.984114011171796,-1.5885988828204023,1.016205066381591,5.968300921830316,20.65375776934545
2022,NH,18764370.187,138.9730987381124,139.00701052546003,137.4059102939125,IPCC AR4 GWP100,IPCC AR5 GWP100; CH4=28 and N2O=265,egrid2022_data.xlsx,"ST22!STCO2AN, STCH4AN, STN2OAN, STNGENAN; reported comparison from STC2ERTA",Two-phase,One-phase,5.9504200499571835,0.9940201379243833,-0.5979862075616738,1.006099970416452,8.358365477968842,20.45441362336525
2022,NJ,65039128.884,221.597071283747,221.61253139564002,220.730556802578,IPCC AR4 GWP100,IPCC AR5 GWP100; CH4=28 and N2O=265,egrid2022_data.xlsx,"ST22!STCO2AN, STCH4AN, STN2OAN, STNGENAN; reported comparison from STC2ERTA",Two-phase,One-phase,5.683078819540666,0.9889129985383599,-1.10870014616401,1.0113096890978355,7.12615907332077,20.5457008889146
2022,NM,40853345.001,449.72654978001754,449.79353390125004,447.154027182826,IPCC AR4 GWP100,IPCC AR5 GWP100; CH4=28 and N2O=265,egrid2022_data.xlsx,"ST22!STCO2AN, STCH4AN, STN2OAN, STNGENAN; reported comparison from STC2ERTA",Two-phase,One-phase,5.39802764543742,0.9845510342099769,-1.5448965790023084,1.01575926553025,6.07374205940705,20.642804931650392
2022,NV,41832941.006,307.8576052672265,307.87355317565004,307.063432947182,IPCC AR4 GWP100,IPCC AR5 GWP100; CH4=28 and N2O=265,egrid2022_data.xlsx,"ST22!STCO2AN, STCH4AN, STN2OAN, STNGENAN; reported comparison from STC2ERTA",Two-phase,One-phase,5.533330837320705,0.9865040952925972,-1.3495904707402806,1.0137669762976798,6.5449597397506665,20.596742863265092
2022,NY,124473610.617,222.89307446795752,222.87170381476002,222.1279821859236,IPCC AR4 GWP100,IPCC AR5 GWP100; CH4=28 and N2O=265,egrid2022_data.xlsx,"ST22!STCO2AN, STCH4AN, STN2OAN, STNGENAN; reported comparison from STC2ERTA",Two-phase,One-phase,5.6801448431430535,0.9888630232514188,-1.1136976748581162,1.0113606681619074,7.114101468468381,20.54670157236003
2022,OH,135802728.736,527.0736661584011,527.13239376336,524.4217326021196,IPCC AR4 GWP100,IPCC AR5 GWP100; CH4=28 and N2O=265,egrid2022_data.xlsx,"ST22!STCO2AN, STCH4AN, STN2OAN, STNGENAN; reported comparison from STC2ERTA",Two-phase,One-phase,5.351969129005352,0.98392891637265,-1.6071083627349991,1.0163938788967881,5.923642850112354,20.65847271571145
2022,OK,84634922.609,312.55637890879404,312.58274916099,311.44945701396824,IPCC AR4 GWP100,IPCC AR5 GWP100; CH4=28 and N2O=265,egrid2022_data.xlsx,"ST22!STCO2AN, STCH4AN, STN2OAN, STNGENAN; reported comparison from STC2ERTA",Two-phase,One-phase,5.527184049802725,0.9864110390666508,-1.358896093334916,1.0138619016016686,6.522507938666644,20.598836610019923
2022,OR,61254900.841,135.64682793838423,135.65360213405,135.26614846543248,IPCC AR4 GWP100,IPCC AR5 GWP100; CH4=28 and N2O=265,egrid2022_data.xlsx,"ST22!STCO2AN, STCH4AN, STN2OAN, STNGENAN; reported comparison from STC2ERTA",Two-phase,One-phase,5.965996211781843,0.9943558188800656,-0.5644181119934366,1.0057575471509759,8.439355674680971,20.44908846576201
2022,PA,239261130.761,323.9416774576439,323.96882483273004,322.67032171370647,IPCC AR4 GWP100,IPCC AR5 GWP100; CH4=28 and N2O=265,egrid2022_data.xlsx,"ST22!STCO2AN, STCH4AN, STN2OAN, STNGENAN; reported comparison from STC2ERTA",Two-phase,One-phase,5.512919787713244,0.9861967485787628,-1.3803251421237173,1.0140804962147407,6.470805783766909,20.60369494252352
2022,RI,7804400.21,368.3981943759305,368.40091902845,368.00715533300456,IPCC AR4 GWP100,IPCC AR5 GWP100; CH4=28 and N2O=265,egrid2022_data.xlsx,"ST22!STCO2AN, STCH4AN, STN2OAN, STNGENAN; reported comparison from STC2ERTA",Two-phase,One-phase,5.464541262226152,0.9854867648780964,-1.4513235121903612,1.0148047402717881,6.299507059171439,20.620167986653513
2022,SC,98658089.209,253.94449463340052,253.98179010358,252.53113114068884,IPCC AR4 GWP100,IPCC AR5 GWP100; CH4=28 and N2O=265,egrid2022_data.xlsx,"ST22!STCO2AN, STCH4AN, STN2OAN, STNGENAN; reported comparison from STC2ERTA",Two-phase,One-phase,5.617172597955866,0.9878180442203713,-1.2181955779628661,1.0124266360880227,6.861977968901578,20.568173272153324
2022,SD,17900462.342,148.2742378523276,148.29522148595,147.464928926971,IPCC AR4 GWP100,IPCC AR5 GWP100; CH4=28 and N2O=265,egrid2022_data.xlsx,"ST22!STCO2AN, STCH4AN, STN2OAN, STNGENAN; reported comparison from STC2ERTA",Two-phase,One-phase,5.909550399586561,0.993161311144488,-0.6838688855511976,1.0069760471359432,8.151155182991143,20.468382696506204
2022,TN,78032791.39,316.4334741486964,316.48137558114,314.62602322862017,IPCC AR4 GWP100,IPCC AR5 GWP100; CH4=28 and N2O=265,egrid2022_data.xlsx,"ST22!STCO2AN, STCH4AN, STN2OAN, STNGENAN; reported comparison from STC2ERTA",Two-phase,One-phase,5.522228778790583,0.9863363352549026,-1.3663664745097392,1.0139381058745929,6.504484049297243,20.600524416611734
2022,TX,521881132.673,372.8155953088374,372.82843415202,371.2821527687535,IPCC AR4 GWP100,IPCC AR5 GWP100; CH4=28 and N2O=265,egrid2022_data.xlsx,"ST22!STCO2AN, STCH4AN, STN2OAN, STNGENAN; reported comparison from STC2ERTA",Two-phase,One-phase,5.460281364257513,0.9854254608653701,-1.4574539134629916,1.014867275604428,6.284716157376513,20.621618168222465
2022,UT,39386042.997,691.2726219453907,691.38907715724,686.866567524327,IPCC AR4 GWP100,IPCC AR5 GWP100; CH4=28 and N2O=265,egrid2022_data.xlsx,"ST22!STCO2AN, STCH4AN, STN2OAN, STNGENAN; reported comparison from STC2ERTA",Two-phase,One-phase,5.285774982207614,0.9830695705769958,-1.6930429423004156,1.017270485056714,5.71630733150279,20.680979230906537
2022,VA,89477324.859,267.97209812030604,267.60634412127,266.46241734258183,IPCC AR4 GWP100,IPCC AR5 GWP100; CH4=28 and N2O=265,egrid2022_data.xlsx,"ST22!STCO2AN, STCH4AN, STN2OAN, STNGENAN; reported comparison from STC2ERTA",Two-phase,One-phase,5.59267656702036,0.987425322949672,-1.2574677050327998,1.0128272453500566,6.767225578488745,20.576522569678612
2022,VT,2182637.111,19.26120127825431,19.32711729333,16.160222160638916,IPCC AR4 GWP100,IPCC AR5 GWP100; CH4=28 and N2O=265,egrid2022_data.xlsx,"ST22!STCO2AN, STCH4AN, STN2OAN, STNGENAN; reported comparison from STC2ERTA",Two-phase,Cold plate,5.215854415394117,1.0783244521397464,7.832445213974637,0.9201023644198397,20.305294050104195,19.96550227151378
2022,WA,116650629.994,84.33956627125515,84.35230508705,83.82818198146376,IPCC AR4 GWP100,IPCC AR5 GWP100; CH4=28 and N2O=265,egrid2022_data.xlsx,"ST22!STCO2AN, STCH4AN, STN2OAN, STNGENAN; reported comparison from STC2ERTA",Two-phase,Cold plate,6.114237947489687,1.0028795319323813,0.28795319323813295,0.9970626313151305,10.187311349845075,20.334920837903336
2022,WI,61228765.961,534.4375647494098,534.51687754696,531.3628257990389,IPCC AR4 GWP100,IPCC AR5 GWP100; CH4=28 and N2O=265,egrid2022_data.xlsx,"ST22!STCO2AN, STCH4AN, STN2OAN, STNGENAN; reported comparison from STC2ERTA",Two-phase,One-phase,5.348212654052897,0.9838790716058093,-1.612092839419066,1.0164447248192021,5.911616736020497,20.659750287707702
2022,WV,56665360.441,895.3553969394001,895.5392094926201,888.5405791742605,IPCC AR4 GWP100,IPCC AR5 GWP100; CH4=28 and N2O=265,egrid2022_data.xlsx,"ST22!STCO2AN, STCH4AN, STN2OAN, STNGENAN; reported comparison from STC2ERTA",Two-phase,One-phase,5.235333412504928,0.9824407163839243,-1.7559283616075727,1.0179119700818688,5.564582832576193,20.69812117920521
2022,WY,46210977.449,824.2863536298626,824.44223423408,818.5014242235046,IPCC AR4 GWP100,IPCC AR5 GWP100; CH4=28 and N2O=265,egrid2022_data.xlsx,"ST22!STCO2AN, STCH4AN, STN2OAN, STNGENAN; reported comparison from STC2ERTA",Two-phase,One-phase,5.250246385564528,0.9826243771199087,-1.7375622880091313,1.0177246204336658,5.608894905941919,20.693053959865914
2023,AK,6678905.161,369.43135553196305,369.43148089309,367.33000651986026,IPCC AR5 GWP100,IPCC AR5 GWP100; CH4=28 and N2O=265,egrid2023_data_rev2.xlsx,"ST23!STCO2AN, STCH4AN, STN2OAN, STNGENAN; reported comparison from STC2ERTA",Two-phase,One-phase,5.463537022799181,0.9854722955534113,-1.4527704446588685,1.0148195002196612,6.296016025698492,20.620509861001757
2023,AL,138596256.477,323.8541379153855,323.85406596312004,322.49853553678656,IPCC AR5 GWP100,IPCC AR5 GWP100; CH4=28 and N2O=265,egrid2023_data_rev2.xlsx,"ST23!STCO2AN, STCH4AN, STN2OAN, STNGENAN; reported comparison from STC2ERTA",Two-phase,One-phase,5.513026205627036,0.9861983387785543,-1.380166122144566,1.0140788740750388,6.471189453414361,20.603658699344074
2023,AR,63195646.552,452.87288650888115,452.87297250118,450.6044599161595,IPCC AR5 GWP100,IPCC AR5 GWP100; CH4=28 and N2O=265,egrid2023_data_rev2.xlsx,"ST23!STCO2AN, STCH4AN, STN2OAN, STNGENAN; reported comparison from STC2ERTA",Two-phase,One-phase,5.395881161011062,0.9845215831607297,-1.5478416839270315,1.0157893081176659,6.066636365051936,20.64353524145335
2023,AZ,111820945.514,312.57210241840414,312.57231653648006,311.47635639994564,IPCC AR5 GWP100,IPCC AR5 GWP100; CH4=28 and N2O=265,egrid2023_data_rev2.xlsx,"ST23!STCO2AN, STCH4AN, STN2OAN, STNGENAN; reported comparison from STC2ERTA",Two-phase,One-phase,5.527163743529373,0.9864107323661543,-1.3589267633845714,1.0138622144623888,6.5224339406243725,20.598843526652246
2023,CA,216080235.825,179.0640050031462,179.06420631253002,178.48236643090792,IPCC AR5 GWP100,IPCC AR5 GWP100; CH4=28 and N2O=265,egrid2023_data_rev2.xlsx,"ST23!STCO2AN, STCH4AN, STN2OAN, STNGENAN; reported comparison from STC2ERTA",Two-phase,One-phase,5.797281310328084,0.9909541043361526,-0.9045895663847392,1.0092275867306,7.618619420788009,20.506730557114807
2023,CO,57471488.483,494.904813803869,494.90465587486,492.15723980774715,IPCC AR5 GWP100,IPCC AR5 GWP100; CH4=28 and N2O=265,egrid2023_data_rev2.xlsx,"ST23!STCO2AN, STCH4AN, STN2OAN, STNGENAN; reported comparison from STC2ERTA",Two-phase,One-phase,5.369555562958217,0.9841640469959172,-1.5835953004082803,1.0161540255644212,5.980373132569805,20.652491046321476
2023,CT,40652074.995,245.24549081873042,245.24560105738001,244.1531856354547,IPCC AR5 GWP100,IPCC AR5 GWP100; CH4=28 and N2O=265,egrid2023_data_rev2.xlsx,"ST23!STCO2AN, STCH4AN, STN2OAN, STNGENAN; reported comparison from STC2ERTA",Two-phase,One-phase,5.63350745778064,0.9880841338356712,-1.1915866164328826,1.012155201937715,6.926177769102826,20.56260467597404
2023,DC,171869.499,179.17415860658173,179.17397566607002,178.7601577372334,IPCC AR5 GWP100,IPCC AR5 GWP100; CH4=28 and N2O=265,egrid2023_data_rev2.xlsx,"ST23!STCO2AN, STCH4AN, STN2OAN, STNGENAN; reported comparison from STC2ERTA",Two-phase,One-phase,5.79693231155094,0.990947568063555,-0.9052431936445005,1.0092342542873052,7.617042405486751,20.506849707305008
2023,DE,4772059.259,319.40645322612716,319.40659277527004,318.96362574015023,IPCC AR5 GWP100,IPCC AR5 GWP100; CH4=28 and N2O=265,egrid2023_data_rev2.xlsx,"ST23!STCO2AN, STCH4AN, STN2OAN, STNGENAN; reported comparison from STC2ERTA",Two-phase,One-phase,5.518498284748463,0.9862802796563053,-1.371972034369473,1.013995287376239,6.4909594394546355,20.601795006620762
2023,FL,258099011.95,357.94455534704406,357.94470771521003,356.81601239129026,IPCC AR5 GWP100,IPCC AR5 GWP100; CH4=28 and N2O=265,egrid2023_data_rev2.xlsx,"ST23!STCO2AN, STCH4AN, STN2OAN, STNGENAN; reported comparison from STC2ERTA",Two-phase,One-phase,5.474983872108785,0.9856378625854779,-1.436213741452208,1.0146506076959247,6.335962606727663,20.616612822795854
2023,GA,129220273.258,325.4274995098813,325.42757789465,323.7884682077497,IPCC AR5 GWP100,IPCC AR5 GWP100; CH4=28 and N2O=265,egrid2023_data_rev2.xlsx,"ST23!STCO2AN, STCH4AN, STN2OAN, STNGENAN; reported comparison from STC2ERTA",Two-phase,One-phase,5.511120980497708,0.9861698882846425,-1.383011171535753,1.014107896010495,6.464325164393925,20.604307564568302
2023,HI,9158617.733,632.6161474753626,632.6162065916001,628.2849076716288,IPCC AR5 GWP100,IPCC AR5 GWP100; CH4=28 and N2O=265,egrid2023_data_rev2.xlsx,"ST23!STCO2AN, STCH4AN, STN2OAN, STNGENAN; reported comparison from STC2ERTA",Two-phase,One-phase,5.3057999447778,0.9833253543751309,-1.6674645624869089,1.0170095637207532,5.778020633303349,20.674171937993158
2023,IA,69819809.048,287.6484249519214,287.64832298972,285.848053121799,IPCC AR5 GWP100,IPCC AR5 GWP100; CH4=28 and N2O=265,egrid2023_data_rev2.xlsx,"ST23!STCO2AN, STCH4AN, STN2OAN, STNGENAN; reported comparison from STC2ERTA",Two-phase,One-phase,5.5616810838890585,0.986938956904158,-1.3061043095841995,1.0133233802862287,6.64987938701298,20.587084643904074
2023,ID,17842445.937,142.3736047555775,142.3735730956,142.10707960286683,IPCC AR5 GWP100,IPCC AR5 GWP100; CH4=28 and N2O=265,egrid2023_data_rev2.xlsx,"ST23!STCO2AN, STCH4AN, STN2OAN, STNGENAN; reported comparison from STC2ERTA",Two-phase,One-phase,5.935034795578398,0.9936931557360962,-0.6306844263903821,1.0064335201957,8.279474044593126,20.459672813948394
2023,IL,177690286.567,215.2004741174664,215.20054965332,213.9617723005444,IPCC AR5 GWP100,IPCC AR5 GWP100; CH4=28 and N2O=265,egrid2023_data_rev2.xlsx,"ST23!STCO2AN, STCH4AN, STN2OAN, STNGENAN; reported comparison from STC2ERTA",Two-phase,One-phase,5.697969807593561,0.989168466925698,-1.0831533074301958,1.0110490895078457,7.187796275533165,20.540621670995527
2023,IN,90031870.696,664.740405019609,664.74052541974,660.9703426556702,IPCC AR5 GWP100,IPCC AR5 GWP100; CH4=28 and N2O=265,egrid2023_data_rev2.xlsx,"ST23!STCO2AN, STCH4AN, STN2OAN, STNGENAN; reported comparison from STC2ERTA",Two-phase,One-phase,5.294429492256936,0.9831796803026608,-1.6820319697339214,1.0171581637254483,5.742873653453895,20.67803735703546
2023,KS,58456598.044,332.6121161818401,332.61202744308,330.28767826718337,IPCC AR5 GWP100,IPCC AR5 GWP100; CH4=28 and N2O=265,egrid2023_data_rev2.xlsx,"ST23!STCO2AN, STCH4AN, STN2OAN, STNGENAN; reported comparison from STC2ERTA",Two-phase,One-phase,5.502616740789978,0.9860433903130074,-1.3956609686992638,1.0142369347533553,6.433804828244383,20.607203736226566
2023,KY,62417958.511,792.4276370737498,792.42768475948,786.9867272081474,IPCC AR5 GWP100,IPCC AR5 GWP100; CH4=28 and N2O=265,egrid2023_data_rev2.xlsx,"ST23!STCO2AN, STCH4AN, STN2OAN, STNGENAN; reported comparison from STC2ERTA",Two-phase,One-phase,5.257742060478932,0.9827173993874656,-1.7282600612534393,1.0176297297701364,5.63133851383959,20.690506789982056
2023,LA,97434806.41,346.12176904811423,346.12182259116,345.366998819146,IPCC AR5 GWP100,IPCC AR5 GWP100; CH4=28 and N2O=265,egrid2023_data_rev2.xlsx,"ST23!STCO2AN, STCH4AN, STN2OAN, STNGENAN; reported comparison from STC2ERTA",Two-phase,One-phase,5.487447583667371,0.9858197418067272,-1.4180258193272843,1.014465075345018,6.379844851631544,20.61236916237593
2023,MA,19663313.081,376.52751450250565,376.52747992937003,373.0300521233588,IPCC AR5 GWP100,IPCC AR5 GWP100; CH4=28 and N2O=265,egrid2023_data_rev2.xlsx,"ST23!STCO2AN, STCH4AN, STN2OAN, STNGENAN; reported comparison from STC2ERTA",Two-phase,One-phase,5.456768989553984,0.9853750589962679,-1.4624941003732128,1.0149186898187643,6.272555630470955,20.622813833311014
2023,MD,35987133.297,236.8693146507776,236.86911076059002,235.87811164417764,IPCC AR5 GWP100,IPCC AR5 GWP100; CH4=28 and N2O=265,egrid2023_data_rev2.xlsx,"ST23!STCO2AN, STCH4AN, STN2OAN, STNGENAN; reported comparison from STC2ERTA",Two-phase,One-phase,5.650151492497946,0.9883588022312028,-1.164119776879724,1.0118750166983415,6.9924473831757705,20.556929878129125
2023,ME,12512180.99,143.71377092109228,143.71393854895,141.44076709567338,IPCC AR5 GWP100,IPCC AR5 GWP100; CH4=28 and N2O=265,egrid2023_data_rev2.xlsx,"ST23!STCO2AN, STCH4AN, STN2OAN, STNGENAN; reported comparison from STC2ERTA",Two-phase,One-phase,5.929114895753429,0.9935685342644441,-0.6431465735555864,1.006560644748193,8.249406454124264,20.461696246922024
2023,MI,120648501.215,361.70897606538057,361.70907079384,359.7763209944085,IPCC AR5 GWP100,IPCC AR5 GWP100; CH4=28 and N2O=265,egrid2023_data_rev2.xlsx,"ST23!STCO2AN, STCH4AN, STN2OAN, STNGENAN; reported comparison from STC2ERTA",Two-phase,One-phase,5.471163279143454,0.9855824456860214,-1.441755431397862,1.0147071376698578,6.322592096687707,20.617913572314873
2023,MN,57260118.977,341.25081216715995,341.25069412973,339.0806347455495,IPCC AR5 GWP100,IPCC AR5 GWP100; CH4=28 and N2O=265,egrid2023_data_rev2.xlsx,"ST23!STCO2AN, STCH4AN, STN2OAN, STNGENAN; reported comparison from STC2ERTA",Two-phase,One-phase,5.49279810285308,0.9858983390495615,-1.4101660950438522,1.014384899439614,6.3988081143678155,20.610547271577328
2023,MO,66705178.956,659.7920708036113,659.7922862554101,655.0493897548647,IPCC AR5 GWP100,IPCC AR5 GWP100; CH4=28 and N2O=265,egrid2023_data_rev2.xlsx,"ST23!STCO2AN, STCH4AN, STN2OAN, STNGENAN; reported comparison from STC2ERTA",Two-phase,One-phase,5.296114518424733,0.9832011955936142,-1.6798804406385814,1.017136216289762,5.748064676707254,20.677464551171155
2023,MS,72933440.201,375.6985762929853,375.69876666938,374.8190292570256,IPCC AR5 GWP100,IPCC AR5 GWP100; CH4=28 and N2O=265,egrid2023_data_rev2.xlsx,"ST23!STCO2AN, STCH4AN, STN2OAN, STNGENAN; reported comparison from STC2ERTA",Two-phase,One-phase,5.457548134063028,0.9853862283143723,-1.4613771685627719,1.0149072961596552,6.275250466907467,20.622548603929946
2023,MT,26895758.013,482.5866649006598,482.5864478827701,479.0692345411206,IPCC AR5 GWP100,IPCC AR5 GWP100; CH4=28 and N2O=265,egrid2023_data_rev2.xlsx,"ST23!STCO2AN, STCH4AN, STN2OAN, STNGENAN; reported comparison from STC2ERTA",Two-phase,One-phase,5.376845486725856,0.9842623800099791,-1.573761999002088,1.0160537174855468,6.0040980714362036,20.650011261939493
2023,NC,126510680.084,284.1474502846105,284.14749707806,283.02275002556416,IPCC AR5 GWP100,IPCC AR5 GWP100; CH4=28 and N2O=265,egrid2023_data_rev2.xlsx,"ST23!STCO2AN, STCH4AN, STN2OAN, STNGENAN; reported comparison from STC2ERTA",Two-phase,One-phase,5.566934204893004,0.9870205724891455,-1.2979427510854458,1.0132401254138503,6.669570889229637,20.585294779051456
2023,ND,42068807.125,588.6959149643503,588.6957645892401,584.3921148495326,IPCC AR5 GWP100,IPCC AR5 GWP100; CH4=28 and N2O=265,egrid2023_data_rev2.xlsx,"ST23!STCO2AN, STCH4AN, STN2OAN, STNGENAN; reported comparison from STC2ERTA",Two-phase,One-phase,5.323177779636312,0.9835502377617173,-1.644976223828265,1.0167801634456326,5.83227855115247,20.66826356359528
2023,NE,39445955.006,465.30509326119716,465.30503217814,461.8270178349173,IPCC AR5 GWP100,IPCC AR5 GWP100; CH4=28 and N2O=265,egrid2023_data_rev2.xlsx,"ST23!STCO2AN, STCH4AN, STN2OAN, STNGENAN; reported comparison from STC2ERTA",Two-phase,One-phase,5.3876528990090655,0.9844091068117284,-1.559089318827156,1.0159040436070104,6.039499044698005,20.646334662238853
2023,NH,16824998.889,125.29213065101831,125.29219162614,123.76447055584076,IPCC AR5 GWP100,IPCC AR5 GWP100; CH4=28 and N2O=265,egrid2023_data_rev2.xlsx,"ST23!STCO2AN, STCH4AN, STN2OAN, STNGENAN; reported comparison from STC2ERTA",Two-phase,One-phase,6.018133367243839,0.9955147106593321,-0.44852893406679417,1.0045753784855447,8.718963056577401,20.431258695452225
2023,NJ,64195046.033,213.2645617812463,213.26461741816001,212.42169675979451,IPCC AR5 GWP100,IPCC AR5 GWP100; CH4=28 and N2O=265,egrid2023_data_rev2.xlsx,"ST23!STCO2AN, STCH4AN, STN2OAN, STNGENAN; reported comparison from STC2ERTA",Two-phase,One-phase,5.702615712572889,0.9892488016537456,-1.0751198346254376,1.010967141219021,7.207178743669207,20.539036850503667
2023,NM,39258858.763,350.9159352142669,350.91584034969,349.36313089162246,IPCC AR5 GWP100,IPCC AR5 GWP100; CH4=28 and N2O=265,egrid2023_data_rev2.xlsx,"ST23!STCO2AN, STCH4AN, STN2OAN, STNGENAN; reported comparison from STC2ERTA",Two-phase,One-phase,5.482306335868459,0.9857445130353919,-1.42554869646081,1.0145418151215895,6.3616943045548435,20.614119715964684
2023,NV,42162355.474,292.0497350515941,292.04952975583,291.37397291695663,IPCC AR5 GWP100,IPCC AR5 GWP100; CH4=28 and N2O=265,egrid2023_data_rev2.xlsx,"ST23!STCO2AN, STCH4AN, STN2OAN, STNGENAN; reported comparison from STC2ERTA",Two-phase,One-phase,5.5552267470411865,0.9868391267814338,-1.3160873218566183,1.0134252155438965,6.625793238721389,20.589283681466686
2023,NY,123473720.157,211.65363436218823,211.65345731992,210.98200217311117,IPCC AR5 GWP100,IPCC AR5 GWP100; CH4=28 and N2O=265,egrid2023_data_rev2.xlsx,"ST23!STCO2AN, STCH4AN, STN2OAN, STNGENAN; reported comparison from STC2ERTA",Two-phase,One-phase,5.706532831039346,0.9893167695940429,-1.068323040595709,1.010897808110692,7.223577460252928,20.537700586017372
2023,OH,133121090.814,484.5589188675632,484.55912109990004,482.5511114256422,IPCC AR5 GWP100,IPCC AR5 GWP100; CH4=28 and N2O=265,egrid2023_data_rev2.xlsx,"ST23!STCO2AN, STCH4AN, STN2OAN, STNGENAN; reported comparison from STC2ERTA",Two-phase,One-phase,5.375655982655814,0.9842462999395394,-1.5753700060460618,1.0160701205317604,6.000218411163449,20.650415901391415
2023,OK,88878115.88,294.3061512874112,294.30615179657997,293.5679871938715,IPCC AR5 GWP100,IPCC AR5 GWP100; CH4=28 and N2O=265,egrid2023_data_rev2.xlsx,"ST23!STCO2AN, STCH4AN, STN2OAN, STNGENAN; reported comparison from STC2ERTA",Two-phase,One-phase,5.55198060025337,0.9867891039139578,-1.32108960860422,1.0134762431441806,6.61372415404915,20.590389620280437
2023,OR,61683300.013,165.54455210628316,165.54443213231002,165.1811393282656,IPCC AR5 GWP100,IPCC AR5 GWP100; CH4=28 and N2O=265,egrid2023_data_rev2.xlsx,"ST23!STCO2AN, STCH4AN, STN2OAN, STNGENAN; reported comparison from STC2ERTA",Two-phase,One-phase,5.842743765164005,0.9918222842977997,-0.8177715702200272,1.0083419689663042,7.828086370536069,20.491206359118152
2023,PA,235912550.485,293.8693450623773,293.86934234427,292.91749904415985,IPCC AR5 GWP100,IPCC AR5 GWP100; CH4=28 and N2O=265,egrid2023_data_rev2.xlsx,"ST23!STCO2AN, STCH4AN, STN2OAN, STNGENAN; reported comparison from STC2ERTA",Two-phase,One-phase,5.552605739262795,0.9867987276260897,-1.3201272373910333,1.0134664261352668,6.616046080048998,20.59017664232059
2023,RI,10416553.048,381.01956302652,381.01940516948,380.62560972169643,IPCC AR5 GWP100,IPCC AR5 GWP100; CH4=28 and N2O=265,egrid2023_data_rev2.xlsx,"ST23!STCO2AN, STCH4AN, STN2OAN, STNGENAN; reported comparison from STC2ERTA",Two-phase,One-phase,5.452598120994834,0.985315376832927,-1.4684623167072974,1.0149795707264115,6.258156034463669,20.624233612813512
2023,SC,100853387.4,254.1761566398344,254.17638123031003,252.7295234581406,IPCC AR5 GWP100,IPCC AR5 GWP100; CH4=28 and N2O=265,egrid2023_data_rev2.xlsx,"ST23!STCO2AN, STCH4AN, STN2OAN, STNGENAN; reported comparison from STC2ERTA",Two-phase,One-phase,5.616750090121081,0.9878112067994278,-1.21887932005722,1.0124336108417802,6.860328295132945,20.568317295814577
2023,SD,17405995.526,152.21764504303394,152.21743470934,151.51440402143524,IPCC AR5 GWP100,IPCC AR5 GWP100; CH4=28 and N2O=265,egrid2023_data_rev2.xlsx,"ST23!STCO2AN, STCH4AN, STN2OAN, STNGENAN; reported comparison from STC2ERTA",Two-phase,One-phase,5.893322275538115,0.9928288330415481,-0.717116695845188,1.0073152032178738,8.070937742877993,20.473928039733714
2023,TN,77754006.807,299.89990487277237,299.89985290342,298.1312404476648,IPCC AR5 GWP100,IPCC AR5 GWP100; CH4=28 and N2O=265,egrid2023_data_rev2.xlsx,"ST23!STCO2AN, STCH4AN, STN2OAN, STNGENAN; reported comparison from STC2ERTA",Two-phase,One-phase,5.544110500423605,0.9866683388698785,-1.333166113012152,1.0135994338109402,6.584587009059639,20.59307077869752
2023,TX,544038647.008,349.80073139662716,349.80091030423,348.5027136359315,IPCC AR5 GWP100,IPCC AR5 GWP100; CH4=28 and N2O=265,egrid2023_data_rev2.xlsx,"ST23!STCO2AN, STCH4AN, STN2OAN, STNGENAN; reported comparison from STC2ERTA",Two-phase,One-phase,5.483491448515432,0.985761828576474,-1.4238171423526014,1.014524151789725,6.365872048494969,20.613716201472343
2023,UT,32789440.038,644.6610352492104,644.66089838458,640.9347816104034,IPCC AR5 GWP100,IPCC AR5 GWP100; CH4=28 and N2O=265,egrid2023_data_rev2.xlsx,"ST23!STCO2AN, STCH4AN, STN2OAN, STNGENAN; reported comparison from STC2ERTA",Two-phase,One-phase,5.30141454506563,0.9832690336337978,-1.6730966366202193,1.0170670156906516,5.764432052115387,20.675662812254647
2023,VA,91024103.437,244.7579415008848,244.75798925963002,243.51164747744673,IPCC AR5 GWP100,IPCC AR5 GWP100; CH4=28 and N2O=265,egrid2023_data_rev2.xlsx,"ST23!STCO2AN, STCH4AN, STN2OAN, STNGENAN; reported comparison from STC2ERTA",Two-phase,One-phase,5.634450885576103,0.9880996065206142,-1.1900393479385762,1.0121394184766215,6.929910884657908,20.5622830351366
2023,VT,2480198.747,23.695374653003146,23.69521181643,19.49567363258492,IPCC AR5 GWP100,IPCC AR5 GWP100; CH4=28 and N2O=265,egrid2023_data_rev2.xlsx,"ST23!STCO2AN, STCH4AN, STN2OAN, STNGENAN; reported comparison from STC2ERTA",Two-phase,Cold plate,5.323338879172557,1.0601417197732643,6.014171977326432,0.938650305513341,17.86679227925143,20.009880604380648
2023,WA,102953150.197,120.92099029838242,120.92092195645,120.25613617562851,IPCC AR5 GWP100,IPCC AR5 GWP100; CH4=28 and N2O=265,egrid2023_data_rev2.xlsx,"ST23!STCO2AN, STCH4AN, STN2OAN, STNGENAN; reported comparison from STC2ERTA",Two-phase,One-phase,6.041969042939366,0.9960634012852838,-0.39365987147161885,1.0040156671504392,8.851346383595725,20.423104751651667
2023,WI,62538903.174,527.7871563547909,527.78738114564,524.8045879747674,IPCC AR5 GWP100,IPCC AR5 GWP100; CH4=28 and N2O=265,egrid2023_data_rev2.xlsx,"ST23!STCO2AN, STCH4AN, STN2OAN, STNGENAN; reported comparison from STC2ERTA",Two-phase,One-phase,5.351601020608254,0.9839240260690875,-1.6075973930912535,1.0163988674243967,5.922462959979136,20.658597910692478
2023,WV,52286784.268,893.0639126032002,893.06395592953,886.4931760843995,IPCC AR5 GWP100,IPCC AR5 GWP100; CH4=28 and N2O=265,egrid2023_data_rev2.xlsx,"ST23!STCO2AN, STCH4AN, STN2OAN, STNGENAN; reported comparison from STC2ERTA",Two-phase,One-phase,5.235779426069254,0.9824461822214294,-1.7553817778570568,1.0179063944604478,5.565901582559651,20.697969639437442
2023,WY,43176351.213,831.5539040677187,831.55410900331,825.6822607260964,IPCC AR5 GWP100,IPCC AR5 GWP100; CH4=28 and N2O=265,egrid2023_data_rev2.xlsx,"ST23!STCO2AN, STCH4AN, STN2OAN, STNGENAN; reported comparison from STC2ERTA",Two-phase,One-phase,5.248611819348459,0.9826041552530137,-1.73958447469863,1.0177452484662635,5.60401594885489,20.6936093941675
