context,base_factor_kgco2e_per_mwh,stress_envelope,active_assumption_blocks,latent_technology_correlation,iterations,technology,first_rank_frequency_pct,cold_plate_below_one_phase_frequency_pct,median_first_to_second_margin_pct,base_seed,scenario_seed_hex,interpretation
2023 U.S. generation,349.6670732319829,narrow,grid only,0.0,20000,Air-cooled,0.0,0.0,5.483652914140336,20250730,0a62e3c254d29a01,Declared triangular-marginal stress with Gaussian-copula dependence; the latent correlation and frequencies are not fitted uncertainty or confidence.
2023 U.S. generation,349.6670732319829,narrow,grid only,0.0,20000,Cold plate,0.0,0.0,5.483652914140336,20250730,0a62e3c254d29a01,Declared triangular-marginal stress with Gaussian-copula dependence; the latent correlation and frequencies are not fitted uncertainty or confidence.
2023 U.S. generation,349.6670732319829,narrow,grid only,0.0,20000,One-phase,0.0,0.0,5.483652914140336,20250730,0a62e3c254d29a01,Declared triangular-marginal stress with Gaussian-copula dependence; the latent correlation and frequencies are not fitted uncertainty or confidence.
2023 U.S. generation,349.6670732319829,narrow,grid only,0.0,20000,Two-phase,100.0,0.0,5.483652914140336,20250730,0a62e3c254d29a01,Declared triangular-marginal stress with Gaussian-copula dependence; the latent correlation and frequencies are not fitted uncertainty or confidence.
2023 U.S. generation,349.6670732319829,narrow,grid only,0.5,20000,Air-cooled,0.0,0.0,5.483647639613998,20250730,8778d1100f18b9c5,Declared triangular-marginal stress with Gaussian-copula dependence; the latent correlation and frequencies are not fitted uncertainty or confidence.
2023 U.S. generation,349.6670732319829,narrow,grid only,0.5,20000,Cold plate,0.0,0.0,5.483647639613998,20250730,8778d1100f18b9c5,Declared triangular-marginal stress with Gaussian-copula dependence; the latent correlation and frequencies are not fitted uncertainty or confidence.
2023 U.S. generation,349.6670732319829,narrow,grid only,0.5,20000,One-phase,0.0,0.0,5.483647639613998,20250730,8778d1100f18b9c5,Declared triangular-marginal stress with Gaussian-copula dependence; the latent correlation and frequencies are not fitted uncertainty or confidence.
2023 U.S. generation,349.6670732319829,narrow,grid only,0.5,20000,Two-phase,100.0,0.0,5.483647639613998,20250730,8778d1100f18b9c5,Declared triangular-marginal stress with Gaussian-copula dependence; the latent correlation and frequencies are not fitted uncertainty or confidence.
2023 U.S. generation,349.6670732319829,narrow,grid only,1.0,20000,Air-cooled,0.0,0.0,5.483610691445806,20250730,ec5519e53402f4bb,Declared triangular-marginal stress with Gaussian-copula dependence; the latent correlation and frequencies are not fitted uncertainty or confidence.
2023 U.S. generation,349.6670732319829,narrow,grid only,1.0,20000,Cold plate,0.0,0.0,5.483610691445806,20250730,ec5519e53402f4bb,Declared triangular-marginal stress with Gaussian-copula dependence; the latent correlation and frequencies are not fitted uncertainty or confidence.
2023 U.S. generation,349.6670732319829,narrow,grid only,1.0,20000,One-phase,0.0,0.0,5.483610691445806,20250730,ec5519e53402f4bb,Declared triangular-marginal stress with Gaussian-copula dependence; the latent correlation and frequencies are not fitted uncertainty or confidence.
2023 U.S. generation,349.6670732319829,narrow,grid only,1.0,20000,Two-phase,100.0,0.0,5.483610691445806,20250730,ec5519e53402f4bb,Declared triangular-marginal stress with Gaussian-copula dependence; the latent correlation and frequencies are not fitted uncertainty or confidence.
2023 U.S. generation,349.6670732319829,narrow,use phase only,0.0,20000,Air-cooled,0.0,11.205,5.453494487895682,20250730,c9caf2effa142319,Declared triangular-marginal stress with Gaussian-copula dependence; the latent correlation and frequencies are not fitted uncertainty or confidence.
2023 U.S. generation,349.6670732319829,narrow,use phase only,0.0,20000,Cold plate,0.0,11.205,5.453494487895682,20250730,c9caf2effa142319,Declared triangular-marginal stress with Gaussian-copula dependence; the latent correlation and frequencies are not fitted uncertainty or confidence.
2023 U.S. generation,349.6670732319829,narrow,use phase only,0.0,20000,One-phase,0.0,11.205,5.453494487895682,20250730,c9caf2effa142319,Declared triangular-marginal stress with Gaussian-copula dependence; the latent correlation and frequencies are not fitted uncertainty or confidence.
2023 U.S. generation,349.6670732319829,narrow,use phase only,0.0,20000,Two-phase,100.0,11.205,5.453494487895682,20250730,c9caf2effa142319,Declared triangular-marginal stress with Gaussian-copula dependence; the latent correlation and frequencies are not fitted uncertainty or confidence.
2023 U.S. generation,349.6670732319829,narrow,use phase only,0.5,20000,Air-cooled,0.0,3.995,5.4648796972759595,20250730,f0890ae609b8f3f7,Declared triangular-marginal stress with Gaussian-copula dependence; the latent correlation and frequencies are not fitted uncertainty or confidence.
2023 U.S. generation,349.6670732319829,narrow,use phase only,0.5,20000,Cold plate,0.0,3.995,5.4648796972759595,20250730,f0890ae609b8f3f7,Declared triangular-marginal stress with Gaussian-copula dependence; the latent correlation and frequencies are not fitted uncertainty or confidence.
2023 U.S. generation,349.6670732319829,narrow,use phase only,0.5,20000,One-phase,0.0,3.995,5.4648796972759595,20250730,f0890ae609b8f3f7,Declared triangular-marginal stress with Gaussian-copula dependence; the latent correlation and frequencies are not fitted uncertainty or confidence.
2023 U.S. generation,349.6670732319829,narrow,use phase only,0.5,20000,Two-phase,100.0,3.995,5.4648796972759595,20250730,f0890ae609b8f3f7,Declared triangular-marginal stress with Gaussian-copula dependence; the latent correlation and frequencies are not fitted uncertainty or confidence.
2023 U.S. generation,349.6670732319829,narrow,use phase only,1.0,20000,Air-cooled,0.0,0.0,5.483662703138215,20250730,e08da8ea58d146f1,Declared triangular-marginal stress with Gaussian-copula dependence; the latent correlation and frequencies are not fitted uncertainty or confidence.
2023 U.S. generation,349.6670732319829,narrow,use phase only,1.0,20000,Cold plate,0.0,0.0,5.483662703138215,20250730,e08da8ea58d146f1,Declared triangular-marginal stress with Gaussian-copula dependence; the latent correlation and frequencies are not fitted uncertainty or confidence.
2023 U.S. generation,349.6670732319829,narrow,use phase only,1.0,20000,One-phase,0.0,0.0,5.483662703138215,20250730,e08da8ea58d146f1,Declared triangular-marginal stress with Gaussian-copula dependence; the latent correlation and frequencies are not fitted uncertainty or confidence.
2023 U.S. generation,349.6670732319829,narrow,use phase only,1.0,20000,Two-phase,100.0,0.0,5.483662703138215,20250730,e08da8ea58d146f1,Declared triangular-marginal stress with Gaussian-copula dependence; the latent correlation and frequencies are not fitted uncertainty or confidence.
2023 U.S. generation,349.6670732319829,narrow,embodied only,0.0,20000,Air-cooled,0.0,22.725,5.279401564676467,20250730,95bca2176ec8c0dc,Declared triangular-marginal stress with Gaussian-copula dependence; the latent correlation and frequencies are not fitted uncertainty or confidence.
2023 U.S. generation,349.6670732319829,narrow,embodied only,0.0,20000,Cold plate,0.0,22.725,5.279401564676467,20250730,95bca2176ec8c0dc,Declared triangular-marginal stress with Gaussian-copula dependence; the latent correlation and frequencies are not fitted uncertainty or confidence.
2023 U.S. generation,349.6670732319829,narrow,embodied only,0.0,20000,One-phase,0.0,22.725,5.279401564676467,20250730,95bca2176ec8c0dc,Declared triangular-marginal stress with Gaussian-copula dependence; the latent correlation and frequencies are not fitted uncertainty or confidence.
2023 U.S. generation,349.6670732319829,narrow,embodied only,0.0,20000,Two-phase,100.0,22.725,5.279401564676467,20250730,95bca2176ec8c0dc,Declared triangular-marginal stress with Gaussian-copula dependence; the latent correlation and frequencies are not fitted uncertainty or confidence.
2023 U.S. generation,349.6670732319829,narrow,embodied only,0.5,20000,Air-cooled,0.0,14.03,5.414400551391962,20250730,5f688736ce362fca,Declared triangular-marginal stress with Gaussian-copula dependence; the latent correlation and frequencies are not fitted uncertainty or confidence.
2023 U.S. generation,349.6670732319829,narrow,embodied only,0.5,20000,Cold plate,0.0,14.03,5.414400551391962,20250730,5f688736ce362fca,Declared triangular-marginal stress with Gaussian-copula dependence; the latent correlation and frequencies are not fitted uncertainty or confidence.
2023 U.S. generation,349.6670732319829,narrow,embodied only,0.5,20000,One-phase,0.0,14.03,5.414400551391962,20250730,5f688736ce362fca,Declared triangular-marginal stress with Gaussian-copula dependence; the latent correlation and frequencies are not fitted uncertainty or confidence.
2023 U.S. generation,349.6670732319829,narrow,embodied only,0.5,20000,Two-phase,100.0,14.03,5.414400551391962,20250730,5f688736ce362fca,Declared triangular-marginal stress with Gaussian-copula dependence; the latent correlation and frequencies are not fitted uncertainty or confidence.
2023 U.S. generation,349.6670732319829,narrow,embodied only,1.0,20000,Air-cooled,0.0,0.0,5.483700685656134,20250730,d5e7d4e75573997f,Declared triangular-marginal stress with Gaussian-copula dependence; the latent correlation and frequencies are not fitted uncertainty or confidence.
2023 U.S. generation,349.6670732319829,narrow,embodied only,1.0,20000,Cold plate,0.0,0.0,5.483700685656134,20250730,d5e7d4e75573997f,Declared triangular-marginal stress with Gaussian-copula dependence; the latent correlation and frequencies are not fitted uncertainty or confidence.
2023 U.S. generation,349.6670732319829,narrow,embodied only,1.0,20000,One-phase,0.0,0.0,5.483700685656134,20250730,d5e7d4e75573997f,Declared triangular-marginal stress with Gaussian-copula dependence; the latent correlation and frequencies are not fitted uncertainty or confidence.
2023 U.S. generation,349.6670732319829,narrow,embodied only,1.0,20000,Two-phase,100.0,0.0,5.483700685656134,20250730,d5e7d4e75573997f,Declared triangular-marginal stress with Gaussian-copula dependence; the latent correlation and frequencies are not fitted uncertainty or confidence.
2023 U.S. generation,349.6670732319829,narrow,service equivalence only,0.0,20000,Air-cooled,0.0,14.66,5.392246383154953,20250730,7e41ab73ac024235,Declared triangular-marginal stress with Gaussian-copula dependence; the latent correlation and frequencies are not fitted uncertainty or confidence.
2023 U.S. generation,349.6670732319829,narrow,service equivalence only,0.0,20000,Cold plate,0.0,14.66,5.392246383154953,20250730,7e41ab73ac024235,Declared triangular-marginal stress with Gaussian-copula dependence; the latent correlation and frequencies are not fitted uncertainty or confidence.
2023 U.S. generation,349.6670732319829,narrow,service equivalence only,0.0,20000,One-phase,0.0,14.66,5.392246383154953,20250730,7e41ab73ac024235,Declared triangular-marginal stress with Gaussian-copula dependence; the latent correlation and frequencies are not fitted uncertainty or confidence.
2023 U.S. generation,349.6670732319829,narrow,service equivalence only,0.0,20000,Two-phase,100.0,14.66,5.392246383154953,20250730,7e41ab73ac024235,Declared triangular-marginal stress with Gaussian-copula dependence; the latent correlation and frequencies are not fitted uncertainty or confidence.
2023 U.S. generation,349.6670732319829,narrow,service equivalence only,0.5,20000,Air-cooled,0.0,6.56,5.456709147316497,20250730,d800bff18839e84f,Declared triangular-marginal stress with Gaussian-copula dependence; the latent correlation and frequencies are not fitted uncertainty or confidence.
2023 U.S. generation,349.6670732319829,narrow,service equivalence only,0.5,20000,Cold plate,0.0,6.56,5.456709147316497,20250730,d800bff18839e84f,Declared triangular-marginal stress with Gaussian-copula dependence; the latent correlation and frequencies are not fitted uncertainty or confidence.
2023 U.S. generation,349.6670732319829,narrow,service equivalence only,0.5,20000,One-phase,0.0,6.56,5.456709147316497,20250730,d800bff18839e84f,Declared triangular-marginal stress with Gaussian-copula dependence; the latent correlation and frequencies are not fitted uncertainty or confidence.
2023 U.S. generation,349.6670732319829,narrow,service equivalence only,0.5,20000,Two-phase,100.0,6.56,5.456709147316497,20250730,d800bff18839e84f,Declared triangular-marginal stress with Gaussian-copula dependence; the latent correlation and frequencies are not fitted uncertainty or confidence.
2023 U.S. generation,349.6670732319829,narrow,service equivalence only,1.0,20000,Air-cooled,0.0,0.0,5.48363392201161,20250730,f2c65bc7967f80d9,Declared triangular-marginal stress with Gaussian-copula dependence; the latent correlation and frequencies are not fitted uncertainty or confidence.
2023 U.S. generation,349.6670732319829,narrow,service equivalence only,1.0,20000,Cold plate,0.0,0.0,5.48363392201161,20250730,f2c65bc7967f80d9,Declared triangular-marginal stress with Gaussian-copula dependence; the latent correlation and frequencies are not fitted uncertainty or confidence.
2023 U.S. generation,349.6670732319829,narrow,service equivalence only,1.0,20000,One-phase,0.0,0.0,5.48363392201161,20250730,f2c65bc7967f80d9,Declared triangular-marginal stress with Gaussian-copula dependence; the latent correlation and frequencies are not fitted uncertainty or confidence.
2023 U.S. generation,349.6670732319829,narrow,service equivalence only,1.0,20000,Two-phase,100.0,0.0,5.48363392201161,20250730,f2c65bc7967f80d9,Declared triangular-marginal stress with Gaussian-copula dependence; the latent correlation and frequencies are not fitted uncertainty or confidence.
2023 U.S. generation,349.6670732319829,narrow,all four blocks,0.0,20000,Air-cooled,0.0,29.425,5.102262636157972,20250730,0b4658d5fb1b74c6,Declared triangular-marginal stress with Gaussian-copula dependence; the latent correlation and frequencies are not fitted uncertainty or confidence.
2023 U.S. generation,349.6670732319829,narrow,all four blocks,0.0,20000,Cold plate,0.075,29.425,5.102262636157972,20250730,0b4658d5fb1b74c6,Declared triangular-marginal stress with Gaussian-copula dependence; the latent correlation and frequencies are not fitted uncertainty or confidence.
2023 U.S. generation,349.6670732319829,narrow,all four blocks,0.0,20000,One-phase,0.735,29.425,5.102262636157972,20250730,0b4658d5fb1b74c6,Declared triangular-marginal stress with Gaussian-copula dependence; the latent correlation and frequencies are not fitted uncertainty or confidence.
2023 U.S. generation,349.6670732319829,narrow,all four blocks,0.0,20000,Two-phase,99.19,29.425,5.102262636157972,20250730,0b4658d5fb1b74c6,Declared triangular-marginal stress with Gaussian-copula dependence; the latent correlation and frequencies are not fitted uncertainty or confidence.
2023 U.S. generation,349.6670732319829,narrow,all four blocks,0.5,20000,Air-cooled,0.0,21.38,5.303839441123614,20250730,0965ce2fe317dd2a,Declared triangular-marginal stress with Gaussian-copula dependence; the latent correlation and frequencies are not fitted uncertainty or confidence.
2023 U.S. generation,349.6670732319829,narrow,all four blocks,0.5,20000,Cold plate,0.0,21.38,5.303839441123614,20250730,0965ce2fe317dd2a,Declared triangular-marginal stress with Gaussian-copula dependence; the latent correlation and frequencies are not fitted uncertainty or confidence.
2023 U.S. generation,349.6670732319829,narrow,all four blocks,0.5,20000,One-phase,0.03,21.38,5.303839441123614,20250730,0965ce2fe317dd2a,Declared triangular-marginal stress with Gaussian-copula dependence; the latent correlation and frequencies are not fitted uncertainty or confidence.
2023 U.S. generation,349.6670732319829,narrow,all four blocks,0.5,20000,Two-phase,99.97,21.38,5.303839441123614,20250730,0965ce2fe317dd2a,Declared triangular-marginal stress with Gaussian-copula dependence; the latent correlation and frequencies are not fitted uncertainty or confidence.
2023 U.S. generation,349.6670732319829,narrow,all four blocks,1.0,20000,Air-cooled,0.0,0.0,5.484048710662925,20250730,a8f4b6323684a7fd,Declared triangular-marginal stress with Gaussian-copula dependence; the latent correlation and frequencies are not fitted uncertainty or confidence.
2023 U.S. generation,349.6670732319829,narrow,all four blocks,1.0,20000,Cold plate,0.0,0.0,5.484048710662925,20250730,a8f4b6323684a7fd,Declared triangular-marginal stress with Gaussian-copula dependence; the latent correlation and frequencies are not fitted uncertainty or confidence.
2023 U.S. generation,349.6670732319829,narrow,all four blocks,1.0,20000,One-phase,0.0,0.0,5.484048710662925,20250730,a8f4b6323684a7fd,Declared triangular-marginal stress with Gaussian-copula dependence; the latent correlation and frequencies are not fitted uncertainty or confidence.
2023 U.S. generation,349.6670732319829,narrow,all four blocks,1.0,20000,Two-phase,100.0,0.0,5.484048710662925,20250730,a8f4b6323684a7fd,Declared triangular-marginal stress with Gaussian-copula dependence; the latent correlation and frequencies are not fitted uncertainty or confidence.
2023 U.S. generation,349.6670732319829,screening,grid only,0.0,20000,Air-cooled,0.0,0.0,5.483610971630737,20250730,2ba5f047379ffe79,Declared triangular-marginal stress with Gaussian-copula dependence; the latent correlation and frequencies are not fitted uncertainty or confidence.
2023 U.S. generation,349.6670732319829,screening,grid only,0.0,20000,Cold plate,0.0,0.0,5.483610971630737,20250730,2ba5f047379ffe79,Declared triangular-marginal stress with Gaussian-copula dependence; the latent correlation and frequencies are not fitted uncertainty or confidence.
2023 U.S. generation,349.6670732319829,screening,grid only,0.0,20000,One-phase,0.0,0.0,5.483610971630737,20250730,2ba5f047379ffe79,Declared triangular-marginal stress with Gaussian-copula dependence; the latent correlation and frequencies are not fitted uncertainty or confidence.
2023 U.S. generation,349.6670732319829,screening,grid only,0.0,20000,Two-phase,100.0,0.0,5.483610971630737,20250730,2ba5f047379ffe79,Declared triangular-marginal stress with Gaussian-copula dependence; the latent correlation and frequencies are not fitted uncertainty or confidence.
2023 U.S. generation,349.6670732319829,screening,grid only,0.5,20000,Air-cooled,0.0,0.0,5.483616758778953,20250730,283882a230547c49,Declared triangular-marginal stress with Gaussian-copula dependence; the latent correlation and frequencies are not fitted uncertainty or confidence.
2023 U.S. generation,349.6670732319829,screening,grid only,0.5,20000,Cold plate,0.0,0.0,5.483616758778953,20250730,283882a230547c49,Declared triangular-marginal stress with Gaussian-copula dependence; the latent correlation and frequencies are not fitted uncertainty or confidence.
2023 U.S. generation,349.6670732319829,screening,grid only,0.5,20000,One-phase,0.0,0.0,5.483616758778953,20250730,283882a230547c49,Declared triangular-marginal stress with Gaussian-copula dependence; the latent correlation and frequencies are not fitted uncertainty or confidence.
2023 U.S. generation,349.6670732319829,screening,grid only,0.5,20000,Two-phase,100.0,0.0,5.483616758778953,20250730,283882a230547c49,Declared triangular-marginal stress with Gaussian-copula dependence; the latent correlation and frequencies are not fitted uncertainty or confidence.
2023 U.S. generation,349.6670732319829,screening,grid only,1.0,20000,Air-cooled,0.0,0.0,5.483573024269795,20250730,593c8e99d5c5565a,Declared triangular-marginal stress with Gaussian-copula dependence; the latent correlation and frequencies are not fitted uncertainty or confidence.
2023 U.S. generation,349.6670732319829,screening,grid only,1.0,20000,Cold plate,0.0,0.0,5.483573024269795,20250730,593c8e99d5c5565a,Declared triangular-marginal stress with Gaussian-copula dependence; the latent correlation and frequencies are not fitted uncertainty or confidence.
2023 U.S. generation,349.6670732319829,screening,grid only,1.0,20000,One-phase,0.0,0.0,5.483573024269795,20250730,593c8e99d5c5565a,Declared triangular-marginal stress with Gaussian-copula dependence; the latent correlation and frequencies are not fitted uncertainty or confidence.
2023 U.S. generation,349.6670732319829,screening,grid only,1.0,20000,Two-phase,100.0,0.0,5.483573024269795,20250730,593c8e99d5c5565a,Declared triangular-marginal stress with Gaussian-copula dependence; the latent correlation and frequencies are not fitted uncertainty or confidence.
2023 U.S. generation,349.6670732319829,screening,use phase only,0.0,20000,Air-cooled,0.0,31.64,4.962134624407533,20250730,741880dfe93de7bc,Declared triangular-marginal stress with Gaussian-copula dependence; the latent correlation and frequencies are not fitted uncertainty or confidence.
2023 U.S. generation,349.6670732319829,screening,use phase only,0.0,20000,Cold plate,0.18,31.64,4.962134624407533,20250730,741880dfe93de7bc,Declared triangular-marginal stress with Gaussian-copula dependence; the latent correlation and frequencies are not fitted uncertainty or confidence.
2023 U.S. generation,349.6670732319829,screening,use phase only,0.0,20000,One-phase,1.53,31.64,4.962134624407533,20250730,741880dfe93de7bc,Declared triangular-marginal stress with Gaussian-copula dependence; the latent correlation and frequencies are not fitted uncertainty or confidence.
2023 U.S. generation,349.6670732319829,screening,use phase only,0.0,20000,Two-phase,98.29,31.64,4.962134624407533,20250730,741880dfe93de7bc,Declared triangular-marginal stress with Gaussian-copula dependence; the latent correlation and frequencies are not fitted uncertainty or confidence.
2023 U.S. generation,349.6670732319829,screening,use phase only,0.5,20000,Air-cooled,0.0,24.49,5.24642168536078,20250730,fc5b267605513df6,Declared triangular-marginal stress with Gaussian-copula dependence; the latent correlation and frequencies are not fitted uncertainty or confidence.
2023 U.S. generation,349.6670732319829,screening,use phase only,0.5,20000,Cold plate,0.0,24.49,5.24642168536078,20250730,fc5b267605513df6,Declared triangular-marginal stress with Gaussian-copula dependence; the latent correlation and frequencies are not fitted uncertainty or confidence.
2023 U.S. generation,349.6670732319829,screening,use phase only,0.5,20000,One-phase,0.095,24.49,5.24642168536078,20250730,fc5b267605513df6,Declared triangular-marginal stress with Gaussian-copula dependence; the latent correlation and frequencies are not fitted uncertainty or confidence.
2023 U.S. generation,349.6670732319829,screening,use phase only,0.5,20000,Two-phase,99.905,24.49,5.24642168536078,20250730,fc5b267605513df6,Declared triangular-marginal stress with Gaussian-copula dependence; the latent correlation and frequencies are not fitted uncertainty or confidence.
2023 U.S. generation,349.6670732319829,screening,use phase only,1.0,20000,Air-cooled,0.0,0.0,5.483574952034164,20250730,7a27ddf450ea8674,Declared triangular-marginal stress with Gaussian-copula dependence; the latent correlation and frequencies are not fitted uncertainty or confidence.
2023 U.S. generation,349.6670732319829,screening,use phase only,1.0,20000,Cold plate,0.0,0.0,5.483574952034164,20250730,7a27ddf450ea8674,Declared triangular-marginal stress with Gaussian-copula dependence; the latent correlation and frequencies are not fitted uncertainty or confidence.
2023 U.S. generation,349.6670732319829,screening,use phase only,1.0,20000,One-phase,0.0,0.0,5.483574952034164,20250730,7a27ddf450ea8674,Declared triangular-marginal stress with Gaussian-copula dependence; the latent correlation and frequencies are not fitted uncertainty or confidence.
2023 U.S. generation,349.6670732319829,screening,use phase only,1.0,20000,Two-phase,100.0,0.0,5.483574952034164,20250730,7a27ddf450ea8674,Declared triangular-marginal stress with Gaussian-copula dependence; the latent correlation and frequencies are not fitted uncertainty or confidence.
2023 U.S. generation,349.6670732319829,screening,embodied only,0.0,20000,Air-cooled,0.0,38.245,4.3548661822583545,20250730,ea32667879342b1d,Declared triangular-marginal stress with Gaussian-copula dependence; the latent correlation and frequencies are not fitted uncertainty or confidence.
2023 U.S. generation,349.6670732319829,screening,embodied only,0.0,20000,Cold plate,3.97,38.245,4.3548661822583545,20250730,ea32667879342b1d,Declared triangular-marginal stress with Gaussian-copula dependence; the latent correlation and frequencies are not fitted uncertainty or confidence.
2023 U.S. generation,349.6670732319829,screening,embodied only,0.0,20000,One-phase,9.28,38.245,4.3548661822583545,20250730,ea32667879342b1d,Declared triangular-marginal stress with Gaussian-copula dependence; the latent correlation and frequencies are not fitted uncertainty or confidence.
2023 U.S. generation,349.6670732319829,screening,embodied only,0.0,20000,Two-phase,86.75,38.245,4.3548661822583545,20250730,ea32667879342b1d,Declared triangular-marginal stress with Gaussian-copula dependence; the latent correlation and frequencies are not fitted uncertainty or confidence.
2023 U.S. generation,349.6670732319829,screening,embodied only,0.5,20000,Air-cooled,0.0,33.13,4.839975004063801,20250730,a7f1d03d04d4ae3c,Declared triangular-marginal stress with Gaussian-copula dependence; the latent correlation and frequencies are not fitted uncertainty or confidence.
2023 U.S. generation,349.6670732319829,screening,embodied only,0.5,20000,Cold plate,0.765,33.13,4.839975004063801,20250730,a7f1d03d04d4ae3c,Declared triangular-marginal stress with Gaussian-copula dependence; the latent correlation and frequencies are not fitted uncertainty or confidence.
2023 U.S. generation,349.6670732319829,screening,embodied only,0.5,20000,One-phase,3.06,33.13,4.839975004063801,20250730,a7f1d03d04d4ae3c,Declared triangular-marginal stress with Gaussian-copula dependence; the latent correlation and frequencies are not fitted uncertainty or confidence.
2023 U.S. generation,349.6670732319829,screening,embodied only,0.5,20000,Two-phase,96.175,33.13,4.839975004063801,20250730,a7f1d03d04d4ae3c,Declared triangular-marginal stress with Gaussian-copula dependence; the latent correlation and frequencies are not fitted uncertainty or confidence.
2023 U.S. generation,349.6670732319829,screening,embodied only,1.0,20000,Air-cooled,0.0,0.0,5.484580848639997,20250730,0470fe639c2c61a2,Declared triangular-marginal stress with Gaussian-copula dependence; the latent correlation and frequencies are not fitted uncertainty or confidence.
2023 U.S. generation,349.6670732319829,screening,embodied only,1.0,20000,Cold plate,0.0,0.0,5.484580848639997,20250730,0470fe639c2c61a2,Declared triangular-marginal stress with Gaussian-copula dependence; the latent correlation and frequencies are not fitted uncertainty or confidence.
2023 U.S. generation,349.6670732319829,screening,embodied only,1.0,20000,One-phase,0.0,0.0,5.484580848639997,20250730,0470fe639c2c61a2,Declared triangular-marginal stress with Gaussian-copula dependence; the latent correlation and frequencies are not fitted uncertainty or confidence.
2023 U.S. generation,349.6670732319829,screening,embodied only,1.0,20000,Two-phase,100.0,0.0,5.484580848639997,20250730,0470fe639c2c61a2,Declared triangular-marginal stress with Gaussian-copula dependence; the latent correlation and frequencies are not fitted uncertainty or confidence.
2023 U.S. generation,349.6670732319829,screening,service equivalence only,0.0,20000,Air-cooled,0.0,33.83,4.757468390025011,20250730,d334bbb1b75b291d,Declared triangular-marginal stress with Gaussian-copula dependence; the latent correlation and frequencies are not fitted uncertainty or confidence.
2023 U.S. generation,349.6670732319829,screening,service equivalence only,0.0,20000,Cold plate,0.725,33.83,4.757468390025011,20250730,d334bbb1b75b291d,Declared triangular-marginal stress with Gaussian-copula dependence; the latent correlation and frequencies are not fitted uncertainty or confidence.
2023 U.S. generation,349.6670732319829,screening,service equivalence only,0.0,20000,One-phase,3.28,33.83,4.757468390025011,20250730,d334bbb1b75b291d,Declared triangular-marginal stress with Gaussian-copula dependence; the latent correlation and frequencies are not fitted uncertainty or confidence.
2023 U.S. generation,349.6670732319829,screening,service equivalence only,0.0,20000,Two-phase,95.995,33.83,4.757468390025011,20250730,d334bbb1b75b291d,Declared triangular-marginal stress with Gaussian-copula dependence; the latent correlation and frequencies are not fitted uncertainty or confidence.
2023 U.S. generation,349.6670732319829,screening,service equivalence only,0.5,20000,Air-cooled,0.0,27.51,5.137508255507262,20250730,e11b56339e834d81,Declared triangular-marginal stress with Gaussian-copula dependence; the latent correlation and frequencies are not fitted uncertainty or confidence.
2023 U.S. generation,349.6670732319829,screening,service equivalence only,0.5,20000,Cold plate,0.03,27.51,5.137508255507262,20250730,e11b56339e834d81,Declared triangular-marginal stress with Gaussian-copula dependence; the latent correlation and frequencies are not fitted uncertainty or confidence.
2023 U.S. generation,349.6670732319829,screening,service equivalence only,0.5,20000,One-phase,0.51,27.51,5.137508255507262,20250730,e11b56339e834d81,Declared triangular-marginal stress with Gaussian-copula dependence; the latent correlation and frequencies are not fitted uncertainty or confidence.
2023 U.S. generation,349.6670732319829,screening,service equivalence only,0.5,20000,Two-phase,99.46,27.51,5.137508255507262,20250730,e11b56339e834d81,Declared triangular-marginal stress with Gaussian-copula dependence; the latent correlation and frequencies are not fitted uncertainty or confidence.
2023 U.S. generation,349.6670732319829,screening,service equivalence only,1.0,20000,Air-cooled,0.0,0.0,5.48363392201161,20250730,7572f32b057f673a,Declared triangular-marginal stress with Gaussian-copula dependence; the latent correlation and frequencies are not fitted uncertainty or confidence.
2023 U.S. generation,349.6670732319829,screening,service equivalence only,1.0,20000,Cold plate,0.0,0.0,5.48363392201161,20250730,7572f32b057f673a,Declared triangular-marginal stress with Gaussian-copula dependence; the latent correlation and frequencies are not fitted uncertainty or confidence.
2023 U.S. generation,349.6670732319829,screening,service equivalence only,1.0,20000,One-phase,0.0,0.0,5.48363392201161,20250730,7572f32b057f673a,Declared triangular-marginal stress with Gaussian-copula dependence; the latent correlation and frequencies are not fitted uncertainty or confidence.
2023 U.S. generation,349.6670732319829,screening,service equivalence only,1.0,20000,Two-phase,100.0,0.0,5.48363392201161,20250730,7572f32b057f673a,Declared triangular-marginal stress with Gaussian-copula dependence; the latent correlation and frequencies are not fitted uncertainty or confidence.
2023 U.S. generation,349.6670732319829,screening,all four blocks,0.0,20000,Air-cooled,0.0,41.485,4.307472962740155,20250730,bbe66f434fda9dab,Declared triangular-marginal stress with Gaussian-copula dependence; the latent correlation and frequencies are not fitted uncertainty or confidence.
2023 U.S. generation,349.6670732319829,screening,all four blocks,0.0,20000,Cold plate,9.2,41.485,4.307472962740155,20250730,bbe66f434fda9dab,Declared triangular-marginal stress with Gaussian-copula dependence; the latent correlation and frequencies are not fitted uncertainty or confidence.
2023 U.S. generation,349.6670732319829,screening,all four blocks,0.0,20000,One-phase,14.63,41.485,4.307472962740155,20250730,bbe66f434fda9dab,Declared triangular-marginal stress with Gaussian-copula dependence; the latent correlation and frequencies are not fitted uncertainty or confidence.
2023 U.S. generation,349.6670732319829,screening,all four blocks,0.0,20000,Two-phase,76.17,41.485,4.307472962740155,20250730,bbe66f434fda9dab,Declared triangular-marginal stress with Gaussian-copula dependence; the latent correlation and frequencies are not fitted uncertainty or confidence.
2023 U.S. generation,349.6670732319829,screening,all four blocks,0.5,20000,Air-cooled,0.0,38.065,4.472605020478104,20250730,8333764732ab793e,Declared triangular-marginal stress with Gaussian-copula dependence; the latent correlation and frequencies are not fitted uncertainty or confidence.
2023 U.S. generation,349.6670732319829,screening,all four blocks,0.5,20000,Cold plate,3.875,38.065,4.472605020478104,20250730,8333764732ab793e,Declared triangular-marginal stress with Gaussian-copula dependence; the latent correlation and frequencies are not fitted uncertainty or confidence.
2023 U.S. generation,349.6670732319829,screening,all four blocks,0.5,20000,One-phase,8.335,38.065,4.472605020478104,20250730,8333764732ab793e,Declared triangular-marginal stress with Gaussian-copula dependence; the latent correlation and frequencies are not fitted uncertainty or confidence.
2023 U.S. generation,349.6670732319829,screening,all four blocks,0.5,20000,Two-phase,87.79,38.065,4.472605020478104,20250730,8333764732ab793e,Declared triangular-marginal stress with Gaussian-copula dependence; the latent correlation and frequencies are not fitted uncertainty or confidence.
2023 U.S. generation,349.6670732319829,screening,all four blocks,1.0,20000,Air-cooled,0.0,0.0,5.4836529428233804,20250730,f0d62188eb6894c2,Declared triangular-marginal stress with Gaussian-copula dependence; the latent correlation and frequencies are not fitted uncertainty or confidence.
2023 U.S. generation,349.6670732319829,screening,all four blocks,1.0,20000,Cold plate,0.0,0.0,5.4836529428233804,20250730,f0d62188eb6894c2,Declared triangular-marginal stress with Gaussian-copula dependence; the latent correlation and frequencies are not fitted uncertainty or confidence.
2023 U.S. generation,349.6670732319829,screening,all four blocks,1.0,20000,One-phase,0.0,0.0,5.4836529428233804,20250730,f0d62188eb6894c2,Declared triangular-marginal stress with Gaussian-copula dependence; the latent correlation and frequencies are not fitted uncertainty or confidence.
2023 U.S. generation,349.6670732319829,screening,all four blocks,1.0,20000,Two-phase,100.0,0.0,5.4836529428233804,20250730,f0d62188eb6894c2,Declared triangular-marginal stress with Gaussian-copula dependence; the latent correlation and frequencies are not fitted uncertainty or confidence.
2023 U.S. generation,349.6670732319829,wide,grid only,0.0,20000,Air-cooled,0.0,0.0,5.483651916241461,20250730,2f4d1ea68958a753,Declared triangular-marginal stress with Gaussian-copula dependence; the latent correlation and frequencies are not fitted uncertainty or confidence.
2023 U.S. generation,349.6670732319829,wide,grid only,0.0,20000,Cold plate,0.0,0.0,5.483651916241461,20250730,2f4d1ea68958a753,Declared triangular-marginal stress with Gaussian-copula dependence; the latent correlation and frequencies are not fitted uncertainty or confidence.
2023 U.S. generation,349.6670732319829,wide,grid only,0.0,20000,One-phase,0.0,0.0,5.483651916241461,20250730,2f4d1ea68958a753,Declared triangular-marginal stress with Gaussian-copula dependence; the latent correlation and frequencies are not fitted uncertainty or confidence.
2023 U.S. generation,349.6670732319829,wide,grid only,0.0,20000,Two-phase,100.0,0.0,5.483651916241461,20250730,2f4d1ea68958a753,Declared triangular-marginal stress with Gaussian-copula dependence; the latent correlation and frequencies are not fitted uncertainty or confidence.
2023 U.S. generation,349.6670732319829,wide,grid only,0.5,20000,Air-cooled,0.0,0.0,5.483411701297102,20250730,9bc411d106daa74b,Declared triangular-marginal stress with Gaussian-copula dependence; the latent correlation and frequencies are not fitted uncertainty or confidence.
2023 U.S. generation,349.6670732319829,wide,grid only,0.5,20000,Cold plate,0.0,0.0,5.483411701297102,20250730,9bc411d106daa74b,Declared triangular-marginal stress with Gaussian-copula dependence; the latent correlation and frequencies are not fitted uncertainty or confidence.
2023 U.S. generation,349.6670732319829,wide,grid only,0.5,20000,One-phase,0.0,0.0,5.483411701297102,20250730,9bc411d106daa74b,Declared triangular-marginal stress with Gaussian-copula dependence; the latent correlation and frequencies are not fitted uncertainty or confidence.
2023 U.S. generation,349.6670732319829,wide,grid only,0.5,20000,Two-phase,100.0,0.0,5.483411701297102,20250730,9bc411d106daa74b,Declared triangular-marginal stress with Gaussian-copula dependence; the latent correlation and frequencies are not fitted uncertainty or confidence.
2023 U.S. generation,349.6670732319829,wide,grid only,1.0,20000,Air-cooled,0.0,0.0,5.483576658530264,20250730,9a2a6affb1792d82,Declared triangular-marginal stress with Gaussian-copula dependence; the latent correlation and frequencies are not fitted uncertainty or confidence.
2023 U.S. generation,349.6670732319829,wide,grid only,1.0,20000,Cold plate,0.0,0.0,5.483576658530264,20250730,9a2a6affb1792d82,Declared triangular-marginal stress with Gaussian-copula dependence; the latent correlation and frequencies are not fitted uncertainty or confidence.
2023 U.S. generation,349.6670732319829,wide,grid only,1.0,20000,One-phase,0.0,0.0,5.483576658530264,20250730,9a2a6affb1792d82,Declared triangular-marginal stress with Gaussian-copula dependence; the latent correlation and frequencies are not fitted uncertainty or confidence.
2023 U.S. generation,349.6670732319829,wide,grid only,1.0,20000,Two-phase,100.0,0.0,5.483576658530264,20250730,9a2a6affb1792d82,Declared triangular-marginal stress with Gaussian-copula dependence; the latent correlation and frequencies are not fitted uncertainty or confidence.
2023 U.S. generation,349.6670732319829,wide,use phase only,0.0,20000,Air-cooled,0.0,40.99,4.307411977654674,20250730,b301997e3ce0072b,Declared triangular-marginal stress with Gaussian-copula dependence; the latent correlation and frequencies are not fitted uncertainty or confidence.
2023 U.S. generation,349.6670732319829,wide,use phase only,0.0,20000,Cold plate,7.375,40.99,4.307411977654674,20250730,b301997e3ce0072b,Declared triangular-marginal stress with Gaussian-copula dependence; the latent correlation and frequencies are not fitted uncertainty or confidence.
2023 U.S. generation,349.6670732319829,wide,use phase only,0.0,20000,One-phase,13.105,40.99,4.307411977654674,20250730,b301997e3ce0072b,Declared triangular-marginal stress with Gaussian-copula dependence; the latent correlation and frequencies are not fitted uncertainty or confidence.
2023 U.S. generation,349.6670732319829,wide,use phase only,0.0,20000,Two-phase,79.52,40.99,4.307411977654674,20250730,b301997e3ce0072b,Declared triangular-marginal stress with Gaussian-copula dependence; the latent correlation and frequencies are not fitted uncertainty or confidence.
2023 U.S. generation,349.6670732319829,wide,use phase only,0.5,20000,Air-cooled,0.0,36.5,4.563425428282796,20250730,1cad7e52ba9c9e62,Declared triangular-marginal stress with Gaussian-copula dependence; the latent correlation and frequencies are not fitted uncertainty or confidence.
2023 U.S. generation,349.6670732319829,wide,use phase only,0.5,20000,Cold plate,2.595,36.5,4.563425428282796,20250730,1cad7e52ba9c9e62,Declared triangular-marginal stress with Gaussian-copula dependence; the latent correlation and frequencies are not fitted uncertainty or confidence.
2023 U.S. generation,349.6670732319829,wide,use phase only,0.5,20000,One-phase,6.15,36.5,4.563425428282796,20250730,1cad7e52ba9c9e62,Declared triangular-marginal stress with Gaussian-copula dependence; the latent correlation and frequencies are not fitted uncertainty or confidence.
2023 U.S. generation,349.6670732319829,wide,use phase only,0.5,20000,Two-phase,91.255,36.5,4.563425428282796,20250730,1cad7e52ba9c9e62,Declared triangular-marginal stress with Gaussian-copula dependence; the latent correlation and frequencies are not fitted uncertainty or confidence.
2023 U.S. generation,349.6670732319829,wide,use phase only,1.0,20000,Air-cooled,0.0,0.0,5.483755211740249,20250730,d415f76694988d41,Declared triangular-marginal stress with Gaussian-copula dependence; the latent correlation and frequencies are not fitted uncertainty or confidence.
2023 U.S. generation,349.6670732319829,wide,use phase only,1.0,20000,Cold plate,0.0,0.0,5.483755211740249,20250730,d415f76694988d41,Declared triangular-marginal stress with Gaussian-copula dependence; the latent correlation and frequencies are not fitted uncertainty or confidence.
2023 U.S. generation,349.6670732319829,wide,use phase only,1.0,20000,One-phase,0.0,0.0,5.483755211740249,20250730,d415f76694988d41,Declared triangular-marginal stress with Gaussian-copula dependence; the latent correlation and frequencies are not fitted uncertainty or confidence.
2023 U.S. generation,349.6670732319829,wide,use phase only,1.0,20000,Two-phase,100.0,0.0,5.483755211740249,20250730,d415f76694988d41,Declared triangular-marginal stress with Gaussian-copula dependence; the latent correlation and frequencies are not fitted uncertainty or confidence.
2023 U.S. generation,349.6670732319829,wide,embodied only,0.0,20000,Air-cooled,0.0,44.475,5.15073918379022,20250730,0737ba86ab2434c1,Declared triangular-marginal stress with Gaussian-copula dependence; the latent correlation and frequencies are not fitted uncertainty or confidence.
2023 U.S. generation,349.6670732319829,wide,embodied only,0.0,20000,Cold plate,15.545,44.475,5.15073918379022,20250730,0737ba86ab2434c1,Declared triangular-marginal stress with Gaussian-copula dependence; the latent correlation and frequencies are not fitted uncertainty or confidence.
2023 U.S. generation,349.6670732319829,wide,embodied only,0.0,20000,One-phase,21.1,44.475,5.15073918379022,20250730,0737ba86ab2434c1,Declared triangular-marginal stress with Gaussian-copula dependence; the latent correlation and frequencies are not fitted uncertainty or confidence.
2023 U.S. generation,349.6670732319829,wide,embodied only,0.0,20000,Two-phase,63.355,44.475,5.15073918379022,20250730,0737ba86ab2434c1,Declared triangular-marginal stress with Gaussian-copula dependence; the latent correlation and frequencies are not fitted uncertainty or confidence.
2023 U.S. generation,349.6670732319829,wide,embodied only,0.5,20000,Air-cooled,0.0,41.77,4.461944773523163,20250730,76b29649641ec1c2,Declared triangular-marginal stress with Gaussian-copula dependence; the latent correlation and frequencies are not fitted uncertainty or confidence.
2023 U.S. generation,349.6670732319829,wide,embodied only,0.5,20000,Cold plate,9.315,41.77,4.461944773523163,20250730,76b29649641ec1c2,Declared triangular-marginal stress with Gaussian-copula dependence; the latent correlation and frequencies are not fitted uncertainty or confidence.
2023 U.S. generation,349.6670732319829,wide,embodied only,0.5,20000,One-phase,15.06,41.77,4.461944773523163,20250730,76b29649641ec1c2,Declared triangular-marginal stress with Gaussian-copula dependence; the latent correlation and frequencies are not fitted uncertainty or confidence.
2023 U.S. generation,349.6670732319829,wide,embodied only,0.5,20000,Two-phase,75.625,41.77,4.461944773523163,20250730,76b29649641ec1c2,Declared triangular-marginal stress with Gaussian-copula dependence; the latent correlation and frequencies are not fitted uncertainty or confidence.
2023 U.S. generation,349.6670732319829,wide,embodied only,1.0,20000,Air-cooled,0.0,0.0,5.483703779199289,20250730,2140bc81567c1e24,Declared triangular-marginal stress with Gaussian-copula dependence; the latent correlation and frequencies are not fitted uncertainty or confidence.
2023 U.S. generation,349.6670732319829,wide,embodied only,1.0,20000,Cold plate,0.0,0.0,5.483703779199289,20250730,2140bc81567c1e24,Declared triangular-marginal stress with Gaussian-copula dependence; the latent correlation and frequencies are not fitted uncertainty or confidence.
2023 U.S. generation,349.6670732319829,wide,embodied only,1.0,20000,One-phase,0.0,0.0,5.483703779199289,20250730,2140bc81567c1e24,Declared triangular-marginal stress with Gaussian-copula dependence; the latent correlation and frequencies are not fitted uncertainty or confidence.
2023 U.S. generation,349.6670732319829,wide,embodied only,1.0,20000,Two-phase,100.0,0.0,5.483703779199289,20250730,2140bc81567c1e24,Declared triangular-marginal stress with Gaussian-copula dependence; the latent correlation and frequencies are not fitted uncertainty or confidence.
2023 U.S. generation,349.6670732319829,wide,service equivalence only,0.0,20000,Air-cooled,0.0,41.07,4.3364503988128185,20250730,53b2eb8ca19646a2,Declared triangular-marginal stress with Gaussian-copula dependence; the latent correlation and frequencies are not fitted uncertainty or confidence.
2023 U.S. generation,349.6670732319829,wide,service equivalence only,0.0,20000,Cold plate,9.965,41.07,4.3364503988128185,20250730,53b2eb8ca19646a2,Declared triangular-marginal stress with Gaussian-copula dependence; the latent correlation and frequencies are not fitted uncertainty or confidence.
2023 U.S. generation,349.6670732319829,wide,service equivalence only,0.0,20000,One-phase,16.14,41.07,4.3364503988128185,20250730,53b2eb8ca19646a2,Declared triangular-marginal stress with Gaussian-copula dependence; the latent correlation and frequencies are not fitted uncertainty or confidence.
2023 U.S. generation,349.6670732319829,wide,service equivalence only,0.0,20000,Two-phase,73.895,41.07,4.3364503988128185,20250730,53b2eb8ca19646a2,Declared triangular-marginal stress with Gaussian-copula dependence; the latent correlation and frequencies are not fitted uncertainty or confidence.
2023 U.S. generation,349.6670732319829,wide,service equivalence only,0.5,20000,Air-cooled,0.0,37.715,4.397206215204063,20250730,222e91bb73f0a20d,Declared triangular-marginal stress with Gaussian-copula dependence; the latent correlation and frequencies are not fitted uncertainty or confidence.
2023 U.S. generation,349.6670732319829,wide,service equivalence only,0.5,20000,Cold plate,4.44,37.715,4.397206215204063,20250730,222e91bb73f0a20d,Declared triangular-marginal stress with Gaussian-copula dependence; the latent correlation and frequencies are not fitted uncertainty or confidence.
2023 U.S. generation,349.6670732319829,wide,service equivalence only,0.5,20000,One-phase,9.03,37.715,4.397206215204063,20250730,222e91bb73f0a20d,Declared triangular-marginal stress with Gaussian-copula dependence; the latent correlation and frequencies are not fitted uncertainty or confidence.
2023 U.S. generation,349.6670732319829,wide,service equivalence only,0.5,20000,Two-phase,86.53,37.715,4.397206215204063,20250730,222e91bb73f0a20d,Declared triangular-marginal stress with Gaussian-copula dependence; the latent correlation and frequencies are not fitted uncertainty or confidence.
2023 U.S. generation,349.6670732319829,wide,service equivalence only,1.0,20000,Air-cooled,0.0,0.0,5.48363392201161,20250730,a2bdcb6b2cf8bf62,Declared triangular-marginal stress with Gaussian-copula dependence; the latent correlation and frequencies are not fitted uncertainty or confidence.
2023 U.S. generation,349.6670732319829,wide,service equivalence only,1.0,20000,Cold plate,0.0,0.0,5.48363392201161,20250730,a2bdcb6b2cf8bf62,Declared triangular-marginal stress with Gaussian-copula dependence; the latent correlation and frequencies are not fitted uncertainty or confidence.
2023 U.S. generation,349.6670732319829,wide,service equivalence only,1.0,20000,One-phase,0.0,0.0,5.48363392201161,20250730,a2bdcb6b2cf8bf62,Declared triangular-marginal stress with Gaussian-copula dependence; the latent correlation and frequencies are not fitted uncertainty or confidence.
2023 U.S. generation,349.6670732319829,wide,service equivalence only,1.0,20000,Two-phase,100.0,0.0,5.48363392201161,20250730,a2bdcb6b2cf8bf62,Declared triangular-marginal stress with Gaussian-copula dependence; the latent correlation and frequencies are not fitted uncertainty or confidence.
2023 U.S. generation,349.6670732319829,wide,all four blocks,0.0,20000,Air-cooled,0.335,45.02,6.381131197567358,20250730,2112938006929ea1,Declared triangular-marginal stress with Gaussian-copula dependence; the latent correlation and frequencies are not fitted uncertainty or confidence.
2023 U.S. generation,349.6670732319829,wide,all four blocks,0.0,20000,Cold plate,19.145,45.02,6.381131197567358,20250730,2112938006929ea1,Declared triangular-marginal stress with Gaussian-copula dependence; the latent correlation and frequencies are not fitted uncertainty or confidence.
2023 U.S. generation,349.6670732319829,wide,all four blocks,0.0,20000,One-phase,25.47,45.02,6.381131197567358,20250730,2112938006929ea1,Declared triangular-marginal stress with Gaussian-copula dependence; the latent correlation and frequencies are not fitted uncertainty or confidence.
2023 U.S. generation,349.6670732319829,wide,all four blocks,0.0,20000,Two-phase,55.05,45.02,6.381131197567358,20250730,2112938006929ea1,Declared triangular-marginal stress with Gaussian-copula dependence; the latent correlation and frequencies are not fitted uncertainty or confidence.
2023 U.S. generation,349.6670732319829,wide,all four blocks,0.5,20000,Air-cooled,0.02,43.86,5.049184184193356,20250730,f0cd768b023867a2,Declared triangular-marginal stress with Gaussian-copula dependence; the latent correlation and frequencies are not fitted uncertainty or confidence.
2023 U.S. generation,349.6670732319829,wide,all four blocks,0.5,20000,Cold plate,14.67,43.86,5.049184184193356,20250730,f0cd768b023867a2,Declared triangular-marginal stress with Gaussian-copula dependence; the latent correlation and frequencies are not fitted uncertainty or confidence.
2023 U.S. generation,349.6670732319829,wide,all four blocks,0.5,20000,One-phase,20.81,43.86,5.049184184193356,20250730,f0cd768b023867a2,Declared triangular-marginal stress with Gaussian-copula dependence; the latent correlation and frequencies are not fitted uncertainty or confidence.
2023 U.S. generation,349.6670732319829,wide,all four blocks,0.5,20000,Two-phase,64.5,43.86,5.049184184193356,20250730,f0cd768b023867a2,Declared triangular-marginal stress with Gaussian-copula dependence; the latent correlation and frequencies are not fitted uncertainty or confidence.
2023 U.S. generation,349.6670732319829,wide,all four blocks,1.0,20000,Air-cooled,0.0,0.0,5.485753239677282,20250730,f312e452c5372135,Declared triangular-marginal stress with Gaussian-copula dependence; the latent correlation and frequencies are not fitted uncertainty or confidence.
2023 U.S. generation,349.6670732319829,wide,all four blocks,1.0,20000,Cold plate,0.0,0.0,5.485753239677282,20250730,f312e452c5372135,Declared triangular-marginal stress with Gaussian-copula dependence; the latent correlation and frequencies are not fitted uncertainty or confidence.
2023 U.S. generation,349.6670732319829,wide,all four blocks,1.0,20000,One-phase,0.0,0.0,5.485753239677282,20250730,f312e452c5372135,Declared triangular-marginal stress with Gaussian-copula dependence; the latent correlation and frequencies are not fitted uncertainty or confidence.
2023 U.S. generation,349.6670732319829,wide,all four blocks,1.0,20000,Two-phase,100.0,0.0,5.485753239677282,20250730,f312e452c5372135,Declared triangular-marginal stress with Gaussian-copula dependence; the latent correlation and frequencies are not fitted uncertainty or confidence.
2023 low-carbon state (VT),23.695374653003146,narrow,grid only,0.0,20000,Air-cooled,0.0,100.0,5.323313686460452,20250730,02b2a3173d20115c,Declared triangular-marginal stress with Gaussian-copula dependence; the latent correlation and frequencies are not fitted uncertainty or confidence.
2023 low-carbon state (VT),23.695374653003146,narrow,grid only,0.0,20000,Cold plate,0.0,100.0,5.323313686460452,20250730,02b2a3173d20115c,Declared triangular-marginal stress with Gaussian-copula dependence; the latent correlation and frequencies are not fitted uncertainty or confidence.
2023 low-carbon state (VT),23.695374653003146,narrow,grid only,0.0,20000,One-phase,0.0,100.0,5.323313686460452,20250730,02b2a3173d20115c,Declared triangular-marginal stress with Gaussian-copula dependence; the latent correlation and frequencies are not fitted uncertainty or confidence.
2023 low-carbon state (VT),23.695374653003146,narrow,grid only,0.0,20000,Two-phase,100.0,100.0,5.323313686460452,20250730,02b2a3173d20115c,Declared triangular-marginal stress with Gaussian-copula dependence; the latent correlation and frequencies are not fitted uncertainty or confidence.
2023 low-carbon state (VT),23.695374653003146,narrow,grid only,0.5,20000,Air-cooled,0.0,100.0,5.3233001004313945,20250730,d5c64e0e1493c29e,Declared triangular-marginal stress with Gaussian-copula dependence; the latent correlation and frequencies are not fitted uncertainty or confidence.
2023 low-carbon state (VT),23.695374653003146,narrow,grid only,0.5,20000,Cold plate,0.0,100.0,5.3233001004313945,20250730,d5c64e0e1493c29e,Declared triangular-marginal stress with Gaussian-copula dependence; the latent correlation and frequencies are not fitted uncertainty or confidence.
2023 low-carbon state (VT),23.695374653003146,narrow,grid only,0.5,20000,One-phase,0.0,100.0,5.3233001004313945,20250730,d5c64e0e1493c29e,Declared triangular-marginal stress with Gaussian-copula dependence; the latent correlation and frequencies are not fitted uncertainty or confidence.
2023 low-carbon state (VT),23.695374653003146,narrow,grid only,0.5,20000,Two-phase,100.0,100.0,5.3233001004313945,20250730,d5c64e0e1493c29e,Declared triangular-marginal stress with Gaussian-copula dependence; the latent correlation and frequencies are not fitted uncertainty or confidence.
2023 low-carbon state (VT),23.695374653003146,narrow,grid only,1.0,20000,Air-cooled,0.0,100.0,5.323410366723646,20250730,f9f868a224925b98,Declared triangular-marginal stress with Gaussian-copula dependence; the latent correlation and frequencies are not fitted uncertainty or confidence.
2023 low-carbon state (VT),23.695374653003146,narrow,grid only,1.0,20000,Cold plate,0.0,100.0,5.323410366723646,20250730,f9f868a224925b98,Declared triangular-marginal stress with Gaussian-copula dependence; the latent correlation and frequencies are not fitted uncertainty or confidence.
2023 low-carbon state (VT),23.695374653003146,narrow,grid only,1.0,20000,One-phase,0.0,100.0,5.323410366723646,20250730,f9f868a224925b98,Declared triangular-marginal stress with Gaussian-copula dependence; the latent correlation and frequencies are not fitted uncertainty or confidence.
2023 low-carbon state (VT),23.695374653003146,narrow,grid only,1.0,20000,Two-phase,100.0,100.0,5.323410366723646,20250730,f9f868a224925b98,Declared triangular-marginal stress with Gaussian-copula dependence; the latent correlation and frequencies are not fitted uncertainty or confidence.
2023 low-carbon state (VT),23.695374653003146,narrow,use phase only,0.0,20000,Air-cooled,0.0,100.0,5.331422306387001,20250730,ceb51dcb58ddcaf2,Declared triangular-marginal stress with Gaussian-copula dependence; the latent correlation and frequencies are not fitted uncertainty or confidence.
2023 low-carbon state (VT),23.695374653003146,narrow,use phase only,0.0,20000,Cold plate,0.0,100.0,5.331422306387001,20250730,ceb51dcb58ddcaf2,Declared triangular-marginal stress with Gaussian-copula dependence; the latent correlation and frequencies are not fitted uncertainty or confidence.
2023 low-carbon state (VT),23.695374653003146,narrow,use phase only,0.0,20000,One-phase,0.0,100.0,5.331422306387001,20250730,ceb51dcb58ddcaf2,Declared triangular-marginal stress with Gaussian-copula dependence; the latent correlation and frequencies are not fitted uncertainty or confidence.
2023 low-carbon state (VT),23.695374653003146,narrow,use phase only,0.0,20000,Two-phase,100.0,100.0,5.331422306387001,20250730,ceb51dcb58ddcaf2,Declared triangular-marginal stress with Gaussian-copula dependence; the latent correlation and frequencies are not fitted uncertainty or confidence.
2023 low-carbon state (VT),23.695374653003146,narrow,use phase only,0.5,20000,Air-cooled,0.0,100.0,5.3229301980666,20250730,84b4b1c7f0fb8124,Declared triangular-marginal stress with Gaussian-copula dependence; the latent correlation and frequencies are not fitted uncertainty or confidence.
2023 low-carbon state (VT),23.695374653003146,narrow,use phase only,0.5,20000,Cold plate,0.0,100.0,5.3229301980666,20250730,84b4b1c7f0fb8124,Declared triangular-marginal stress with Gaussian-copula dependence; the latent correlation and frequencies are not fitted uncertainty or confidence.
2023 low-carbon state (VT),23.695374653003146,narrow,use phase only,0.5,20000,One-phase,0.0,100.0,5.3229301980666,20250730,84b4b1c7f0fb8124,Declared triangular-marginal stress with Gaussian-copula dependence; the latent correlation and frequencies are not fitted uncertainty or confidence.
2023 low-carbon state (VT),23.695374653003146,narrow,use phase only,0.5,20000,Two-phase,100.0,100.0,5.3229301980666,20250730,84b4b1c7f0fb8124,Declared triangular-marginal stress with Gaussian-copula dependence; the latent correlation and frequencies are not fitted uncertainty or confidence.
2023 low-carbon state (VT),23.695374653003146,narrow,use phase only,1.0,20000,Air-cooled,0.0,100.0,5.323382390233544,20250730,dc40fe21f6d3f152,Declared triangular-marginal stress with Gaussian-copula dependence; the latent correlation and frequencies are not fitted uncertainty or confidence.
2023 low-carbon state (VT),23.695374653003146,narrow,use phase only,1.0,20000,Cold plate,0.0,100.0,5.323382390233544,20250730,dc40fe21f6d3f152,Declared triangular-marginal stress with Gaussian-copula dependence; the latent correlation and frequencies are not fitted uncertainty or confidence.
2023 low-carbon state (VT),23.695374653003146,narrow,use phase only,1.0,20000,One-phase,0.0,100.0,5.323382390233544,20250730,dc40fe21f6d3f152,Declared triangular-marginal stress with Gaussian-copula dependence; the latent correlation and frequencies are not fitted uncertainty or confidence.
2023 low-carbon state (VT),23.695374653003146,narrow,use phase only,1.0,20000,Two-phase,100.0,100.0,5.323382390233544,20250730,dc40fe21f6d3f152,Declared triangular-marginal stress with Gaussian-copula dependence; the latent correlation and frequencies are not fitted uncertainty or confidence.
2023 low-carbon state (VT),23.695374653003146,narrow,embodied only,0.0,20000,Air-cooled,0.01,58.625,5.1590223747904895,20250730,82adcb7b32075d7c,Declared triangular-marginal stress with Gaussian-copula dependence; the latent correlation and frequencies are not fitted uncertainty or confidence.
2023 low-carbon state (VT),23.695374653003146,narrow,embodied only,0.0,20000,Cold plate,22.215,58.625,5.1590223747904895,20250730,82adcb7b32075d7c,Declared triangular-marginal stress with Gaussian-copula dependence; the latent correlation and frequencies are not fitted uncertainty or confidence.
2023 low-carbon state (VT),23.695374653003146,narrow,embodied only,0.0,20000,One-phase,14.7,58.625,5.1590223747904895,20250730,82adcb7b32075d7c,Declared triangular-marginal stress with Gaussian-copula dependence; the latent correlation and frequencies are not fitted uncertainty or confidence.
2023 low-carbon state (VT),23.695374653003146,narrow,embodied only,0.0,20000,Two-phase,63.075,58.625,5.1590223747904895,20250730,82adcb7b32075d7c,Declared triangular-marginal stress with Gaussian-copula dependence; the latent correlation and frequencies are not fitted uncertainty or confidence.
2023 low-carbon state (VT),23.695374653003146,narrow,embodied only,0.5,20000,Air-cooled,0.0,62.15,4.425667679812673,20250730,202305a996e6cf36,Declared triangular-marginal stress with Gaussian-copula dependence; the latent correlation and frequencies are not fitted uncertainty or confidence.
2023 low-carbon state (VT),23.695374653003146,narrow,embodied only,0.5,20000,Cold plate,16.01,62.15,4.425667679812673,20250730,202305a996e6cf36,Declared triangular-marginal stress with Gaussian-copula dependence; the latent correlation and frequencies are not fitted uncertainty or confidence.
2023 low-carbon state (VT),23.695374653003146,narrow,embodied only,0.5,20000,One-phase,8.805,62.15,4.425667679812673,20250730,202305a996e6cf36,Declared triangular-marginal stress with Gaussian-copula dependence; the latent correlation and frequencies are not fitted uncertainty or confidence.
2023 low-carbon state (VT),23.695374653003146,narrow,embodied only,0.5,20000,Two-phase,75.185,62.15,4.425667679812673,20250730,202305a996e6cf36,Declared triangular-marginal stress with Gaussian-copula dependence; the latent correlation and frequencies are not fitted uncertainty or confidence.
2023 low-carbon state (VT),23.695374653003146,narrow,embodied only,1.0,20000,Air-cooled,0.0,100.0,5.322430695441094,20250730,16e28e7da15bcaee,Declared triangular-marginal stress with Gaussian-copula dependence; the latent correlation and frequencies are not fitted uncertainty or confidence.
2023 low-carbon state (VT),23.695374653003146,narrow,embodied only,1.0,20000,Cold plate,0.0,100.0,5.322430695441094,20250730,16e28e7da15bcaee,Declared triangular-marginal stress with Gaussian-copula dependence; the latent correlation and frequencies are not fitted uncertainty or confidence.
2023 low-carbon state (VT),23.695374653003146,narrow,embodied only,1.0,20000,One-phase,0.0,100.0,5.322430695441094,20250730,16e28e7da15bcaee,Declared triangular-marginal stress with Gaussian-copula dependence; the latent correlation and frequencies are not fitted uncertainty or confidence.
2023 low-carbon state (VT),23.695374653003146,narrow,embodied only,1.0,20000,Two-phase,100.0,100.0,5.322430695441094,20250730,16e28e7da15bcaee,Declared triangular-marginal stress with Gaussian-copula dependence; the latent correlation and frequencies are not fitted uncertainty or confidence.
2023 low-carbon state (VT),23.695374653003146,narrow,service equivalence only,0.0,20000,Air-cooled,0.0,93.805,5.302131495992124,20250730,f82d676400baceae,Declared triangular-marginal stress with Gaussian-copula dependence; the latent correlation and frequencies are not fitted uncertainty or confidence.
2023 low-carbon state (VT),23.695374653003146,narrow,service equivalence only,0.0,20000,Cold plate,0.0,93.805,5.302131495992124,20250730,f82d676400baceae,Declared triangular-marginal stress with Gaussian-copula dependence; the latent correlation and frequencies are not fitted uncertainty or confidence.
2023 low-carbon state (VT),23.695374653003146,narrow,service equivalence only,0.0,20000,One-phase,0.0,93.805,5.302131495992124,20250730,f82d676400baceae,Declared triangular-marginal stress with Gaussian-copula dependence; the latent correlation and frequencies are not fitted uncertainty or confidence.
2023 low-carbon state (VT),23.695374653003146,narrow,service equivalence only,0.0,20000,Two-phase,100.0,93.805,5.302131495992124,20250730,f82d676400baceae,Declared triangular-marginal stress with Gaussian-copula dependence; the latent correlation and frequencies are not fitted uncertainty or confidence.
2023 low-carbon state (VT),23.695374653003146,narrow,service equivalence only,0.5,20000,Air-cooled,0.0,98.635,5.332507683514065,20250730,a53110db422f0ed1,Declared triangular-marginal stress with Gaussian-copula dependence; the latent correlation and frequencies are not fitted uncertainty or confidence.
2023 low-carbon state (VT),23.695374653003146,narrow,service equivalence only,0.5,20000,Cold plate,0.0,98.635,5.332507683514065,20250730,a53110db422f0ed1,Declared triangular-marginal stress with Gaussian-copula dependence; the latent correlation and frequencies are not fitted uncertainty or confidence.
2023 low-carbon state (VT),23.695374653003146,narrow,service equivalence only,0.5,20000,One-phase,0.0,98.635,5.332507683514065,20250730,a53110db422f0ed1,Declared triangular-marginal stress with Gaussian-copula dependence; the latent correlation and frequencies are not fitted uncertainty or confidence.
2023 low-carbon state (VT),23.695374653003146,narrow,service equivalence only,0.5,20000,Two-phase,100.0,98.635,5.332507683514065,20250730,a53110db422f0ed1,Declared triangular-marginal stress with Gaussian-copula dependence; the latent correlation and frequencies are not fitted uncertainty or confidence.
2023 low-carbon state (VT),23.695374653003146,narrow,service equivalence only,1.0,20000,Air-cooled,0.0,100.0,5.323338879172557,20250730,1f0c18c91893210c,Declared triangular-marginal stress with Gaussian-copula dependence; the latent correlation and frequencies are not fitted uncertainty or confidence.
2023 low-carbon state (VT),23.695374653003146,narrow,service equivalence only,1.0,20000,Cold plate,0.0,100.0,5.323338879172557,20250730,1f0c18c91893210c,Declared triangular-marginal stress with Gaussian-copula dependence; the latent correlation and frequencies are not fitted uncertainty or confidence.
2023 low-carbon state (VT),23.695374653003146,narrow,service equivalence only,1.0,20000,One-phase,0.0,100.0,5.323338879172557,20250730,1f0c18c91893210c,Declared triangular-marginal stress with Gaussian-copula dependence; the latent correlation and frequencies are not fitted uncertainty or confidence.
2023 low-carbon state (VT),23.695374653003146,narrow,service equivalence only,1.0,20000,Two-phase,100.0,100.0,5.323338879172557,20250730,1f0c18c91893210c,Declared triangular-marginal stress with Gaussian-copula dependence; the latent correlation and frequencies are not fitted uncertainty or confidence.
2023 low-carbon state (VT),23.695374653003146,narrow,all four blocks,0.0,20000,Air-cooled,0.015,57.955,5.195228362195293,20250730,093b29106e35193f,Declared triangular-marginal stress with Gaussian-copula dependence; the latent correlation and frequencies are not fitted uncertainty or confidence.
2023 low-carbon state (VT),23.695374653003146,narrow,all four blocks,0.0,20000,Cold plate,21.785,57.955,5.195228362195293,20250730,093b29106e35193f,Declared triangular-marginal stress with Gaussian-copula dependence; the latent correlation and frequencies are not fitted uncertainty or confidence.
2023 low-carbon state (VT),23.695374653003146,narrow,all four blocks,0.0,20000,One-phase,15.175,57.955,5.195228362195293,20250730,093b29106e35193f,Declared triangular-marginal stress with Gaussian-copula dependence; the latent correlation and frequencies are not fitted uncertainty or confidence.
2023 low-carbon state (VT),23.695374653003146,narrow,all four blocks,0.0,20000,Two-phase,63.025,57.955,5.195228362195293,20250730,093b29106e35193f,Declared triangular-marginal stress with Gaussian-copula dependence; the latent correlation and frequencies are not fitted uncertainty or confidence.
2023 low-carbon state (VT),23.695374653003146,narrow,all four blocks,0.5,20000,Air-cooled,0.005,62.56,4.4599014695916095,20250730,4bcb341678fb69ef,Declared triangular-marginal stress with Gaussian-copula dependence; the latent correlation and frequencies are not fitted uncertainty or confidence.
2023 low-carbon state (VT),23.695374653003146,narrow,all four blocks,0.5,20000,Cold plate,16.295,62.56,4.4599014695916095,20250730,4bcb341678fb69ef,Declared triangular-marginal stress with Gaussian-copula dependence; the latent correlation and frequencies are not fitted uncertainty or confidence.
2023 low-carbon state (VT),23.695374653003146,narrow,all four blocks,0.5,20000,One-phase,8.44,62.56,4.4599014695916095,20250730,4bcb341678fb69ef,Declared triangular-marginal stress with Gaussian-copula dependence; the latent correlation and frequencies are not fitted uncertainty or confidence.
2023 low-carbon state (VT),23.695374653003146,narrow,all four blocks,0.5,20000,Two-phase,75.26,62.56,4.4599014695916095,20250730,4bcb341678fb69ef,Declared triangular-marginal stress with Gaussian-copula dependence; the latent correlation and frequencies are not fitted uncertainty or confidence.
2023 low-carbon state (VT),23.695374653003146,narrow,all four blocks,1.0,20000,Air-cooled,0.0,100.0,5.323068347776361,20250730,6b0b998b1a8a9a1a,Declared triangular-marginal stress with Gaussian-copula dependence; the latent correlation and frequencies are not fitted uncertainty or confidence.
2023 low-carbon state (VT),23.695374653003146,narrow,all four blocks,1.0,20000,Cold plate,0.0,100.0,5.323068347776361,20250730,6b0b998b1a8a9a1a,Declared triangular-marginal stress with Gaussian-copula dependence; the latent correlation and frequencies are not fitted uncertainty or confidence.
2023 low-carbon state (VT),23.695374653003146,narrow,all four blocks,1.0,20000,One-phase,0.0,100.0,5.323068347776361,20250730,6b0b998b1a8a9a1a,Declared triangular-marginal stress with Gaussian-copula dependence; the latent correlation and frequencies are not fitted uncertainty or confidence.
2023 low-carbon state (VT),23.695374653003146,narrow,all four blocks,1.0,20000,Two-phase,100.0,100.0,5.323068347776361,20250730,6b0b998b1a8a9a1a,Declared triangular-marginal stress with Gaussian-copula dependence; the latent correlation and frequencies are not fitted uncertainty or confidence.
2023 low-carbon state (VT),23.695374653003146,screening,grid only,0.0,20000,Air-cooled,0.0,100.0,5.323437180563828,20250730,0e0202b1d299ab5f,Declared triangular-marginal stress with Gaussian-copula dependence; the latent correlation and frequencies are not fitted uncertainty or confidence.
2023 low-carbon state (VT),23.695374653003146,screening,grid only,0.0,20000,Cold plate,0.0,100.0,5.323437180563828,20250730,0e0202b1d299ab5f,Declared triangular-marginal stress with Gaussian-copula dependence; the latent correlation and frequencies are not fitted uncertainty or confidence.
2023 low-carbon state (VT),23.695374653003146,screening,grid only,0.0,20000,One-phase,0.0,100.0,5.323437180563828,20250730,0e0202b1d299ab5f,Declared triangular-marginal stress with Gaussian-copula dependence; the latent correlation and frequencies are not fitted uncertainty or confidence.
2023 low-carbon state (VT),23.695374653003146,screening,grid only,0.0,20000,Two-phase,100.0,100.0,5.323437180563828,20250730,0e0202b1d299ab5f,Declared triangular-marginal stress with Gaussian-copula dependence; the latent correlation and frequencies are not fitted uncertainty or confidence.
2023 low-carbon state (VT),23.695374653003146,screening,grid only,0.5,20000,Air-cooled,0.0,100.0,5.32314720435928,20250730,37d10b8f69e6229f,Declared triangular-marginal stress with Gaussian-copula dependence; the latent correlation and frequencies are not fitted uncertainty or confidence.
2023 low-carbon state (VT),23.695374653003146,screening,grid only,0.5,20000,Cold plate,0.0,100.0,5.32314720435928,20250730,37d10b8f69e6229f,Declared triangular-marginal stress with Gaussian-copula dependence; the latent correlation and frequencies are not fitted uncertainty or confidence.
2023 low-carbon state (VT),23.695374653003146,screening,grid only,0.5,20000,One-phase,0.0,100.0,5.32314720435928,20250730,37d10b8f69e6229f,Declared triangular-marginal stress with Gaussian-copula dependence; the latent correlation and frequencies are not fitted uncertainty or confidence.
2023 low-carbon state (VT),23.695374653003146,screening,grid only,0.5,20000,Two-phase,100.0,100.0,5.32314720435928,20250730,37d10b8f69e6229f,Declared triangular-marginal stress with Gaussian-copula dependence; the latent correlation and frequencies are not fitted uncertainty or confidence.
2023 low-carbon state (VT),23.695374653003146,screening,grid only,1.0,20000,Air-cooled,0.0,100.0,5.32317024896265,20250730,a2af56cc4765059d,Declared triangular-marginal stress with Gaussian-copula dependence; the latent correlation and frequencies are not fitted uncertainty or confidence.
2023 low-carbon state (VT),23.695374653003146,screening,grid only,1.0,20000,Cold plate,0.0,100.0,5.32317024896265,20250730,a2af56cc4765059d,Declared triangular-marginal stress with Gaussian-copula dependence; the latent correlation and frequencies are not fitted uncertainty or confidence.
2023 low-carbon state (VT),23.695374653003146,screening,grid only,1.0,20000,One-phase,0.0,100.0,5.32317024896265,20250730,a2af56cc4765059d,Declared triangular-marginal stress with Gaussian-copula dependence; the latent correlation and frequencies are not fitted uncertainty or confidence.
2023 low-carbon state (VT),23.695374653003146,screening,grid only,1.0,20000,Two-phase,100.0,100.0,5.32317024896265,20250730,a2af56cc4765059d,Declared triangular-marginal stress with Gaussian-copula dependence; the latent correlation and frequencies are not fitted uncertainty or confidence.
2023 low-carbon state (VT),23.695374653003146,screening,use phase only,0.0,20000,Air-cooled,0.0,98.425,5.328265770143492,20250730,1d319acfbc57b6a1,Declared triangular-marginal stress with Gaussian-copula dependence; the latent correlation and frequencies are not fitted uncertainty or confidence.
2023 low-carbon state (VT),23.695374653003146,screening,use phase only,0.0,20000,Cold plate,0.0,98.425,5.328265770143492,20250730,1d319acfbc57b6a1,Declared triangular-marginal stress with Gaussian-copula dependence; the latent correlation and frequencies are not fitted uncertainty or confidence.
2023 low-carbon state (VT),23.695374653003146,screening,use phase only,0.0,20000,One-phase,0.0,98.425,5.328265770143492,20250730,1d319acfbc57b6a1,Declared triangular-marginal stress with Gaussian-copula dependence; the latent correlation and frequencies are not fitted uncertainty or confidence.
2023 low-carbon state (VT),23.695374653003146,screening,use phase only,0.0,20000,Two-phase,100.0,98.425,5.328265770143492,20250730,1d319acfbc57b6a1,Declared triangular-marginal stress with Gaussian-copula dependence; the latent correlation and frequencies are not fitted uncertainty or confidence.
2023 low-carbon state (VT),23.695374653003146,screening,use phase only,0.5,20000,Air-cooled,0.0,99.89,5.313731986670012,20250730,b77e4e1d1c631e6c,Declared triangular-marginal stress with Gaussian-copula dependence; the latent correlation and frequencies are not fitted uncertainty or confidence.
2023 low-carbon state (VT),23.695374653003146,screening,use phase only,0.5,20000,Cold plate,0.0,99.89,5.313731986670012,20250730,b77e4e1d1c631e6c,Declared triangular-marginal stress with Gaussian-copula dependence; the latent correlation and frequencies are not fitted uncertainty or confidence.
2023 low-carbon state (VT),23.695374653003146,screening,use phase only,0.5,20000,One-phase,0.0,99.89,5.313731986670012,20250730,b77e4e1d1c631e6c,Declared triangular-marginal stress with Gaussian-copula dependence; the latent correlation and frequencies are not fitted uncertainty or confidence.
2023 low-carbon state (VT),23.695374653003146,screening,use phase only,0.5,20000,Two-phase,100.0,99.89,5.313731986670012,20250730,b77e4e1d1c631e6c,Declared triangular-marginal stress with Gaussian-copula dependence; the latent correlation and frequencies are not fitted uncertainty or confidence.
2023 low-carbon state (VT),23.695374653003146,screening,use phase only,1.0,20000,Air-cooled,0.0,100.0,5.323202543687655,20250730,76a2b862f67dbe5a,Declared triangular-marginal stress with Gaussian-copula dependence; the latent correlation and frequencies are not fitted uncertainty or confidence.
2023 low-carbon state (VT),23.695374653003146,screening,use phase only,1.0,20000,Cold plate,0.0,100.0,5.323202543687655,20250730,76a2b862f67dbe5a,Declared triangular-marginal stress with Gaussian-copula dependence; the latent correlation and frequencies are not fitted uncertainty or confidence.
2023 low-carbon state (VT),23.695374653003146,screening,use phase only,1.0,20000,One-phase,0.0,100.0,5.323202543687655,20250730,76a2b862f67dbe5a,Declared triangular-marginal stress with Gaussian-copula dependence; the latent correlation and frequencies are not fitted uncertainty or confidence.
2023 low-carbon state (VT),23.695374653003146,screening,use phase only,1.0,20000,Two-phase,100.0,100.0,5.323202543687655,20250730,76a2b862f67dbe5a,Declared triangular-marginal stress with Gaussian-copula dependence; the latent correlation and frequencies are not fitted uncertainty or confidence.
2023 low-carbon state (VT),23.695374653003146,screening,embodied only,0.0,20000,Air-cooled,5.25,53.42,11.009747937329927,20250730,938dfcf7d2950d69,Declared triangular-marginal stress with Gaussian-copula dependence; the latent correlation and frequencies are not fitted uncertainty or confidence.
2023 low-carbon state (VT),23.695374653003146,screening,embodied only,0.0,20000,Cold plate,27.555,53.42,11.009747937329927,20250730,938dfcf7d2950d69,Declared triangular-marginal stress with Gaussian-copula dependence; the latent correlation and frequencies are not fitted uncertainty or confidence.
2023 low-carbon state (VT),23.695374653003146,screening,embodied only,0.0,20000,One-phase,23.995,53.42,11.009747937329927,20250730,938dfcf7d2950d69,Declared triangular-marginal stress with Gaussian-copula dependence; the latent correlation and frequencies are not fitted uncertainty or confidence.
2023 low-carbon state (VT),23.695374653003146,screening,embodied only,0.0,20000,Two-phase,43.2,53.42,11.009747937329927,20250730,938dfcf7d2950d69,Declared triangular-marginal stress with Gaussian-copula dependence; the latent correlation and frequencies are not fitted uncertainty or confidence.
2023 low-carbon state (VT),23.695374653003146,screening,embodied only,0.5,20000,Air-cooled,1.845,54.385,7.973235733907414,20250730,a1e65ce4577277d3,Declared triangular-marginal stress with Gaussian-copula dependence; the latent correlation and frequencies are not fitted uncertainty or confidence.
2023 low-carbon state (VT),23.695374653003146,screening,embodied only,0.5,20000,Cold plate,26.3,54.385,7.973235733907414,20250730,a1e65ce4577277d3,Declared triangular-marginal stress with Gaussian-copula dependence; the latent correlation and frequencies are not fitted uncertainty or confidence.
2023 low-carbon state (VT),23.695374653003146,screening,embodied only,0.5,20000,One-phase,22.48,54.385,7.973235733907414,20250730,a1e65ce4577277d3,Declared triangular-marginal stress with Gaussian-copula dependence; the latent correlation and frequencies are not fitted uncertainty or confidence.
2023 low-carbon state (VT),23.695374653003146,screening,embodied only,0.5,20000,Two-phase,49.375,54.385,7.973235733907414,20250730,a1e65ce4577277d3,Declared triangular-marginal stress with Gaussian-copula dependence; the latent correlation and frequencies are not fitted uncertainty or confidence.
2023 low-carbon state (VT),23.695374653003146,screening,embodied only,1.0,20000,Air-cooled,0.0,100.0,5.323838750788523,20250730,33b727c16e9dc426,Declared triangular-marginal stress with Gaussian-copula dependence; the latent correlation and frequencies are not fitted uncertainty or confidence.
2023 low-carbon state (VT),23.695374653003146,screening,embodied only,1.0,20000,Cold plate,0.0,100.0,5.323838750788523,20250730,33b727c16e9dc426,Declared triangular-marginal stress with Gaussian-copula dependence; the latent correlation and frequencies are not fitted uncertainty or confidence.
2023 low-carbon state (VT),23.695374653003146,screening,embodied only,1.0,20000,One-phase,0.0,100.0,5.323838750788523,20250730,33b727c16e9dc426,Declared triangular-marginal stress with Gaussian-copula dependence; the latent correlation and frequencies are not fitted uncertainty or confidence.
2023 low-carbon state (VT),23.695374653003146,screening,embodied only,1.0,20000,Two-phase,100.0,100.0,5.323838750788523,20250730,33b727c16e9dc426,Declared triangular-marginal stress with Gaussian-copula dependence; the latent correlation and frequencies are not fitted uncertainty or confidence.
2023 low-carbon state (VT),23.695374653003146,screening,service equivalence only,0.0,20000,Air-cooled,0.0,72.245,4.836285393531625,20250730,d80d7f2f0353fa3b,Declared triangular-marginal stress with Gaussian-copula dependence; the latent correlation and frequencies are not fitted uncertainty or confidence.
2023 low-carbon state (VT),23.695374653003146,screening,service equivalence only,0.0,20000,Cold plate,3.38,72.245,4.836285393531625,20250730,d80d7f2f0353fa3b,Declared triangular-marginal stress with Gaussian-copula dependence; the latent correlation and frequencies are not fitted uncertainty or confidence.
2023 low-carbon state (VT),23.695374653003146,screening,service equivalence only,0.0,20000,One-phase,0.485,72.245,4.836285393531625,20250730,d80d7f2f0353fa3b,Declared triangular-marginal stress with Gaussian-copula dependence; the latent correlation and frequencies are not fitted uncertainty or confidence.
2023 low-carbon state (VT),23.695374653003146,screening,service equivalence only,0.0,20000,Two-phase,96.135,72.245,4.836285393531625,20250730,d80d7f2f0353fa3b,Declared triangular-marginal stress with Gaussian-copula dependence; the latent correlation and frequencies are not fitted uncertainty or confidence.
2023 low-carbon state (VT),23.695374653003146,screening,service equivalence only,0.5,20000,Air-cooled,0.0,81.085,5.08621206383676,20250730,a52ab3b7dfa5324e,Declared triangular-marginal stress with Gaussian-copula dependence; the latent correlation and frequencies are not fitted uncertainty or confidence.
2023 low-carbon state (VT),23.695374653003146,screening,service equivalence only,0.5,20000,Cold plate,0.52,81.085,5.08621206383676,20250730,a52ab3b7dfa5324e,Declared triangular-marginal stress with Gaussian-copula dependence; the latent correlation and frequencies are not fitted uncertainty or confidence.
2023 low-carbon state (VT),23.695374653003146,screening,service equivalence only,0.5,20000,One-phase,0.02,81.085,5.08621206383676,20250730,a52ab3b7dfa5324e,Declared triangular-marginal stress with Gaussian-copula dependence; the latent correlation and frequencies are not fitted uncertainty or confidence.
2023 low-carbon state (VT),23.695374653003146,screening,service equivalence only,0.5,20000,Two-phase,99.46,81.085,5.08621206383676,20250730,a52ab3b7dfa5324e,Declared triangular-marginal stress with Gaussian-copula dependence; the latent correlation and frequencies are not fitted uncertainty or confidence.
2023 low-carbon state (VT),23.695374653003146,screening,service equivalence only,1.0,20000,Air-cooled,0.0,100.0,5.323338879172557,20250730,fd6df5bed83aa527,Declared triangular-marginal stress with Gaussian-copula dependence; the latent correlation and frequencies are not fitted uncertainty or confidence.
2023 low-carbon state (VT),23.695374653003146,screening,service equivalence only,1.0,20000,Cold plate,0.0,100.0,5.323338879172557,20250730,fd6df5bed83aa527,Declared triangular-marginal stress with Gaussian-copula dependence; the latent correlation and frequencies are not fitted uncertainty or confidence.
2023 low-carbon state (VT),23.695374653003146,screening,service equivalence only,1.0,20000,One-phase,0.0,100.0,5.323338879172557,20250730,fd6df5bed83aa527,Declared triangular-marginal stress with Gaussian-copula dependence; the latent correlation and frequencies are not fitted uncertainty or confidence.
2023 low-carbon state (VT),23.695374653003146,screening,service equivalence only,1.0,20000,Two-phase,100.0,100.0,5.323338879172557,20250730,fd6df5bed83aa527,Declared triangular-marginal stress with Gaussian-copula dependence; the latent correlation and frequencies are not fitted uncertainty or confidence.
2023 low-carbon state (VT),23.695374653003146,screening,all four blocks,0.0,20000,Air-cooled,5.615,53.45,10.894305875543353,20250730,88d416156c85ff49,Declared triangular-marginal stress with Gaussian-copula dependence; the latent correlation and frequencies are not fitted uncertainty or confidence.
2023 low-carbon state (VT),23.695374653003146,screening,all four blocks,0.0,20000,Cold plate,27.41,53.45,10.894305875543353,20250730,88d416156c85ff49,Declared triangular-marginal stress with Gaussian-copula dependence; the latent correlation and frequencies are not fitted uncertainty or confidence.
2023 low-carbon state (VT),23.695374653003146,screening,all four blocks,0.0,20000,One-phase,24.255,53.45,10.894305875543353,20250730,88d416156c85ff49,Declared triangular-marginal stress with Gaussian-copula dependence; the latent correlation and frequencies are not fitted uncertainty or confidence.
2023 low-carbon state (VT),23.695374653003146,screening,all four blocks,0.0,20000,Two-phase,42.72,53.45,10.894305875543353,20250730,88d416156c85ff49,Declared triangular-marginal stress with Gaussian-copula dependence; the latent correlation and frequencies are not fitted uncertainty or confidence.
2023 low-carbon state (VT),23.695374653003146,screening,all four blocks,0.5,20000,Air-cooled,2.06,54.405,7.886002859223307,20250730,bdaba65a86287831,Declared triangular-marginal stress with Gaussian-copula dependence; the latent correlation and frequencies are not fitted uncertainty or confidence.
2023 low-carbon state (VT),23.695374653003146,screening,all four blocks,0.5,20000,Cold plate,26.07,54.405,7.886002859223307,20250730,bdaba65a86287831,Declared triangular-marginal stress with Gaussian-copula dependence; the latent correlation and frequencies are not fitted uncertainty or confidence.
2023 low-carbon state (VT),23.695374653003146,screening,all four blocks,0.5,20000,One-phase,22.355,54.405,7.886002859223307,20250730,bdaba65a86287831,Declared triangular-marginal stress with Gaussian-copula dependence; the latent correlation and frequencies are not fitted uncertainty or confidence.
2023 low-carbon state (VT),23.695374653003146,screening,all four blocks,0.5,20000,Two-phase,49.515,54.405,7.886002859223307,20250730,bdaba65a86287831,Declared triangular-marginal stress with Gaussian-copula dependence; the latent correlation and frequencies are not fitted uncertainty or confidence.
2023 low-carbon state (VT),23.695374653003146,screening,all four blocks,1.0,20000,Air-cooled,0.0,100.0,5.323537246778953,20250730,c4a65a5baab0bc9d,Declared triangular-marginal stress with Gaussian-copula dependence; the latent correlation and frequencies are not fitted uncertainty or confidence.
2023 low-carbon state (VT),23.695374653003146,screening,all four blocks,1.0,20000,Cold plate,0.0,100.0,5.323537246778953,20250730,c4a65a5baab0bc9d,Declared triangular-marginal stress with Gaussian-copula dependence; the latent correlation and frequencies are not fitted uncertainty or confidence.
2023 low-carbon state (VT),23.695374653003146,screening,all four blocks,1.0,20000,One-phase,0.0,100.0,5.323537246778953,20250730,c4a65a5baab0bc9d,Declared triangular-marginal stress with Gaussian-copula dependence; the latent correlation and frequencies are not fitted uncertainty or confidence.
2023 low-carbon state (VT),23.695374653003146,screening,all four blocks,1.0,20000,Two-phase,100.0,100.0,5.323537246778953,20250730,c4a65a5baab0bc9d,Declared triangular-marginal stress with Gaussian-copula dependence; the latent correlation and frequencies are not fitted uncertainty or confidence.
2023 low-carbon state (VT),23.695374653003146,wide,grid only,0.0,20000,Air-cooled,0.0,100.0,5.3233554775132585,20250730,5e9abf20c24b14c5,Declared triangular-marginal stress with Gaussian-copula dependence; the latent correlation and frequencies are not fitted uncertainty or confidence.
2023 low-carbon state (VT),23.695374653003146,wide,grid only,0.0,20000,Cold plate,0.0,100.0,5.3233554775132585,20250730,5e9abf20c24b14c5,Declared triangular-marginal stress with Gaussian-copula dependence; the latent correlation and frequencies are not fitted uncertainty or confidence.
2023 low-carbon state (VT),23.695374653003146,wide,grid only,0.0,20000,One-phase,0.0,100.0,5.3233554775132585,20250730,5e9abf20c24b14c5,Declared triangular-marginal stress with Gaussian-copula dependence; the latent correlation and frequencies are not fitted uncertainty or confidence.
2023 low-carbon state (VT),23.695374653003146,wide,grid only,0.0,20000,Two-phase,100.0,100.0,5.3233554775132585,20250730,5e9abf20c24b14c5,Declared triangular-marginal stress with Gaussian-copula dependence; the latent correlation and frequencies are not fitted uncertainty or confidence.
2023 low-carbon state (VT),23.695374653003146,wide,grid only,0.5,20000,Air-cooled,0.0,100.0,5.323467220210931,20250730,bff199c6a4fbc686,Declared triangular-marginal stress with Gaussian-copula dependence; the latent correlation and frequencies are not fitted uncertainty or confidence.
2023 low-carbon state (VT),23.695374653003146,wide,grid only,0.5,20000,Cold plate,0.0,100.0,5.323467220210931,20250730,bff199c6a4fbc686,Declared triangular-marginal stress with Gaussian-copula dependence; the latent correlation and frequencies are not fitted uncertainty or confidence.
2023 low-carbon state (VT),23.695374653003146,wide,grid only,0.5,20000,One-phase,0.0,100.0,5.323467220210931,20250730,bff199c6a4fbc686,Declared triangular-marginal stress with Gaussian-copula dependence; the latent correlation and frequencies are not fitted uncertainty or confidence.
2023 low-carbon state (VT),23.695374653003146,wide,grid only,0.5,20000,Two-phase,100.0,100.0,5.323467220210931,20250730,bff199c6a4fbc686,Declared triangular-marginal stress with Gaussian-copula dependence; the latent correlation and frequencies are not fitted uncertainty or confidence.
2023 low-carbon state (VT),23.695374653003146,wide,grid only,1.0,20000,Air-cooled,0.0,100.0,5.323164596508745,20250730,b1062f0cf9268fe1,Declared triangular-marginal stress with Gaussian-copula dependence; the latent correlation and frequencies are not fitted uncertainty or confidence.
2023 low-carbon state (VT),23.695374653003146,wide,grid only,1.0,20000,Cold plate,0.0,100.0,5.323164596508745,20250730,b1062f0cf9268fe1,Declared triangular-marginal stress with Gaussian-copula dependence; the latent correlation and frequencies are not fitted uncertainty or confidence.
2023 low-carbon state (VT),23.695374653003146,wide,grid only,1.0,20000,One-phase,0.0,100.0,5.323164596508745,20250730,b1062f0cf9268fe1,Declared triangular-marginal stress with Gaussian-copula dependence; the latent correlation and frequencies are not fitted uncertainty or confidence.
2023 low-carbon state (VT),23.695374653003146,wide,grid only,1.0,20000,Two-phase,100.0,100.0,5.323164596508745,20250730,b1062f0cf9268fe1,Declared triangular-marginal stress with Gaussian-copula dependence; the latent correlation and frequencies are not fitted uncertainty or confidence.
2023 low-carbon state (VT),23.695374653003146,wide,use phase only,0.0,20000,Air-cooled,0.0,84.64,5.177846244757212,20250730,401966c4347a306e,Declared triangular-marginal stress with Gaussian-copula dependence; the latent correlation and frequencies are not fitted uncertainty or confidence.
2023 low-carbon state (VT),23.695374653003146,wide,use phase only,0.0,20000,Cold plate,0.01,84.64,5.177846244757212,20250730,401966c4347a306e,Declared triangular-marginal stress with Gaussian-copula dependence; the latent correlation and frequencies are not fitted uncertainty or confidence.
2023 low-carbon state (VT),23.695374653003146,wide,use phase only,0.0,20000,One-phase,0.0,84.64,5.177846244757212,20250730,401966c4347a306e,Declared triangular-marginal stress with Gaussian-copula dependence; the latent correlation and frequencies are not fitted uncertainty or confidence.
2023 low-carbon state (VT),23.695374653003146,wide,use phase only,0.0,20000,Two-phase,99.99,84.64,5.177846244757212,20250730,401966c4347a306e,Declared triangular-marginal stress with Gaussian-copula dependence; the latent correlation and frequencies are not fitted uncertainty or confidence.
2023 low-carbon state (VT),23.695374653003146,wide,use phase only,0.5,20000,Air-cooled,0.0,93.03,5.281831436719731,20250730,ce162b9c5e97f212,Declared triangular-marginal stress with Gaussian-copula dependence; the latent correlation and frequencies are not fitted uncertainty or confidence.
2023 low-carbon state (VT),23.695374653003146,wide,use phase only,0.5,20000,Cold plate,0.0,93.03,5.281831436719731,20250730,ce162b9c5e97f212,Declared triangular-marginal stress with Gaussian-copula dependence; the latent correlation and frequencies are not fitted uncertainty or confidence.
2023 low-carbon state (VT),23.695374653003146,wide,use phase only,0.5,20000,One-phase,0.0,93.03,5.281831436719731,20250730,ce162b9c5e97f212,Declared triangular-marginal stress with Gaussian-copula dependence; the latent correlation and frequencies are not fitted uncertainty or confidence.
2023 low-carbon state (VT),23.695374653003146,wide,use phase only,0.5,20000,Two-phase,100.0,93.03,5.281831436719731,20250730,ce162b9c5e97f212,Declared triangular-marginal stress with Gaussian-copula dependence; the latent correlation and frequencies are not fitted uncertainty or confidence.
2023 low-carbon state (VT),23.695374653003146,wide,use phase only,1.0,20000,Air-cooled,0.0,100.0,5.323403368082191,20250730,29529d7b8850f105,Declared triangular-marginal stress with Gaussian-copula dependence; the latent correlation and frequencies are not fitted uncertainty or confidence.
2023 low-carbon state (VT),23.695374653003146,wide,use phase only,1.0,20000,Cold plate,0.0,100.0,5.323403368082191,20250730,29529d7b8850f105,Declared triangular-marginal stress with Gaussian-copula dependence; the latent correlation and frequencies are not fitted uncertainty or confidence.
2023 low-carbon state (VT),23.695374653003146,wide,use phase only,1.0,20000,One-phase,0.0,100.0,5.323403368082191,20250730,29529d7b8850f105,Declared triangular-marginal stress with Gaussian-copula dependence; the latent correlation and frequencies are not fitted uncertainty or confidence.
2023 low-carbon state (VT),23.695374653003146,wide,use phase only,1.0,20000,Two-phase,100.0,100.0,5.323403368082191,20250730,29529d7b8850f105,Declared triangular-marginal stress with Gaussian-copula dependence; the latent correlation and frequencies are not fitted uncertainty or confidence.
2023 low-carbon state (VT),23.695374653003146,wide,embodied only,0.0,20000,Air-cooled,13.905,51.395,25.10307204991686,20250730,fc9dfe0a076857cc,Declared triangular-marginal stress with Gaussian-copula dependence; the latent correlation and frequencies are not fitted uncertainty or confidence.
2023 low-carbon state (VT),23.695374653003146,wide,embodied only,0.0,20000,Cold plate,27.03,51.395,25.10307204991686,20250730,fc9dfe0a076857cc,Declared triangular-marginal stress with Gaussian-copula dependence; the latent correlation and frequencies are not fitted uncertainty or confidence.
2023 low-carbon state (VT),23.695374653003146,wide,embodied only,0.0,20000,One-phase,25.77,51.395,25.10307204991686,20250730,fc9dfe0a076857cc,Declared triangular-marginal stress with Gaussian-copula dependence; the latent correlation and frequencies are not fitted uncertainty or confidence.
2023 low-carbon state (VT),23.695374653003146,wide,embodied only,0.0,20000,Two-phase,33.295,51.395,25.10307204991686,20250730,fc9dfe0a076857cc,Declared triangular-marginal stress with Gaussian-copula dependence; the latent correlation and frequencies are not fitted uncertainty or confidence.
2023 low-carbon state (VT),23.695374653003146,wide,embodied only,0.5,20000,Air-cooled,9.435,52.175,16.081533636681478,20250730,70800964f1bccca3,Declared triangular-marginal stress with Gaussian-copula dependence; the latent correlation and frequencies are not fitted uncertainty or confidence.
2023 low-carbon state (VT),23.695374653003146,wide,embodied only,0.5,20000,Cold plate,27.845,52.175,16.081533636681478,20250730,70800964f1bccca3,Declared triangular-marginal stress with Gaussian-copula dependence; the latent correlation and frequencies are not fitted uncertainty or confidence.
2023 low-carbon state (VT),23.695374653003146,wide,embodied only,0.5,20000,One-phase,25.26,52.175,16.081533636681478,20250730,70800964f1bccca3,Declared triangular-marginal stress with Gaussian-copula dependence; the latent correlation and frequencies are not fitted uncertainty or confidence.
2023 low-carbon state (VT),23.695374653003146,wide,embodied only,0.5,20000,Two-phase,37.46,52.175,16.081533636681478,20250730,70800964f1bccca3,Declared triangular-marginal stress with Gaussian-copula dependence; the latent correlation and frequencies are not fitted uncertainty or confidence.
2023 low-carbon state (VT),23.695374653003146,wide,embodied only,1.0,20000,Air-cooled,0.0,97.17,5.3230302938861325,20250730,b4ff6ea1bf46598d,Declared triangular-marginal stress with Gaussian-copula dependence; the latent correlation and frequencies are not fitted uncertainty or confidence.
2023 low-carbon state (VT),23.695374653003146,wide,embodied only,1.0,20000,Cold plate,0.0,97.17,5.3230302938861325,20250730,b4ff6ea1bf46598d,Declared triangular-marginal stress with Gaussian-copula dependence; the latent correlation and frequencies are not fitted uncertainty or confidence.
2023 low-carbon state (VT),23.695374653003146,wide,embodied only,1.0,20000,One-phase,0.0,97.17,5.3230302938861325,20250730,b4ff6ea1bf46598d,Declared triangular-marginal stress with Gaussian-copula dependence; the latent correlation and frequencies are not fitted uncertainty or confidence.
2023 low-carbon state (VT),23.695374653003146,wide,embodied only,1.0,20000,Two-phase,100.0,97.17,5.3230302938861325,20250730,b4ff6ea1bf46598d,Declared triangular-marginal stress with Gaussian-copula dependence; the latent correlation and frequencies are not fitted uncertainty or confidence.
2023 low-carbon state (VT),23.695374653003146,wide,service equivalence only,0.0,20000,Air-cooled,0.0,61.76,4.430085013215979,20250730,a2a22f130d172c2f,Declared triangular-marginal stress with Gaussian-copula dependence; the latent correlation and frequencies are not fitted uncertainty or confidence.
2023 low-carbon state (VT),23.695374653003146,wide,service equivalence only,0.0,20000,Cold plate,16.995,61.76,4.430085013215979,20250730,a2a22f130d172c2f,Declared triangular-marginal stress with Gaussian-copula dependence; the latent correlation and frequencies are not fitted uncertainty or confidence.
2023 low-carbon state (VT),23.695374653003146,wide,service equivalence only,0.0,20000,One-phase,8.845,61.76,4.430085013215979,20250730,a2a22f130d172c2f,Declared triangular-marginal stress with Gaussian-copula dependence; the latent correlation and frequencies are not fitted uncertainty or confidence.
2023 low-carbon state (VT),23.695374653003146,wide,service equivalence only,0.0,20000,Two-phase,74.16,61.76,4.430085013215979,20250730,a2a22f130d172c2f,Declared triangular-marginal stress with Gaussian-copula dependence; the latent correlation and frequencies are not fitted uncertainty or confidence.
2023 low-carbon state (VT),23.695374653003146,wide,service equivalence only,0.5,20000,Air-cooled,0.0,66.405,4.5140789531404995,20250730,bf86876e192882c6,Declared triangular-marginal stress with Gaussian-copula dependence; the latent correlation and frequencies are not fitted uncertainty or confidence.
2023 low-carbon state (VT),23.695374653003146,wide,service equivalence only,0.5,20000,Cold plate,9.87,66.405,4.5140789531404995,20250730,bf86876e192882c6,Declared triangular-marginal stress with Gaussian-copula dependence; the latent correlation and frequencies are not fitted uncertainty or confidence.
2023 low-carbon state (VT),23.695374653003146,wide,service equivalence only,0.5,20000,One-phase,3.395,66.405,4.5140789531404995,20250730,bf86876e192882c6,Declared triangular-marginal stress with Gaussian-copula dependence; the latent correlation and frequencies are not fitted uncertainty or confidence.
2023 low-carbon state (VT),23.695374653003146,wide,service equivalence only,0.5,20000,Two-phase,86.735,66.405,4.5140789531404995,20250730,bf86876e192882c6,Declared triangular-marginal stress with Gaussian-copula dependence; the latent correlation and frequencies are not fitted uncertainty or confidence.
2023 low-carbon state (VT),23.695374653003146,wide,service equivalence only,1.0,20000,Air-cooled,0.0,100.0,5.323338879172557,20250730,58b119f4d8e3f635,Declared triangular-marginal stress with Gaussian-copula dependence; the latent correlation and frequencies are not fitted uncertainty or confidence.
2023 low-carbon state (VT),23.695374653003146,wide,service equivalence only,1.0,20000,Cold plate,0.0,100.0,5.323338879172557,20250730,58b119f4d8e3f635,Declared triangular-marginal stress with Gaussian-copula dependence; the latent correlation and frequencies are not fitted uncertainty or confidence.
2023 low-carbon state (VT),23.695374653003146,wide,service equivalence only,1.0,20000,One-phase,0.0,100.0,5.323338879172557,20250730,58b119f4d8e3f635,Declared triangular-marginal stress with Gaussian-copula dependence; the latent correlation and frequencies are not fitted uncertainty or confidence.
2023 low-carbon state (VT),23.695374653003146,wide,service equivalence only,1.0,20000,Two-phase,100.0,100.0,5.323338879172557,20250730,58b119f4d8e3f635,Declared triangular-marginal stress with Gaussian-copula dependence; the latent correlation and frequencies are not fitted uncertainty or confidence.
2023 low-carbon state (VT),23.695374653003146,wide,all four blocks,0.0,20000,Air-cooled,14.365,51.325,24.901601860544353,20250730,efc179f2ec39a1c5,Declared triangular-marginal stress with Gaussian-copula dependence; the latent correlation and frequencies are not fitted uncertainty or confidence.
2023 low-carbon state (VT),23.695374653003146,wide,all four blocks,0.0,20000,Cold plate,27.03,51.325,24.901601860544353,20250730,efc179f2ec39a1c5,Declared triangular-marginal stress with Gaussian-copula dependence; the latent correlation and frequencies are not fitted uncertainty or confidence.
2023 low-carbon state (VT),23.695374653003146,wide,all four blocks,0.0,20000,One-phase,26.175,51.325,24.901601860544353,20250730,efc179f2ec39a1c5,Declared triangular-marginal stress with Gaussian-copula dependence; the latent correlation and frequencies are not fitted uncertainty or confidence.
2023 low-carbon state (VT),23.695374653003146,wide,all four blocks,0.0,20000,Two-phase,32.43,51.325,24.901601860544353,20250730,efc179f2ec39a1c5,Declared triangular-marginal stress with Gaussian-copula dependence; the latent correlation and frequencies are not fitted uncertainty or confidence.
2023 low-carbon state (VT),23.695374653003146,wide,all four blocks,0.5,20000,Air-cooled,9.885,52.055,16.07477154140564,20250730,b5723f920104bf86,Declared triangular-marginal stress with Gaussian-copula dependence; the latent correlation and frequencies are not fitted uncertainty or confidence.
2023 low-carbon state (VT),23.695374653003146,wide,all four blocks,0.5,20000,Cold plate,27.845,52.055,16.07477154140564,20250730,b5723f920104bf86,Declared triangular-marginal stress with Gaussian-copula dependence; the latent correlation and frequencies are not fitted uncertainty or confidence.
2023 low-carbon state (VT),23.695374653003146,wide,all four blocks,0.5,20000,One-phase,25.52,52.055,16.07477154140564,20250730,b5723f920104bf86,Declared triangular-marginal stress with Gaussian-copula dependence; the latent correlation and frequencies are not fitted uncertainty or confidence.
2023 low-carbon state (VT),23.695374653003146,wide,all four blocks,0.5,20000,Two-phase,36.75,52.055,16.07477154140564,20250730,b5723f920104bf86,Declared triangular-marginal stress with Gaussian-copula dependence; the latent correlation and frequencies are not fitted uncertainty or confidence.
2023 low-carbon state (VT),23.695374653003146,wide,all four blocks,1.0,20000,Air-cooled,0.0,96.72,5.324022810865625,20250730,e0157259efe9cc4e,Declared triangular-marginal stress with Gaussian-copula dependence; the latent correlation and frequencies are not fitted uncertainty or confidence.
2023 low-carbon state (VT),23.695374653003146,wide,all four blocks,1.0,20000,Cold plate,0.0,96.72,5.324022810865625,20250730,e0157259efe9cc4e,Declared triangular-marginal stress with Gaussian-copula dependence; the latent correlation and frequencies are not fitted uncertainty or confidence.
2023 low-carbon state (VT),23.695374653003146,wide,all four blocks,1.0,20000,One-phase,0.0,96.72,5.324022810865625,20250730,e0157259efe9cc4e,Declared triangular-marginal stress with Gaussian-copula dependence; the latent correlation and frequencies are not fitted uncertainty or confidence.
2023 low-carbon state (VT),23.695374653003146,wide,all four blocks,1.0,20000,Two-phase,100.0,96.72,5.324022810865625,20250730,e0157259efe9cc4e,Declared triangular-marginal stress with Gaussian-copula dependence; the latent correlation and frequencies are not fitted uncertainty or confidence.
