year,state_abbreviation,net_generation_mwh,co2e_kg_per_mwh,source_file,source_field,lowest_ghg_technology,second_lowest_technology,margin_to_second_pct,cold_plate_use_multiplier_to_equal_one_phase,cold_plate_use_change_to_equal_one_phase_pct,one_phase_use_multiplier_to_equal_cold_plate,two_phase_use_increase_tolerated_before_losing_pct,two_phase_vs_air_reduction_pct
2012,AK,6928294.496,494.3179380358594,eGRID2012_Data.xlsx,ST12!STC2ERTA converted from lb/MWh,Two-phase,One-phase,5.2706643485529,0.9828788943038731,-1.7121105696126904,1.0174649911524167,5.67030261003405,20.6861151717172
2012,AL,153105216.953,454.5841777966787,eGRID2012_Data.xlsx,ST12!STC2ERTA converted from lb/MWh,Two-phase,One-phase,5.288278116685463,0.983101349611764,-1.6898650388236014,1.0172380677250938,5.723974702062917,20.68012837837381
2012,AR,65005677.87300001,561.4238710069459,eGRID2012_Data.xlsx,ST12!STC2ERTA converted from lb/MWh,Two-phase,One-phase,5.246183129252957,0.9825741506596148,-1.7425849340385158,1.0177758557160252,5.596776700156059,20.694434661622896
2012,AZ,110614113.36099999,482.790167687186,eGRID2012_Data.xlsx,ST12!STC2ERTA converted from lb/MWh,Two-phase,One-phase,5.275499920871574,0.9829396965615663,-1.7060303438433677,1.0174029676527954,5.684972452715775,20.68447168539653
2012,CA,199189655.76309997,261.2998055293646,eGRID2012_Data.xlsx,ST12!STC2ERTA converted from lb/MWh,Two-phase,One-phase,5.4397747132354235,0.9851330233657279,-1.4866976634272056,1.015165586848721,6.214159367600147,20.628598431421928
2012,CO,52547910.61299999,760.6469914145814,eGRID2012_Data.xlsx,ST12!STC2ERTA converted from lb/MWh,Two-phase,One-phase,5.197617900315077,0.9819844432964311,-1.8015556703568913,1.0183774076288115,5.454497209650722,20.710933492762507
2012,CT,35557337.401,239.68896895265962,eGRID2012_Data.xlsx,ST12!STC2ERTA converted from lb/MWh,Two-phase,One-phase,5.469632762675336,0.9855602897881997,-1.443971021180035,1.0147297385793024,6.317246513351749,20.618434636162686
2012,DC,71786.78,559.8332523955094,eGRID2012_Data.xlsx,ST12!STC2ERTA converted from lb/MWh,Two-phase,One-phase,5.246700247096703,0.982580535080344,-1.7419464919655958,1.0177693430612047,5.598317077952308,20.694258946725206
2012,DE,8633823.2578,571.4295315872655,eGRID2012_Data.xlsx,ST12!STC2ERTA converted from lb/MWh,Two-phase,One-phase,5.24299172709608,0.982534798940559,-1.746520105944105,1.0178159978328571,5.5872822578490355,20.695519072071868
2012,FL,221099929.55259997,517.6417385146392,eGRID2012_Data.xlsx,ST12!STC2ERTA converted from lb/MWh,Two-phase,One-phase,5.261489888494708,0.9827640899402897,-1.7235910059710258,1.0175821014156106,5.642603606463403,20.689233146890473
2012,GA,122014744.25300002,492.1877319826492,eGRID2012_Data.xlsx,ST12!STC2ERTA converted from lb/MWh,Two-phase,One-phase,5.271542191489309,0.9828899172096484,-1.7110082790351644,1.0174537468463973,5.672962121370495,20.685816820602774
2012,HI,10469268.697999999,670.6966419750073,eGRID2012_Data.xlsx,ST12!STC2ERTA converted from lb/MWh,Two-phase,One-phase,5.216183664706531,0.9822075933696823,-1.779240663031767,1.0181497754814395,5.508336928654778,20.70462704572531
2012,IA,56602145.65100001,639.7195546818368,eGRID2012_Data.xlsx,ST12!STC2ERTA converted from lb/MWh,Two-phase,One-phase,5.22371138949842,0.982298872561236,-1.7701127438763953,1.0180566629044143,5.530359982255262,20.702069730887086
2012,ID,15499089.316,52.13348084501698,eGRID2012_Data.xlsx,ST12!STC2ERTA converted from lb/MWh,Two-phase,Cold plate,6.110249948379365,1.0030232332857614,0.3023233285761373,0.9969160436525158,10.206583261108438,20.333288494021552
2012,IL,197522000.958,454.67638520585797,eGRID2012_Data.xlsx,ST12!STC2ERTA converted from lb/MWh,Two-phase,One-phase,5.28823397962257,0.9831007887835842,-1.68992112164158,1.017238639817771,5.723839390291929,20.680143381374194
2012,IN,114878967.34740001,867.8846107891013,eGRID2012_Data.xlsx,ST12!STC2ERTA converted from lb/MWh,Two-phase,One-phase,5.180280526212644,0.9817785567027496,-1.8221443297250395,1.0185874295515114,5.404822673635512,20.716821772631423
2012,KS,44286624.611999996,727.0757184352591,eGRID2012_Data.xlsx,ST12!STC2ERTA converted from lb/MWh,Two-phase,One-phase,5.204039097917357,0.9820613069205715,-1.7938693079428525,1.0182990001626477,5.473042199867639,20.708752444088063
2012,KY,89957452.21,945.7709144811539,eGRID2012_Data.xlsx,ST12!STC2ERTA converted from lb/MWh,Two-phase,One-phase,5.170048266028604,0.9816581606087584,-1.8341839391241566,1.018710243857647,5.375774545731171,20.7202965374073
2012,LA,103347602.39899999,525.534693645618,eGRID2012_Data.xlsx,ST12!STC2ERTA converted from lb/MWh,Two-phase,One-phase,5.258555934070408,0.9827275284461151,-1.7272471553884894,1.0176193972645826,5.6337823654750485,20.69023021073636
2012,MA,36198121.51100001,410.7054747429866,eGRID2012_Data.xlsx,ST12!STC2ERTA converted from lb/MWh,Two-phase,One-phase,5.311321389016532,0.9833965104691512,-1.660348953084878,1.016936978423135,5.795188560033893,20.6722947707664
2012,MD,37808347.212,537.3367612535643,eGRID2012_Data.xlsx,ST12!STC2ERTA converted from lb/MWh,Two-phase,One-phase,5.254318017602566,0.9826748473321035,-1.732515266789647,1.0176731365035336,5.621071922077592,20.691670363796742
2012,ME,14420135.401999999,259.2166344561971,eGRID2012_Data.xlsx,ST12!STC2ERTA converted from lb/MWh,Two-phase,One-phase,5.44246631973615,0.9851711570189395,-1.4828842981060464,1.0151266872631586,6.223359925518812,20.627682304919393
2012,MI,108166077.441,599.9605647723747,eGRID2012_Data.xlsx,ST12!STC2ERTA converted from lb/MWh,Two-phase,One-phase,5.2344377132437,0.9824297447170941,-1.75702552829059,1.0179231621197848,5.561935683729113,20.698425504653205
2012,MN,52193624.220999986,529.7696269083569,eGRID2012_Data.xlsx,ST12!STC2ERTA converted from lb/MWh,Two-phase,One-phase,5.257015119822017,0.9827083570305797,-1.7291642969420318,1.0176389537470112,5.629156852203643,20.690753825115358
2012,MO,91804321.40999998,786.4515106620867,eGRID2012_Data.xlsx,ST12!STC2ERTA converted from lb/MWh,Two-phase,One-phase,5.193035970961435,0.9819297986845562,-1.807020131544379,1.0184331498034036,5.4413130304767465,20.71248973515455
2012,MS,54584295.177999996,445.788401903682,eGRID2012_Data.xlsx,ST12!STC2ERTA converted from lb/MWh,Two-phase,One-phase,5.292565110615222,0.9831559042290442,-1.6844095770955803,1.0171824173526802,5.737137168119721,20.67867112315369
2012,MT,27795017.083,586.1233263347476,eGRID2012_Data.xlsx,ST12!STC2ERTA converted from lb/MWh,Two-phase,One-phase,5.238489276360991,0.9824794267785301,-1.7520573221469937,1.01787248217079,5.573922541668641,20.697048914891635
2012,NC,116971226.61099999,481.57895136449986,eGRID2012_Data.xlsx,ST12!STC2ERTA converted from lb/MWh,Two-phase,One-phase,5.276020351999211,0.9829462525311915,-1.70537474688085,1.0173962800034384,5.686554220345386,20.684294800218595
2012,ND,36125158.886,844.4898304874455,eGRID2012_Data.xlsx,ST12!STC2ERTA converted from lb/MWh,Two-phase,One-phase,5.183705119236404,0.9818190355890422,-1.8180964410957845,1.0185461376277591,5.414589069101305,20.715658749886202
2012,NE,34200814.916,746.8754785946351,eGRID2012_Data.xlsx,ST12!STC2ERTA converted from lb/MWh,Two-phase,One-phase,5.20018587864548,0.9820151429262325,-1.7984857073767513,1.0183460913825142,5.4619041507193655,20.71006125776368
2012,NH,19264434.942,234.1645204567588,eGRID2012_Data.xlsx,ST12!STC2ERTA converted from lb/MWh,Two-phase,One-phase,5.478015285417914,0.9856819443414458,-1.4318055658554152,1.0146056405371662,6.346598271417037,20.615580725077486
2012,NJ,65232564.118,235.30687567808639,eGRID2012_Data.xlsx,ST12!STC2ERTA converted from lb/MWh,Two-phase,One-phase,5.47625454736993,0.9856563282436094,-1.434367175639062,1.0146317711463695,6.340417840958756,20.6161802024302
2012,NM,36635909.33,803.9514215538795,eGRID2012_Data.xlsx,ST12!STC2ERTA converted from lb/MWh,Two-phase,One-phase,5.190087687448974,0.9818947258455352,-1.8105274154464834,1.0184689270968836,5.432850959324131,20.71349108097008
2012,NV,35142773.975999996,417.06387390575577,eGRID2012_Data.xlsx,ST12!STC2ERTA converted from lb/MWh,Two-phase,One-phase,5.307709339408717,0.9833499301669765,-1.6650069833023529,1.0169844943125759,5.783950067732779,20.673522796684583
2012,NY,135662526.46399996,256.046472781625,eGRID2012_Data.xlsx,ST12!STC2ERTA converted from lb/MWh,Two-phase,One-phase,5.446634578783183,0.9852303598410539,-1.4769640158946107,1.0150662953245317,6.237643870222209,20.626263537014044
2012,OH,129741418.34499998,736.578696719413,eGRID2012_Data.xlsx,ST12!STC2ERTA converted from lb/MWh,Two-phase,One-phase,5.202165272860326,0.9820388423646047,-1.7961157635395297,1.0183219159297814,5.467622146164874,20.709388927112492
2012,OK,77757667.6767,624.5843367986424,eGRID2012_Data.xlsx,ST12!STC2ERTA converted from lb/MWh,Two-phase,One-phase,5.227643800971471,0.9823467413914205,-1.765325860857947,1.0180078326062731,5.541909359446295,20.700733748469435
2012,OR,60612559.41,118.71983648454595,eGRID2012_Data.xlsx,ST12!STC2ERTA converted from lb/MWh,Two-phase,One-phase,5.784982313774267,0.9907249129203894,-0.9275087079610556,1.0094613815636881,7.563322098931691,20.510929289800796
2012,PA,223416431.35199994,483.57730055072983,eGRID2012_Data.xlsx,ST12!STC2ERTA converted from lb/MWh,Two-phase,One-phase,5.27516299422508,0.982935453487885,-1.7064546512114975,1.0174072959506062,5.6839487206085115,20.684586200281775
2012,RI,8309035.853,411.8467500008195,eGRID2012_Data.xlsx,ST12!STC2ERTA converted from lb/MWh,Two-phase,One-phase,5.310665606903653,0.9833880448976755,-1.6611955102324494,1.0169456140295934,5.793146060191368,20.672517726628627
2012,SC,96755682.345,350.47735500875496,eGRID2012_Data.xlsx,ST12!STC2ERTA converted from lb/MWh,Two-phase,One-phase,5.351339287411805,0.9839205497311037,-1.6079450268896345,1.016402413586263,5.921624219227306,20.65868692684738
2012,SD,12017721.954,254.8235470417611,eGRID2012_Data.xlsx,ST12!STC2ERTA converted from lb/MWh,Two-phase,One-phase,5.4482663253958785,0.9852535852559989,-1.4746414744001068,1.0150426034162097,6.24324749739642,20.625708118725694
2012,TN,77385936.54100001,500.37128622523164,eGRID2012_Data.xlsx,ST12!STC2ERTA converted from lb/MWh,Two-phase,One-phase,5.268207441068795,0.9828480787888085,-1.7151921211191468,1.0174964256115873,5.662867709171682,20.686950185113062
2012,TX,429697350.6938001,547.4493701801143,eGRID2012_Data.xlsx,ST12!STC2ERTA converted from lb/MWh,Two-phase,One-phase,5.250821746580492,0.9826315005199782,-1.7368499480021837,1.0177173539567572,5.610613578279833,20.692858447278585
2012,UT,39400420.758,820.9580075521128,eGRID2012_Data.xlsx,ST12!STC2ERTA converted from lb/MWh,Two-phase,One-phase,5.187337076213261,0.9818620669505441,-1.8137933049455879,1.018502241961133,5.424971303701853,20.714425267184623
2012,VA,70739234.747,372.4703163542424,eGRID2012_Data.xlsx,ST12!STC2ERTA converted from lb/MWh,Two-phase,One-phase,5.3353784460366205,0.9837097693913417,-1.6290230608658307,1.0166174275482338,5.870768962497963,20.66411487391194
2012,VT,6568121.002,3.37294715150058,eGRID2012_Data.xlsx,ST12!STC2ERTA converted from lb/MWh,Two-phase,Cold plate,4.983058176491406,1.1482038648689485,14.820386486894854,0.8488193908366745,29.676881787953,19.86921601650511
2012,WA,116834423.661,57.419739700996345,eGRID2012_Data.xlsx,ST12!STC2ERTA converted from lb/MWh,Two-phase,Cold plate,6.166059503654653,1.0010764571654727,0.10764571654726662,0.998901921686332,9.945499452520433,20.356126046018673
2012,WI,63742909.901,618.7824180242433,eGRID2012_Data.xlsx,ST12!STC2ERTA converted from lb/MWh,Two-phase,One-phase,5.229199007263974,0.9823657080290429,-1.7634291970957117,1.0179884850148182,5.5464854656745555,20.700205376215997
2012,WV,73413404.20399998,898.9368141618589,eGRID2012_Data.xlsx,ST12!STC2ERTA converted from lb/MWh,Two-phase,One-phase,5.1759980260668526,0.9817280674234077,-1.827193257659232,1.0186389329317633,5.3926410571436545,20.718276100377654
2012,WY,49588606.105000004,956.8340785430383,eGRID2012_Data.xlsx,ST12!STC2ERTA converted from lb/MWh,Two-phase,One-phase,5.168724274191483,0.9816426419904665,-1.835735800953353,1.0187260741746824,5.372030347775092,20.720746128445644
2014,AK,6045142.31,398.29764572752003,eGRID2014_Data_v2.xlsx,ST14!STC2ERTA converted from lb/MWh,Two-phase,One-phase,5.318670352607047,0.9834916450736013,-1.6508354926398683,1.0168399329954332,5.818141814301359,20.669796150119012
2014,AL,149248102.877,480.66185545686005,eGRID2014_Data_v2.xlsx,ST14!STC2ERTA converted from lb/MWh,Two-phase,One-phase,5.276416010945595,0.9829512382976296,-1.7048761702370352,1.0173911940955376,5.687757142935257,20.684160322332556
2014,AR,61592136.606,586.46953323728,eGRID2014_Data_v2.xlsx,ST14!STC2ERTA converted from lb/MWh,Two-phase,One-phase,5.238385730636219,0.9824781553475269,-1.7521844652473084,1.0178737791390826,5.573615781796448,20.69708409696621
2014,AZ,108779907.038,506.9919853506201,eGRID2014_Data_v2.xlsx,ST14!STC2ERTA converted from lb/MWh,Two-phase,One-phase,5.26558228927676,0.982815210614522,-1.718478938547796,1.0175299539586051,5.654937560451723,20.68784235919431
2014,CA,197243679.949,251.92520229800002,eGRID2014_Data_v2.xlsx,ST14!STC2ERTA converted from lb/MWh,Two-phase,One-phase,5.452187793003249,0.9853095152127826,-1.469048478721735,1.014985550079952,6.256741793469334,20.624373287276555
2014,CO,53847380.231,722.68558991013,eGRID2014_Data_v2.xlsx,ST14!STC2ERTA converted from lb/MWh,Two-phase,One-phase,5.204920482710174,0.9820718833028441,-1.7928116697155883,1.0182882113487655,5.475593977876669,20.70845306017396
2014,CT,33651815.798,244.1506290762,eGRID2014_Data_v2.xlsx,ST14!STC2ERTA converted from lb/MWh,Two-phase,One-phase,5.463099069931654,0.9854659887791717,-1.4534011220828313,1.0148259336684262,6.294494381775428,20.62065895286278
2014,DC,67612.0,537.8516886512,eGRID2014_Data_v2.xlsx,ST14!STC2ERTA converted from lb/MWh,Two-phase,One-phase,5.254137043371121,0.9826726010639417,-1.732739893605828,1.0176754278890474,5.620529961929943,20.69173186233275
2014,DE,7598247.016,474.42269240751,eGRID2014_Data_v2.xlsx,ST14!STC2ERTA converted from lb/MWh,Two-phase,One-phase,5.279145043735833,0.9829856644252832,-1.7014335574716766,1.0173560765029268,5.696063181164424,20.683232757120162
2014,FL,229963756.27,498.69079138725,eGRID2014_Data_v2.xlsx,ST14!STC2ERTA converted from lb/MWh,Two-phase,One-phase,5.2688839975619794,0.9828565592307673,-1.7143440769232687,1.0174877748359652,5.664913796835691,20.686720249949154
2014,GA,125805607.875,501.55704157328,eGRID2014_Data_v2.xlsx,ST14!STC2ERTA converted from lb/MWh,Two-phase,One-phase,5.267732580539453,0.982842128905992,-1.7157871094008015,1.017502495000597,5.661432172923453,20.68711157088947
2014,HI,10204158.502,607.2962269058299,eGRID2014_Data_v2.xlsx,ST14!STC2ERTA converted from lb/MWh,Two-phase,One-phase,5.232359855188484,0.9824043181879458,-1.7595681812054176,1.0179490993527236,5.555800990763804,20.699131474898923
2014,IA,56846167.863,611.8339649753101,eGRID2014_Data_v2.xlsx,ST14!STC2ERTA converted from lb/MWh,Two-phase,One-phase,5.23109786035556,0.9823888928150993,-1.7611107184900665,1.017964834551435,5.552079290262002,20.699560242423054
2014,ID,15102586.656,66.88763806493999,eGRID2014_Data_v2.xlsx,ST14!STC2ERTA converted from lb/MWh,Two-phase,One-phase,6.134415688335193,0.9983128108296885,-0.16871891703115205,1.0017210771579204,9.39406445682418,20.39146387173105
2014,IL,202134056.529,452.11320528143006,eGRID2014_Data_v2.xlsx,ST14!STC2ERTA converted from lb/MWh,Two-phase,One-phase,5.289467035798401,0.9831164630856121,-1.688353691438793,1.0172226506900188,5.727621150272855,20.679724240740438
2014,IN,115023340.266,899.4147027019,eGRID2014_Data_v2.xlsx,ST14!STC2ERTA converted from lb/MWh,Two-phase,One-phase,5.175934326296616,0.9817273175125094,-1.8272682487490588,1.0186396979049743,5.392460125130238,20.718297732278522
2014,KS,49727761.916,643.6570984697701,eGRID2014_Data_v2.xlsx,ST14!STC2ERTA converted from lb/MWh,Two-phase,One-phase,5.222716797708915,0.982286785710585,-1.771321428941497,1.0180689925251425,5.527443771504292,20.702407622561125
2014,KY,90896434.998,945.41305135123,eGRID2014_Data_v2.xlsx,ST14!STC2ERTA converted from lb/MWh,Two-phase,One-phase,5.170091588886905,0.9816586686306948,-1.8341331369305158,1.0187097256318511,5.375897116868633,20.720281826075706
2014,LA,103522968.665,444.35405420021004,eGRID2014_Data_v2.xlsx,ST14!STC2ERTA converted from lb/MWh,Two-phase,One-phase,5.293278903819321,0.98316500345075,-1.6834996549250025,1.017173135368829,5.73933254960739,20.67842848199727
2014,MA,31014178.671,406.21600773061004,eGRID2014_Data_v2.xlsx,ST14!STC2ERTA converted from lb/MWh,Two-phase,One-phase,5.313933460799292,0.9834302685470133,-1.656973145298668,1.01690254229841,5.803333416989265,20.671406693977456
2014,MD,37819444.988,530.55384101027,eGRID2014_Data_v2.xlsx,ST14!STC2ERTA converted from lb/MWh,Two-phase,One-phase,5.256732296746391,0.9827048402344818,-1.7295159765518209,1.017642541179612,5.628308350068045,20.690849936033405
2014,ME,13245795.392,161.61450783863,eGRID2014_Data_v2.xlsx,ST14!STC2ERTA converted from lb/MWh,Two-phase,One-phase,5.630297641842841,0.9880315772021341,-1.1968422797865919,1.0122088141959427,6.91349735927731,20.563698972208588
2014,MI,106747581.842,581.68594810326,eGRID2014_Data_v2.xlsx,ST14!STC2ERTA converted from lb/MWh,Two-phase,One-phase,5.239826613346721,0.9824958559127823,-1.7504144087217677,1.0178557230496532,5.577886421037936,20.696594520660383
2014,MN,56981323.968,548.82227371202,eGRID2014_Data_v2.xlsx,ST14!STC2ERTA converted from lb/MWh,Two-phase,One-phase,5.250356313779303,0.9826257378968495,-1.7374262103150517,1.0177232323248804,5.609223222428894,20.69301660539413
2014,MO,87833977.052,797.34235808843,eGRID2014_Data_v2.xlsx,ST14!STC2ERTA converted from lb/MWh,Two-phase,One-phase,5.1911866975479,0.9819077915866427,-1.8092208413357347,1.0184555989242239,5.4360033482952375,20.713117819565095
2014,MS,55127091.661,449.66698163002,eGRID2014_Data_v2.xlsx,ST14!STC2ERTA converted from lb/MWh,Two-phase,One-phase,5.290655816848333,0.9831315872649299,-1.6868412735070115,1.0172072227344497,5.731270181405934,20.679320145919945
2014,MT,30257616.001,590.77866075228,eGRID2014_Data_v2.xlsx,ST14!STC2ERTA converted from lb/MWh,Two-phase,One-phase,5.237106410626913,0.9824624540589693,-1.753754594103074,1.0178897957954018,5.569827510739067,20.697518773196254
2014,NC,126271599.062,447.50742835645,eGRID2014_Data_v2.xlsx,ST14!STC2ERTA converted from lb/MWh,Two-phase,One-phase,5.2917151591656,0.9831450751806803,-1.6854924819319717,1.017193463907571,5.734524429022203,20.67896004691958
2014,ND,36462507.669,826.5868189594399,eGRID2014_Data_v2.xlsx,ST14!STC2ERTA converted from lb/MWh,Two-phase,One-phase,5.186450406754317,0.9818515520540594,-1.8148447945940616,1.0185129680542564,5.422434360451733,20.714726400790518
2014,NE,39431137.998,636.7393612349,eGRID2014_Data_v2.xlsx,ST14!STC2ERTA converted from lb/MWh,Two-phase,One-phase,5.224471833939259,0.9823081194171712,-1.7691880582828778,1.0180472303210308,5.532590983652486,20.701811383915125
2014,NH,19538394.984,174.42350277506,eGRID2014_Data_v2.xlsx,ST14!STC2ERTA converted from lb/MWh,Two-phase,One-phase,5.595992040933617,0.9874780400884853,-1.2521959911514724,1.012773469362729,6.779944713638697,20.575392616737233
2014,NJ,66819245.204,252.4513694472,eGRID2014_Data_v2.xlsx,ST14!STC2ERTA converted from lb/MWh,Two-phase,One-phase,5.451470153399374,0.9852992678296997,-1.4700732170300324,1.0149960032865415,6.254269393538281,20.62461756854308
2014,NM,32305545.001,767.7010038936701,eGRID2014_Data_v2.xlsx,ST14!STC2ERTA converted from lb/MWh,Two-phase,One-phase,5.196336365110454,0.9819691426226722,-1.8030857377327791,1.0183930156237955,5.450805595465957,20.711368769576023
2014,NV,35801018.998,439.28016994939003,eGRID2014_Data_v2.xlsx,ST14!STC2ERTA converted from lb/MWh,Two-phase,One-phase,5.295838027728728,0.983197663488961,-1.6802336511039018,1.0171398193383974,5.747212481055897,20.677558541668816
2014,NY,133648655.493,237.61028069317,eGRID2014_Data_v2.xlsx,ST14!STC2ERTA converted from lb/MWh,Two-phase,One-phase,5.472747999471861,0.9856054126977901,-1.4394587302209882,1.014683709354861,6.328133378579226,20.61737404757167
2014,OH,134484232.266,730.43476195921,eGRID2014_Data_v2.xlsx,ST14!STC2ERTA converted from lb/MWh,Two-phase,One-phase,5.203371484000541,0.9820532999087359,-1.794670009126409,1.01830716799908,5.471110337327745,20.708979213987977
2014,OK,70003762.499,618.21646321358,eGRID2014_Data_v2.xlsx,ST14!STC2ERTA converted from lb/MWh,Two-phase,One-phase,5.229352174720492,0.9823675770781362,-1.7632422921863844,1.0179865784249953,5.546936413668924,20.70015333808646
2014,OR,60110811.966,141.43282252022,eGRID2014_Data_v2.xlsx,ST14!STC2ERTA converted from lb/MWh,Two-phase,One-phase,5.6940672155674,0.989101217793723,-1.0898782206277047,1.0111176893702494,7.171570986802367,20.541952882217075
2014,PA,221043691.598,451.56980162217,eGRID2014_Data_v2.xlsx,ST14!STC2ERTA converted from lb/MWh,Two-phase,One-phase,5.289730093448108,0.9831198087431201,-1.6880191256879895,1.017219237833407,5.728428361570126,20.679634821572744
2014,RI,6239678.499,405.35917174368,eGRID2014_Data_v2.xlsx,ST14!STC2ERTA converted from lb/MWh,Two-phase,One-phase,5.314437944043937,0.9834367955284093,-1.6563204471590653,1.0168958842195244,5.804908190589719,20.671235172717097
2014,SC,97158465.241,334.65047155386003,eGRID2014_Data_v2.xlsx,ST14!STC2ERTA converted from lb/MWh,Two-phase,One-phase,5.363978388615309,0.9840891615253179,-1.591083847468211,1.0162304151449,5.962305414124525,20.654388106896604
2014,SD,10995239.493,282.49052415044997,eGRID2014_Data_v2.xlsx,ST14!STC2ERTA converted from lb/MWh,Two-phase,One-phase,5.414358236729222,0.9847765997664124,-1.5223400233587592,1.0155291693835784,6.128164565295258,20.637248247601303
2014,TN,79506885.795,486.66696484329,eGRID2014_Data_v2.xlsx,ST14!STC2ERTA converted from lb/MWh,Two-phase,One-phase,5.273850182393303,0.9829189300428167,-1.7081069957183281,1.017424151276836,5.679962086741508,20.68503239661279
2014,TX,438052226.109,539.97359375806,eGRID2014_Data_v2.xlsx,ST14!STC2ERTA converted from lb/MWh,Two-phase,One-phase,5.253394666031763,0.9826633895236689,-1.733661047633106,1.0176848244474368,5.618307481190166,20.691984135479835
2014,UT,43784525.997,809.13485252369,eGRID2014_Data_v2.xlsx,ST14!STC2ERTA converted from lb/MWh,Two-phase,One-phase,5.189237684820247,0.9818846270640107,-1.8115372935989305,1.0184792287171822,5.430414412691498,20.71377976851433
2014,VA,77345531.756,400.80102201755,eGRID2014_Data_v2.xlsx,ST14!STC2ERTA converted from lb/MWh,Two-phase,One-phase,5.317154481421826,0.9834719815892877,-1.6528018410712275,1.0168599914300727,5.813397578932511,20.670311553643128
2014,VT,7024733.008,10.418563146530001,eGRID2014_Data_v2.xlsx,ST14!STC2ERTA converted from lb/MWh,Two-phase,Cold plate,5.275400110443362,1.0675914077603401,6.759140776034012,0.9310509870410547,18.865876299333696,19.990093661381014
2014,WA,116272503.358,102.43794006369,eGRID2014_Data_v2.xlsx,ST14!STC2ERTA converted from lb/MWh,Two-phase,One-phase,5.86774314932661,0.9923142727077227,-0.7685727292277345,1.0078400987378915,7.946789077452343,20.48266716185678
2014,WI,61008457.569,691.955160435,eGRID2014_Data_v2.xlsx,ST14!STC2ERTA converted from lb/MWh,Two-phase,One-phase,5.211385280227243,0.9821496514903022,-1.78503485096978,1.0182088811507044,5.494357213304735,20.706257064382694
2014,WV,80357567.778,903.2575372605401,eGRID2014_Data_v2.xlsx,ST14!STC2ERTA converted from lb/MWh,Two-phase,One-phase,5.175424439961129,0.9817213159809067,-1.8278684019093272,1.0186458199801607,5.39101212750972,20.718470884921448
2014,WY,49696183.631,912.96486757091,eGRID2014_Data_v2.xlsx,ST14!STC2ERTA converted from lb/MWh,Two-phase,One-phase,5.17415469803113,0.9817063795618466,-1.8293620438153413,1.018661056404219,5.387408397547211,20.718902074148872
2016,AK,6335033.511,421.84680080081006,egrid2016_data.xlsx,ST16!STC2ERTA converted from lb/MWh,Two-phase,One-phase,5.3050575306543335,0.9833158076048414,-1.6684192395158615,1.0170193022424119,5.775717271165526,20.67442433537121
2016,AL,142863240.209,416.15648451916,egrid2016_data.xlsx,ST16!STC2ERTA converted from lb/MWh,Two-phase,One-phase,5.3082186728537595,0.9833564913231668,-1.6643508676833174,1.016977801372479,5.785533086731998,20.67334963562034
2016,AR,60445059.072,509.19961941541004,egrid2016_data.xlsx,ST16!STC2ERTA converted from lb/MWh,Two-phase,One-phase,5.264720965985292,0.9828044393515764,-1.7195560648423647,1.0175409415674304,5.652338763319964,20.688135080871717
2016,AZ,108734630.779,425.04870934064,egrid2016_data.xlsx,ST16!STC2ERTA converted from lb/MWh,Two-phase,One-phase,5.303312635752544,0.9832933892831408,-1.6706610716859194,1.0170421708466424,5.770308372466437,20.67501753826103
2016,CA,197323836.964,205.95769792983003,egrid2016_data.xlsx,ST16!STC2ERTA converted from lb/MWh,Two-phase,One-phase,5.526635834872118,0.9864027606266127,-1.3597239373387304,1.0138703463180665,6.520510588278405,20.599023340122912
2016,CO,54418479.931,670.38457527965,egrid2016_data.xlsx,ST16!STC2ERTA converted from lb/MWh,Two-phase,One-phase,5.216256235761452,0.9822084711291803,-1.7791528870819695,1.0181488800917293,5.508548706872185,20.704602392710857
2016,CT,36496559.656,227.76460470995002,egrid2016_data.xlsx,ST16!STC2ERTA converted from lb/MWh,Two-phase,One-phase,5.488155354785684,0.9858301207448567,-1.4169879255143347,1.0144544879410373,6.382348992025988,20.612128165948196
2016,DC,76473.999,219.10416558954,egrid2016_data.xlsx,ST16!STC2ERTA converted from lb/MWh,Two-phase,One-phase,5.502668292106838,0.9860441546969944,-1.3955845303005643,1.0142361550163566,6.4339892521994235,20.60718618074191
2016,DE,8731261.003,403.39647755869004,egrid2016_data.xlsx,ST16!STC2ERTA converted from lb/MWh,Two-phase,One-phase,5.315600842803736,0.983451849835639,-1.6548150164360953,1.016880527539457,5.808540363589887,20.67083979132739
2016,FL,238226428.16,466.7315801817901,egrid2016_data.xlsx,ST16!STC2ERTA converted from lb/MWh,Two-phase,One-phase,5.282601271336995,0.9830293572095958,-1.6970642790404167,1.017311506128502,5.706604998138154,20.682057996056557
2016,GA,132902274.317,456.97072597176003,egrid2016_data.xlsx,ST16!STC2ERTA converted from lb/MWh,Two-phase,One-phase,5.287140996163009,0.9830869062445903,-1.6913093755409725,1.0172528011940867,5.720489931393669,20.68051490476658
2016,HI,9948844.667,695.3035793103401,egrid2016_data.xlsx,ST16!STC2ERTA converted from lb/MWh,Two-phase,One-phase,5.210654710959028,0.9821408461134441,-1.78591538865559,1.0182178633876962,5.492232728159596,20.70650523401908
2016,IA,54396530.724,455.34777247190004,egrid2016_data.xlsx,ST16!STC2ERTA converted from lb/MWh,Two-phase,One-phase,5.287913099001096,0.983096712025307,-1.6903287974692982,1.0172427984596548,5.722855785326475,20.680252454435145
2016,ID,15660938.441,85.85278864701,egrid2016_data.xlsx,ST16!STC2ERTA converted from lb/MWh,Two-phase,One-phase,5.973706984745153,0.9945237518123707,-0.5476248187629262,1.0055862412067824,8.479873079650147,20.44645205305251
2016,IL,187437381.035,370.14997120717004,egrid2016_data.xlsx,ST16!STC2ERTA converted from lb/MWh,Two-phase,One-phase,5.336982013012248,0.9837308390844515,-1.626916091554853,1.0165959346604334,5.875852475758836,20.663569568009375
2016,IN,101397209.392,827.76298397485,egrid2016_data.xlsx,ST16!STC2ERTA converted from lb/MWh,Two-phase,One-phase,5.186266582724164,0.9818493728900645,-1.8150627109935535,1.0185151909877848,5.421908590616931,20.714788831427644
2016,KS,47599990.322,546.15061465272,egrid2016_data.xlsx,ST16!STC2ERTA converted from lb/MWh,Two-phase,One-phase,5.251264042039883,0.9826369783753345,-1.736302162466552,1.017711766076101,5.611935227826392,20.692708150848482
2016,KY,80273501.005,892.7078859190801,egrid2016_data.xlsx,ST16!STC2ERTA converted from lb/MWh,Two-phase,One-phase,5.176834263207608,0.98173791505116,-1.8262084948839963,1.0186288875097782,5.395017007567127,20.71799212025336
2016,LA,106842115.053,400.12925171758,egrid2016_data.xlsx,ST16!STC2ERTA converted from lb/MWh,Two-phase,One-phase,5.31755957402853,0.983477234301345,-1.6522765698654962,1.0168546332148247,5.81466490785183,20.670173820856107
2016,MA,31951671.137,375.35403646818,egrid2016_data.xlsx,ST16!STC2ERTA converted from lb/MWh,Two-phase,One-phase,5.333410382794002,0.9836839429957257,-1.6316057004274298,1.0166437726791464,5.8645377932109,20.664784119468706
2016,MD,37166746.524,462.41655596598,egrid2016_data.xlsx,ST16!STC2ERTA converted from lb/MWh,Two-phase,One-phase,5.284586503160171,0.9830545012840953,-1.6945498715904672,1.0172858570234464,5.712671542889636,20.68138320617001
2016,ME,11514427.426,157.67777965940002,egrid2016_data.xlsx,ST16!STC2ERTA converted from lb/MWh,Two-phase,One-phase,5.641725114014018,0.9882192945966275,-1.1780705403372504,1.0120173264093377,6.958788188110221,20.55980296039489
2016,MI,112121789.925,501.6799651055501,egrid2016_data.xlsx,ST16!STC2ERTA converted from lb/MWh,Two-phase,One-phase,5.267683471720974,0.9828415136957913,-1.7158486304208687,1.017503122567584,5.661283740328948,20.687128260941602
2016,MN,60036475.896,462.79258404071004,egrid2016_data.xlsx,ST16!STC2ERTA converted from lb/MWh,Two-phase,One-phase,5.284412152497908,0.9830522916513998,-1.6947708348600155,1.0172881110376533,5.712138421830382,20.681442469262223
2016,MO,78611512.544,770.63302497335,egrid2016_data.xlsx,ST16!STC2ERTA converted from lb/MWh,Two-phase,One-phase,5.195810236508636,0.9819628648112475,-1.8037135188752496,1.0183994195280137,5.449290939440332,20.71154746916003
2016,MS,62881294.963,427.75075908873004,egrid2016_data.xlsx,ST16!STC2ERTA converted from lb/MWh,Two-phase,One-phase,5.301858645615831,0.983274729295323,-1.6725270704676998,1.017061205629087,5.7658062520499875,20.67551183698675
2016,MT,27783529.992,571.56176640486,egrid2016_data.xlsx,ST16!STC2ERTA converted from lb/MWh,Two-phase,One-phase,5.242950246356903,0.982534288024655,-1.7465711975344966,1.0178165190107473,5.587158988480145,20.69553316666781
2016,NC,130768152.699,395.83101041946003,egrid2016_data.xlsx,ST16!STC2ERTA converted from lb/MWh,Two-phase,One-phase,5.320180928491158,0.9835112606468884,-1.648873935311157,1.0168199234341355,5.822874490112251,20.669282540360744
2016,ND,37856451.758,759.6869339005101,egrid2016_data.xlsx,ST16!STC2ERTA converted from lb/MWh,Two-phase,One-phase,5.197794061865824,0.9819865475776497,-1.8013452422350307,1.0183752610821155,5.455004912417127,20.71087365865335
2016,NE,37197843.2,585.4557542903301,egrid2016_data.xlsx,ST16!STC2ERTA converted from lb/MWh,Two-phase,One-phase,5.238689260544072,0.9824818826247903,-1.7518117375209696,1.0178699769977033,5.574515067006547,20.69698096551369
2016,NH,19282493.05,143.69443407704,egrid2016_data.xlsx,ST16!STC2ERTA converted from lb/MWh,Two-phase,One-phase,5.686231623784588,0.9889668325645751,-1.1033167435424929,1.0112547737898971,7.139147681399871,20.544625542346783
2016,NJ,77598196.669,253.93189494287998,egrid2016_data.xlsx,ST16!STC2ERTA converted from lb/MWh,Two-phase,One-phase,5.449464553958783,0.9852706579185119,-1.4729342081488128,1.0150251878412446,6.247366641696717,20.62530025752408
2016,NM,32922552.001,717.8561919467401,egrid2016_data.xlsx,ST16!STC2ERTA converted from lb/MWh,Two-phase,One-phase,5.205901820678238,0.9820836664861757,-1.7916333513824267,1.0182761914946574,5.4784369224041285,20.708119722057884
2016,NV,39228694.003,349.96420355743004,egrid2016_data.xlsx,ST16!STC2ERTA converted from lb/MWh,Two-phase,One-phase,5.351733074173826,0.9839257802480706,-1.6074219751929353,1.016397078011904,5.922886193107257,20.658552998848467
2016,NY,134090832.639,211.31779896612,egrid2016_data.xlsx,ST16!STC2ERTA converted from lb/MWh,Two-phase,One-phase,5.516563445838507,0.9862512681222532,-1.3748731877746834,1.0140248816205906,6.483959787523141,20.602453988304248
2016,OH,118922077.758,669.20024560158,egrid2016_data.xlsx,ST16!STC2ERTA converted from lb/MWh,Two-phase,One-phase,5.216532230857451,0.9822118097311499,-1.7788190268850146,1.0181454744323697,5.509354215870199,20.704508634651773
2016,OK,78655008.003,475.50587098707,egrid2016_data.xlsx,ST16!STC2ERTA converted from lb/MWh,Two-phase,One-phase,5.278666537591836,0.9829796234876333,-1.7020376512366653,1.0173622387756491,5.694605675993802,20.68339539713503
2016,OR,60181811.826,139.32633955394,egrid2016_data.xlsx,ST16!STC2ERTA converted from lb/MWh,Two-phase,One-phase,5.701541100571461,0.9892301931488114,-1.0769806851188557,1.0109861234845243,7.202689044597443,20.539403429940617
2016,PA,215066508.488,390.11030344902,egrid2016_data.xlsx,ST16!STC2ERTA converted from lb/MWh,Two-phase,One-phase,5.323750679670636,0.9835576982439692,-1.6442301756030786,1.0167725531160876,5.8340785517629,20.668068765546433
2016,RI,6564885.1,395.3919330053,egrid2016_data.xlsx,ST16!STC2ERTA converted from lb/MWh,Two-phase,One-phase,5.320451607083521,0.9835147777358706,-1.6485222264129407,1.0168163357027677,5.823723062912434,20.669190506435676
2016,SC,96985763.86,287.03415892074,egrid2016_data.xlsx,ST16!STC2ERTA converted from lb/MWh,Two-phase,One-phase,5.409334685698264,0.9847069284361627,-1.5293071563837302,1.0156002400952477,6.111354869521368,20.63895765534307
2016,SD,10289415.719,234.30858183194002,egrid2016_data.xlsx,ST16!STC2ERTA converted from lb/MWh,Two-phase,One-phase,5.477792438277951,0.9856787004007029,-1.4321299599297066,1.0146089496339838,6.345815601460836,20.615656598200605
2016,TN,79340633.31,452.86979735459005,egrid2016_data.xlsx,ST16!STC2ERTA converted from lb/MWh,Two-phase,One-phase,5.289101737262758,0.983111818105262,-1.6888181894737953,1.0172273889669827,5.726500449601879,20.679848413533307
2016,TX,453941342.056,478.35942058674004,egrid2016_data.xlsx,ST16!STC2ERTA converted from lb/MWh,Two-phase,One-phase,5.277415486194559,0.9829638389227666,-1.703616107723338,1.0173783403809213,5.690797312749107,20.683820615311145
2016,UT,38133928.003,743.15848153008,egrid2016_data.xlsx,ST16!STC2ERTA converted from lb/MWh,Two-phase,One-phase,5.200894425325542,0.9820236227839055,-1.7976377216094463,1.0183374412029136,5.463950097411918,20.70982059066777
2016,VA,92554816.451,371.4830791826,egrid2016_data.xlsx,ST16!STC2ERTA converted from lb/MWh,Two-phase,One-phase,5.336058516236597,0.9837187021071392,-1.6281297892860813,1.0166083154146406,5.872924170880722,20.66388361146274
2016,VT,1911207.085,30.311310125250003,egrid2016_data.xlsx,ST16!STC2ERTA converted from lb/MWh,Two-phase,Cold plate,5.793564564076004,1.017362166696922,1.7362166696921921,0.9822891060232684,12.129589870374136,20.203450815475232
2016,WA,114086582.682,85.24361409410001,egrid2016_data.xlsx,ST16!STC2ERTA converted from lb/MWh,Two-phase,One-phase,5.9781247367620916,0.9946204973985837,-0.5379502601416286,1.0054875524399915,8.50321501765945,20.44494148792787
2016,WI,64966610.542,633.4372087813,egrid2016_data.xlsx,ST16!STC2ERTA converted from lb/MWh,Two-phase,One-phase,5.225322267860766,0.9823184661765376,-1.768153382346238,1.0180366757421389,5.535087360233404,20.70152246268312
2016,WV,75942967.562,902.90237443483,egrid2016_data.xlsx,ST16!STC2ERTA converted from lb/MWh,Two-phase,One-phase,5.1754713907966154,0.9817218685225305,-1.8278131477469484,1.0186452563404784,5.391145439972234,20.71845494088732
2016,WY,46656629.978,925.76705862179,egrid2016_data.xlsx,ST16!STC2ERTA converted from lb/MWh,Two-phase,One-phase,5.1725190874881255,0.9816871579246156,-1.8312842075384417,1.0186806641170696,5.382770767219602,20.719457501085003
2018,AK,6244300.149,413.66943755445004,egrid2018_data.xlsx,ST18!STC2ERTA converted from lb/MWh,Two-phase,One-phase,5.309625093674719,0.9833746207390314,-1.6625379260968631,1.0169593078187744,5.789907195338051,20.672871482598776
2018,AL,143221259.248,393.85334768626,egrid2018_data.xlsx,ST18!STC2ERTA converted from lb/MWh,Two-phase,One-phase,5.321404403823515,0.9835271633036771,-1.6472836696322934,1.0168037013650097,5.8267113455541475,20.6688665425682
2018,AR,67999351.643,552.99441633128,egrid2018_data.xlsx,ST18!STC2ERTA converted from lb/MWh,Two-phase,One-phase,5.248955081501849,0.9826084000106688,-1.7391599989331152,1.0177409184506554,5.605040087256774,20.693492752505847
2018,AZ,111639090.046,441.00291377065,egrid2018_data.xlsx,ST18!STC2ERTA converted from lb/MWh,Two-phase,One-phase,5.294963096567651,0.9831864909155361,-1.6813509084463885,1.0171512163182117,5.744516859203785,20.677855965092718
2018,CA,195212859.582,191.42913431873,egrid2018_data.xlsx,ST18!STC2ERTA converted from lb/MWh,Two-phase,One-phase,5.556262599914286,0.9868551153011816,-1.314488469881836,1.0134089058872133,6.62965081043525,20.58893076737548
2018,CO,55375731.38,622.0429684469,egrid2018_data.xlsx,ST18!STC2ERTA converted from lb/MWh,Two-phase,One-phase,5.228321671049807,0.9823550059459302,-1.764499405406983,1.017999402054301,5.543903359654356,20.700503446935613
2018,CT,39453552.523,231.09760144471002,egrid2018_data.xlsx,ST18!STC2ERTA converted from lb/MWh,Two-phase,One-phase,5.482815240963701,0.9857519467195682,-1.4248053280431772,1.0145342321283721,6.363487839557491,20.613946441309217
2018,DC,74889.001,199.6123942659,egrid2018_data.xlsx,ST18!STC2ERTA converted from lb/MWh,Two-phase,One-phase,5.5391370874109835,0.9865923948448702,-1.3407605155129843,1.0136769032073911,6.566263891765023,20.59476501050279
2018,DE,6240644.191,408.40821965482,egrid2018_data.xlsx,ST18!STC2ERTA converted from lb/MWh,Two-phase,One-phase,5.312651478557462,0.9834136926733567,-1.6586307326643346,1.0169194511062811,5.799334133605916,20.671842556870047
2018,FL,243456187.354,429.88037526588005,egrid2018_data.xlsx,ST18!STC2ERTA converted from lb/MWh,Two-phase,One-phase,5.30072441784053,0.9832601861339243,-1.6739813866075703,1.017076040896719,5.762297403893535,20.675897424970536
2018,GA,129232893.261,422.68367872346,egrid2018_data.xlsx,ST18!STC2ERTA converted from lb/MWh,Two-phase,One-phase,5.304599149302769,0.9833099157041012,-1.66900842958988,1.017025312484748,5.774295724330969,20.674580169766365
2018,HI,9796772.998,691.62993470571,egrid2018_data.xlsx,ST18!STC2ERTA converted from lb/MWh,Two-phase,One-phase,5.211456594365549,0.9821505112552072,-1.7849488744792752,1.0182080041170172,5.494564649942424,20.70623283934979
2018,IA,63191960.4,488.68318292794004,egrid2018_data.xlsx,ST18!STC2ERTA converted from lb/MWh,Two-phase,One-phase,5.273001724220139,0.982908259047953,-1.7091740952047019,1.017435036603648,5.677387481425011,20.685320766513605
2018,ID,18172119.496,72.89002589715,egrid2018_data.xlsx,ST18!STC2ERTA converted from lb/MWh,Two-phase,One-phase,6.077816206648579,0.9969120851466987,-0.3087914853301288,1.003149937074714,9.056109482957876,20.41083865208505
2018,IL,187990218.418,371.28485931691,egrid2018_data.xlsx,ST18!STC2ERTA converted from lb/MWh,Two-phase,One-phase,5.336195453985226,0.9837205013009984,-1.6279498699001582,1.0166064800831267,5.873358264808637,20.663837044696475
2018,IN,113451149.922,793.11714516188,egrid2018_data.xlsx,ST18!STC2ERTA converted from lb/MWh,Two-phase,One-phase,5.19189841561849,0.9819162580875378,-1.8083741912462203,1.0184469623696786,5.4380460723798985,20.712876093899613
2018,KS,51683745.199,452.05015594200006,egrid2018_data.xlsx,ST18!STC2ERTA converted from lb/MWh,Two-phase,One-phase,5.289497527840248,0.9831168508626054,-1.6883149137394637,1.0172222551243424,5.727714709750753,20.679713875825012
2018,KY,78804496.998,832.6418235065701,egrid2018_data.xlsx,ST18!STC2ERTA converted from lb/MWh,Two-phase,One-phase,5.185509342355643,0.9818403989198873,-1.815960108011272,1.0185243452043715,5.419743428734436,20.715046005683025
2018,LA,101862424.388,380.75858955673,egrid2018_data.xlsx,ST18!STC2ERTA converted from lb/MWh,Two-phase,One-phase,5.32979422033153,0.9836365821726952,-1.6363417827304771,1.016692084766571,5.8531109835908035,20.66601377646502
2018,MA,27123442.981,332.86558557791,egrid2018_data.xlsx,ST18!STC2ERTA converted from lb/MWh,Two-phase,One-phase,5.365470726734944,0.9841091702089572,-1.5890829791042838,1.016210004577444,5.967132936200037,20.653880501062016
2018,MD,43783522.967,381.54557231868,egrid2018_data.xlsx,ST18!STC2ERTA converted from lb/MWh,Two-phase,One-phase,5.3292753501244405,0.9836297964148444,-1.6370203585155618,1.0166990068195583,5.851473774646165,20.666190212418535
2018,ME,11280700.003,121.66299907377001,egrid2018_data.xlsx,ST18!STC2ERTA converted from lb/MWh,Two-phase,One-phase,5.771778915469961,0.9904814797848979,-0.9518520215102133,1.0097097041681407,7.504588658157174,20.51543628096293
2018,MI,115834924.306,506.10203712068,egrid2018_data.xlsx,ST18!STC2ERTA converted from lb/MWh,Two-phase,One-phase,5.265931470657992,0.9828195791135151,-1.718042088648486,1.0175254977162562,5.655991554092954,20.687723688898487
2018,MN,61425572.326,455.00168149359,egrid2018_data.xlsx,ST18!STC2ERTA converted from lb/MWh,Two-phase,One-phase,5.288078400334206,0.9830988120500724,-1.6901187949927565,1.0172406562549048,5.723362461132653,20.680196265593697
2018,MO,81304229.764,776.95519542641,egrid2018_data.xlsx,ST18!STC2ERTA converted from lb/MWh,Two-phase,One-phase,5.194688590237528,0.9819494886335729,-1.8050511366427102,1.018413064372505,5.446063651020228,20.711928433636295
2018,MS,63473771.44,417.08589528529006,egrid2018_data.xlsx,ST18!STC2ERTA converted from lb/MWh,Two-phase,One-phase,5.30769700344671,0.9833497712859042,-1.6650228714095827,1.016984656384849,5.783911734282299,20.67352699060421
2018,MT,28195174.001,528.8574055464701,egrid2018_data.xlsx,ST18!STC2ERTA converted from lb/MWh,Two-phase,One-phase,5.257345085669662,0.9827124608908686,-1.728753910913139,1.0176347674587594,5.630146996107999,20.69064169351599
2018,NC,134162507.279,364.72183131538,egrid2018_data.xlsx,ST18!STC2ERTA converted from lb/MWh,Two-phase,One-phase,5.340804801916965,0.9837811639180509,-1.6218836081949073,1.016544599028894,5.8879944162048,20.662269567527915
2018,ND,42612541.996,688.0315864345,egrid2018_data.xlsx,ST18!STC2ERTA converted from lb/MWh,Two-phase,One-phase,5.212249865455587,0.9821600777414298,-1.7839922258570229,1.018198245483422,5.496872768969996,20.705963368387913
2018,NE,36966215.818,642.97852428425,egrid2018_data.xlsx,ST18!STC2ERTA converted from lb/MWh,Two-phase,One-phase,5.222887384650199,0.9822888582022795,-1.7711141797720487,1.0180668784064781,5.527943804369362,20.70234966943474
2018,NH,17063035.358,138.71535063155,egrid2018_data.xlsx,ST18!STC2ERTA converted from lb/MWh,Two-phase,One-phase,5.703741500905424,0.9892683137162139,-1.0731686283786068,1.0109472372476056,7.21188644528532,20.53865280979782
2018,NJ,74975548.734,227.76732626417,egrid2018_data.xlsx,ST18!STC2ERTA converted from lb/MWh,Two-phase,One-phase,5.488150940504455,0.9858300559957486,-1.4169944004251422,1.0144545539906615,6.382333369921422,20.612129669017754
2018,NM,32534843.004,608.0042845954,egrid2018_data.xlsx,ST18!STC2ERTA converted from lb/MWh,Two-phase,One-phase,5.232161776467037,0.982401896194642,-1.7598103805357979,1.0179515699929016,5.5552166331742425,20.699198773201477
2018,NV,39607668.204,338.6611352894,egrid2018_data.xlsx,ST18!STC2ERTA converted from lb/MWh,Two-phase,One-phase,5.36067613001896,0.9840449615878083,-1.5955038412191702,1.0162755028589323,5.951641235615246,20.65551131835687
2018,NY,132500581.801,189.91141424871,egrid2018_data.xlsx,ST18!STC2ERTA converted from lb/MWh,Two-phase,One-phase,5.559571636441718,0.9869062755707182,-1.3093724429281806,1.0133567180396135,6.641994317635924,20.587803360753664
2018,OH,126184610.568,603.20799887502,egrid2018_data.xlsx,ST18!STC2ERTA converted from lb/MWh,Two-phase,One-phase,5.233512035569232,0.9824184128592715,-1.758158714072855,1.0179347215832988,5.559201631115629,20.698740013201856
2018,OK,86223720.801,405.23171228771,egrid2018_data.xlsx,ST18!STC2ERTA converted from lb/MWh,Two-phase,One-phase,5.314513154072742,0.9834377687896079,-1.656223121039213,1.0168948914099172,5.805143010631086,20.67120960169739
2018,OR,63917831.946,142.50057895920003,egrid2018_data.xlsx,ST18!STC2ERTA converted from lb/MWh,Two-phase,One-phase,5.690343930847552,0.9890372554460354,-1.096274455396462,1.011182936431758,7.156138704947557,20.543222888435885
2018,PA,215390665.858,357.81361952028004,egrid2018_data.xlsx,ST18!STC2ERTA converted from lb/MWh,Two-phase,One-phase,5.345820030162174,0.9838473928358841,-1.6152607164115929,1.0164770398721132,5.903973556494213,20.660563994374037
2018,RI,8372772.262,394.07016483912,egrid2018_data.xlsx,ST18!STC2ERTA converted from lb/MWh,Two-phase,One-phase,5.321269728963407,0.9835254121401137,-1.6474587859886314,1.0168054877015165,5.826288839960481,20.6689123340153
2018,SC,99322722.723,287.83293508431,egrid2018_data.xlsx,ST18!STC2ERTA converted from lb/MWh,Two-phase,One-phase,5.4084658417558495,0.9846949041631317,-1.5305095836868343,1.015612505881455,6.108453756957144,20.63925329701758
2018,SD,12616395.683,235.86213569919,egrid2018_data.xlsx,ST18!STC2ERTA converted from lb/MWh,Two-phase,One-phase,5.475403940153445,0.9856439651581735,-1.435603484182646,1.0146443825501879,6.3374349826688325,20.616469804879568
2018,TN,81539017.661,339.44811805135004,egrid2018_data.xlsx,ST18!STC2ERTA converted from lb/MWh,Two-phase,One-phase,5.360036300987825,0.9840364096262108,-1.596359037378925,1.0162842265906986,5.949577892311608,20.65572894248743
2018,TX,476834935.717,446.18157785894005,egrid2018_data.xlsx,ST18!STC2ERTA converted from lb/MWh,Two-phase,One-phase,5.292370181699235,0.9831534201172231,-1.6846579882776935,1.017184951359055,5.7365378231117425,20.678737385473276
2018,UT,39375424.0,729.9888806595,egrid2018_data.xlsx,ST18!STC2ERTA converted from lb/MWh,Two-phase,One-phase,5.203459769054919,0.9820543585469794,-1.7945641453020578,1.0183060880975898,5.471365756403945,20.70894922608215
2018,VA,94558960.368,336.94837050028,egrid2018_data.xlsx,ST18!STC2ERTA converted from lb/MWh,Two-phase,One-phase,5.362077818286104,0.9840637101687886,-1.5936289831211425,1.0162563777038895,5.956164731023428,20.65503455996488
2018,VT,2175006.475,26.08473642159,egrid2018_data.xlsx,ST18!STC2ERTA converted from lb/MWh,Two-phase,Cold plate,5.708781538247476,1.0225237430675225,2.2523743067522473,0.9770238569648819,12.821813286877948,20.168618817519647
2018,WA,116746864.289,90.73752487954,egrid2018_data.xlsx,ST18!STC2ERTA converted from lb/MWh,Two-phase,One-phase,5.939748265572131,0.9937928524960777,-0.6207147503922261,1.0063318209794283,8.303528016275962,20.458061667356752
2018,WI,65802102.201,633.33016098198,egrid2018_data.xlsx,ST18!STC2ERTA converted from lb/MWh,Two-phase,One-phase,5.225349976034166,0.982318803386952,-1.7681196613048011,1.0180363317586947,5.535168719444661,20.701513049241903
2018,WV,67249024.77,889.70283646783,egrid2018_data.xlsx,ST18!STC2ERTA converted from lb/MWh,Two-phase,One-phase,5.1772416908784535,0.9817427149587175,-1.8257285041282545,1.018623991193821,5.396175087734334,20.717853760006832
2018,WY,46112136.165,936.1048823264599,egrid2018_data.xlsx,ST18!STC2ERTA converted from lb/MWh,Two-phase,One-phase,5.17122956974887,0.9816720183190403,-1.8327981680959726,1.0186961078087398,5.37911801417259,20.719895395005583
2019,AK,6068242.558,442.22080928409997,egrid2019_data.xlsx,ST19!STC2ERTA converted from lb/MWh,Two-phase,One-phase,5.29434831893858,0.9831786444751373,-1.6821355524862747,1.0171592203580544,5.742623737950914,20.67806495079142
2019,AL,142679432.855,356.32991887801,egrid2019_data.xlsx,ST19!STC2ERTA converted from lb/MWh,Two-phase,One-phase,5.346919857661447,0.9838619480910334,-1.6138051908966555,1.0164621922678219,5.9074853225261625,20.66018995647695
2019,AR,63857738.721,511.62633859491,egrid2019_data.xlsx,ST19!STC2ERTA converted from lb/MWh,Two-phase,One-phase,5.263782089897129,0.9827927055156852,-1.7207294484314795,1.0175529110829313,5.64950772491597,20.688454156491908
2019,AZ,113368628.098,396.13310293788,egrid2019_data.xlsx,ST19!STC2ERTA converted from lb/MWh,Two-phase,One-phase,5.319995012142376,0.9835088453109185,-1.6491154689081466,1.0168223872832638,5.822291738746688,20.669345753996115
2019,CA,201747828.474,175.62325459371002,egrid2019_data.xlsx,ST19!STC2ERTA converted from lb/MWh,Two-phase,One-phase,5.5929855984317545,0.9874302309289152,-1.2569769071084758,1.0128222387917434,6.76840973325723,20.576417249456945
2019,CO,56336872.925,603.76455671301,egrid2019_data.xlsx,ST19!STC2ERTA converted from lb/MWh,Two-phase,One-phase,5.233354323791817,0.9824164829120352,-1.7583517087964795,1.0179366902944325,5.558735990144159,20.698793597158073
2019,CT,40050037.539,216.55497647014002,egrid2019_data.xlsx,ST19!STC2ERTA converted from lb/MWh,Two-phase,One-phase,5.507125320641482,0.9861103535940174,-1.3889646405982559,1.0141686264833678,6.449961149327477,20.605668337668025
2019,DC,174080.0,361.82700481004,egrid2019_data.xlsx,ST19!STC2ERTA converted from lb/MWh,Two-phase,One-phase,5.3428855066822045,0.9838086123201674,-1.6191387679832636,1.016516599312718,5.894616929186847,20.661561972703446
2019,DE,5258538.001,322.72099222286,egrid2019_data.xlsx,ST19!STC2ERTA converted from lb/MWh,Two-phase,One-phase,5.37422997691086,0.9842270407758423,-1.5772959224157668,1.0160897665248139,5.9955717267748065,20.650900987342535
2019,FL,244949921.388,397.92706076123,egrid2019_data.xlsx,ST19!STC2ERTA converted from lb/MWh,Two-phase,One-phase,5.31889621894992,0.9834945767398864,-1.6505423260113616,1.0168369424452526,5.818849141378202,20.66971935389833
2019,GA,128595116.561,399.59083757439004,egrid2019_data.xlsx,ST19!STC2ERTA converted from lb/MWh,Two-phase,One-phase,5.317885139530865,0.9834814568895996,-1.6518543110400352,1.0168503258139,5.815683697412477,20.670063127193274
2019,HI,9749998.355,708.83560048455,egrid2019_data.xlsx,ST19!STC2ERTA converted from lb/MWh,Two-phase,One-phase,5.207768621804476,0.9821061031796839,-1.7893896820316058,1.018253304149613,5.483850253693956,20.707485604574117
2019,IA,62649563.58,390.75077587546,egrid2019_data.xlsx,ST19!STC2ERTA converted from lb/MWh,Two-phase,One-phase,5.323346330406409,0.9835524323709061,-1.644756762909394,1.0167779247566868,5.832808047469973,20.668206252891363
2019,ID,18384353.737,95.88398390956,egrid2019_data.xlsx,ST19!STC2ERTA converted from lb/MWh,Two-phase,One-phase,5.906571836030894,0.9930999304636683,-0.690006953633171,1.0070386606765913,8.136345783381893,20.46940056508579
2019,IL,184292979.459,329.20600233675003,egrid2019_data.xlsx,ST19!STC2ERTA converted from lb/MWh,Two-phase,One-phase,5.368575364344119,0.9841508641730755,-1.5849135826924488,1.0161674731704566,5.9771924951308675,20.65282446476543
2019,IN,102127767.394,741.2579294997801,egrid2019_data.xlsx,ST19!STC2ERTA converted from lb/MWh,Two-phase,One-phase,5.201259313204165,0.9820279913238482,-1.7972008676151785,1.0183329849187925,5.465004100933202,20.709696651183805
2019,KS,50887993.408,405.34737834206004,egrid2019_data.xlsx,ST19!STC2ERTA converted from lb/MWh,Two-phase,One-phase,5.3144449011799155,0.9834368855556173,-1.6563114444382743,1.0168957923840776,5.8049299115755515,20.671232807327634
2019,KY,71804253.994,807.68154257021,egrid2019_data.xlsx,ST19!STC2ERTA converted from lb/MWh,Two-phase,One-phase,5.189474959049156,0.9818874455125896,-1.8112554487410448,1.018476353658739,5.431094423579652,20.713699182958045
2019,LA,99469963.984,374.81017921655007,egrid2019_data.xlsx,ST19!STC2ERTA converted from lb/MWh,Two-phase,One-phase,5.333779467738231,0.9836887836775137,-1.6311216322486333,1.016638834769989,5.865705711031666,20.664658611933806
2019,MA,21513219.546,354.0651321746,egrid2019_data.xlsx,ST19!STC2ERTA converted from lb/MWh,Two-phase,One-phase,5.3486145698920184,0.9838843983065537,-1.611560169344628,1.0164392911291693,5.912901916290081,20.659613598645766
2019,MD,39325595.561,335.06823012663,egrid2019_data.xlsx,ST19!STC2ERTA converted from lb/MWh,Two-phase,One-phase,5.3636311418935545,0.9840845088248358,-1.591549117516422,1.0162351612970586,5.961182850806845,20.654506218918044
2019,ME,10490562.004,96.87145449905,egrid2019_data.xlsx,ST19!STC2ERTA converted from lb/MWh,Two-phase,One-phase,5.900487200900906,0.9929750412817996,-0.7024958718200414,1.0071660583163864,8.10621360210817,20.471479794761827
2019,MI,116689224.485,459.6841155291,egrid2019_data.xlsx,ST19!STC2ERTA converted from lb/MWh,Two-phase,One-phase,5.285861286371807,0.9830706653516345,-1.6929334648365546,1.0172693682930123,5.716571469255705,20.680949895144984
2019,MN,59379024.545,399.58176572699006,egrid2019_data.xlsx,ST19!STC2ERTA converted from lb/MWh,Two-phase,One-phase,5.3178906318492425,0.983481528133287,-1.6518471866712958,1.0168502531392494,5.81570088647303,20.670061259778915
2019,MO,77222857.994,725.2125530034,egrid2019_data.xlsx,ST19!STC2ERTA converted from lb/MWh,Two-phase,One-phase,5.204411924656638,0.9820657799758349,-1.7934220024165115,1.0182944372639668,5.474121419941236,20.70862580463816
2019,MS,65958759.738,379.81919975846,egrid2019_data.xlsx,ST19!STC2ERTA converted from lb/MWh,Two-phase,One-phase,5.330416109381231,0.9836447184680983,-1.6355281531901689,1.01668378504985,5.855074038551367,20.665802309083624
2019,MT,27797079.004,572.7646933701001,egrid2019_data.xlsx,ST19!STC2ERTA converted from lb/MWh,Two-phase,One-phase,5.242573719655663,0.9825296510279533,-1.747034897204669,1.0178212491437075,5.5860402140347265,20.695661105135642
2019,NC,131004605.112,353.5933961098,egrid2019_data.xlsx,ST19!STC2ERTA converted from lb/MWh,Two-phase,One-phase,5.348970005707487,0.9838891102575654,-1.6110889742434575,1.0164344845364066,5.914038775062869,20.659492716756624
2019,ND,41147324.005,656.57132683604,egrid2019_data.xlsx,ST19!STC2ERTA converted from lb/MWh,Two-phase,One-phase,5.219533451769287,0.9822481545637242,-1.7751845436275837,1.0181083995967481,5.518123182622148,20.703489078136585
2019,NE,37297615.002,574.07965765073,egrid2019_data.xlsx,ST19!STC2ERTA converted from lb/MWh,Two-phase,One-phase,5.242163806302802,0.9825246042224048,-1.747539577759516,1.0178263973167179,5.584822564456426,20.69580038744796
2019,NH,18026594.829,116.22669451932,egrid2019_data.xlsx,ST19!STC2ERTA converted from lb/MWh,Two-phase,One-phase,5.796550995075189,0.9909404287179366,-0.9059571282063361,1.0092415370300365,7.615319885944771,20.50697989053508
2019,NJ,70988175.659,247.29311701556,egrid2019_data.xlsx,ST19!STC2ERTA converted from lb/MWh,Two-phase,One-phase,5.458618121246839,0.985401577411722,-1.4598422588278037,1.01489163876847,6.2789537643172855,20.6221843656074
2019,NM,35174510.001,601.8585615742701,egrid2019_data.xlsx,ST19!STC2ERTA converted from lb/MWh,Two-phase,One-phase,5.233895557449664,0.9824231069490224,-1.7576893050977649,1.0179299332105487,5.560334180477944,20.698609707985327
2019,NV,39889659.989,335.35217895025005,egrid2019_data.xlsx,ST19!STC2ERTA converted from lb/MWh,Two-phase,One-phase,5.363395558519679,0.984081352937298,-1.5918647062701963,1.016238380572081,5.960421425566165,20.654586349722027
2019,NY,131568022.702,171.56995317539003,egrid2019_data.xlsx,ST19!STC2ERTA converted from lb/MWh,Two-phase,One-phase,5.603278387564159,0.9875943731727639,-1.2405626827236116,1.0126547996737663,6.808012553712306,20.572909230171675
2019,OH,119407794.239,563.5690152530901,egrid2019_data.xlsx,ST19!STC2ERTA converted from lb/MWh,Two-phase,One-phase,5.245490034260469,0.982565597132396,-1.7434402867604004,1.0177845810448594,5.5947129791128924,20.694670171740515
2019,OK,85216500.998,333.04792971065,egrid2019_data.xlsx,ST19!STC2ERTA converted from lb/MWh,Two-phase,One-phase,5.365317617988219,0.984107116408256,-1.5892883591744011,1.0162120996296977,5.966637412936149,20.653932579969837
2019,OR,62258378.2,180.58918386047,egrid2019_data.xlsx,ST19!STC2ERTA converted from lb/MWh,Two-phase,One-phase,5.5808861477185,0.9872389433456598,-1.2761056654340242,1.01301736847603,6.722257520168617,20.580540624350853
2019,PA,228994206.68,344.16638588409,egrid2019_data.xlsx,ST19!STC2ERTA converted from lb/MWh,Two-phase,One-phase,5.356254955654993,0.9839859474193228,-1.601405258067723,1.0163357023547337,5.937402807627135,20.657015061676265
2019,RI,7624238.487,386.58951947308003,egrid2019_data.xlsx,ST19!STC2ERTA converted from lb/MWh,Two-phase,One-phase,5.325995033537079,0.9835869538258752,-1.6413046174124757,1.0167427099220663,5.841137085449111,20.667305628861065
2019,SC,99994165.303,244.21050326904003,egrid2019_data.xlsx,ST19!STC2ERTA converted from lb/MWh,Two-phase,One-phase,5.4630127745401325,0.9854647463159829,-1.453525368401709,1.0148272010870723,6.294194611006931,20.62068833025141
2019,SD,14506646.702,223.22051634729002,egrid2019_data.xlsx,ST19!STC2ERTA converted from lb/MWh,Two-phase,One-phase,5.495652059069878,0.985940391072168,-1.405960892783198,1.0143420027823653,6.408954062552863,20.60957544447628
2019,TN,82232332.683,319.50048639586004,egrid2019_data.xlsx,ST19!STC2ERTA converted from lb/MWh,Two-phase,One-phase,5.377113480780249,0.9842660047211914,-1.5733995278808588,1.016050019970306,6.00497261039683,20.649920096513817
2019,TX,483079821.375,414.32215697488,egrid2019_data.xlsx,ST19!STC2ERTA converted from lb/MWh,Two-phase,One-phase,5.3092544983879275,0.9833698418669659,-1.6630158133034145,1.0169641826767317,5.7887541904324324,20.67299747763538
2019,UT,39105762.001,726.57378370577,egrid2019_data.xlsx,ST19!STC2ERTA converted from lb/MWh,Two-phase,One-phase,5.204139359157778,0.9820625097122863,-1.7937490287713742,1.018297773212296,5.473332399046171,20.70871838801811
2019,VA,96827639.664,288.41580127976,egrid2019_data.xlsx,ST19!STC2ERTA converted from lb/MWh,Two-phase,One-phase,5.407834497761987,0.9846861714834666,-1.53138285165334,1.0156214139610962,6.106346811561725,20.639468123162786
2019,VT,2289797.993,23.25250566331,egrid2019_data.xlsx,ST19!STC2ERTA converted from lb/MWh,Two-phase,Cold plate,5.6458280389555915,1.026870072209715,2.6870072209715046,0.972590229758722,13.404703201128832,20.142735516190037
2019,WA,106463608.2,135.66766349752,egrid2019_data.xlsx,ST19!STC2ERTA converted from lb/MWh,Two-phase,One-phase,5.714943314588683,0.9894634357419086,-1.0536564258091352,1.0107481961043008,7.258963799470486,20.534831327559267
2019,WI,62021340.696,559.2734955091901,egrid2019_data.xlsx,ST19!STC2ERTA converted from lb/MWh,Two-phase,One-phase,5.246882877544401,0.9825827904044336,-1.7417209595566363,1.0177670424378704,5.5988612230358115,20.694196889329497
2019,WV,63925638.663,882.34692900354,egrid2019_data.xlsx,ST19!STC2ERTA converted from lb/MWh,Two-phase,One-phase,5.178250190529732,0.9817546017135631,-1.8245398286436898,1.0186118656879166,5.399043021100569,20.71751127687017
2019,WY,42145656.477,938.4789847910401,egrid2019_data.xlsx,ST19!STC2ERTA converted from lb/MWh,Two-phase,One-phase,5.1709372685835975,0.9816685883595757,-1.8331411640424289,1.0186996066605525,5.378290463228597,20.719994653846395
2020,AK,6156046.989,438.22828924336005,egrid2020_data.xlsx,ST20!STC2ERTA converted from lb/MWh,Two-phase,One-phase,5.29637533334153,0.9832045280658791,-1.6795471934120898,1.017132816883225,5.74886870678315,20.677375889307893
2020,AL,136842032.304,327.06640712746,egrid2020_data.xlsx,ST20!STC2ERTA converted from lb/MWh,Two-phase,One-phase,5.3704190245551064,0.9841756674429281,-1.582433255707194,1.0161421717152697,5.983176813485724,20.652197334115264
2020,AR,54641258.916,431.49652488019,egrid2020_data.xlsx,ST20!STC2ERTA converted from lb/MWh,Two-phase,One-phase,5.299870469439538,0.983249244311174,-1.6750755688826002,1.0170872024911228,5.75965745556779,20.67618772771548
2020,AZ,109305056.86,334.28805125023,egrid2020_data.xlsx,ST20!STC2ERTA converted from lb/MWh,Two-phase,One-phase,5.364280261897969,0.9840932072090729,-1.5906792790927105,1.016226288201685,5.963281521698116,20.654285427848496
2020,CA,192954153.405,205.53086750966,egrid2020_data.xlsx,ST20!STC2ERTA converted from lb/MWh,Two-phase,One-phase,5.527456656629104,0.986415156902564,-1.3584843097436017,1.0138577010570853,6.523501454488723,20.59874375578129
2020,CO,53792186.81,553.0366004216901,egrid2020_data.xlsx,ST20!STC2ERTA converted from lb/MWh,Two-phase,One-phase,5.248941014123654,0.9826082260348017,-1.739177396519831,1.0177410959209097,5.604998111864701,20.693497532656124
2020,CT,41190572.136,240.29781548542,egrid2020_data.xlsx,ST20!STC2ERTA converted from lb/MWh,Two-phase,One-phase,5.468728996616079,0.9855472185585744,-1.4452781441425588,1.0147430723507191,6.314092800158622,20.61874231981964
2020,DC,174521.001,363.38237304677,egrid2020_data.xlsx,ST20!STC2ERTA converted from lb/MWh,Two-phase,One-phase,5.341763866490878,0.9837938107702839,-1.6206189229716061,1.0165316981586887,5.891045739292378,20.661943415602146
2020,DE,5205372.001,342.4758471211,egrid2020_data.xlsx,ST20!STC2ERTA converted from lb/MWh,Two-phase,One-phase,5.3575991306960224,0.9840038699684908,-1.5996130031509237,1.0163174198227405,5.941727005226505,20.656557882788817
2020,FL,250780435.174,382.00143265053003,egrid2020_data.xlsx,ST20!STC2ERTA converted from lb/MWh,Two-phase,One-phase,5.328975675057435,0.9836258784072269,-1.6374121592773072,1.0167030035222007,5.850528471666405,20.666292113182884
2020,GA,119593376.135,328.17997639581006,egrid2020_data.xlsx,ST20!STC2ERTA converted from lb/MWh,Two-phase,One-phase,5.369456817850238,0.9841627185423375,-1.58372814576625,1.0161553807006156,5.980052614783737,20.65252463498828
2020,HI,9069239.997,692.40965998974,egrid2020_data.xlsx,ST20!STC2ERTA converted from lb/MWh,Two-phase,One-phase,5.2112857252666345,0.982148451322604,-1.7851548677396023,1.018210105424335,5.4940676472262195,20.70629088264776
2020,IA,59636671.813,279.04911883926,egrid2020_data.xlsx,ST20!STC2ERTA converted from lb/MWh,Two-phase,One-phase,5.418257753555067,0.9848308570345506,-1.5169142965449356,1.0154738223327042,6.141255289523695,20.63592127406235
2020,ID,17674572.412,96.79479738852,egrid2020_data.xlsx,ST20!STC2ERTA converted from lb/MWh,Two-phase,One-phase,5.9009564513205826,0.9929846490131449,-0.7015350986855129,1.0071562576092408,8.108531672402087,20.47131944729046
2020,IL,173337706.25,252.39875273228,egrid2020_data.xlsx,ST20!STC2ERTA converted from lb/MWh,Two-phase,One-phase,5.45154180194809,0.985300290677273,-1.4699709322727017,1.0149949598945938,6.254516177351199,20.62459317976958
2020,IN,90072288.007,702.82096565835,egrid2020_data.xlsx,ST20!STC2ERTA converted from lb/MWh,Two-phase,One-phase,5.209038468047678,0.9821213813412945,-1.7878618658705547,1.0182377191189445,5.487536436342366,20.70705425572108
2020,KS,54541831.47,364.77580880741,egrid2020_data.xlsx,ST20!STC2ERTA converted from lb/MWh,Two-phase,One-phase,5.340766285904097,0.983780656199549,-1.621934380045098,1.0165451169451607,5.887871918277332,20.662282665726316
2020,KY,63513834.15,764.24599081138,egrid2020_data.xlsx,ST20!STC2ERTA converted from lb/MWh,Two-phase,One-phase,5.196961251650345,0.9819766017048013,-1.8023398295198723,1.0183854067224953,5.452605258266874,20.711156525811035
2020,LA,100554704.576,345.51854473906,egrid2020_data.xlsx,ST20!STC2ERTA converted from lb/MWh,Two-phase,One-phase,5.355188272332478,0.9839717369673237,-1.6028263032676349,1.0163501982303411,5.933974232716088,20.657377856728953
2020,MA,18195165.072,399.11637995537,egrid2020_data.xlsx,ST20!STC2ERTA converted from lb/MWh,Two-phase,One-phase,5.318172690792222,0.9834851872333408,-1.6514812766659226,1.016846520544451,5.816583722475821,20.66996535827802
2020,MD,35998332.922,292.71449617025,egrid2020_data.xlsx,ST20!STC2ERTA converted from lb/MWh,Two-phase,One-phase,5.403246169978604,0.9846228257933323,-1.5377174206667732,1.015686031979195,6.091063311506106,20.64102934924712
2020,ME,10001870.147,103.50025339423,egrid2020_data.xlsx,ST20!STC2ERTA converted from lb/MWh,Two-phase,One-phase,5.861778820366759,0.9921959283939733,-0.7804071606026697,1.0079608200528143,7.9182359853329665,20.484704601898862
2020,MI,106624721.023,425.48370442347,egrid2020_data.xlsx,ST20!STC2ERTA converted from lb/MWh,Two-phase,One-phase,5.303077427141667,0.9832903694188525,-1.6709630581147494,1.0170452513663244,5.769579765738531,20.675097500236706
2020,MN,56500626.797,349.43213970742,egrid2020_data.xlsx,ST20!STC2ERTA converted from lb/MWh,Two-phase,One-phase,5.352142464194065,0.983931219564666,-1.6068780435333996,1.016391529444078,5.924198544354975,20.65841376365767
2020,MO,71871122.027,734.1034170477701,egrid2020_data.xlsx,ST20!STC2ERTA converted from lb/MWh,Two-phase,One-phase,5.202648936440313,0.9820446381055554,-1.7955361894444577,1.0183160037786492,5.469020492397392,20.709224641858782
2020,MS,66499288.151,405.57236015758,egrid2020_data.xlsx,ST20!STC2ERTA converted from lb/MWh,Two-phase,One-phase,5.314312243641317,0.9834351690068923,-1.6564830993107682,1.0168975434104908,5.804515757550566,20.671277910165188
2020,MT,23353290.001,413.96517977969,egrid2020_data.xlsx,ST20!STC2ERTA converted from lb/MWh,Two-phase,One-phase,5.30945704831387,0.983372453620105,-1.6627546379895053,1.0169615184653034,5.789384331633163,20.672928614733287
2020,NC,124334264.838,294.12970436465,egrid2020_data.xlsx,ST20!STC2ERTA converted from lb/MWh,Two-phase,One-phase,5.401761283062734,0.984602370597551,-1.5397629402449042,1.015706898027199,6.08612805884412,20.64153458425435
2020,ND,42176424.004,629.65152686128,egrid2020_data.xlsx,ST20!STC2ERTA converted from lb/MWh,Two-phase,One-phase,5.226307517323692,0.9823304606263479,-1.7669539373652121,1.0180244403781658,5.537981277308912,20.70118773740909
2020,NE,36756238.998,544.61384370316,egrid2020_data.xlsx,ST20!STC2ERTA converted from lb/MWh,Two-phase,One-phase,5.251789923917105,0.9826434936111106,-1.7356506388889414,1.0177051199787517,5.613507167545317,20.692529450174558
2020,NH,16340973.012,112.44328056115,egrid2020_data.xlsx,ST20!STC2ERTA converted from lb/MWh,Two-phase,One-phase,5.814819992030507,0.9912850702851648,-0.8714929714835229,1.0088899731749195,7.698472021484415,20.500742290247064
2020,NJ,61106458.407,223.30034860441,egrid2020_data.xlsx,ST20!STC2ERTA converted from lb/MWh,Two-phase,One-phase,5.495518138413447,0.9859384157955682,-1.406158420443182,1.0143440177333243,6.408477484904718,20.609621047573125
2020,NM,34005838.999,571.46877996901,egrid2020_data.xlsx,ST20!STC2ERTA converted from lb/MWh,Two-phase,One-phase,5.2429794134054575,0.982534647272023,-1.7465352727977002,1.017816152547727,5.587245664576934,20.695523256098458
2020,NV,40335219.989,325.05472496651004,egrid2020_data.xlsx,ST20!STC2ERTA converted from lb/MWh,Two-phase,One-phase,5.3721720653484795,0.9841992818569013,-1.580071814309869,1.0161180829946908,5.9888742949798734,20.65160101893889
2020,NY,129411955.194,189.00967261715002,egrid2020_data.xlsx,ST20!STC2ERTA converted from lb/MWh,Two-phase,One-phase,5.561558260777644,0.9869370525783505,-1.3062947421649485,1.013325322861315,6.649419927758138,20.5871264917312
2020,OH,120992732.718,568.47733828886,egrid2020_data.xlsx,ST20!STC2ERTA converted from lb/MWh,Two-phase,One-phase,5.243922479116381,0.9825462667637868,-1.7453733236213242,1.017804299673009,5.59004911501908,20.695202813765857
2020,OK,82297831.402,321.43914018524003,egrid2020_data.xlsx,ST20!STC2ERTA converted from lb/MWh,Two-phase,One-phase,5.37537157153396,0.9842424572099313,-1.575754279006869,1.016074040444399,5.999291270610541,20.650512650310738
2020,OR,63624781.93,154.95214310807,egrid2020_data.xlsx,ST20!STC2ERTA converted from lb/MWh,Two-phase,One-phase,5.649904608133149,0.9883547015543931,-1.164529844560691,1.0118791997391725,6.991458007353746,20.557014059488143
2020,PA,230134952.99,316.39292506899005,egrid2020_data.xlsx,ST20!STC2ERTA converted from lb/MWh,Two-phase,One-phase,5.379944978727891,0.9843043441786213,-1.5695655821378662,1.0160109104468509,6.014222822976767,20.64895687310845
2020,RI,8893740.309,375.37444812483,egrid2020_data.xlsx,ST20!STC2ERTA converted from lb/MWh,Two-phase,One-phase,5.333396549289948,0.9836837615887996,-1.6316238411200445,1.016643957729716,5.864494024917288,20.66478882355153
2020,SC,98528796.629,233.08342884057,egrid2020_data.xlsx,ST20!STC2ERTA converted from lb/MWh,Two-phase,One-phase,5.479695062068757,0.9857064137760301,-1.4293586223969923,1.0145806796224857,6.352502044886665,20.61500880416046
2020,SD,14146525.855,154.48585015171003,egrid2020_data.xlsx,ST20!STC2ERTA converted from lb/MWh,Two-phase,One-phase,5.651326654416811,0.9883783323275476,-1.162166767245243,1.0118550943308307,6.997159435849576,20.556529175025663
2020,TN,80566010.004,259.18585536459005,egrid2020_data.xlsx,ST20!STC2ERTA converted from lb/MWh,Two-phase,One-phase,5.442506367603861,0.9851717249692019,-1.4828275030798088,1.0151261079053482,6.223496955644303,20.627668673899112
2020,TX,473366236.705,388.96407553003,egrid2020_data.xlsx,ST20!STC2ERTA converted from lb/MWh,Two-phase,One-phase,5.324477327102173,0.98356716518772,-1.6432834812279973,1.0167628960243213,5.836362654044169,20.667821688775966
2020,UT,37087308.992,710.2167892512,egrid2020_data.xlsx,ST20!STC2ERTA converted from lb/MWh,Two-phase,One-phase,5.20747988368766,0.9821026310505745,-1.7897368949425507,1.0182568460180679,5.483012528422915,20.707583684183827
2020,VA,102799855.681,292.49677183265004,egrid2020_data.xlsx,ST20!STC2ERTA converted from lb/MWh,Two-phase,One-phase,5.403475729132201,0.9846259900632007,-1.537400993679927,1.0156828041534787,6.091826759163066,20.640951240825565
2020,VT,2154917.77,13.7483847347,egrid2020_data.xlsx,ST20!STC2ERTA converted from lb/MWh,Two-phase,Cold plate,5.387876842093542,1.051448735644788,5.144873564478791,0.9475178923144831,16.700968751520186,20.036503488053114
2020,WA,116079174.179,96.73945911938,egrid2020_data.xlsx,ST20!STC2ERTA converted from lb/MWh,Two-phase,One-phase,5.901295522289773,0.9929915938365546,-0.7008406163445446,1.007149173295788,8.110207259308577,20.47120358301189
2020,WI,61440537.516,540.68754814844,egrid2020_data.xlsx,ST20!STC2ERTA converted from lb/MWh,Two-phase,One-phase,5.253146094939298,0.9826603062589347,-1.7339693741065254,1.0176879696409926,5.617563577751161,20.69206860404075
2020,WV,56661533.092,873.0437494948401,egrid2020_data.xlsx,ST20!STC2ERTA converted from lb/MWh,Two-phase,One-phase,5.17954888190022,0.9817699206272777,-1.8230079372722252,1.0185962390866188,5.402739036064053,20.717070241229607
2020,WY,42010989.65,902.69644349885,egrid2020_data.xlsx,ST20!STC2ERTA converted from lb/MWh,Two-phase,One-phase,5.1754986300543315,0.9817221890960817,-1.8277810903918335,1.0186449293280568,5.391222785185024,20.7184456907049
2021,AK,6595817.773,419.55661292468005,egrid2021_data.xlsx,ST21!STC2ERTA converted from lb/MWh,Two-phase,One-phase,5.306320427879552,0.9833320502616023,-1.6667949738397692,1.0170027333442544,5.779636158859103,20.673994989202626
2021,AL,142731860.61,342.22501054049,egrid2021_data.xlsx,ST21!STC2ERTA converted from lb/MWh,Two-phase,One-phase,5.357799582545297,0.9840065441577197,-1.599345584228029,1.0163146919211636,5.942372210466851,20.656489704941873
2021,AR,61100068.005,495.84132411891005,egrid2021_data.xlsx,ST21!STC2ERTA converted from lb/MWh,Two-phase,One-phase,5.270040835921264,0.9828710690225001,-1.71289309774999,1.0174729736082446,5.668414593847793,20.686327082622892
2021,AZ,108500973.376,330.04333385177,egrid2021_data.xlsx,ST21!STC2ERTA converted from lb/MWh,Two-phase,One-phase,5.36785961946753,0.9841412438412918,-1.5858756158708243,1.0161772867311267,5.974871384712177,20.653067926452295
2021,CA,196943760.108,217.94886582315002,egrid2021_data.xlsx,ST21!STC2ERTA converted from lb/MWh,Two-phase,One-phase,5.504677401337199,0.9860739680258533,-1.3926031974146658,1.0142057428727727,6.441182354244845,20.606501984873248
2021,CO,56832574.334,555.4483510529801,egrid2021_data.xlsx,ST21!STC2ERTA converted from lb/MWh,Two-phase,One-phase,5.24814005643528,0.9825983230881624,-1.7401676911837582,1.0177511977728873,5.6026088145788355,20.693769700269993
2021,CT,44079943.539,235.02072185283998,egrid2021_data.xlsx,ST21!STC2ERTA converted from lb/MWh,Two-phase,One-phase,5.476694239858659,0.9856627219772031,-1.433727802279694,1.014625248991631,6.341960465682339,20.616030501459058
2021,DC,184480.001,296.03297794917,egrid2021_data.xlsx,ST21!STC2ERTA converted from lb/MWh,Two-phase,One-phase,5.3997839015618165,0.984575164989842,-1.5424835010158011,1.0157346500723279,6.0795641251960575,20.642207381297737
2021,DE,4305126.0,394.65439181168,egrid2021_data.xlsx,ST21!STC2ERTA converted from lb/MWh,Two-phase,One-phase,5.32090750501466,0.9835207029990222,-1.6479297000977833,1.0168102914279205,5.8251526591408975,20.669035495260466
2021,FL,246185265.397,379.87635239708004,egrid2021_data.xlsx,ST21!STC2ERTA converted from lb/MWh,Two-phase,One-phase,5.330378194431296,0.9836442223175722,-1.6355777682427797,1.0166842911657925,5.854954331645046,20.665815201729455
2021,GA,124199775.463,345.83061628962,egrid2021_data.xlsx,ST21!STC2ERTA converted from lb/MWh,Two-phase,One-phase,5.354943143368995,0.9839684728565145,-1.6031527143485547,1.0163535279023506,5.933186696300763,20.65746122831007
2021,HI,9180590.002,681.54657632061,egrid2021_data.xlsx,ST21!STC2ERTA converted from lb/MWh,Two-phase,One-phase,5.213699435329966,0.9821775721338399,-1.7822427866160062,1.0181803997079164,5.501093664611156,20.70547095066778
2021,IA,67198724.482,351.27508550673,egrid2021_data.xlsx,ST21!STC2ERTA converted from lb/MWh,Two-phase,One-phase,5.350729158034184,0.9839124485004578,-1.6087551499542219,1.0164106775339348,5.919669624388035,20.658894432692808
2021,ID,16834399.801,123.35852735283001,egrid2021_data.xlsx,ST21!STC2ERTA converted from lb/MWh,Two-phase,One-phase,5.7643858617790755,0.9903463378644614,-0.9653662135538643,1.0098475604775772,7.471982784827391,20.51795968288269
2021,IL,181296445.222,298.15624383314,egrid2021_data.xlsx,ST21!STC2ERTA converted from lb/MWh,Two-phase,One-phase,5.39760406980081,0.9845452188929179,-1.5454781107082094,1.0157651976506858,6.072338990020576,20.642949048104708
2021,IN,94126667.181,745.2205124441001,egrid2021_data.xlsx,ST21!STC2ERTA converted from lb/MWh,Two-phase,One-phase,5.200500527659169,0.9820189081339546,-1.7981091866045351,1.0183422505488249,5.46281258746244,20.70995438331389
2021,KS,56573059.816,383.1222593968,egrid2021_data.xlsx,ST21!STC2ERTA converted from lb/MWh,Two-phase,One-phase,5.328241594334315,0.9836162843852839,-1.6383715614716077,1.0167127902445843,5.8482137090584585,20.66654172705994
2021,KY,69904814.122,789.1418616312001,egrid2021_data.xlsx,ST21!STC2ERTA converted from lb/MWh,Two-phase,One-phase,5.192574640560754,0.9819243061115627,-1.8075693888437327,1.0184387526973075,5.439987829986026,20.712646421642035
2021,LA,97167796.19,375.90923352906003,egrid2021_data.xlsx,ST21!STC2ERTA converted from lb/MWh,Two-phase,One-phase,5.3330345929179845,0.9836790156684683,-1.632098433153173,1.016648798974088,5.863348970320925,20.66491190661126
2021,MA,19429416.602,389.89983658934,egrid2021_data.xlsx,ST21!STC2ERTA converted from lb/MWh,Two-phase,One-phase,5.323883815405539,0.9835594324083212,-1.6440567591678779,1.0167707841202296,5.8344969559339654,20.668023496462272
2021,MD,38166718.985,318.42365810948,egrid2021_data.xlsx,ST21!STC2ERTA converted from lb/MWh,Two-phase,One-phase,5.378089120647012,0.9842792064530029,-1.572079354699707,1.0160365530755051,6.008157810028436,20.649588204456926
2021,ME,10900945.883,140.33059306112,egrid2021_data.xlsx,ST21!STC2ERTA converted from lb/MWh,Two-phase,One-phase,5.69795643637967,0.9891682361522047,-1.0831763847795273,1.011049324916533,7.187740596501291,20.540626232119784
2021,MI,115299089.641,458.25575315597,egrid2021_data.xlsx,ST21!STC2ERTA converted from lb/MWh,Two-phase,One-phase,5.286533211451383,0.9830791910084326,-1.6920808991567449,1.0172606713943895,5.718628465964892,20.68072149946858
2021,MN,59157704.839,377.18745682772004,egrid2021_data.xlsx,ST21!STC2ERTA converted from lb/MWh,Two-phase,One-phase,5.332173200084633,0.9836677260700805,-1.6332273929919539,1.0166603153293665,5.860625113698292,20.66520482122163
2021,MO,76941409.993,747.9647462826,egrid2021_data.xlsx,ST21!STC2ERTA converted from lb/MWh,Two-phase,One-phase,5.199979501935581,0.9820126737779873,-1.7987326222012712,1.0183486101247625,5.461308415993593,20.71013135602279
2021,MS,67723496.549,379.36742175794,egrid2021_data.xlsx,ST21!STC2ERTA converted from lb/MWh,Two-phase,One-phase,5.330716179973116,0.983648645622907,-1.6351354377093008,1.0166797790162907,5.856021548486257,20.66570027256589
2021,MT,24947923.138,477.65227008191,egrid2021_data.xlsx,ST21!STC2ERTA converted from lb/MWh,Two-phase,One-phase,5.277724234255565,0.982967733141956,-1.7032266858044043,1.017374367944509,5.691736876262721,20.68371567577183
2021,NC,129730297.061,305.11208282709003,egrid2021_data.xlsx,ST21!STC2ERTA converted from lb/MWh,Two-phase,One-phase,5.390649673500358,0.9844499942766072,-1.5550005723392823,1.015862334898179,6.049364018470027,20.645315121947505
2021,ND,43032366.995,612.7860553599401,egrid2021_data.xlsx,ST21!STC2ERTA converted from lb/MWh,Two-phase,One-phase,5.230835293368896,0.9823856851190464,-1.7614314880953552,1.017968106675571,5.55130536511097,20.699649449968526
2021,NE,37910897.991,514.2417522003301,egrid2021_data.xlsx,ST21!STC2ERTA converted from lb/MWh,Two-phase,One-phase,5.262779380973703,0.9827801822701537,-1.7219817729846265,1.0175656858637363,5.646486224583902,20.68879492276967
2021,NH,17193229.589,139.72686161665,egrid2021_data.xlsx,ST21!STC2ERTA converted from lb/MWh,Two-phase,One-phase,5.7001066964762925,0.9892053794975957,-1.0794620502404317,1.0110114355295894,7.196702221517093,20.539892738994613
2021,NJ,61421799.863,219.14589608758,egrid2021_data.xlsx,ST21!STC2ERTA converted from lb/MWh,Two-phase,One-phase,5.502596053792352,0.9860430835821005,-1.3956916417899534,1.0142372476450967,6.433730822864958,20.607210781054498
2021,NM,35073356.999,517.4735978365801,egrid2021_data.xlsx,ST21!STC2ERTA converted from lb/MWh,Two-phase,One-phase,5.2615532898720785,0.9827648808300492,-1.7235119169950797,1.0175812946404583,5.642794425501907,20.689211600532253
2021,NV,41723320.004,325.16404072768,egrid2021_data.xlsx,ST21!STC2ERTA converted from lb/MWh,Two-phase,One-phase,5.372076310790108,0.9841979912280016,-1.5802008771998444,1.0161193995464788,5.988562903205308,20.651633591085673
2021,NY,123769709.506,207.30123852977002,egrid2021_data.xlsx,ST21!STC2ERTA converted from lb/MWh,Two-phase,One-phase,5.524070465223274,0.9863640672111125,-1.3635932788887528,1.0139098169090062,6.51117497575775,20.599897131247104
2021,OH,125609191.275,551.05031943346,egrid2021_data.xlsx,ST21!STC2ERTA converted from lb/MWh,Two-phase,One-phase,5.249605562137516,0.9826164465454051,-1.7383553454594858,1.0177327102974862,5.606981485540152,20.693271716004922
2021,OK,80754585.812,343.20839879865,egrid2021_data.xlsx,ST21!STC2ERTA converted from lb/MWh,Two-phase,One-phase,5.357015218540573,0.9839960822785369,-1.6003917721463146,1.016325363932108,5.9398480587726565,20.656756482801065
2021,OR,61016874.601,148.19724553403,egrid2021_data.xlsx,ST21!STC2ERTA converted from lb/MWh,Two-phase,One-phase,5.67118582196664,0.9887111466628365,-1.1288853337163451,1.0115155952631663,7.077457999194836,20.5497570456465
2021,PA,241279607.04,330.95777606969,egrid2021_data.xlsx,ST21!STC2ERTA converted from lb/MWh,Two-phase,One-phase,5.36708163177535,0.9841307924676682,-1.5869207532331786,1.0161879480255025,5.9723497677084625,20.653332558431092
2021,RI,9314561.279,378.10462059986,egrid2021_data.xlsx,ST21!STC2ERTA converted from lb/MWh,Two-phase,One-phase,5.331558354235688,0.9836596719538608,-1.6340328046139163,1.0166685312162966,5.858681886220163,20.66541389678591
2021,SC,98113946.629,258.72636629378,egrid2021_data.xlsx,ST21!STC2ERTA converted from lb/MWh,Two-phase,One-phase,5.443105201109932,0.9851802194840326,-1.481978051596744,1.015117442774194,6.225546438688978,20.627464849463863
2021,SD,17322408.875,138.15924638593,egrid2021_data.xlsx,ST21!STC2ERTA converted from lb/MWh,Two-phase,One-phase,5.705757210673634,0.9893032942781678,-1.0696705721832234,1.0109115540846212,7.220326252625542,20.537965180498375
2021,TN,79057209.281,318.71531800339005,egrid2021_data.xlsx,ST21!STC2ERTA converted from lb/MWh,Two-phase,One-phase,5.3778242926211695,0.9842756220594449,-1.5724377940555145,1.0160402094632928,6.007292998562486,20.649678293627172
2021,TX,480614368.135,390.19920755354,egrid2021_data.xlsx,ST21!STC2ERTA converted from lb/MWh,Two-phase,One-phase,5.323694480249097,0.9835569662649837,-1.6443033735016321,1.0167732997972152,5.833901946206321,20.668087874572894
2021,UT,42560373.008,712.68251737452,egrid2021_data.xlsx,ST21!STC2ERTA converted from lb/MWh,Two-phase,One-phase,5.206967049450406,0.9820964657901959,-1.7903534209804062,1.0182631351105993,5.481525027739953,20.70775788497753
2021,VA,93103269.048,272.85712939639,egrid2021_data.xlsx,ST21!STC2ERTA converted from lb/MWh,Two-phase,One-phase,5.425488635237885,0.9849318737839615,-1.506812621603848,1.0153707766143947,6.165627736835733,20.633460546995686
2021,VT,2107702.867,20.336360316580002,egrid2021_data.xlsx,ST21!STC2ERTA converted from lb/MWh,Two-phase,Cold plate,5.57503768454255,1.0323912353821598,3.239123538215982,0.9669581714285403,14.145151110816666,20.113610040158434
2021,WA,110808400.626,92.05838586098001,egrid2021_data.xlsx,ST21!STC2ERTA converted from lb/MWh,Two-phase,One-phase,5.93099051084065,0.9936079471795344,-0.6392052820465621,1.006520440206176,8.258915661281009,20.46105516927409
2021,WI,64242541.956,578.29988106121,egrid2021_data.xlsx,ST21!STC2ERTA converted from lb/MWh,Two-phase,One-phase,5.240859975781653,0.9825085609908318,-1.7491439009168164,1.0178427627841387,5.580951792346789,20.69624340594236
2021,WV,65836062.988,888.75754996875,egrid2021_data.xlsx,ST21!STC2ERTA converted from lb/MWh,Two-phase,One-phase,5.177370397703096,0.9817442315257648,-1.8255768474235157,1.0186224441658116,5.396540991910337,20.717810051760754
2021,WY,43460743.876,837.9751625930301,egrid2021_data.xlsx,ST21!STC2ERTA converted from lb/MWh,Two-phase,One-phase,5.184691165352584,0.9818307079061186,-1.8169292093881406,1.0185342308667074,5.417405264777875,20.715323873385717
2022,AK,6694128.234,416.14968063361,egrid2022_data.xlsx,ST22!STC2ERTA converted from lb/MWh,Two-phase,One-phase,5.3082224996128025,0.9833565406277227,-1.6643459372277292,1.016977751077618,5.785544982508672,20.673348334611873
2022,AL,144788892.892,358.9593938469,egrid2022_data.xlsx,ST22!STC2ERTA converted from lb/MWh,Two-phase,One-phase,5.344976267442614,0.9838362340450341,-1.6163765954965936,1.016488422792523,5.901281259982549,20.660850945376996
2022,AR,65905029.856,481.50236211847,egrid2022_data.xlsx,ST22!STC2ERTA converted from lb/MWh,Two-phase,One-phase,5.276053341539821,0.9829466681860469,-1.7053331813953077,1.0173958559999599,5.686654505952737,20.68428358764063
2022,AZ,104698773.165,322.91966568092005,egrid2022_data.xlsx,ST22!STC2ERTA converted from lb/MWh,Two-phase,One-phase,5.374053759595143,0.9842246622045968,-1.5775337795403188,1.016092192870781,5.994997845683869,20.65096093096993
2022,CA,203256382.497,207.51170538945001,egrid2022_data.xlsx,ST22!STC2ERTA converted from lb/MWh,Two-phase,One-phase,5.523671100047189,0.9863580503322549,-1.3641949667745124,1.013915954639704,6.509723275284363,20.600033157378185
2022,CO,58012255.357,532.13098168076,egrid2022_data.xlsx,ST22!STC2ERTA converted from lb/MWh,Two-phase,One-phase,5.256165847625982,0.9826977987076162,-1.73022012923838,1.0176497241388547,5.626609431388463,20.691042430039587
2022,CT,42761369.034,237.36352644389,egrid2022_data.xlsx,ST22!STC2ERTA converted from lb/MWh,Two-phase,One-phase,5.473120876579207,0.9856108206421883,-1.4389179357811699,1.0146781927893576,6.329438160614709,20.617247098916447
2022,DC,160237.001,251.69613815115,egrid2022_data.xlsx,ST22!STC2ERTA converted from lb/MWh,Two-phase,One-phase,5.4525010169126364,0.9853139895214128,-1.4686010478587197,1.01498098590273,6.257821315944345,20.624266666807
2022,DE,5308370.0,408.59419252652003,egrid2022_data.xlsx,ST22!STC2ERTA converted from lb/MWh,Two-phase,One-phase,5.312543297519201,0.9834122945852514,-1.6587705414748632,1.016920877275643,5.7989968150040205,20.671879337269814
2022,FL,257955504.155,371.29347757194,egrid2022_data.xlsx,ST22!STC2ERTA converted from lb/MWh,Two-phase,One-phase,5.336189497439081,0.9837204230356847,-1.6279576964315257,1.016606559920436,5.8733393816309265,20.663839070268295
2022,GA,126484632.485,336.19994308978,egrid2022_data.xlsx,ST22!STC2ERTA converted from lb/MWh,Two-phase,One-phase,5.362694299772031,0.984071961967641,-1.5928038032358982,1.0162479601637782,5.95815565365696,20.65482487335225
2022,HI,9304192.004,663.86237059142,egrid2022_data.xlsx,ST22!STC2ERTA converted from lb/MWh,Two-phase,One-phase,5.217787657377038,0.9822270039885876,-1.7772996011412356,1.0181299749911288,5.513020154845694,20.70408215197963
2022,IA,72909386.062,281.93804864379,egrid2022_data.xlsx,ST22!STC2ERTA converted from lb/MWh,Two-phase,One-phase,5.414978674507931,0.9847852221818423,-1.521477781815772,1.0155203737828815,6.130244907089999,20.637037120690927
2022,ID,16278410.189,112.68776684858001,egrid2022_data.xlsx,ST22!STC2ERTA converted from lb/MWh,Two-phase,One-phase,5.813612441166027,0.9912621253970886,-0.8737874602911422,1.0089133789218587,7.692936077406043,20.501154615652894
2022,IL,185197549.577,268.70539843378003,egrid2022_data.xlsx,ST22!STC2ERTA converted from lb/MWh,Two-phase,One-phase,5.430498318637311,0.9850021722095794,-1.4997827790420581,1.0152990662118522,6.182588732754479,20.63175562204742
2022,IN,98022168.549,715.133730542,egrid2022_data.xlsx,ST22!STC2ERTA converted from lb/MWh,Two-phase,One-phase,5.206460544665359,0.9820903787135146,-1.7909621286485433,1.0182693444490774,5.480056390542987,20.707929935016033
2022,KS,62194840.58,374.77752056591004,egrid2022_data.xlsx,ST22!STC2ERTA converted from lb/MWh,Two-phase,One-phase,5.333801661958404,0.9836890748027911,-1.6310925197208892,1.0166385377973237,5.865775951219843,20.664651064764584
2022,KY,69146933.093,785.73765089435,egrid2022_data.xlsx,ST22!STC2ERTA converted from lb/MWh,Two-phase,One-phase,5.193158884114979,0.981931262368234,-1.8068737631765974,1.018431656720951,5.441666175410909,20.71244798876528
2022,LA,105223371.518,372.24284640235,egrid2022_data.xlsx,ST22!STC2ERTA converted from lb/MWh,Two-phase,One-phase,5.335534854093105,0.9837118234307382,-1.6288176569261847,1.0166153322524905,5.8712645433522725,20.66406168641891
2022,MA,21022930.789,389.73518255903,egrid2022_data.xlsx,ST22!STC2ERTA converted from lb/MWh,Two-phase,One-phase,5.323988061648932,0.9835607903846402,-1.6439209615359829,1.0167693988683177,5.834824596711163,20.66798805040588
2022,MD,37134094.879,290.525912985,egrid2022_data.xlsx,ST22!STC2ERTA converted from lb/MWh,Two-phase,One-phase,5.405567391977817,0.9846548459573228,-1.5345154042677223,1.0156533686751583,6.098788859638771,20.640239537080763
2022,ME,12763920.003,155.44973393796002,egrid2022_data.xlsx,ST22!STC2ERTA converted from lb/MWh,Two-phase,One-phase,5.648394518911193,0.9883296368627966,-1.1670363137203377,1.0119047678668822,6.985410615422305,20.55752895804963
2022,MI,116615130.596,460.72601720299,egrid2022_data.xlsx,ST22!STC2ERTA converted from lb/MWh,Two-phase,One-phase,5.2853735668180635,0.9830644794530672,-1.6935520546932814,1.0172756784382602,5.71507898916912,20.681115676252393
2022,MN,58966891.046,350.99476542207003,egrid2022_data.xlsx,ST22!STC2ERTA converted from lb/MWh,Two-phase,One-phase,5.350943273422426,0.983915291102214,-1.6084708897786015,1.016407777837186,5.920355462745852,20.658821611876654
2022,MO,79361031.625,688.44753063779,egrid2022_data.xlsx,ST22!STC2ERTA converted from lb/MWh,Two-phase,One-phase,5.2121577693268195,0.9821589668413692,-1.7841033158630837,1.0181993786964323,5.496604740614752,20.705994653162108
2022,MS,67781239.54,403.10753921900005,egrid2022_data.xlsx,ST22!STC2ERTA converted from lb/MWh,Two-phase,One-phase,5.3157729050349545,0.9834540783077005,-1.6545921692299514,1.0168782543074868,5.809078030048376,20.67078129045381
2022,MT,27088739.999,467.81430516898007,egrid2022_data.xlsx,ST22!STC2ERTA converted from lb/MWh,Two-phase,One-phase,5.282108410848729,0.983023120203749,-1.6976879796250954,1.0173178684075432,5.7051001873293705,20.682225519938324
2022,NC,134252770.682,298.06053584307,egrid2022_data.xlsx,ST22!STC2ERTA converted from lb/MWh,Two-phase,One-phase,5.397701741800276,0.9845465596852728,-1.5453440314727174,1.0157638299278862,6.07266248479954,20.64291581644224
2022,ND,44400926.002,599.39328704332,egrid2022_data.xlsx,ST22!STC2ERTA converted from lb/MWh,Two-phase,One-phase,5.2346003768037,0.9824317367309658,-1.7568263269034157,1.0179211300953779,5.562416299601414,20.69837023777128
2022,NE,40692718.002,501.51893981420005,egrid2022_data.xlsx,ST22!STC2ERTA converted from lb/MWh,Two-phase,One-phase,5.267747806970258,0.9828423196591642,-1.7157680340835757,1.0175023004160577,5.661478196198466,20.68710639605522
2022,NH,18764370.187,139.00701052546003,egrid2022_data.xlsx,ST22!STC2ERTA converted from lb/MWh,Two-phase,One-phase,5.702689271754746,0.9892500760321151,-1.0749923967884878,1.0109658412441629,7.207486214656389,20.539011757338564
2022,NJ,65039128.884,221.61253139564002,egrid2022_data.xlsx,ST22!STC2ERTA converted from lb/MWh,Two-phase,One-phase,5.498366761881113,0.9859804744881226,-1.401952551187735,1.0143011142721587,6.41862504235704,20.608651013763936
2022,NM,40853345.001,449.79353390125004,egrid2022_data.xlsx,ST22!STC2ERTA converted from lb/MWh,Two-phase,One-phase,5.290594026725537,0.9831308008374141,-1.686919916258589,1.0172080249577318,5.731080438978964,20.679341149946872
2022,NV,41832941.006,307.87355317565004,egrid2022_data.xlsx,ST22!STC2ERTA converted from lb/MWh,Two-phase,One-phase,5.387965443534282,0.9844133670062375,-1.5586632993762506,1.0158996978444919,6.040526907570443,20.646228331892637
2022,NY,124473610.617,222.87170381476002,egrid2022_data.xlsx,ST22!STC2ERTA converted from lb/MWh,Two-phase,One-phase,5.49623814776008,0.9859490379722112,-1.4050962027788771,1.0143331822052701,6.411040311783234,20.609375867035816
2022,OH,135802728.736,527.13239376336,egrid2022_data.xlsx,ST22!STC2ERTA converted from lb/MWh,Two-phase,One-phase,5.257971942537032,0.9827202598102496,-1.7279740189750425,1.0176268118944163,5.632028651900822,20.69042866919305
2022,OK,84634922.609,312.58274916099,egrid2022_data.xlsx,ST22!STC2ERTA converted from lb/MWh,Two-phase,One-phase,5.383484393601168,0.9843523784804455,-1.5647621519554455,1.0159619113534941,6.025812123733387,20.647752796528618
2022,OR,61254900.841,135.65360213405,egrid2022_data.xlsx,ST22!STC2ERTA converted from lb/MWh,Two-phase,One-phase,5.714995887736873,0.9894643556932938,-1.0535644306706171,1.0107472576752596,7.259185757381381,20.534813391440597
2022,PA,239261130.761,323.96882483273004,egrid2022_data.xlsx,ST22!STC2ERTA converted from lb/MWh,Two-phase,One-phase,5.373126359764813,0.9842121491467112,-1.578785085328882,1.0161049572593164,5.9919788033388155,20.651276401936258
2022,RI,7804400.21,368.40091902845,egrid2022_data.xlsx,ST22!STC2ERTA converted from lb/MWh,Two-phase,One-phase,5.338202749075771,0.9837468946334873,-1.62531053665127,1.016579556628148,5.879726219719328,20.66315444182529
2022,SC,98658089.209,253.98179010358,egrid2022_data.xlsx,ST22!STC2ERTA converted from lb/MWh,Two-phase,One-phase,5.449397312710036,0.9852696994505955,-1.4730300549404496,1.0150261655604396,6.2471353908504,20.625323145669473
2022,SD,17900462.342,148.29522148595,egrid2022_data.xlsx,ST22!STC2ERTA converted from lb/MWh,Two-phase,One-phase,5.670866355409188,0.9887057510220978,-1.129424897790221,1.0115210992778858,7.076156185679894,20.549865995344984
2022,TN,78032791.39,316.48137558114,egrid2022_data.xlsx,ST22!STC2ERTA converted from lb/MWh,Two-phase,One-phase,5.379863707169541,0.9843032426506773,-1.5696757349322743,1.0160120340995016,6.013957055844665,20.648984520520397
2022,TX,521881132.673,372.82843415202,egrid2022_data.xlsx,ST22!STC2ERTA converted from lb/MWh,Two-phase,One-phase,5.335132552237898,0.9837065406319512,-1.6293459368048824,1.0166207211587743,5.869989955367139,20.664198491421505
2022,UT,39386042.997,691.38907715724,egrid2022_data.xlsx,ST22!STC2ERTA converted from lb/MWh,Two-phase,One-phase,5.21150944936446,0.9821511485030059,-1.7848851496994111,1.018207354069797,5.494718399577869,20.70621488477864
2022,VA,89477324.859,267.60634412127,egrid2022_data.xlsx,ST22!STC2ERTA converted from lb/MWh,Two-phase,One-phase,5.43184697881427,0.9850211411734779,-1.4978858826522057,1.0152797162473965,6.187165400246508,20.631296625561813
2022,VT,2182637.111,19.32711729333,egrid2022_data.xlsx,ST22!STC2ERTA converted from lb/MWh,Two-phase,Cold plate,5.54897133397918,1.0346201024402066,3.4620102440206635,0.964684536527875,14.444066376052689,20.102880135273736
2022,WA,116650629.994,84.35230508705,egrid2022_data.xlsx,ST22!STC2ERTA converted from lb/MWh,Two-phase,One-phase,5.98466526063306,0.9947644469984447,-0.5235553001555315,1.0053407115447488,8.537945931677648,20.442704976558744
2022,WI,61228765.961,534.51687754696,egrid2022_data.xlsx,ST22!STC2ERTA converted from lb/MWh,Two-phase,One-phase,5.2553148142861605,0.9826872246528189,-1.731277534718112,1.0176605105785135,5.624058214932526,20.691331631339626
2022,WV,56665360.441,895.5392094926201,egrid2022_data.xlsx,ST22!STC2ERTA converted from lb/MWh,Two-phase,One-phase,5.176452779010732,0.981733421966534,-1.8266578033465986,1.018633470840121,5.39393295498225,20.71812166979784
2022,WY,46210977.449,824.44223423408,egrid2022_data.xlsx,ST22!STC2ERTA converted from lb/MWh,Two-phase,One-phase,5.1867868706188425,0.9818555413999137,-1.8144458600086288,1.0185088985805155,5.423396875304087,20.7146121300925
2023,AK,6678905.161,369.4376952,egrid2023_data_metric_rev2.xlsx,eGRID2023 ST23!STC2ERTA,Two-phase,One-phase,5.3374778874577755,0.9837373593326512,-1.6262640667348838,1.0165892834499834,5.877425624832,20.663400940381383
2023,AL,138596256.477,323.8595136,egrid2023_data_metric_rev2.xlsx,eGRID2023 ST23!STC2ERTA,Two-phase,One-phase,5.373222736792105,0.9842134491399709,-1.5786550860029114,1.0161036311550808,5.992292454465109,20.6512436177534
2023,AR,63195646.552,452.8805904,egrid2023_data_metric_rev2.xlsx,eGRID2023 ST23!STC2ERTA,Two-phase,One-phase,5.289096534233484,0.9831117519542574,-1.6888248045742627,1.0172274564466615,5.726484489259787,20.679850182151537
2023,AZ,111820945.514,312.5775744,egrid2023_data_metric_rev2.xlsx,eGRID2023 ST23!STC2ERTA,Two-phase,One-phase,5.383489252346485,0.98435244450346,-1.5647555496539955,1.0159618440043765,6.025828053195137,20.64775114360279
2023,CA,216080235.825,179.0672184,egrid2023_data_metric_rev2.xlsx,eGRID2023 ST23!STC2ERTA,Two-phase,One-phase,5.584536650707705,0.9872964680814953,-1.2703531918504707,1.0129586883288335,6.736136590733288,20.579296613607355
2023,CO,57471488.483,494.9129808,egrid2023_data_metric_rev2.xlsx,eGRID2023 ST23!STC2ERTA,Two-phase,One-phase,5.270420380122509,0.9828758320224567,-1.7124167977543348,1.0174681149411948,5.669563769268371,20.68619808848987
2023,CT,40652074.995,245.2497264,egrid2023_data_metric_rev2.xlsx,eGRID2023 ST23!STC2ERTA,Two-phase,One-phase,5.461520694365984,0.9854432761538687,-1.455672384613127,1.014849102487485,6.289014476049526,20.62119627304734
2023,DC,171869.499,179.1769896,egrid2023_data_metric_rev2.xlsx,eGRID2023 ST23!STC2ERTA,Two-phase,One-phase,5.5842716788784275,0.9872922871894697,-1.2707712810530292,1.0129629531960411,6.7351278612779675,20.579386911462695
2023,DE,4772059.259,319.4119656,egrid2023_data_metric_rev2.xlsx,eGRID2023 ST23!STC2ERTA,Two-phase,One-phase,5.377193464086094,0.9842670866573335,-1.5732913342666466,1.0160489163029678,6.005233650588493,20.649892887988564
2023,FL,258099011.95,357.9507288,egrid2023_data_metric_rev2.xlsx,eGRID2023 ST23!STC2ERTA,Two-phase,One-phase,5.345718806549193,0.9838460537987092,-1.6153946201290847,1.0164784058044791,5.9036504851898375,20.660598419111054
2023,GA,129220273.258,325.433052,egrid2023_data_metric_rev2.xlsx,eGRID2023 ST23!STC2ERTA,Two-phase,One-phase,5.371840914386383,0.9841948188098242,-1.580518119017582,1.0161226356841664,5.987797489594904,20.65171366409171
2023,HI,9158617.733,632.626848,egrid2023_data_metric_rev2.xlsx,eGRID2023 ST23!STC2ERTA,Two-phase,One-phase,5.22553223970077,0.9823210217065111,-1.7678978293488856,1.0180340688831444,5.535703936395242,20.701451127807125
2023,IA,69819809.048,287.6531616,egrid2023_data_metric_rev2.xlsx,eGRID2023 ST23!STC2ERTA,Two-phase,One-phase,5.408661017662086,0.9846976046212979,-1.530239537870215,1.015609751183317,6.1091053001393725,20.639186884670945
2023,ID,17842445.937,142.375968,egrid2023_data_metric_rev2.xlsx,eGRID2023 ST23!STC2ERTA,Two-phase,One-phase,5.690776229355787,0.989044672065504,-1.095532793449605,1.011175370846001,7.157928122725132,20.543075434217684
2023,IL,177690286.567,215.2041696,egrid2023_data_metric_rev2.xlsx,eGRID2023 ST23!STC2ERTA,Two-phase,One-phase,5.509522888614793,0.986146055548042,-1.3853944451957978,1.0141322074388135,6.458575007905165,20.604851820808356
2023,IN,90031870.696,664.7517072,egrid2023_data_metric_rev2.xlsx,eGRID2023 ST23!STC2ERTA,Two-phase,One-phase,5.217577175904564,0.9822244556594739,-1.7775544340526084,1.0181325745046308,5.512405316044955,20.70415365525062
2023,KS,58456598.044,332.6176224,egrid2023_data_metric_rev2.xlsx,eGRID2023 ST23!STC2ERTA,Two-phase,One-phase,5.365679172891857,0.9841119666656171,-1.5888033334382934,1.0162071519526377,5.967807641068301,20.6538095993974
2023,KY,62417958.511,792.4410144,egrid2023_data_metric_rev2.xlsx,eGRID2023 ST23!STC2ERTA,Two-phase,One-phase,5.192012975724691,0.9819176212564873,-1.8082378743512706,1.0184455718208396,5.438374965990045,20.71283718493121
2023,LA,97434806.41,346.1276448,egrid2023_data_metric_rev2.xlsx,eGRID2023 ST23!STC2ERTA,Two-phase,One-phase,5.354710196646417,0.9839653714890599,-1.6034628510940063,1.0163566915622282,5.932438425194064,20.657540456388634
2023,MA,19663313.081,376.5338136,egrid2023_data_metric_rev2.xlsx,eGRID2023 ST23!STC2ERTA,Two-phase,One-phase,5.332613032059319,0.9836734897466729,-1.6326510253327098,1.0166544358866203,5.862015723719827,20.665055257661656
2023,MD,35987133.297,236.8730952,egrid2023_data_metric_rev2.xlsx,eGRID2023 ST23!STC2ERTA,Two-phase,One-phase,5.473863939323365,0.9856216019493598,-1.4378398050640229,1.0146671949345634,6.332039381130339,20.616994116725408
2023,ME,12512180.99,143.716356,egrid2023_data_metric_rev2.xlsx,eGRID2023 ST23!STC2ERTA,Two-phase,One-phase,5.686156606550941,0.9889655500633395,-1.1034449936660473,1.011256082050773,7.138838250597823,20.544651129279657
2023,MI,120648501.215,361.7151552,egrid2023_data_metric_rev2.xlsx,eGRID2023 ST23!STC2ERTA,Two-phase,One-phase,5.342966499099,0.983809681577957,-1.6190318422042993,1.0165155085783832,5.894874910455217,20.661534428985107
2023,MN,57260118.977,341.2564344,egrid2023_data_metric_rev2.xlsx,eGRID2023 ST23!STC2ERTA,Two-phase,One-phase,5.358576066270926,0.9840169066706066,-1.5983093329393405,1.0163041212723343,5.9448723879208965,20.6562256055559
2023,MO,66705178.956,659.8033848,egrid2023_data_metric_rev2.xlsx,eGRID2023 ST23!STC2ERTA,Two-phase,One-phase,5.2187550803290295,0.9822387213838863,-1.7761278616113652,1.0181180222464372,5.515847226605719,20.70375350426641
2023,MS,72933440.201,375.7050864,egrid2023_data_metric_rev2.xlsx,eGRID2023 ST23!STC2ERTA,Two-phase,One-phase,5.333172655534679,0.9836808257831506,-1.6319174216849364,1.0166469525024013,5.863785699130553,20.664864958541564
2023,MT,26895758.013,482.5945656,egrid2023_data_metric_rev2.xlsx,eGRID2023 ST23!STC2ERTA,Two-phase,One-phase,5.275583803787809,0.9829407530914318,-1.7059246908568193,1.017401889902031,5.685227363100687,20.684443175155664
2023,NC,126510680.084,284.1522768,egrid2023_data_metric_rev2.xlsx,eGRID2023 ST23!STC2ERTA,Two-phase,One-phase,5.412504732126244,0.9847508641148567,-1.5249135885143317,1.0155554219477936,6.121955289949943,20.63787896443162
2023,ND,42068807.125,588.7056672,egrid2023_data_metric_rev2.xlsx,eGRID2023 ST23!STC2ERTA,Two-phase,One-phase,5.237719671755592,0.9824699789986595,-1.753002100134049,1.0178821197137606,5.571643063082576,20.69731040525642
2023,NE,39445955.006,465.3128592,egrid2023_data_metric_rev2.xlsx,eGRID2023 ST23!STC2ERTA,Two-phase,One-phase,5.283250262426531,0.983037573246484,-1.6962426753516002,1.0173031250686508,5.708587292434308,20.681837402113413
2023,NH,16824998.889,125.2942992,egrid2023_data_metric_rev2.xlsx,eGRID2023 ST23!STC2ERTA,Two-phase,One-phase,5.756128415650008,0.9901963721378316,-0.9803627862168374,1.010000538336323,7.435800351793231,20.520777930385513
2023,NJ,64195046.033,213.2682048,egrid2023_data_metric_rev2.xlsx,eGRID2023 ST23!STC2ERTA,Two-phase,One-phase,5.513003295563457,0.9861979964233978,-1.3802003576602218,1.0140792233065596,6.471106852924224,20.603666501919914
2023,NM,39258858.763,350.9217432,egrid2023_data_metric_rev2.xlsx,eGRID2023 ST23!STC2ERTA,Two-phase,One-phase,5.350999099745302,0.9839160323248687,-1.6083967675131317,1.0164070217267258,5.920534298535052,20.65880262527727
2023,NV,42162355.474,292.0544424,egrid2023_data_metric_rev2.xlsx,eGRID2023 ST23!STC2ERTA,Two-phase,One-phase,5.403943023551228,0.984632432923658,-1.5367567076342015,1.0156762318851402,6.093381236791262,20.640792241552617
2023,NY,123473720.157,211.6570176,egrid2023_data_metric_rev2.xlsx,eGRID2023 ST23!STC2ERTA,Two-phase,One-phase,5.515940325037594,0.9862419338593305,-1.3758066140669545,1.0140344033665718,6.481707697324168,20.602666213046405
2023,OH,133121090.814,484.567272,egrid2023_data_metric_rev2.xlsx,eGRID2023 ST23!STC2ERTA,Two-phase,One-phase,5.27474067390743,0.9829301364047172,-1.7069863595282841,1.0174127198298888,5.682665860784608,20.684729738366016
2023,OK,88878115.88,294.3111024,egrid2023_data_metric_rev2.xlsx,eGRID2023 ST23!STC2ERTA,Two-phase,One-phase,5.401571857186438,0.9845997627197784,-1.5400237280221551,1.0157095582854225,6.085498852658255,20.641599036231085
2023,OR,61683300.013,165.5472168,egrid2023_data_metric_rev2.xlsx,eGRID2023 ST23!STC2ERTA,Two-phase,One-phase,5.619314559602295,0.9878527422598696,-1.2147257740130368,1.0123912411220903,6.870349611668103,20.567443116335347
2023,PA,235912550.485,293.8742856,egrid2023_data_metric_rev2.xlsx,eGRID2023 ST23!STC2ERTA,Two-phase,One-phase,5.402028352306054,0.9846060480182134,-1.5393951981786613,1.015703146743814,6.087015315084909,20.64144371401696
2023,RI,10416553.048,381.0258144,egrid2023_data_metric_rev2.xlsx,eGRID2023 ST23!STC2ERTA,Two-phase,One-phase,5.329617818314092,0.9836342749184556,-1.6365725081544436,1.0166944383630965,5.852554309250002,20.666073760066705
2023,SC,100853387.4,254.1806568,egrid2023_data_metric_rev2.xlsx,eGRID2023 ST23!STC2ERTA,Two-phase,One-phase,5.449129534915831,0.9852658829707329,-1.473411702926708,1.0150300586960943,6.246214583608922,20.625414294010504
2023,SD,17405995.526,152.2199952,egrid2023_data_metric_rev2.xlsx,eGRID2023 ST23!STC2ERTA,Two-phase,One-phase,5.658333974013208,0.9884951661962391,-1.1504833803760883,1.0117359137989645,7.025348100853623,20.554139756785496
2023,TN,77754006.807,299.9048976,egrid2023_data_metric_rev2.xlsx,eGRID2023 ST23!STC2ERTA,Two-phase,One-phase,5.39582915696899,0.9845208701987836,-1.5479129801216351,1.0157900353997877,6.066464347762057,20.643552934898178
2023,TX,544038647.008,349.8067944,egrid2023_data_metric_rev2.xlsx,eGRID2023 ST23!STC2ERTA,Two-phase,One-phase,5.351854074927287,0.9839273877473347,-1.607261225266532,1.0163954382252616,5.923274036621762,20.658511846056914
2023,UT,32789440.038,644.6717424,egrid2023_data_metric_rev2.xlsx,eGRID2023 ST23!STC2ERTA,Two-phase,One-phase,5.2224623550170435,0.9822836948852784,-1.7716305114721553,1.0180721454311283,5.52669804391579,20.702494063659817
2023,VA,91024103.437,244.7621064,egrid2023_data_metric_rev2.xlsx,eGRID2023 ST23!STC2ERTA,Two-phase,One-phase,5.462219455663764,0.9854533279795661,-1.4546672020433915,1.0148388487661435,6.291439693586454,20.62095839738497
2023,VT,2480198.747,23.6956104,egrid2023_data_metric_rev2.xlsx,eGRID2023 ST23!STC2ERTA,Two-phase,Cold plate,5.656035021698158,1.0261319636971773,2.6131963697177296,0.9733431635277086,13.305714837959549,20.14693325226834
2023,WA,102953150.197,120.922956,egrid2023_data_metric_rev2.xlsx,eGRID2023 ST23!STC2ERTA,Two-phase,One-phase,5.775053964622279,0.9905416125076043,-0.9458387492395692,1.009648363651431,7.519096961230032,20.51431838783342
2023,WI,62538903.174,527.7962592,egrid2023_data_metric_rev2.xlsx,eGRID2023 ST23!STC2ERTA,Two-phase,One-phase,5.257730249386738,0.9827172524342075,-1.7282747565792511,1.01762987967502,5.631303058228876,20.69051080373978
2023,WV,52286784.268,893.0789784,egrid2023_data_metric_rev2.xlsx,eGRID2023 ST23!STC2ERTA,Two-phase,One-phase,5.176784131756484,0.9817373245424219,-1.8262675457578093,1.018629489879162,5.394874534727778,20.718009144591242
2023,WY,43176351.213,831.5680968,egrid2023_data_metric_rev2.xlsx,eGRID2023 ST23!STC2ERTA,Two-phase,One-phase,5.185675268668799,0.9818423649048422,-1.8157635095157776,1.0185223397316845,5.420217764574864,20.71498965386962
