year,state_abbreviation,net_generation_mwh,co2e_kg_per_mwh,source_file,source_field,technology,use_phase_kgco2e_per_vcore_year,embodied_kgco2e_per_vcore_year,total_kgco2e_per_vcore_year,embodied_share_pct,regret_vs_lowest_pct
2012,AK,6928294.496,494.3179380358594,eGRID2012_Data.xlsx,ST12!STC2ERTA converted from lb/MWh,Air-cooled,31.240496469594344,3.510421164350264,34.75091763394461,10.101664656248655,26.02771731435569
2012,AK,6928294.496,494.3179380358594,eGRID2012_Data.xlsx,ST12!STC2ERTA converted from lb/MWh,Cold plate,26.527256350051196,2.947430832885522,29.47468718293672,9.999871464596334,6.892933975123938
2012,AK,6928294.496,494.3179380358594,eGRID2012_Data.xlsx,ST12!STC2ERTA converted from lb/MWh,One-phase,26.004935005915286,3.0497891214600124,29.054724127375298,10.496706518670772,5.369895481398856
2012,AK,6928294.496,494.3179380358594,eGRID2012_Data.xlsx,ST12!STC2ERTA converted from lb/MWh,Two-phase,24.754697746015516,2.819329915902762,27.57402766191828,10.224585071394774,0.0
2012,AL,153105216.953,454.5841777966787,eGRID2012_Data.xlsx,ST12!STC2ERTA converted from lb/MWh,Air-cooled,28.730406581769433,3.510421164350264,32.2408277461197,10.888123568020848,26.014302789325818
2012,AL,153105216.953,454.5841777966787,eGRID2012_Data.xlsx,ST12!STC2ERTA converted from lb/MWh,Cold plate,24.395862632259,2.947430832885522,27.343293465144523,10.779355590952195,6.87213396339712
2012,AL,153105216.953,454.5841777966787,eGRID2012_Data.xlsx,ST12!STC2ERTA converted from lb/MWh,One-phase,23.915508403638896,3.0497891214600124,26.965297525098908,11.31005181241302,5.394724784664828
2012,AL,153105216.953,454.5841777966787,eGRID2012_Data.xlsx,ST12!STC2ERTA converted from lb/MWh,Two-phase,22.76572434577165,2.819329915902762,25.58505426167441,11.019440830837038,0.0
2012,AR,65005677.87300001,561.4238710069459,eGRID2012_Data.xlsx,ST12!STC2ERTA converted from lb/MWh,Air-cooled,35.479761083611,3.510421164350264,38.990182247961265,9.003346386086251,26.04645596301214
2012,AR,65005677.87300001,561.4238710069459,eGRID2012_Data.xlsx,ST12!STC2ERTA converted from lb/MWh,Cold plate,30.126944954909685,2.947430832885522,33.074375787795205,8.911523687691652,6.921989354343916
2012,AR,65005677.87300001,561.4238710069459,eGRID2012_Data.xlsx,ST12!STC2ERTA converted from lb/MWh,One-phase,29.533745787385275,3.0497891214600124,32.58353490884529,9.359908708468895,5.335211615272373
2012,AR,65005677.87300001,561.4238710069459,eGRID2012_Data.xlsx,ST12!STC2ERTA converted from lb/MWh,Two-phase,28.113854162991757,2.819329915902762,30.93318407889452,9.114257066818961,0.0
2012,AZ,110614113.36099999,482.790167687186,eGRID2012_Data.xlsx,ST12!STC2ERTA converted from lb/MWh,Air-cooled,30.512255809581504,3.510421164350264,34.022676973931766,10.31788641158353,26.0240289639841
2012,AZ,110614113.36099999,482.790167687186,eGRID2012_Data.xlsx,ST12!STC2ERTA converted from lb/MWh,Cold plate,25.908885041788118,2.947430832885522,28.85631587467364,10.214161938365796,6.887214970477062
2012,AZ,110614113.36099999,482.790167687186,eGRID2012_Data.xlsx,ST12!STC2ERTA converted from lb/MWh,One-phase,25.39873942094017,3.0497891214600124,28.448528542400183,10.720375631781986,5.37672234777864
2012,AZ,110614113.36099999,482.790167687186,eGRID2012_Data.xlsx,ST12!STC2ERTA converted from lb/MWh,Two-phase,24.17764617954882,2.819329915902762,26.996976095451583,10.443132245384174,0.0
2012,CA,199189655.76309997,261.2998055293646,eGRID2012_Data.xlsx,ST12!STC2ERTA converted from lb/MWh,Air-cooled,16.520106187789526,3.510421164350264,20.030527352139792,17.52535568653043,25.901206048834034
2012,CA,199189655.76309997,261.2998055293646,eGRID2012_Data.xlsx,ST12!STC2ERTA converted from lb/MWh,Cold plate,14.027724949892585,2.947430832885522,16.975155782778106,17.36320344038194,6.6967708012087845
2012,CA,199189655.76309997,261.2998055293646,eGRID2012_Data.xlsx,ST12!STC2ERTA converted from lb/MWh,One-phase,13.751519221930726,3.0497891214600124,16.801308343390737,18.152093034229278,5.604058567397674
2012,CA,199189655.76309997,261.2998055293646,eGRID2012_Data.xlsx,ST12!STC2ERTA converted from lb/MWh,Two-phase,13.090388490107134,2.819329915902762,15.909718406009896,17.72080337284763,0.0
2012,CO,52547910.61299999,760.6469914145814,eGRID2012_Data.xlsx,ST12!STC2ERTA converted from lb/MWh,Air-cooled,48.06522837756783,3.510421164350264,51.57564954191809,6.806353764865667,26.083956062120773
2012,CO,52547910.61299999,760.6469914145814,eGRID2012_Data.xlsx,ST12!STC2ERTA converted from lb/MWh,Cold plate,40.81364827016955,2.947430832885522,43.761079103055074,6.735279141413481,6.980135468312132
2012,CO,52547910.61299999,760.6469914145814,eGRID2012_Data.xlsx,ST12!STC2ERTA converted from lb/MWh,One-phase,40.010028048678976,3.0497891214600124,43.059817170138984,7.082680145643936,5.265801678565696
2012,CO,52547910.61299999,760.6469914145814,eGRID2012_Data.xlsx,ST12!STC2ERTA converted from lb/MWh,Two-phase,38.08646900787711,2.819329915902762,40.90579892377988,6.892249974523278,0.0
2012,CT,35557337.401,239.68896895265962,eGRID2012_Data.xlsx,ST12!STC2ERTA converted from lb/MWh,Air-cooled,15.15489076312066,3.510421164350264,18.665311927470924,18.80719260407191,25.879387260105744
2012,CT,35557337.401,239.68896895265962,eGRID2012_Data.xlsx,ST12!STC2ERTA converted from lb/MWh,Cold plate,12.868478982771586,2.947430832885522,15.815909815657108,18.635860138552925,6.662939483260355
2012,CT,35557337.401,239.68896895265962,eGRID2012_Data.xlsx,ST12!STC2ERTA converted from lb/MWh,One-phase,12.615098793332848,3.0497891214600124,15.66488791479286,19.468949526156504,5.644443547188227
2012,CT,35557337.401,239.68896895265962,eGRID2012_Data.xlsx,ST12!STC2ERTA converted from lb/MWh,Two-phase,12.008603659038,2.819329915902762,14.827933574940761,19.013640044000702,0.0
2012,DC,71786.78,559.8332523955094,eGRID2012_Data.xlsx,ST12!STC2ERTA converted from lb/MWh,Air-cooled,35.37927737233074,3.510421164350264,38.889698536681,9.026609350132178,26.04605901072261
2012,DC,71786.78,559.8332523955094,eGRID2012_Data.xlsx,ST12!STC2ERTA converted from lb/MWh,Cold plate,30.04162117746171,2.947430832885522,32.98905201034723,8.934572693877476,6.921373856422197
2012,DC,71786.78,559.8332523955094,eGRID2012_Data.xlsx,ST12!STC2ERTA converted from lb/MWh,One-phase,29.450102034042892,3.0497891214600124,32.49989115550291,9.383997955155058,5.3359463448849676
2012,DC,71786.78,559.8332523955094,eGRID2012_Data.xlsx,ST12!STC2ERTA converted from lb/MWh,Two-phase,28.034231743944684,2.819329915902762,30.853561659847447,9.137777826058288,0.0
2012,DE,8633823.2578,571.4295315872655,eGRID2012_Data.xlsx,ST12!STC2ERTA converted from lb/MWh,Air-cooled,36.111845922611536,3.510421164350264,39.6222670869618,8.85971808893644,26.04890684886754
2012,DE,8633823.2578,571.4295315872655,eGRID2012_Data.xlsx,ST12!STC2ERTA converted from lb/MWh,Cold plate,30.663667429069708,2.947430832885522,33.61109826195523,8.769219053522423,6.925789597320864
2012,DE,8633823.2578,571.4295315872655,eGRID2012_Data.xlsx,ST12!STC2ERTA converted from lb/MWh,One-phase,30.059900202774656,3.0497891214600124,33.109689324234665,9.211168040854181,5.3306752050723105
2012,DE,8633823.2578,571.4295315872655,eGRID2012_Data.xlsx,ST12!STC2ERTA converted from lb/MWh,Two-phase,28.61471269302588,2.819329915902762,31.434042608928642,8.969033830545069,0.0
2012,FL,221099929.55259997,517.6417385146392,eGRID2012_Data.xlsx,ST12!STC2ERTA converted from lb/MWh,Air-cooled,32.71392449087941,3.510421164350264,36.22434565522967,9.69077867620079,26.03472687776296
2012,FL,221099929.55259997,517.6417385146392,eGRID2012_Data.xlsx,ST12!STC2ERTA converted from lb/MWh,Cold plate,27.778388926385862,2.947430832885522,30.725819759271385,9.59268412031919,6.903802716338925
2012,FL,221099929.55259997,517.6417385146392,eGRID2012_Data.xlsx,ST12!STC2ERTA converted from lb/MWh,One-phase,27.23143279754625,3.0497891214600124,30.281221919006263,10.071552362111868,5.356921292956529
2012,FL,221099929.55259997,517.6417385146392,eGRID2012_Data.xlsx,ST12!STC2ERTA converted from lb/MWh,Two-phase,25.922229297664224,2.819329915902762,28.741559213566987,9.809244846298885,0.0
2012,GA,122014744.25300002,492.1877319826492,eGRID2012_Data.xlsx,ST12!STC2ERTA converted from lb/MWh,Air-cooled,31.105925549526383,3.510421164350264,34.616346713876645,10.140934840310697,26.027047420306705
2012,GA,122014744.25300002,492.1877319826492,eGRID2012_Data.xlsx,ST12!STC2ERTA converted from lb/MWh,Cold plate,26.412988086184793,2.947430832885522,29.360418919070316,10.038790117436278,6.89189526491667
2012,GA,122014744.25300002,492.1877319826492,eGRID2012_Data.xlsx,ST12!STC2ERTA converted from lb/MWh,One-phase,25.89291668272828,3.0497891214600124,28.942705804188293,10.5373324183763,5.371135406216232
2012,GA,122014744.25300002,492.1877319826492,eGRID2012_Data.xlsx,ST12!STC2ERTA converted from lb/MWh,Two-phase,24.648064919135578,2.819329915902762,27.46739483503834,10.264278548565985,0.0
2012,HI,10469268.697999999,670.6966419750073,eGRID2012_Data.xlsx,ST12!STC2ERTA converted from lb/MWh,Air-cooled,42.38281973626457,3.510421164350264,45.893240900614835,7.649102777361785,26.06956868268422
2012,HI,10469268.697999999,670.6966419750073,eGRID2012_Data.xlsx,ST12!STC2ERTA converted from lb/MWh,Cold plate,35.988542149967266,2.947430832885522,38.93597298285279,7.569942670197445,6.9578269884865485
2012,HI,10469268.697999999,670.6966419750073,eGRID2012_Data.xlsx,ST12!STC2ERTA converted from lb/MWh,One-phase,35.27992820734117,3.0497891214600124,38.32971732880118,7.956722183203742,5.292431664080488
2012,HI,10469268.697999999,670.6966419750073,eGRID2012_Data.xlsx,ST12!STC2ERTA converted from lb/MWh,Two-phase,33.58377781275747,2.819329915902762,36.40310772866023,7.744750632054137,0.0
2012,IA,56602145.65100001,639.7195546818368,eGRID2012_Data.xlsx,ST12!STC2ERTA converted from lb/MWh,Air-cooled,40.42591273574907,3.510421164350264,43.936333900099335,7.989790801235529,26.063753401499888
2012,IA,56602145.65100001,639.7195546818368,eGRID2012_Data.xlsx,ST12!STC2ERTA converted from lb/MWh,Cold plate,34.32687285779041,2.947430832885522,37.274303690675936,7.90740682198931,6.948810052250742
2012,IA,56602145.65100001,639.7195546818368,eGRID2012_Data.xlsx,ST12!STC2ERTA converted from lb/MWh,One-phase,33.650977162643294,3.0497891214600124,36.70076628410331,8.309878594499558,5.303195323604837
2012,IA,56602145.65100001,639.7195546818368,eGRID2012_Data.xlsx,ST12!STC2ERTA converted from lb/MWh,Two-phase,32.0331417221316,2.819329915902762,34.852471638034366,8.089325615650278,0.0
2012,ID,15499089.316,52.13348084501698,eGRID2012_Data.xlsx,ST12!STC2ERTA converted from lb/MWh,Air-cooled,3.306499589691488,3.510421164350264,6.816920754041752,51.49570151991183,25.325523932069572
2012,ID,15499089.316,52.13348084501698,eGRID2012_Data.xlsx,ST12!STC2ERTA converted from lb/MWh,Cold plate,2.8076494342032507,2.947430832885522,5.755080267088773,51.214417455492594,5.804141747779767
2012,ID,15499089.316,52.13348084501698,eGRID2012_Data.xlsx,ST12!STC2ERTA converted from lb/MWh,One-phase,2.7523668521305424,3.0497891214600124,5.802155973590555,52.56303235110565,6.669603998945028
2012,ID,15499089.316,52.13348084501698,eGRID2012_Data.xlsx,ST12!STC2ERTA converted from lb/MWh,Two-phase,2.62004152270119,2.819329915902762,5.439371438603952,51.83190645694092,0.0
2012,IL,197522000.958,454.67638520585797,eGRID2012_Data.xlsx,ST12!STC2ERTA converted from lb/MWh,Air-cooled,28.736231575023787,3.510421164350264,32.24665273937405,10.886156751593456,26.014336333490018
2012,IL,197522000.958,454.67638520585797,eGRID2012_Data.xlsx,ST12!STC2ERTA converted from lb/MWh,Cold plate,24.400808811313677,2.947430832885522,27.3482396441992,10.777406045989135,6.872185975600886
2012,IL,197522000.958,454.67638520585797,eGRID2012_Data.xlsx,ST12!STC2ERTA converted from lb/MWh,One-phase,23.92035719249015,3.0497891214600124,26.970146313950163,11.308018451062408,5.394662696873875
2012,IL,197522000.958,454.67638520585797,eGRID2012_Data.xlsx,ST12!STC2ERTA converted from lb/MWh,Two-phase,22.77034001977428,2.819329915902762,25.589669935677044,11.017453226202266,0.0
2012,IN,114878967.34740001,867.8846107891013,eGRID2012_Data.xlsx,ST12!STC2ERTA converted from lb/MWh,Air-cooled,54.839720959343914,3.510421164350264,58.35014212369418,6.016131300775,26.097449693833564
2012,IN,114878967.34740001,867.8846107891013,eGRID2012_Data.xlsx,ST12!STC2ERTA converted from lb/MWh,Cold plate,46.56607610156464,2.947430832885522,49.51350693445016,5.952781403239243,7.00105813961347
2012,IN,114878967.34740001,867.8846107891013,eGRID2012_Data.xlsx,ST12!STC2ERTA converted from lb/MWh,One-phase,45.649190648370855,3.0497891214600124,48.69897976983087,6.262531855645492,5.2408259546238956
2012,IN,114878967.34740001,867.8846107891013,eGRID2012_Data.xlsx,ST12!STC2ERTA converted from lb/MWh,Two-phase,43.45451802104534,2.819329915902762,46.2738479369481,6.092706877855347,0.0
2012,KS,44286624.611999996,727.0757184352591,eGRID2012_Data.xlsx,ST12!STC2ERTA converted from lb/MWh,Air-cooled,45.94443959947195,3.510421164350264,49.45486076382221,7.098232833198567,26.078972741947794
2012,KS,44286624.611999996,727.0757184352591,eGRID2012_Data.xlsx,ST12!STC2ERTA converted from lb/MWh,Cold plate,39.012821972942916,2.947430832885522,41.96025280582844,7.024340026083238,6.972408536661123
2012,KS,44286624.611999996,727.0757184352591,eGRID2012_Data.xlsx,ST12!STC2ERTA converted from lb/MWh,One-phase,38.244659998611816,3.0497891214600124,41.29444912007183,7.385469927428123,5.275025439196135
2012,KS,44286624.611999996,727.0757184352591,eGRID2012_Data.xlsx,ST12!STC2ERTA converted from lb/MWh,Two-phase,36.40597442175549,2.819329915902762,39.22530433765825,7.187528467933554,0.0
2012,KY,89957452.21,945.7709144811539,eGRID2012_Data.xlsx,ST12!STC2ERTA converted from lb/MWh,Air-cooled,59.76001096262181,3.510421164350264,63.270432126972075,5.548280683946487,26.105439949618358
2012,KY,89957452.21,945.7709144811539,eGRID2012_Data.xlsx,ST12!STC2ERTA converted from lb/MWh,Cold plate,50.744044091304524,2.947430832885522,53.69147492419005,5.489569502508847,7.013447502162906
2012,KY,89957452.21,945.7709144811539,eGRID2012_Data.xlsx,ST12!STC2ERTA converted from lb/MWh,One-phase,49.74489450090178,3.0497891214600124,52.79468362236179,5.776697410055583,5.226036576422866
2012,KY,89957452.21,945.7709144811539,eGRID2012_Data.xlsx,ST12!STC2ERTA converted from lb/MWh,Two-phase,47.35331303451228,2.819329915902762,50.172642950415046,5.619257328518787,0.0
2012,LA,103347602.39899999,525.534693645618,eGRID2012_Data.xlsx,ST12!STC2ERTA converted from lb/MWh,Air-cooled,33.212543970638315,3.510421164350264,36.72296513498858,9.55919858716865,26.036971750427142
2012,LA,103347602.39899999,525.534693645618,eGRID2012_Data.xlsx,ST12!STC2ERTA converted from lb/MWh,Cold plate,28.20178190202462,2.947430832885522,31.149212734910144,9.462296392429273,6.907283523720187
2012,LA,103347602.39899999,525.534693645618,eGRID2012_Data.xlsx,ST12!STC2ERTA converted from lb/MWh,One-phase,27.64648917081592,3.0497891214600124,30.69627829227593,9.935370967194505,5.352766198083714
2012,LA,103347602.39899999,525.534693645618,eGRID2012_Data.xlsx,ST12!STC2ERTA converted from lb/MWh,Two-phase,26.31733103760362,2.819329915902762,29.136660953506382,9.676228585017311,0.0
2012,MA,36198121.51100001,410.7054747429866,eGRID2012_Data.xlsx,ST12!STC2ERTA converted from lb/MWh,Air-cooled,25.958469363571336,3.510421164350264,29.4688905279216,11.912294970942867,25.996837914263725
2012,MA,36198121.51100001,410.7054747429866,eGRID2012_Data.xlsx,ST12!STC2ERTA converted from lb/MWh,Cold plate,22.042126376980356,2.947430832885522,24.98955720986588,11.794650093767473,6.845053645212973
2012,MA,36198121.51100001,410.7054747429866,eGRID2012_Data.xlsx,ST12!STC2ERTA converted from lb/MWh,One-phase,21.60811718564475,3.0497891214600124,24.657906307104763,12.36840258648102,5.427050989167315
2012,MA,36198121.51100001,410.7054747429866,eGRID2012_Data.xlsx,ST12!STC2ERTA converted from lb/MWh,Two-phase,20.569265397873373,2.819329915902762,23.388595313776136,12.054293462601176,0.0
2012,MD,37808347.212,537.3367612535643,eGRID2012_Data.xlsx,ST12!STC2ERTA converted from lb/MWh,Air-cooled,33.95811273583462,3.510421164350264,37.46853390018488,9.36898458237498,26.04021711090516
2012,MD,37808347.212,537.3367612535643,eGRID2012_Data.xlsx,ST12!STC2ERTA converted from lb/MWh,Cold plate,28.834867031776092,2.947430832885522,31.782297864661615,9.27381287985076,6.912315646426759
2012,MD,37808347.212,537.3367612535643,eGRID2012_Data.xlsx,ST12!STC2ERTA converted from lb/MWh,One-phase,28.267108862319244,3.0497891214600124,31.316897983779256,9.738477683963673,5.346759273549506
2012,MD,37808347.212,537.3367612535643,eGRID2012_Data.xlsx,ST12!STC2ERTA converted from lb/MWh,Two-phase,26.90811324393852,2.819329915902762,29.727443159841282,9.483930053262657,0.0
2012,ME,14420135.401999999,259.2166344561971,eGRID2012_Data.xlsx,ST12!STC2ERTA converted from lb/MWh,Air-cooled,16.388506595556347,3.510421164350264,19.898927759906613,17.64125789442405,25.89923290822589
2012,ME,14420135.401999999,259.2166344561971,eGRID2012_Data.xlsx,ST12!STC2ERTA converted from lb/MWh,Cold plate,13.91597973092241,2.947430832885522,16.863410563807932,17.478260531776804,6.693711330396601
2012,ME,14420135.401999999,259.2166344561971,eGRID2012_Data.xlsx,ST12!STC2ERTA converted from lb/MWh,One-phase,13.641974264917652,3.0497891214600124,16.691763386377666,18.271221864725085,5.607710706138147
2012,ME,14420135.401999999,259.2166344561971,eGRID2012_Data.xlsx,ST12!STC2ERTA converted from lb/MWh,Two-phase,12.986110117565842,2.819329915902762,15.805440033468603,17.83771859519714,0.0
2012,MI,108166077.441,599.9605647723747,eGRID2012_Data.xlsx,ST12!STC2ERTA converted from lb/MWh,Air-cooled,37.91422902091496,3.510421164350264,41.42465018526522,8.474232488748749,26.05548528015833
2012,MI,108166077.441,599.9605647723747,eGRID2012_Data.xlsx,ST12!STC2ERTA converted from lb/MWh,Cold plate,32.19412577297692,2.947430832885522,35.14155660586244,8.387308695351933,6.935989842777768
2012,MI,108166077.441,599.9605647723747,eGRID2012_Data.xlsx,ST12!STC2ERTA converted from lb/MWh,One-phase,31.56022384112525,3.0497891214600124,34.61001296258526,8.811869341848992,5.318499010598776
2012,MI,108166077.441,599.9605647723747,eGRID2012_Data.xlsx,ST12!STC2ERTA converted from lb/MWh,Two-phase,30.042905387225005,2.819329915902762,32.86223530312777,8.579239634482269,0.0
2012,MN,52193624.220999986,529.7696269083569,eGRID2012_Data.xlsx,ST12!STC2ERTA converted from lb/MWh,Air-cooled,33.48007624280249,3.510421164350264,36.99049740715275,9.490062071107655,26.0381513125713
2012,MN,52193624.220999986,529.7696269083569,eGRID2012_Data.xlsx,ST12!STC2ERTA converted from lb/MWh,Cold plate,28.428951696605765,2.947430832885522,31.376382529491288,9.39378792349683,6.9091125043494905
2012,MN,52193624.220999986,529.7696269083569,eGRID2012_Data.xlsx,ST12!STC2ERTA converted from lb/MWh,One-phase,27.869185994996844,3.0497891214600124,30.918975116456856,9.863810524032342,5.35058291495345
2012,MN,52193624.220999986,529.7696269083569,eGRID2012_Data.xlsx,ST12!STC2ERTA converted from lb/MWh,Two-phase,26.529321283698927,2.819329915902762,29.34865119960169,9.606335557734335,0.0
2012,MO,91804321.40999998,786.4515106620867,eGRID2012_Data.xlsx,ST12!STC2ERTA converted from lb/MWh,Air-cooled,49.69537016212202,3.510421164350264,53.20579132647228,6.597817787936313,26.087516687312995
2012,MO,91804321.40999998,786.4515106620867,eGRID2012_Data.xlsx,ST12!STC2ERTA converted from lb/MWh,Cold plate,42.19785127244535,2.947430832885522,45.14528210533087,6.528768224348922,6.985656427540143
2012,MO,91804321.40999998,786.4515106620867,eGRID2012_Data.xlsx,ST12!STC2ERTA converted from lb/MWh,One-phase,41.36697611123674,3.0497891214600124,44.41676523269675,6.866301734226595,5.259211222137461
2012,MO,91804321.40999998,786.4515106620867,eGRID2012_Data.xlsx,ST12!STC2ERTA converted from lb/MWh,Two-phase,39.378179182811905,2.819329915902762,42.19750909871467,6.681270947314371,0.0
2012,MS,54584295.177999996,445.788401903682,eGRID2012_Data.xlsx,ST12!STC2ERTA converted from lb/MWh,Air-cooled,28.17475345476399,3.510421164350264,31.685174619114257,11.079065230186812,26.011046353615242
2012,MS,54584295.177999996,445.788401903682,eGRID2012_Data.xlsx,ST12!STC2ERTA converted from lb/MWh,Cold plate,23.924040650936554,2.947430832885522,26.871471483822077,10.968624604945873,6.867084667889722
2012,MS,54584295.177999996,445.788401903682,eGRID2012_Data.xlsx,ST12!STC2ERTA converted from lb/MWh,One-phase,23.452976591198794,3.0497891214600124,26.502765712658807,11.50743720306635,5.400752208643245
2012,MS,54584295.177999996,445.788401903682,eGRID2012_Data.xlsx,ST12!STC2ERTA converted from lb/MWh,Two-phase,22.325429639698857,2.819329915902762,25.14475955560162,11.212395607396795,0.0
2012,MT,27795017.083,586.1233263347476,eGRID2012_Data.xlsx,ST12!STC2ERTA converted from lb/MWh,Air-cooled,37.04009296964185,3.510421164350264,40.55051413399211,8.65690913992037,26.052367760870364
2012,MT,27795017.083,586.1233263347476,eGRID2012_Data.xlsx,ST12!STC2ERTA converted from lb/MWh,Cold plate,31.451870247700228,2.947430832885522,34.39930108058575,8.56828697182162,6.931155945371481
2012,MT,27795017.083,586.1233263347476,eGRID2012_Data.xlsx,ST12!STC2ERTA converted from lb/MWh,One-phase,30.83258331781253,3.0497891214600124,33.882372439272544,9.001108546711587,5.324269310454111
2012,MT,27795017.083,586.1233263347476,eGRID2012_Data.xlsx,ST12!STC2ERTA converted from lb/MWh,Two-phase,29.350247581379243,2.819329915902762,32.169577497282006,8.763963145431319,0.0
2012,NC,116971226.61099999,481.57895136449986,eGRID2012_Data.xlsx,ST12!STC2ERTA converted from lb/MWh,Air-cooled,30.435739974552504,3.510421164350264,33.94616113890277,10.341143288591985,26.023632256768536
2012,NC,116971226.61099999,481.57895136449986,eGRID2012_Data.xlsx,ST12!STC2ERTA converted from lb/MWh,Cold plate,25.843913117522188,2.947430832885522,28.79134395040771,10.237211704887377,6.886599852556952
2012,NC,116971226.61099999,481.57895136449986,eGRID2012_Data.xlsx,ST12!STC2ERTA converted from lb/MWh,One-phase,25.335046793046462,3.0497891214600124,28.384835914506475,10.744431042849094,5.377456623777288
2012,NC,116971226.61099999,481.57895136449986,eGRID2012_Data.xlsx,ST12!STC2ERTA converted from lb/MWh,Two-phase,24.11701569722693,2.819329915902762,26.936345613129692,10.466638483167236,0.0
2012,ND,36125158.886,844.4898304874455,eGRID2012_Data.xlsx,ST12!STC2ERTA converted from lb/MWh,Air-cooled,53.36180894926524,3.510421164350264,56.8722301136155,6.172469687468527,26.094779871338037
2012,ND,36125158.886,844.4898304874455,eGRID2012_Data.xlsx,ST12!STC2ERTA converted from lb/MWh,Cold plate,45.311136033876096,2.947430832885522,48.25856686676162,6.107580527667064,6.996918422471654
2012,ND,36125158.886,844.4898304874455,eGRID2012_Data.xlsx,ST12!STC2ERTA converted from lb/MWh,One-phase,44.418960334842915,3.0497891214600124,47.46874945630293,6.424835615834955,5.245767600508455
2012,ND,36125158.886,844.4898304874455,eGRID2012_Data.xlsx,ST12!STC2ERTA converted from lb/MWh,Two-phase,42.283433395667785,2.819329915902762,45.10276331157055,6.250902846964807,0.0
2012,NE,34200814.916,746.8754785946351,eGRID2012_Data.xlsx,ST12!STC2ERTA converted from lb/MWh,Air-cooled,47.19524439263122,3.510421164350264,50.70566555698148,6.923133984712931,26.0819621986095
2012,NE,34200814.916,746.8754785946351,eGRID2012_Data.xlsx,ST12!STC2ERTA converted from lb/MWh,Cold plate,40.074918390786415,2.947430832885522,43.02234922367194,6.850929542601022,6.9770438654171985
2012,NE,34200814.916,746.8754785946351,eGRID2012_Data.xlsx,ST12!STC2ERTA converted from lb/MWh,One-phase,39.285843751336486,3.0497891214600124,42.335632872796495,7.2038349600761675,5.269492173881951
2012,NE,34200814.916,746.8754785946351,eGRID2012_Data.xlsx,ST12!STC2ERTA converted from lb/MWh,Two-phase,37.397101263291475,2.819329915902762,40.21643117919424,7.010393098633097,0.0
2012,NH,19264434.942,234.1645204567588,eGRID2012_Data.xlsx,ST12!STC2ERTA converted from lb/MWh,Air-cooled,14.805896300429552,3.510421164350264,18.316317464779814,19.165540077040063,25.87328900065129
2012,NH,19264434.942,234.1645204567588,eGRID2012_Data.xlsx,ST12!STC2ERTA converted from lb/MWh,Cold plate,12.572137162929964,2.947430832885522,15.519567995815486,18.991706687197947,6.653483772537605
2012,NH,19264434.942,234.1645204567588,eGRID2012_Data.xlsx,ST12!STC2ERTA converted from lb/MWh,One-phase,12.32459194019946,3.0497891214600124,15.374381061659472,19.836825360505443,5.655730978763462
2012,NH,19264434.942,234.1645204567588,eGRID2012_Data.xlsx,ST12!STC2ERTA converted from lb/MWh,Two-phase,11.732063481536025,2.819329915902762,14.551393397438787,19.374982442567983,0.0
2012,NJ,65232564.118,235.30687567808639,eGRID2012_Data.xlsx,ST12!STC2ERTA converted from lb/MWh,Air-cooled,14.87806199207559,3.510421164350264,18.388483156425856,19.090324821727055,25.87456894433542
2012,NJ,65232564.118,235.30687567808639,eGRID2012_Data.xlsx,ST12!STC2ERTA converted from lb/MWh,Cold plate,12.633415248053753,2.947430832885522,15.580846080939274,18.917013989960676,6.655468400661224
2012,NJ,65232564.118,235.30687567808639,eGRID2012_Data.xlsx,ST12!STC2ERTA converted from lb/MWh,One-phase,12.384663460597308,3.0497891214600124,15.43445258205732,19.75961962528828,5.653361896755293
2012,NJ,65232564.118,235.30687567808639,eGRID2012_Data.xlsx,ST12!STC2ERTA converted from lb/MWh,Two-phase,11.789246948068593,2.819329915902762,14.608576863971354,19.29914147117219,0.0
2012,NM,36635909.33,803.9514215538795,eGRID2012_Data.xlsx,ST12!STC2ERTA converted from lb/MWh,Air-cooled,50.800887211173205,3.510421164350264,54.31130837552347,6.463517947456241,26.089809882011682
2012,NM,36635909.33,803.9514215538795,eGRID2012_Data.xlsx,ST12!STC2ERTA converted from lb/MWh,Cold plate,43.13657944496577,2.947430832885522,46.08401027785129,6.395777657184718,6.989212161084057
2012,NM,36635909.33,803.9514215538795,eGRID2012_Data.xlsx,ST12!STC2ERTA converted from lb/MWh,One-phase,42.28722073783824,3.0497891214600124,45.33700985929825,6.7269304502544855,5.254966686718254
2012,NM,36635909.33,803.9514215538795,eGRID2012_Data.xlsx,ST12!STC2ERTA converted from lb/MWh,Two-phase,40.25418127928833,2.819329915902762,43.073511195191095,6.54539144284463,0.0
2012,NV,35142773.975999996,417.06387390575577,eGRID2012_Data.xlsx,ST12!STC2ERTA converted from lb/MWh,Air-cooled,26.36014676196373,3.510421164350264,29.870567926313996,11.752107201342547,25.99956922688669
2012,NV,35142773.975999996,417.06387390575577,eGRID2012_Data.xlsx,ST12!STC2ERTA converted from lb/MWh,Cold plate,22.383202880919637,2.947430832885522,25.33063371380516,11.635835353298628,6.8492887064216745
2012,NV,35142773.975999996,417.06387390575577,eGRID2012_Data.xlsx,ST12!STC2ERTA converted from lb/MWh,One-phase,21.942477897508144,3.0497891214600124,24.992267018968157,12.202931087225265,5.421995529560775
2012,NV,35142773.975999996,417.06387390575577,eGRID2012_Data.xlsx,ST12!STC2ERTA converted from lb/MWh,Two-phase,20.88755107551256,2.819329915902762,23.706880991415325,11.892453996473387,0.0
2012,NY,135662526.46399996,256.046472781625,eGRID2012_Data.xlsx,ST12!STC2ERTA converted from lb/MWh,Air-cooled,16.18823884555702,3.510421164350264,19.698660009907286,17.82060892763632,25.896179724985302
2012,NY,135662526.46399996,256.046472781625,eGRID2012_Data.xlsx,ST12!STC2ERTA converted from lb/MWh,Cold plate,13.745926289292548,2.947430832885522,16.69335712217807,17.656309700399888,6.688977189823864
2012,NY,135662526.46399996,256.046472781625,eGRID2012_Data.xlsx,ST12!STC2ERTA converted from lb/MWh,One-phase,13.475269173416235,3.0497891214600124,16.525058294876246,18.455542286381096,5.613361924682048
2012,NY,135662526.46399996,256.046472781625,eGRID2012_Data.xlsx,ST12!STC2ERTA converted from lb/MWh,Two-phase,12.827419693925071,2.819329915902762,15.646749609827832,18.018629978790745,0.0
2012,OH,129741418.34499998,736.578696719413,eGRID2012_Data.xlsx,ST12!STC2ERTA converted from lb/MWh,Air-cooled,46.544768628279876,3.510421164350264,50.05518979263014,7.013101296575485,26.080426172058857
2012,OH,129741418.34499998,736.578696719413,eGRID2012_Data.xlsx,ST12!STC2ERTA converted from lb/MWh,Cold plate,39.522579622187216,2.947430832885522,42.47001045507274,6.940028507889083,6.974662165715229
2012,OH,129741418.34499998,736.578696719413,eGRID2012_Data.xlsx,ST12!STC2ERTA converted from lb/MWh,One-phase,38.74438052614917,3.0497891214600124,41.79416964760918,7.297164047460563,5.272335246518933
2012,OH,129741418.34499998,736.578696719413,eGRID2012_Data.xlsx,ST12!STC2ERTA converted from lb/MWh,Two-phase,36.88166992393047,2.819329915902762,39.70099983983323,7.101407841809671,0.0
2012,OK,77757667.6767,624.5843367986424,eGRID2012_Data.xlsx,ST12!STC2ERTA converted from lb/MWh,Air-cooled,39.46977978659087,3.510421164350264,42.98020095094113,8.167530832061866,26.060719729534654
2012,OK,77757667.6767,624.5843367986424,eGRID2012_Data.xlsx,ST12!STC2ERTA converted from lb/MWh,Cold plate,33.51499127096172,2.947430832885522,36.462422103847246,8.083475158317942,6.94410616506036
2012,OK,77757667.6767,624.5843367986424,eGRID2012_Data.xlsx,ST12!STC2ERTA converted from lb/MWh,One-phase,32.85508151405548,3.0497891214600124,35.90487063551549,8.49408190999941,5.308810428207367
2012,OK,77757667.6767,624.5843367986424,eGRID2012_Data.xlsx,ST12!STC2ERTA converted from lb/MWh,Two-phase,31.275510287418196,2.819329915902762,34.094840203320956,8.26908089051008,0.0
2012,OR,60612559.41,118.71983648454595,eGRID2012_Data.xlsx,ST12!STC2ERTA converted from lb/MWh,Air-cooled,7.51294108809978,3.510421164350264,11.023362252450044,31.8452853490326,25.657888247679296
2012,OR,60612559.41,118.71983648454595,eGRID2012_Data.xlsx,ST12!STC2ERTA converted from lb/MWh,Cold plate,6.379466932634291,2.947430832885522,9.326897765519814,31.601406030006526,6.319492209079058
2012,OR,60612559.41,118.71983648454595,eGRID2012_Data.xlsx,ST12!STC2ERTA converted from lb/MWh,One-phase,6.253855308908353,3.0497891214600124,9.303644430368365,32.78058554672494,6.05442199520696
2012,OR,60612559.41,118.71983648454595,eGRID2012_Data.xlsx,ST12!STC2ERTA converted from lb/MWh,Two-phase,5.95318918828776,2.819329915902762,8.772519104190522,32.13820206508303,0.0
2012,PA,223416431.35199994,483.57730055072983,eGRID2012_Data.xlsx,ST12!STC2ERTA converted from lb/MWh,Air-cooled,30.561981137092985,3.510421164350264,34.07240230144325,10.302828468897154,26.024285818139205
2012,PA,223416431.35199994,483.57730055072983,eGRID2012_Data.xlsx,ST12!STC2ERTA converted from lb/MWh,Cold plate,25.951108330757652,2.947430832885522,28.898539163643175,10.199238155932953,6.887613237983858
2012,PA,223416431.35199994,483.57730055072983,eGRID2012_Data.xlsx,ST12!STC2ERTA converted from lb/MWh,One-phase,25.440131333880558,3.0497891214600124,28.48992045534057,10.70480040911562,5.376246929551143
2012,PA,223416431.35199994,483.57730055072983,eGRID2012_Data.xlsx,ST12!STC2ERTA converted from lb/MWh,Two-phase,24.217048096674766,2.819329915902762,27.03637801257753,10.427912772159008,0.0
2012,RI,8309035.853,411.8467500008195,eGRID2012_Data.xlsx,ST12!STC2ERTA converted from lb/MWh,Air-cooled,26.030566830981083,3.510421164350264,29.54098799533135,11.883221931863112,25.997333620957818
2012,RI,8309035.853,411.8467500008195,eGRID2012_Data.xlsx,ST12!STC2ERTA converted from lb/MWh,Cold plate,22.10334653082872,2.947430832885522,25.050777363714243,11.765825826845761,6.845822267659685
2012,RI,8309035.853,411.8467500008195,eGRID2012_Data.xlsx,ST12!STC2ERTA converted from lb/MWh,One-phase,21.66813191543326,3.0497891214600124,24.717921036893273,12.338372296391686,5.426133472385253
2012,RI,8309035.853,411.8467500008195,eGRID2012_Data.xlsx,ST12!STC2ERTA converted from lb/MWh,Two-phase,20.62639480411436,2.819329915902762,23.44572472001712,12.024921172497255,0.0
2012,SC,96755682.345,350.47735500875496,eGRID2012_Data.xlsx,ST12!STC2ERTA converted from lb/MWh,Air-cooled,22.153694950136153,3.510421164350264,25.66411611448642,13.678324820112408,25.96673372711966
2012,SC,96755682.345,350.47735500875496,eGRID2012_Data.xlsx,ST12!STC2ERTA converted from lb/MWh,Cold plate,18.811376625050393,2.947430832885522,21.758807457935916,13.545920834969884,6.798375328669626
2012,SC,96755682.345,350.47735500875496,eGRID2012_Data.xlsx,ST12!STC2ERTA converted from lb/MWh,One-phase,18.440980855725975,3.0497891214600124,21.490769977185987,14.191157993397095,5.482771634550754
2012,SC,96755682.345,350.47735500875496,eGRID2012_Data.xlsx,ST12!STC2ERTA converted from lb/MWh,Two-phase,17.55439523766223,2.819329915902762,20.373725153564994,13.83806787738783,0.0
2012,SD,12017721.954,254.8235470417611,eGRID2012_Data.xlsx,ST12!STC2ERTA converted from lb/MWh,Air-cooled,16.11098329474292,3.510421164350264,19.621404459093185,17.890774188304462,25.894985306606543
2012,SD,12017721.954,254.8235470417611,eGRID2012_Data.xlsx,ST12!STC2ERTA converted from lb/MWh,Cold plate,13.680326249840402,2.947430832885522,16.627757082725925,17.725967598766037,6.687125173727182
2012,SD,12017721.954,254.8235470417611,eGRID2012_Data.xlsx,ST12!STC2ERTA converted from lb/MWh,One-phase,13.410960797916436,3.0497891214600124,16.460749919376447,18.527643858254677,5.615572705614391
2012,SD,12017721.954,254.8235470417611,eGRID2012_Data.xlsx,ST12!STC2ERTA converted from lb/MWh,Two-phase,12.766203067247378,2.819329915902762,15.58553298315014,18.08940328797739,0.0
2012,TN,77385936.54100001,500.37128622523164,eGRID2012_Data.xlsx,ST12!STC2ERTA converted from lb/MWh,Air-cooled,31.62290296689443,3.510421164350264,35.13332413124469,9.991713710996063,26.029592960558556
2012,TN,77385936.54100001,500.37128622523164,eGRID2012_Data.xlsx,ST12!STC2ERTA converted from lb/MWh,Cold plate,26.851969345367312,2.947430832885522,29.799400178252835,9.890906579510665,6.89584227511435
2012,TN,77385936.54100001,500.37128622523164,eGRID2012_Data.xlsx,ST12!STC2ERTA converted from lb/MWh,One-phase,26.323254406434646,3.0497891214600124,29.37304352789466,10.382952377964248,5.366423797661435
2012,TN,77385936.54100001,500.37128622523164,eGRID2012_Data.xlsx,ST12!STC2ERTA converted from lb/MWh,Two-phase,25.057713329202215,2.819329915902762,27.87704324510498,10.113446720709224,0.0
2012,TX,429697350.6938001,547.4493701801143,eGRID2012_Data.xlsx,ST12!STC2ERTA converted from lb/MWh,Air-cooled,34.59695379324431,3.510421164350264,38.10737495759457,9.211920706311098,26.042897002219377
2012,TX,429697350.6938001,547.4493701801143,eGRID2012_Data.xlsx,ST12!STC2ERTA converted from lb/MWh,Cold plate,29.377326416611368,2.947430832885522,32.32475724949689,9.118183966969765,6.9164709758654075
2012,TX,429697350.6938001,547.4493701801143,eGRID2012_Data.xlsx,ST12!STC2ERTA converted from lb/MWh,One-phase,28.798887228684784,3.0497891214600124,31.848676350144796,9.57587401099684,5.341798991019053
2012,TX,429697350.6938001,547.4493701801143,eGRID2012_Data.xlsx,ST12!STC2ERTA converted from lb/MWh,Two-phase,27.41432534269033,2.819329915902762,30.233655258593092,9.325137472755445,0.0
2012,UT,39400420.758,820.9580075521128,eGRID2012_Data.xlsx,ST12!STC2ERTA converted from lb/MWh,Air-cooled,51.87523958264839,3.510421164350264,55.38566074699865,6.3381408057689255,26.0919507952593
2012,UT,39400420.758,820.9580075521128,eGRID2012_Data.xlsx,ST12!STC2ERTA converted from lb/MWh,Cold plate,44.048844741266215,2.947430832885522,46.99627557415174,6.271626414810259,6.992531773262445
2012,UT,39400420.758,820.9580075521128,eGRID2012_Data.xlsx,ST12!STC2ERTA converted from lb/MWh,One-phase,43.18152354191995,3.0497891214600124,46.23131266337997,6.596804083124734,5.251004013110916
2012,UT,39400420.758,820.9580075521128,eGRID2012_Data.xlsx,ST12!STC2ERTA converted from lb/MWh,Two-phase,41.10548875625073,2.819329915902762,43.92481867215349,6.4185351269078765,0.0
2012,VA,70739234.747,372.4703163542424,eGRID2012_Data.xlsx,ST12!STC2ERTA converted from lb/MWh,Air-cooled,23.543050237537226,3.510421164350264,27.053471401887492,12.975862181240613,25.978706358039116
2012,VA,70739234.747,372.4703163542424,eGRID2012_Data.xlsx,ST12!STC2ERTA converted from lb/MWh,Cold plate,19.99112048430878,2.947430832885522,22.938551317194303,12.849245761549833,6.816939598591265
2012,VA,70739234.747,372.4703163542424,eGRID2012_Data.xlsx,ST12!STC2ERTA converted from lb/MWh,One-phase,19.59749557322268,3.0497891214600124,22.647284694682693,13.466467007305585,5.46061117166976
2012,VA,70739234.747,372.4703163542424,eGRID2012_Data.xlsx,ST12!STC2ERTA converted from lb/MWh,Two-phase,18.655308286048516,2.819329915902762,21.47463820195128,13.128649197203169,0.0
2012,VT,6568121.002,3.37294715150058,eGRID2012_Data.xlsx,ST12!STC2ERTA converted from lb/MWh,Air-cooled,0.22616382956497072,3.510421164350264,3.7365849939152347,93.94731205276308,24.613471382866337
2012,VT,6568121.002,3.37294715150058,eGRID2012_Data.xlsx,ST12!STC2ERTA converted from lb/MWh,Cold plate,0.19204259093060347,2.947430832885522,3.1394734238161255,93.88296809669535,4.700062301019625
2012,VT,6568121.002,3.37294715150058,eGRID2012_Data.xlsx,ST12!STC2ERTA converted from lb/MWh,One-phase,0.18826127472878584,3.0497891214600124,3.238050396188798,94.1859683545886,7.987561112307295
2012,VT,6568121.002,3.37294715150058,eGRID2012_Data.xlsx,ST12!STC2ERTA converted from lb/MWh,Two-phase,0.17921025190528658,2.819329915902762,2.9985401678080486,94.02341666690793,0.0
2012,WA,116834423.661,57.419739700996345,eGRID2012_Data.xlsx,ST12!STC2ERTA converted from lb/MWh,Air-cooled,3.6404469638877623,3.510421164350264,7.150868128238026,49.09083906173545,25.366104979804426
2012,WA,116834423.661,57.419739700996345,eGRID2012_Data.xlsx,ST12!STC2ERTA converted from lb/MWh,Cold plate,3.091214313249043,2.947430832885522,6.038645146134565,48.80947234947595,5.867065054187659
2012,WA,116834423.661,57.419739700996345,eGRID2012_Data.xlsx,ST12!STC2ERTA converted from lb/MWh,One-phase,3.0303483422717883,3.0497891214600124,6.0801374637318,50.15987121429564,6.594491451999329
2012,WA,116834423.661,57.419739700996345,eGRID2012_Data.xlsx,ST12!STC2ERTA converted from lb/MWh,Two-phase,2.884658518124107,2.819329915902762,5.7039884340268685,49.42734278849839,0.0
2012,WI,63742909.901,618.7824180242433,eGRID2012_Data.xlsx,ST12!STC2ERTA converted from lb/MWh,Air-cooled,39.103256770447025,3.510421164350264,42.61367793479729,8.237780296085965,26.059520749917088
2012,WI,63742909.901,618.7824180242433,eGRID2012_Data.xlsx,ST12!STC2ERTA converted from lb/MWh,Cold plate,33.20376542290567,2.947430832885522,36.15119625579119,8.153065840562226,6.942247076494046
2012,WI,63742909.901,618.7824180242433,eGRID2012_Data.xlsx,ST12!STC2ERTA converted from lb/MWh,One-phase,32.54998369903613,3.0497891214600124,35.59977282049614,8.56687804396362,5.311029651658616
2012,WI,63742909.901,618.7824180242433,eGRID2012_Data.xlsx,ST12!STC2ERTA converted from lb/MWh,Two-phase,30.985080636582477,2.819329915902762,33.80441055248524,8.340124468448955,0.0
2012,WV,73413404.20399998,898.9368141618589,eGRID2012_Data.xlsx,ST12!STC2ERTA converted from lb/MWh,Air-cooled,56.80137324725859,3.510421164350264,60.31179441160885,5.820455515537731,26.10079144841282
2012,WV,73413404.20399998,898.9368141618589,eGRID2012_Data.xlsx,ST12!STC2ERTA converted from lb/MWh,Cold plate,48.23177476169392,2.947430832885522,51.17920559457944,5.759039826123628,7.006239727055519
2012,WV,73413404.20399998,898.9368141618589,eGRID2012_Data.xlsx,ST12!STC2ERTA converted from lb/MWh,One-phase,47.28209172281682,3.0497891214600124,50.33188084427684,6.059358542343841,5.234640611668895
2012,WV,73413404.20399998,898.9368141618589,eGRID2012_Data.xlsx,ST12!STC2ERTA converted from lb/MWh,Two-phase,45.00891423614294,2.819329915902762,47.828244152045706,5.894696671155497,0.0
2012,WY,49588606.105000004,956.8340785430383,eGRID2012_Data.xlsx,ST12!STC2ERTA converted from lb/MWh,Air-cooled,60.458901177691395,3.510421164350264,63.96932234204166,5.487663517178076,26.10647528294432
2012,WY,49588606.105000004,956.8340785430383,eGRID2012_Data.xlsx,ST12!STC2ERTA converted from lb/MWh,Cold plate,51.33749304349187,2.947430832885522,54.28492387637739,5.429556905334678,7.015052847508585
2012,WY,49588606.105000004,956.8340785430383,eGRID2012_Data.xlsx,ST12!STC2ERTA converted from lb/MWh,One-phase,50.32665845067907,3.0497891214600124,53.376447572139085,5.7137356646640365,5.224120250270881
2012,WY,49588606.105000004,956.8340785430383,eGRID2012_Data.xlsx,ST12!STC2ERTA converted from lb/MWh,Two-phase,47.9071075636272,2.819329915902762,50.72643747952996,5.5579103441681035,0.0
2014,AK,6045142.31,398.29764572752003,eGRID2014_Data_v2.xlsx,ST14!STC2ERTA converted from lb/MWh,Air-cooled,25.174632999882004,3.510421164350264,28.68505416423227,12.237805598176102,25.991288096981013
2014,AK,6045142.31,398.29764572752003,eGRID2014_Data_v2.xlsx,ST14!STC2ERTA converted from lb/MWh,Cold plate,21.376547064682413,2.947430832885522,24.323977897567936,12.117388222015384,6.836448326403288
2014,AK,6045142.31,398.29764572752003,eGRID2014_Data_v2.xlsx,ST14!STC2ERTA converted from lb/MWh,One-phase,20.955643121640904,3.0497891214600124,24.005432243100916,12.704579074332276,5.4373232944540995
2014,AK,6045142.31,398.29764572752003,eGRID2014_Data_v2.xlsx,ST14!STC2ERTA converted from lb/MWh,Two-phase,19.948160279254324,2.819329915902762,22.767490195157087,12.383138816515078,0.0
2014,AL,149248102.877,480.66185545686005,eGRID2014_Data_v2.xlsx,ST14!STC2ERTA converted from lb/MWh,Air-cooled,30.377804527464804,3.510421164350264,33.888225691815066,10.358822548794954,26.023330692150658
2014,AL,149248102.877,480.66185545686005,eGRID2014_Data_v2.xlsx,ST14!STC2ERTA converted from lb/MWh,Cold plate,25.794718366147286,2.947430832885522,28.74214919903281,10.254733605602134,6.886132258842359
2014,AL,149248102.877,480.66185545686005,eGRID2014_Data_v2.xlsx,ST14!STC2ERTA converted from lb/MWh,One-phase,25.286820685707852,3.0497891214600124,28.336609807167864,10.762717001836103,5.378014797796493
2014,AL,149248102.877,480.66185545686005,eGRID2014_Data_v2.xlsx,ST14!STC2ERTA converted from lb/MWh,Two-phase,24.071108152741132,2.819329915902762,26.890438068643896,10.484507201800833,0.0
2014,AR,61592136.606,586.46953323728,eGRID2014_Data_v2.xlsx,ST14!STC2ERTA converted from lb/MWh,Air-cooled,37.061963802905815,3.510421164350264,40.57238496725608,8.652242571353268,26.052447397577172
2014,AR,61592136.606,586.46953323728,eGRID2014_Data_v2.xlsx,ST14!STC2ERTA converted from lb/MWh,Cold plate,31.470441437858717,2.947430832885522,34.41787227074424,8.563663696872066,6.931279426779269
2014,AR,61592136.606,586.46953323728,eGRID2014_Data_v2.xlsx,ST14!STC2ERTA converted from lb/MWh,One-phase,30.85078884147021,3.0497891214600124,33.90057796293022,8.99627470892948,5.324121908742874
2014,AR,61592136.606,586.46953323728,eGRID2014_Data_v2.xlsx,ST14!STC2ERTA converted from lb/MWh,Two-phase,29.367577839476454,2.819329915902762,32.18690775537922,8.759244402505807,0.0
2014,AZ,108779907.038,506.9919853506201,eGRID2014_Data_v2.xlsx,ST14!STC2ERTA converted from lb/MWh,Air-cooled,32.041150568554386,3.510421164350264,35.55157173290465,9.87416587576972,26.031598263376022
2014,AZ,108779907.038,506.9919853506201,eGRID2014_Data_v2.xlsx,ST14!STC2ERTA converted from lb/MWh,Cold plate,27.20711611321161,2.947430832885522,30.154546946097135,9.774415905349905,6.89895161532772
2014,AZ,108779907.038,506.9919853506201,eGRID2014_Data_v2.xlsx,ST14!STC2ERTA converted from lb/MWh,One-phase,26.6714083388836,3.0497891214600124,29.721197460343614,10.261326534804944,5.362712129027347
2014,AZ,108779907.038,506.9919853506201,eGRID2014_Data_v2.xlsx,ST14!STC2ERTA converted from lb/MWh,Two-phase,25.389129091821896,2.819329915902762,28.20845900772466,9.994625779205844,0.0
2014,CA,197243679.949,251.92520229800002,eGRID2014_Data_v2.xlsx,ST14!STC2ERTA converted from lb/MWh,Air-cooled,15.92788696082053,3.510421164350264,19.438308125170792,18.059293749977122,25.892116702346236
2014,CA,197243679.949,251.92520229800002,eGRID2014_Data_v2.xlsx,ST14!STC2ERTA converted from lb/MWh,Cold plate,13.524853580209781,2.947430832885522,16.472284413095302,17.893273082040423,6.682677233742629
2014,CA,197243679.949,251.92520229800002,eGRID2014_Data_v2.xlsx,ST14!STC2ERTA converted from lb/MWh,One-phase,13.25854938319685,3.0497891214600124,16.308338504656863,18.700796041173305,5.620882281985584
2014,CA,197243679.949,251.92520229800002,eGRID2014_Data_v2.xlsx,ST14!STC2ERTA converted from lb/MWh,Two-phase,12.62111912438931,2.819329915902762,15.440449040292071,18.259377745722812,0.0
2014,CO,53847380.231,722.68558991013,eGRID2014_Data_v2.xlsx,ST14!STC2ERTA converted from lb/MWh,Air-cooled,45.66710321975745,3.510421164350264,49.17752438410771,7.13826327842704,26.078289323432347
2014,CO,53847380.231,722.68558991013,eGRID2014_Data_v2.xlsx,ST14!STC2ERTA converted from lb/MWh,Cold plate,38.77732721225491,2.947430832885522,41.72475804514043,7.063985439284773,6.971348855971415
2014,CO,53847380.231,722.68558991013,eGRID2014_Data_v2.xlsx,ST14!STC2ERTA converted from lb/MWh,One-phase,38.01380212680204,3.0497891214600124,41.06359124826206,7.426990744724718,5.27629039681039
2014,CO,53847380.231,722.68558991013,eGRID2014_Data_v2.xlsx,ST14!STC2ERTA converted from lb/MWh,Two-phase,36.18621548609041,2.819329915902762,39.005545401993174,7.228023315266077,0.0
2014,CT,33651815.798,244.1506290762,eGRID2014_Data_v2.xlsx,ST14!STC2ERTA converted from lb/MWh,Air-cooled,15.436745988792634,3.510421164350264,18.9471671531429,18.52741961886353,25.88414877114682
2014,CT,33651815.798,244.1506290762,eGRID2014_Data_v2.xlsx,ST14!STC2ERTA converted from lb/MWh,Cold plate,13.10781083309218,2.947430832885522,16.055241665977704,18.358059593281336,6.670322486778613
2014,CT,33651815.798,244.1506290762,eGRID2014_Data_v2.xlsx,ST14!STC2ERTA converted from lb/MWh,One-phase,12.84971820252857,3.0497891214600124,15.899507323988582,19.181658018161382,5.635630339014286
2014,CT,33651815.798,244.1506290762,eGRID2014_Data_v2.xlsx,ST14!STC2ERTA converted from lb/MWh,Two-phase,12.231943288945466,2.819329915902762,15.051273204848227,18.731504488235693,0.0
2014,DC,67612.0,537.8516886512,eGRID2014_Data_v2.xlsx,ST14!STC2ERTA converted from lb/MWh,Air-cooled,33.99064210244853,3.510421164350264,37.501063266798795,9.360857689222325,26.040355772651047
2014,DC,67612.0,537.8516886512,eGRID2014_Data_v2.xlsx,ST14!STC2ERTA converted from lb/MWh,Cold plate,28.862488706992167,2.947430832885522,31.80991953987769,9.265760100997902,6.912530649636617
2014,DC,67612.0,537.8516886512,eGRID2014_Data_v2.xlsx,ST14!STC2ERTA converted from lb/MWh,One-phase,28.294186667097467,3.0497891214600124,31.34397578855748,9.730064692601559,5.346502620814375
2014,DC,67612.0,537.8516886512,eGRID2014_Data_v2.xlsx,ST14!STC2ERTA converted from lb/MWh,Two-phase,26.933889231179325,2.819329915902762,29.75321914708209,9.475713878104026,0.0
2014,DE,7598247.016,474.42269240751,eGRID2014_Data_v2.xlsx,ST14!STC2ERTA converted from lb/MWh,Air-cooled,29.983659599212544,3.510421164350264,33.494080763562806,10.480721023904453,26.0212514438011
2014,DE,7598247.016,474.42269240751,eGRID2014_Data_v2.xlsx,ST14!STC2ERTA converted from lb/MWh,Cold plate,25.460037911853085,2.947430832885522,28.40746874473861,10.375548977525217,6.8829082617229975
2014,DE,7598247.016,474.42269240751,eGRID2014_Data_v2.xlsx,ST14!STC2ERTA converted from lb/MWh,One-phase,24.95873008535241,3.0497891214600124,28.008519206812423,10.88879101012317,5.381863334194259
2014,DE,7598247.016,474.42269240751,eGRID2014_Data_v2.xlsx,ST14!STC2ERTA converted from lb/MWh,Two-phase,23.758791138941245,2.819329915902762,26.578121054844008,10.607709664972436,0.0
2014,FL,229963756.27,498.69079138725,eGRID2014_Data_v2.xlsx,ST14!STC2ERTA converted from lb/MWh,Air-cooled,31.516741529518054,3.510421164350264,35.02716269386832,10.021996914311249,26.029076355742696
2014,FL,229963756.27,498.69079138725,eGRID2014_Data_v2.xlsx,ST14!STC2ERTA converted from lb/MWh,Cold plate,26.761824437890766,2.947430832885522,29.70925527077629,9.920917929520712,6.895041248898037
2014,FL,229963756.27,498.69079138725,eGRID2014_Data_v2.xlsx,ST14!STC2ERTA converted from lb/MWh,One-phase,26.23488445105336,3.0497891214600124,29.284673572513373,10.414284160990436,5.36737999533623
2014,FL,229963756.27,498.69079138725,eGRID2014_Data_v2.xlsx,ST14!STC2ERTA converted from lb/MWh,Two-phase,24.97359192936811,2.819329915902762,27.79292184527087,10.144057294870159,0.0
2014,GA,125805607.875,501.55704157328,eGRID2014_Data_v2.xlsx,ST14!STC2ERTA converted from lb/MWh,Air-cooled,31.69781036278785,3.510421164350264,35.20823152713811,9.970455805610317,26.029955604259094
2014,GA,125805607.875,501.55704157328,eGRID2014_Data_v2.xlsx,ST14!STC2ERTA converted from lb/MWh,Cold plate,26.915575495010724,2.947430832885522,29.863006327896247,9.869839628745641,6.896404575546655
2014,GA,125805607.875,501.55704157328,eGRID2014_Data_v2.xlsx,ST14!STC2ERTA converted from lb/MWh,One-phase,26.385608151790986,3.0497891214600124,29.435397273251,10.36095790774825,5.365752570734061
2014,GA,125805607.875,501.55704157328,eGRID2014_Data_v2.xlsx,ST14!STC2ERTA converted from lb/MWh,Two-phase,25.1170692983395,2.819329915902762,27.936399214242265,10.091958860845024,0.0
2014,HI,10204158.502,607.2962269058299,eGRID2014_Data_v2.xlsx,ST14!STC2ERTA converted from lb/MWh,Air-cooled,38.37764278369116,3.510421164350264,41.88806394804142,8.380480818365449,26.057085285288515
2014,HI,10204158.502,607.2962269058299,eGRID2014_Data_v2.xlsx,ST14!STC2ERTA converted from lb/MWh,Cold plate,32.58762450284732,2.947430832885522,35.53505533573284,8.294431526948225,6.938470745038328
2014,HI,10204158.502,607.2962269058299,eGRID2014_Data_v2.xlsx,ST14!STC2ERTA converted from lb/MWh,One-phase,31.945974585950026,3.0497891214600124,34.995763707410035,8.714738009315816,5.315537518297275
2014,HI,10204158.502,607.2962269058299,eGRID2014_Data_v2.xlsx,ST14!STC2ERTA converted from lb/MWh,Two-phase,30.41011042316397,2.819329915902762,33.229440339066734,8.48443394512477,0.0
2014,IA,56846167.863,611.8339649753101,eGRID2014_Data_v2.xlsx,ST14!STC2ERTA converted from lb/MWh,Air-cooled,38.664304060480376,3.510421164350264,42.17472522483064,8.323518755928921,26.058057443453354
2014,IA,56846167.863,611.8339649753101,eGRID2014_Data_v2.xlsx,ST14!STC2ERTA converted from lb/MWh,Cold plate,32.831037317442686,2.947430832885522,35.77846815032821,8.238001751504513,6.939978133573033
2014,IA,56846167.863,611.8339649753101,eGRID2014_Data_v2.xlsx,ST14!STC2ERTA converted from lb/MWh,One-phase,32.18459460528524,3.0497891214600124,35.23438372674525,8.655718644356531,5.313738124741185
2014,IA,56846167.863,611.8339649753101,eGRID2014_Data_v2.xlsx,ST14!STC2ERTA converted from lb/MWh,Two-phase,30.63725832618499,2.819329915902762,33.456588242087754,8.426830301710496,0.0
2014,ID,15102586.656,66.88763806493999,eGRID2014_Data_v2.xlsx,ST14!STC2ERTA converted from lb/MWh,Air-cooled,4.23855989856175,3.510421164350264,7.748981062912014,45.301713036204944,25.430098248875744
2014,ID,15102586.656,66.88763806493999,eGRID2014_Data_v2.xlsx,ST14!STC2ERTA converted from lb/MWh,Cold plate,3.5990902095178687,2.947430832885522,6.546521042403391,45.022857389356936,5.966290389721829
2014,ID,15102586.656,66.88763806493999,eGRID2014_Data_v2.xlsx,ST14!STC2ERTA converted from lb/MWh,One-phase,3.528224168526104,3.0497891214600124,6.578013289986116,46.363377314892126,6.4760445982183334
2014,ID,15102586.656,66.88763806493999,eGRID2014_Data_v2.xlsx,ST14!STC2ERTA converted from lb/MWh,Two-phase,3.3585980065777346,2.819329915902762,6.177927922480496,45.635526203594395,0.0
2014,IL,202134056.529,452.11320528143006,eGRID2014_Data_v2.xlsx,ST14!STC2ERTA converted from lb/MWh,Air-cooled,28.57430851588583,3.510421164350264,32.084729680236094,10.941096276440353,26.0133993435375
2014,IL,202134056.529,452.11320528143006,eGRID2014_Data_v2.xlsx,ST14!STC2ERTA converted from lb/MWh,Cold plate,24.26331501370653,2.947430832885522,27.210745846592054,10.831863446531239,6.87073311745221
2014,IL,202134056.529,452.11320528143006,eGRID2014_Data_v2.xlsx,ST14!STC2ERTA converted from lb/MWh,One-phase,23.785570646029857,3.0497891214600124,26.83535976748987,11.364815481828302,5.396396996644959
2014,IL,202134056.529,452.11320528143006,eGRID2014_Data_v2.xlsx,ST14!STC2ERTA converted from lb/MWh,Two-phase,22.642033595739964,2.819329915902762,25.461363511642727,11.072973034667077,0.0
2014,IN,115023340.266,899.4147027019,eGRID2014_Data_v2.xlsx,ST14!STC2ERTA converted from lb/MWh,Air-cooled,56.83156276832691,3.510421164350264,60.341983932677174,5.817543500503396,26.100841181195513
2014,IN,115023340.266,899.4147027019,eGRID2014_Data_v2.xlsx,ST14!STC2ERTA converted from lb/MWh,Cold plate,48.25740960284455,2.947430832885522,51.20484043573007,5.756156659808363,7.006316840666416
2014,IN,115023340.266,899.4147027019,eGRID2014_Data_v2.xlsx,ST14!STC2ERTA converted from lb/MWh,One-phase,47.307221814267365,3.0497891214600124,50.357010935727374,6.0563346886346725,5.234548559930841
2014,IN,115023340.266,899.4147027019,eGRID2014_Data_v2.xlsx,ST14!STC2ERTA converted from lb/MWh,Two-phase,45.032836150119905,2.819329915902762,47.85216606602267,5.8917498363874925,0.0
2014,KS,49727761.916,643.6570984697701,eGRID2014_Data_v2.xlsx,ST14!STC2ERTA converted from lb/MWh,Air-cooled,40.67465810456048,3.510421164350264,44.18507926891074,7.944811285696272,26.06452113631721
2014,KS,49727761.916,643.6570984697701,eGRID2014_Data_v2.xlsx,ST14!STC2ERTA converted from lb/MWh,Cold plate,34.5380901209594,2.947430832885522,37.485520953844926,7.862851463408037,6.950000470336182
2014,KS,49727761.916,643.6570984697701,eGRID2014_Data_v2.xlsx,ST14!STC2ERTA converted from lb/MWh,One-phase,33.85803556055508,3.0497891214600124,36.90782468201509,8.26325893692172,5.30177430269172
2014,KS,49727761.916,643.6570984697701,eGRID2014_Data_v2.xlsx,ST14!STC2ERTA converted from lb/MWh,Two-phase,32.23024538937455,2.819329915902762,35.049575305277315,8.043834743636005,0.0
2014,KY,90896434.998,945.41305135123,eGRID2014_Data_v2.xlsx,ST14!STC2ERTA converted from lb/MWh,Air-cooled,59.73740377371646,3.510421164350264,63.24782493806672,5.550263851425285,26.10540607766292
2014,KY,90896434.998,945.41305135123,eGRID2014_Data_v2.xlsx,ST14!STC2ERTA converted from lb/MWh,Cold plate,50.7248476391601,2.947430832885522,53.672278472045626,5.49153290449677,7.013394981699528
2014,KY,90896434.998,945.41305135123,eGRID2014_Data_v2.xlsx,ST14!STC2ERTA converted from lb/MWh,One-phase,49.72607602665882,3.0497891214600124,52.77586514811884,5.778757227191982,5.226099270931472
2014,KY,90896434.998,945.41305135123,eGRID2014_Data_v2.xlsx,ST14!STC2ERTA converted from lb/MWh,Two-phase,47.335399294607925,2.819329915902762,50.15472921051069,5.621264355888354,0.0
2014,LA,103522968.665,444.35405420021004,eGRID2014_Data_v2.xlsx,ST14!STC2ERTA converted from lb/MWh,Air-cooled,28.084141802495562,3.510421164350264,31.594562966845828,11.11083944422327,26.010504473099072
2014,LA,103522968.665,444.35405420021004,eGRID2014_Data_v2.xlsx,ST14!STC2ERTA converted from lb/MWh,Cold plate,23.84709953924949,2.947430832885522,26.794530372135014,11.000121263370618,6.866244450210313
2014,LA,103522968.665,444.35405420021004,eGRID2014_Data_v2.xlsx,ST14!STC2ERTA converted from lb/MWh,One-phase,23.377550449033848,3.0497891214600124,26.42733957049386,11.540280523980945,5.40175518978796
2014,LA,103522968.665,444.35405420021004,eGRID2014_Data_v2.xlsx,ST14!STC2ERTA converted from lb/MWh,Two-phase,22.253629754368763,2.819329915902762,25.072959670271526,11.24450385187506,0.0
2014,MA,31014178.671,406.21600773061004,eGRID2014_Data_v2.xlsx,ST14!STC2ERTA converted from lb/MWh,Air-cooled,25.67485750097249,3.510421164350264,29.185278665322755,12.028054296158775,25.994864211149427
2014,MA,31014178.671,406.21600773061004,eGRID2014_Data_v2.xlsx,ST14!STC2ERTA converted from lb/MWh,Cold plate,21.801302912782294,2.947430832885522,24.748733745667817,11.909420753299996,6.841993302201832
2014,MA,31014178.671,406.21600773061004,eGRID2014_Data_v2.xlsx,ST14!STC2ERTA converted from lb/MWh,One-phase,21.37203553243006,3.0497891214600124,24.421824653890074,12.487965844821595,5.430704169065459
2014,MA,31014178.671,406.21600773061004,eGRID2014_Data_v2.xlsx,ST14!STC2ERTA converted from lb/MWh,Two-phase,20.344533824140157,2.819329915902762,23.16386374004292,12.17124201533374,0.0
2014,MD,37819444.988,530.55384101027,eGRID2014_Data_v2.xlsx,ST14!STC2ERTA converted from lb/MWh,Air-cooled,33.529617184189675,3.510421164350264,37.04003834853994,9.47736914124615,26.038367873460743
2014,MD,37819444.988,530.55384101027,eGRID2014_Data_v2.xlsx,ST14!STC2ERTA converted from lb/MWh,Cold plate,28.471018417705405,2.947430832885522,31.41844925059093,9.3812104135919,6.909448294772913
2014,MD,37819444.988,530.55384101027,eGRID2014_Data_v2.xlsx,ST14!STC2ERTA converted from lb/MWh,One-phase,27.91042442288673,3.0497891214600124,30.960213544346743,9.850672112101423,5.3501820766094
2014,MD,37819444.988,530.55384101027,eGRID2014_Data_v2.xlsx,ST14!STC2ERTA converted from lb/MWh,Two-phase,26.568577094863336,2.819329915902762,29.3879070107661,9.593503596121751,0.0
2014,ME,13245795.392,161.61450783863,eGRID2014_Data_v2.xlsx,ST14!STC2ERTA converted from lb/MWh,Air-cooled,10.222714342866858,3.510421164350264,13.733135507217122,25.561687369249693,25.764540420434944
2014,ME,13245795.392,161.61450783863,eGRID2014_Data_v2.xlsx,ST14!STC2ERTA converted from lb/MWh,Cold plate,8.680417874616946,2.947430832885522,11.62784870750247,25.348032185728336,6.484862689142057
2014,ME,13245795.392,161.61450783863,eGRID2014_Data_v2.xlsx,ST14!STC2ERTA converted from lb/MWh,One-phase,8.509500555761898,3.0497891214600124,11.55928967722191,26.383880036069655,5.8570166353130615
2014,ME,13245795.392,161.61450783863,eGRID2014_Data_v2.xlsx,ST14!STC2ERTA converted from lb/MWh,Two-phase,8.1003899521195,2.819329915902762,10.919719868022261,25.81870185295686,0.0
2014,MI,106747581.842,581.68594810326,eGRID2014_Data_v2.xlsx,ST14!STC2ERTA converted from lb/MWh,Air-cooled,36.75977169724618,3.510421164350264,40.27019286159644,8.717169983305363,26.051339396481033
2014,MI,106747581.842,581.68594810326,eGRID2014_Data_v2.xlsx,ST14!STC2ERTA converted from lb/MWh,Cold plate,31.21384092379208,2.947430832885522,34.1612717566776,8.627989185763786,6.9295614057728105
2014,MI,106747581.842,581.68594810326,eGRID2014_Data_v2.xlsx,ST14!STC2ERTA converted from lb/MWh,One-phase,30.599240788300566,3.0497891214600124,33.64902990976058,9.063527625131801,5.326172737614887
2014,MI,106747581.842,581.68594810326,eGRID2014_Data_v2.xlsx,ST14!STC2ERTA converted from lb/MWh,Two-phase,29.128123442709196,2.819329915902762,31.94745335861196,8.824897196830136,0.0
2014,MN,56981323.968,548.82227371202,eGRID2014_Data_v2.xlsx,ST14!STC2ERTA converted from lb/MWh,Air-cooled,34.683683849791976,3.510421164350264,38.19410501414224,9.191002546205628,26.043253925451214
2014,MN,56981323.968,548.82227371202,eGRID2014_Data_v2.xlsx,ST14!STC2ERTA converted from lb/MWh,Cold plate,29.4509715472364,2.947430832885522,32.39840238012192,9.097457332321799,6.917024406373828
2014,MN,56981323.968,548.82227371202,eGRID2014_Data_v2.xlsx,ST14!STC2ERTA converted from lb/MWh,One-phase,28.87108228761339,3.0497891214600124,31.920871409073403,9.554216369522793,5.341138352260244
2014,MN,56981323.968,548.82227371202,eGRID2014_Data_v2.xlsx,ST14!STC2ERTA converted from lb/MWh,Two-phase,27.48304948532429,2.819329915902762,30.302379401227054,9.303988569916054,0.0
2014,MO,87833977.052,797.34235808843,eGRID2014_Data_v2.xlsx,ST14!STC2ERTA converted from lb/MWh,Air-cooled,50.38337466585262,3.510421164350264,53.89379583020288,6.513590498264685,26.088954874162162
2014,MO,87833977.052,797.34235808843,eGRID2014_Data_v2.xlsx,ST14!STC2ERTA converted from lb/MWh,Cold plate,42.78205683583051,2.947430832885522,45.72948766871603,6.4453615886492575,6.987886421018197
2014,MO,87833977.052,797.34235808843,eGRID2014_Data_v2.xlsx,ST14!STC2ERTA converted from lb/MWh,One-phase,41.93967867442119,3.0497891214600124,44.9894677958812,6.778895752439245,5.2565492436215555
2014,MO,87833977.052,797.34235808843,eGRID2014_Data_v2.xlsx,ST14!STC2ERTA converted from lb/MWh,Two-phase,39.923347968920176,2.819329915902762,42.74267788482294,6.596053535765593,0.0
2014,MS,55127091.661,449.66698163002,eGRID2014_Data_v2.xlsx,ST14!STC2ERTA converted from lb/MWh,Air-cooled,28.419773903158497,3.510421164350264,31.930195067508762,10.994048601733619,26.01249625832871
2014,MS,55127091.661,449.66698163002,eGRID2014_Data_v2.xlsx,ST14!STC2ERTA converted from lb/MWh,Cold plate,24.13209497081241,2.947430832885522,27.079525803697933,10.884351721118492,6.8693328306070445
2014,MS,55127091.661,449.66698163002,eGRID2014_Data_v2.xlsx,ST14!STC2ERTA converted from lb/MWh,One-phase,23.65693432413114,3.0497891214600124,26.70672344559115,11.41955555751068,5.398068541218781
2014,MS,55127091.661,449.66698163002,eGRID2014_Data_v2.xlsx,ST14!STC2ERTA converted from lb/MWh,Two-phase,22.519581712394068,2.819329915902762,25.33891162829683,11.12648387294709,0.0
2014,MT,30257616.001,590.77866075228,eGRID2014_Data_v2.xlsx,ST14!STC2ERTA converted from lb/MWh,Air-cooled,37.33418312812548,3.510421164350264,40.84460429247574,8.594577484979924,26.053431481763333
2014,MT,30257616.001,590.77866075228,eGRID2014_Data_v2.xlsx,ST14!STC2ERTA converted from lb/MWh,Cold plate,31.70159115183872,2.947430832885522,34.64902198472424,8.506533991594221,6.932805307312995
2014,MT,30257616.001,590.77866075228,eGRID2014_Data_v2.xlsx,ST14!STC2ERTA converted from lb/MWh,One-phase,31.07738722048705,3.0497891214600124,34.12717634194706,8.936541045475819,5.322300440994865
2014,MT,30257616.001,590.77866075228,eGRID2014_Data_v2.xlsx,ST14!STC2ERTA converted from lb/MWh,Two-phase,29.583282065655947,2.819329915902762,32.40261198155871,8.700934102186967,0.0
2014,NC,126271599.062,447.50742835645,eGRID2014_Data_v2.xlsx,ST14!STC2ERTA converted from lb/MWh,Air-cooled,28.283349039224728,3.510421164350264,31.793770203574994,11.041223302153517,26.011691719592655
2014,NC,126271599.062,447.50742835645,eGRID2014_Data_v2.xlsx,ST14!STC2ERTA converted from lb/MWh,Cold plate,24.016252466785172,2.947430832885522,26.963683299670695,10.931113528252718,6.868085345876329
2014,NC,126271599.062,447.50742835645,eGRID2014_Data_v2.xlsx,ST14!STC2ERTA converted from lb/MWh,One-phase,23.543372757552277,3.0497891214600124,26.59316187901229,11.468320823733826,5.399557683489742
2014,NC,126271599.062,447.50742835645,eGRID2014_Data_v2.xlsx,ST14!STC2ERTA converted from lb/MWh,Two-phase,22.411479836516115,2.819329915902762,25.230809752418878,11.174155501023794,0.0
2014,ND,36462507.669,826.5868189594399,eGRID2014_Data_v2.xlsx,ST14!STC2ERTA converted from lb/MWh,Air-cooled,52.23082693478812,3.510421164350264,55.74124809913838,6.29770822157914,26.0926412289199
2014,ND,36462507.669,826.5868189594399,eGRID2014_Data_v2.xlsx,ST14!STC2ERTA converted from lb/MWh,Cold plate,44.35078478419182,2.947430832885522,47.29821561707735,6.2315899118641,6.993602331348181
2014,ND,36462507.669,826.5868189594399,eGRID2014_Data_v2.xlsx,ST14!STC2ERTA converted from lb/MWh,One-phase,43.47751838919516,3.0497891214600124,46.52730751065518,6.554836900376371,5.249726070976846
2014,ND,36462507.669,826.5868189594399,eGRID2014_Data_v2.xlsx,ST14!STC2ERTA converted from lb/MWh,Two-phase,41.387253082022326,2.819329915902762,44.20658299792509,6.377624608613363,0.0
2014,NE,39431137.998,636.7393612349,eGRID2014_Data_v2.xlsx,ST14!STC2ERTA converted from lb/MWh,Air-cooled,40.23764579625258,3.510421164350264,43.74806696060284,8.024174342403656,26.0631665308382
2014,NE,39431137.998,636.7393612349,eGRID2014_Data_v2.xlsx,ST14!STC2ERTA converted from lb/MWh,Cold plate,34.16700966960056,2.947430832885522,37.11444050248608,7.9414664291870185,6.947900074698921
2014,NE,39431137.998,636.7393612349,eGRID2014_Data_v2.xlsx,ST14!STC2ERTA converted from lb/MWh,One-phase,33.49426167861973,3.0497891214600124,36.544050800079745,8.345514672536952,5.304281578213588
2014,NE,39431137.998,636.7393612349,eGRID2014_Data_v2.xlsx,ST14!STC2ERTA converted from lb/MWh,Two-phase,31.8839606363784,2.819329915902762,34.70329055228116,8.124099677681539,0.0
2014,NH,19538394.984,174.42350277506,eGRID2014_Data_v2.xlsx,ST14!STC2ERTA converted from lb/MWh,Air-cooled,11.031893450748756,3.510421164350264,14.54231461509902,24.139356472906023,25.78870692595725
2014,NH,19538394.984,174.42350277506,eGRID2014_Data_v2.xlsx,ST14!STC2ERTA converted from lb/MWh,Cold plate,9.367516482309705,2.947430832885522,12.314947315195226,23.933767294714546,6.522334280356823
2014,NH,19538394.984,174.42350277506,eGRID2014_Data_v2.xlsx,ST14!STC2ERTA converted from lb/MWh,One-phase,9.183070200504694,3.0497891214600124,12.232859321964707,24.931122325456357,5.812286203698336
2014,NH,19538394.984,174.42350277506,eGRID2014_Data_v2.xlsx,ST14!STC2ERTA converted from lb/MWh,Two-phase,8.741576440865046,2.819329915902762,11.560906356767807,24.38675505966981,0.0
2014,NJ,66819245.204,252.4513694472,eGRID2014_Data_v2.xlsx,ST14!STC2ERTA converted from lb/MWh,Air-cooled,15.96112637316314,3.510421164350264,19.471547537513402,18.02846516224339,25.892641468556164
2014,NJ,66819245.204,252.4513694472,eGRID2014_Data_v2.xlsx,ST14!STC2ERTA converted from lb/MWh,Cold plate,13.553078176864181,2.947430832885522,16.500509009749702,17.86266612226305,6.6834909146815
2014,NJ,66819245.204,252.4513694472,eGRID2014_Data_v2.xlsx,ST14!STC2ERTA converted from lb/MWh,One-phase,13.286218237897852,3.0497891214600124,16.336007359357865,18.669121862956196,5.619910978168141
2014,NJ,66819245.204,252.4513694472,eGRID2014_Data_v2.xlsx,ST14!STC2ERTA converted from lb/MWh,Two-phase,12.647457745691227,2.819329915902762,15.466787661593989,18.228283581493255,0.0
2014,NM,32305545.001,767.7010038936701,eGRID2014_Data_v2.xlsx,ST14!STC2ERTA converted from lb/MWh,Air-cooled,48.51084956433111,3.510421164350264,52.02127072868137,6.748049625044685,26.08495154965582
2014,NM,32305545.001,767.7010038936701,eGRID2014_Data_v2.xlsx,ST14!STC2ERTA converted from lb/MWh,Cold plate,41.1920387822342,2.947430832885522,44.13946961511972,6.677540211937428,6.981679030410426
2014,NM,32305545.001,767.7010038936701,eGRID2014_Data_v2.xlsx,ST14!STC2ERTA converted from lb/MWh,One-phase,40.38096805631672,3.0497891214600124,43.43075717777673,7.022187315261849,5.26395910405415
2014,NM,32305545.001,767.7010038936701,eGRID2014_Data_v2.xlsx,ST14!STC2ERTA converted from lb/MWh,Two-phase,38.43957536130149,2.819329915902762,41.258905277204256,6.833263987400207,0.0
2014,NV,35801018.998,439.28016994939003,eGRID2014_Data_v2.xlsx,ST14!STC2ERTA converted from lb/MWh,Air-cooled,27.763610710715863,3.510421164350264,31.27403187506613,11.224715695033298,26.008562454796436
2014,NV,35801018.998,439.28016994939003,eGRID2014_Data_v2.xlsx,ST14!STC2ERTA converted from lb/MWh,Cold plate,23.57492683392525,2.947430832885522,26.522357666810773,11.113004620150502,6.863233236367217
2014,NV,35801018.998,439.28016994939003,eGRID2014_Data_v2.xlsx,ST14!STC2ERTA converted from lb/MWh,One-phase,23.110736820856754,3.0497891214600124,26.160525942316767,11.657980914392596,5.405349723420461
2014,NV,35801018.998,439.28016994939003,eGRID2014_Data_v2.xlsx,ST14!STC2ERTA converted from lb/MWh,Two-phase,21.999643704469417,2.819329915902762,24.81897362037218,11.359574972869018,0.0
2014,NY,133648655.493,237.61028069317,eGRID2014_Data_v2.xlsx,ST14!STC2ERTA converted from lb/MWh,Air-cooled,15.023574362440813,3.510421164350264,18.533995526791077,18.940444650889845,25.87711954414671
2014,NY,133648655.493,237.61028069317,eGRID2014_Data_v2.xlsx,ST14!STC2ERTA converted from lb/MWh,Cold plate,12.756974230368222,2.947430832885522,15.704405063253745,18.768178870921542,6.659423256003993
2014,NY,133648655.493,237.61028069317,eGRID2014_Data_v2.xlsx,ST14!STC2ERTA converted from lb/MWh,One-phase,12.505789568102903,3.0497891214600124,15.555578689562916,19.605758051973222,5.648640923326598
2014,NY,133648655.493,237.61028069317,eGRID2014_Data_v2.xlsx,ST14!STC2ERTA converted from lb/MWh,Two-phase,11.904549685021035,2.819329915902762,14.723879600923796,19.148009847390174,0.0
2014,OH,134484232.266,730.43476195921,eGRID2014_Data_v2.xlsx,ST14!STC2ERTA converted from lb/MWh,Air-cooled,46.156639530499845,3.510421164350264,49.66706069485011,7.067906002970402,26.079490500734526
2014,OH,134484232.266,730.43476195921,eGRID2014_Data_v2.xlsx,ST14!STC2ERTA converted from lb/MWh,Cold plate,39.193007392637476,2.947430832885522,42.140438225523,6.994305130648512,6.973211352177255
2014,OH,134484232.266,730.43476195921,eGRID2014_Data_v2.xlsx,ST14!STC2ERTA converted from lb/MWh,One-phase,38.42129756965718,3.0497891214600124,41.47108669111719,7.354013036058818,5.274067105605829
2014,OH,134484232.266,730.43476195921,eGRID2014_Data_v2.xlsx,ST14!STC2ERTA converted from lb/MWh,Two-phase,36.5741198018852,2.819329915902762,39.393449717787966,7.156849517115796,0.0
2014,OK,70003762.499,618.21646321358,eGRID2014_Data_v2.xlsx,ST14!STC2ERTA converted from lb/MWh,Air-cooled,39.06750386312942,3.510421164350264,42.57792502747968,8.244697603475622,26.059402690312883
2014,OK,70003762.499,618.21646321358,eGRID2014_Data_v2.xlsx,ST14!STC2ERTA converted from lb/MWh,Cold plate,33.17340654117032,2.947430832885522,36.120837374055846,8.159918338445122,6.942064018119143
2014,OK,70003762.499,618.21646321358,eGRID2014_Data_v2.xlsx,ST14!STC2ERTA converted from lb/MWh,One-phase,32.5202225833006,3.0497891214600124,35.57001170476062,8.574045875424423,5.3112481713385895
2014,OK,70003762.499,618.21646321358,eGRID2014_Data_v2.xlsx,ST14!STC2ERTA converted from lb/MWh,Two-phase,30.95675034371885,2.819329915902762,33.77608025962161,8.347119897370668,0.0
2014,OR,60110811.966,141.43282252022,eGRID2014_Data_v2.xlsx,ST14!STC2ERTA converted from lb/MWh,Air-cooled,8.947782296867024,3.510421164350264,12.458203461217288,28.1775873646493,25.72011848485738
2014,OR,60110811.966,141.43282252022,eGRID2014_Data_v2.xlsx,ST14!STC2ERTA converted from lb/MWh,Cold plate,7.597834272078825,2.947430832885522,10.545265104964347,27.950277243366536,6.415983859747532
2014,OR,60110811.966,141.43282252022,eGRID2014_Data_v2.xlsx,ST14!STC2ERTA converted from lb/MWh,One-phase,7.448233010751757,3.0497891214600124,10.49802213221177,29.05108298545251,5.939238384324819
2014,OR,60110811.966,141.43282252022,eGRID2014_Data_v2.xlsx,ST14!STC2ERTA converted from lb/MWh,Two-phase,7.090144885234847,2.819329915902762,9.909474801137609,28.450851053974144,0.0
2014,PA,221043691.598,451.56980162217,eGRID2014_Data_v2.xlsx,ST14!STC2ERTA converted from lb/MWh,Air-cooled,28.53998022624234,3.510421164350264,32.050401390592604,10.952814979036857,26.01319948364502
2014,PA,221043691.598,451.56980162217,eGRID2014_Data_v2.xlsx,ST14!STC2ERTA converted from lb/MWh,Cold plate,24.23416581819621,2.947430832885522,27.181596651081733,10.843479397919124,6.870423222908895
2014,PA,221043691.598,451.56980162217,eGRID2014_Data_v2.xlsx,ST14!STC2ERTA converted from lb/MWh,One-phase,23.756995397812787,3.0497891214600124,26.8067845192728,11.376930042718698,5.396766922666973
2014,PA,221043691.598,451.56980162217,eGRID2014_Data_v2.xlsx,ST14!STC2ERTA converted from lb/MWh,Two-phase,22.61483215753333,2.819329915902762,25.43416207343609,11.08481540599807,0.0
2014,RI,6239678.499,405.35917174368,eGRID2014_Data_v2.xlsx,ST14!STC2ERTA converted from lb/MWh,Air-cooled,25.620728837252496,3.510421164350264,29.131150001602762,12.050403654360109,25.99448316043571
2014,RI,6239678.499,405.35917174368,eGRID2014_Data_v2.xlsx,ST14!STC2ERTA converted from lb/MWh,Cold plate,21.75534061702353,2.947430832885522,24.702771449909054,11.931579575442226,6.841402460610602
2014,RI,6239678.499,405.35917174368,eGRID2014_Data_v2.xlsx,ST14!STC2ERTA converted from lb/MWh,One-phase,21.326978233697133,3.0497891214600124,24.376767355157146,12.511048233041446,5.431409466026027
2014,RI,6239678.499,405.35917174368,eGRID2014_Data_v2.xlsx,ST14!STC2ERTA converted from lb/MWh,Two-phase,20.301642741692465,2.819329915902762,23.120972657595228,12.193820552686018,0.0
2014,SC,97158465.241,334.65047155386003,eGRID2014_Data_v2.xlsx,ST14!STC2ERTA converted from lb/MWh,Air-cooled,21.153867602390157,3.510421164350264,24.66428876674042,14.232809214770615,25.95728481439441
2014,SC,97158465.241,334.65047155386003,eGRID2014_Data_v2.xlsx,ST14!STC2ERTA converted from lb/MWh,Cold plate,17.962392794551295,2.947430832885522,20.90982362743682,14.095914367340965,6.783724232559041
2014,SC,97158465.241,334.65047155386003,eGRID2014_Data_v2.xlsx,ST14!STC2ERTA converted from lb/MWh,One-phase,17.608713506179313,3.0497891214600124,20.658502627639326,14.762875976207747,5.500260879907315
2014,SC,97158465.241,334.65047155386003,eGRID2014_Data_v2.xlsx,ST14!STC2ERTA converted from lb/MWh,Two-phase,16.762140741459156,2.819329915902762,19.58147065736192,14.397947760082037,0.0
2014,SD,10995239.493,282.49052415044997,eGRID2014_Data_v2.xlsx,ST14!STC2ERTA converted from lb/MWh,Air-cooled,17.858781616602307,3.510421164350264,21.36920278095257,16.427478368445623,25.919899583293038
2014,SD,10995239.493,282.49052415044997,eGRID2014_Data_v2.xlsx,ST14!STC2ERTA converted from lb/MWh,Cold plate,15.164434998793178,2.947430832885522,18.1118658316787,16.273479829616978,6.725756228206592
2014,SD,10995239.493,282.49052415044997,eGRID2014_Data_v2.xlsx,ST14!STC2ERTA converted from lb/MWh,One-phase,14.865847464254726,3.0497891214600124,17.915636585714736,17.023057522230612,5.569458204346178
2014,SD,10995239.493,282.49052415044997,eGRID2014_Data_v2.xlsx,ST14!STC2ERTA converted from lb/MWh,Two-phase,14.15114325924248,2.819329915902762,16.97047317514524,16.6131485363173,0.0
2014,TN,79506885.795,486.66696484329,eGRID2014_Data_v2.xlsx,ST14!STC2ERTA converted from lb/MWh,Air-cooled,30.75716364815776,3.510421164350264,34.26758481250803,10.244145257266347,26.02528682986456
2014,TN,79506885.795,486.66696484329,eGRID2014_Data_v2.xlsx,ST14!STC2ERTA converted from lb/MWh,Cold plate,26.116843741240046,2.947430832885522,29.06427457412557,10.141078269021957,6.8891653656647955
2014,TN,79506885.795,486.66696484329,eGRID2014_Data_v2.xlsx,ST14!STC2ERTA converted from lb/MWh,One-phase,25.60260341621353,3.0497891214600124,28.652392537673542,10.644099327656505,5.374394130167959
2014,TN,79506885.795,486.66696484329,eGRID2014_Data_v2.xlsx,ST14!STC2ERTA converted from lb/MWh,Two-phase,24.371709021203266,2.819329915902762,27.19103893710603,10.36859945816703,0.0
2014,TX,438052226.109,539.97359375806,eGRID2014_Data_v2.xlsx,ST14!STC2ERTA converted from lb/MWh,Air-cooled,34.12468862911985,3.510421164350264,37.635109793470114,9.327516735342009,26.04092464205032
2014,TX,438052226.109,539.97359375806,eGRID2014_Data_v2.xlsx,ST14!STC2ERTA converted from lb/MWh,Cold plate,28.976311692465686,2.947430832885522,31.92374252535121,9.232723357998879,6.913412715170075
2014,TX,438052226.109,539.97359375806,eGRID2014_Data_v2.xlsx,ST14!STC2ERTA converted from lb/MWh,One-phase,28.40576847941755,3.0497891214600124,31.45555760087756,9.695549384808642,5.34544968522388
2014,TX,438052226.109,539.97359375806,eGRID2014_Data_v2.xlsx,ST14!STC2ERTA converted from lb/MWh,Two-phase,27.04010653329171,2.819329915902762,29.859436449194472,9.44200645146074,0.0
2014,UT,43784525.997,809.13485252369,eGRID2014_Data_v2.xlsx,ST14!STC2ERTA converted from lb/MWh,Air-cooled,51.1283386676485,3.510421164350264,54.63875983199876,6.424781922474041,26.090471322325936
2014,UT,43784525.997,809.13485252369,eGRID2014_Data_v2.xlsx,ST14!STC2ERTA converted from lb/MWh,Cold plate,43.414628442572834,2.947430832885522,46.36205927545836,6.357420008834115,6.990237763277385
2014,UT,43784525.997,809.13485252369,eGRID2014_Data_v2.xlsx,ST14!STC2ERTA converted from lb/MWh,One-phase,42.55979495417696,3.0497891214600124,45.609584075636974,6.686728641073273,5.253742409144646
2014,UT,43784525.997,809.13485252369,eGRID2014_Data_v2.xlsx,ST14!STC2ERTA converted from lb/MWh,Two-phase,40.51365096599538,2.819329915902762,43.332980881898145,6.506198877909423,0.0
2014,VA,77345531.756,400.80102201755,eGRID2014_Data_v2.xlsx,ST14!STC2ERTA converted from lb/MWh,Air-cooled,25.332778100501717,3.510421164350264,28.843199264851982,12.170706626944904,25.992432065802397
2014,VA,77345531.756,400.80102201755,eGRID2014_Data_v2.xlsx,ST14!STC2ERTA converted from lb/MWh,Cold plate,21.51083288273037,2.947430832885522,24.458263715615892,12.050858831012084,6.838222117487747
2014,VA,77345531.756,400.80102201755,eGRID2014_Data_v2.xlsx,ST14!STC2ERTA converted from lb/MWh,One-phase,21.08728485361921,3.0497891214600124,24.137073975079222,12.635289284064939,5.435205891957162
2014,VA,77345531.756,400.80102201755,eGRID2014_Data_v2.xlsx,ST14!STC2ERTA converted from lb/MWh,Two-phase,20.073473081810597,2.819329915902762,22.89280299771336,12.315354813407382,0.0
2014,VT,7024733.008,10.418563146530001,eGRID2014_Data_v2.xlsx,ST14!STC2ERTA converted from lb/MWh,Air-cooled,0.6712545875542397,3.510421164350264,4.181675751904503,83.94771313274295,24.780467947225215
2014,VT,7024733.008,10.418563146530001,eGRID2014_Data_v2.xlsx,ST14!STC2ERTA converted from lb/MWh,Cold plate,0.5699826997797522,2.947430832885522,3.5174135326652745,83.79540265918476,4.959000317033357
2014,VT,7024733.008,10.418563146530001,eGRID2014_Data_v2.xlsx,ST14!STC2ERTA converted from lb/MWh,One-phase,0.5587597475846753,3.0497891214600124,3.6085488690446876,84.51566632842639,7.678462703559075
2014,VT,7024733.008,10.418563146530001,eGRID2014_Data_v2.xlsx,ST14!STC2ERTA converted from lb/MWh,Two-phase,0.531896298181566,2.819329915902762,3.3512262140843276,84.12830814147536,0.0
2014,WA,116272503.358,102.43794006369,eGRID2014_Data_v2.xlsx,ST14!STC2ERTA converted from lb/MWh,Air-cooled,6.4843693316239595,3.510421164350264,9.994790495974224,35.12250872856432,25.602335330845037
2014,WA,116272503.358,102.43794006369,eGRID2014_Data_v2.xlsx,ST14!STC2ERTA converted from lb/MWh,Cold plate,5.506075349852867,2.947430832885522,8.453506182738389,34.86637105564576,6.233354137172831
2014,WA,116272503.358,102.43794006369,eGRID2014_Data_v2.xlsx,ST14!STC2ERTA converted from lb/MWh,One-phase,5.3976607954150415,3.0497891214600124,8.447449916875055,36.10307431793823,6.157246375221681
2014,WA,116272503.358,102.43794006369,eGRID2014_Data_v2.xlsx,ST14!STC2ERTA converted from lb/MWh,Two-phase,5.13815787255855,2.819329915902762,7.957487788461313,35.42989937089074,0.0
2014,WI,61008457.569,691.955160435,eGRID2014_Data_v2.xlsx,ST14!STC2ERTA converted from lb/MWh,Air-cooled,43.72577826561989,3.510421164350264,47.23619942997015,7.431633380146567,26.07328099771746
2014,WI,61008457.569,691.955160435,eGRID2014_Data_v2.xlsx,ST14!STC2ERTA converted from lb/MWh,Cold plate,37.128889109893755,2.947430832885522,40.07631994277928,7.354544621596608,6.963583151753849
2014,WI,61008457.569,691.955160435,eGRID2014_Data_v2.xlsx,ST14!STC2ERTA converted from lb/MWh,One-phase,36.39782174995868,3.0497891214600124,39.44761087141869,7.7312391145840005,5.285560440867276
2014,WI,61008457.569,691.955160435,eGRID2014_Data_v2.xlsx,ST14!STC2ERTA converted from lb/MWh,Two-phase,34.64792647351837,2.819329915902762,37.46725638942113,7.524783471198598,0.0
2014,WV,80357567.778,903.2575372605401,eGRID2014_Data_v2.xlsx,ST14!STC2ERTA converted from lb/MWh,Air-cooled,57.074325097091226,3.510421164350264,60.58474626144149,5.794232675666803,26.101239296002454
2014,WV,80357567.778,903.2575372605401,eGRID2014_Data_v2.xlsx,ST14!STC2ERTA converted from lb/MWh,Cold plate,48.46354648461703,2.947430832885522,51.41097731750255,5.733076838206862,7.006934141139931
2014,WV,80357567.778,903.2575372605401,eGRID2014_Data_v2.xlsx,ST14!STC2ERTA converted from lb/MWh,One-phase,47.509299863428495,3.0497891214600124,50.559088984888504,6.032128313015207,5.233811678583611
2014,WV,80357567.778,903.2575372605401,eGRID2014_Data_v2.xlsx,ST14!STC2ERTA converted from lb/MWh,Two-phase,45.22519890845598,2.819329915902762,48.04452882435874,5.868160194076774,0.0
2014,WY,49696183.631,912.96486757091,eGRID2014_Data_v2.xlsx,ST14!STC2ERTA converted from lb/MWh,Air-cooled,57.68756360014659,3.510421164350264,61.19798476449685,5.736171179262075,26.102230912401335
2014,WY,49696183.631,912.96486757091,eGRID2014_Data_v2.xlsx,ST14!STC2ERTA converted from lb/MWh,Cold plate,48.98426596134186,2.947430832885522,51.931696794227385,5.675591237783611,7.008471700813446
2014,WY,49696183.631,912.96486757091,eGRID2014_Data_v2.xlsx,ST14!STC2ERTA converted from lb/MWh,One-phase,48.01976638020106,3.0497891214600124,51.06955550166107,5.971834082951467,5.231976269261507
2014,WY,49696183.631,912.96486757091,eGRID2014_Data_v2.xlsx,ST14!STC2ERTA converted from lb/MWh,Two-phase,45.71112376576833,2.819329915902762,48.53045368167109,5.809403584800119,0.0
2016,AK,6335033.511,421.84680080081006,egrid2016_data.xlsx,ST16!STC2ERTA converted from lb/MWh,Air-cooled,26.662297284874548,3.510421164350264,30.17271844922481,11.634421241353056,26.001575929622245
2016,AK,6335033.511,421.84680080081006,egrid2016_data.xlsx,ST16!STC2ERTA converted from lb/MWh,Cold plate,22.63976808580869,2.947430832885522,25.587198918694213,11.519161758390464,6.8524002172905885
2016,AK,6335033.511,421.84680080081006,egrid2016_data.xlsx,ST16!STC2ERTA converted from lb/MWh,One-phase,22.193991336737465,3.0497891214600124,25.243780458197477,12.081348617772685,5.418281269780745
2016,AK,6335033.511,421.84680080081006,egrid2016_data.xlsx,ST16!STC2ERTA converted from lb/MWh,Two-phase,21.126972522471245,2.819329915902762,23.94630243837401,11.773550105108415,0.0
2016,AL,142863240.209,416.15648451916,egrid2016_data.xlsx,ST16!STC2ERTA converted from lb/MWh,Air-cooled,26.30282450225553,3.510421164350264,29.813245666605795,11.774703108834382,25.99918394381133
2016,AL,142863240.209,416.15648451916,egrid2016_data.xlsx,ST16!STC2ERTA converted from lb/MWh,Cold plate,22.33452880561089,2.947430832885522,25.281959638496414,11.658237237265102,6.8486913023042995
2016,AL,142863240.209,416.15648451916,egrid2016_data.xlsx,ST16!STC2ERTA converted from lb/MWh,One-phase,21.894762214130488,3.0497891214600124,24.9445513355905,12.226273707752043,5.422708660312692
2016,AL,142863240.209,416.15648451916,egrid2016_data.xlsx,ST16!STC2ERTA converted from lb/MWh,Two-phase,20.842129415374217,2.819329915902762,23.66145933127698,11.915283315497033,0.0
2016,AR,60445059.072,509.19961941541004,egrid2016_data.xlsx,ST16!STC2ERTA converted from lb/MWh,Air-cooled,32.18061282706429,3.510421164350264,35.69103399141455,9.835582698990153,26.032256485521255
2016,AR,60445059.072,509.19961941541004,egrid2016_data.xlsx,ST16!STC2ERTA converted from lb/MWh,Cold plate,27.325537761415887,2.947430832885522,30.27296859430141,9.736180393753479,6.899972227560269
2016,AR,60445059.072,509.19961941541004,egrid2016_data.xlsx,ST16!STC2ERTA converted from lb/MWh,One-phase,26.787498266323066,3.0497891214600124,29.83728738778308,10.221402106106847,5.361493808048845
2016,AR,60445059.072,509.19961941541004,egrid2016_data.xlsx,ST16!STC2ERTA converted from lb/MWh,Two-phase,25.49963777274985,2.819329915902762,28.318967688652613,9.955623901617237,0.0
2016,AZ,108734630.779,425.04870934064,egrid2016_data.xlsx,ST16!STC2ERTA converted from lb/MWh,Air-cooled,26.864570570845665,3.510421164350264,30.374991735195927,11.556945249412825,26.002897033610985
2016,AZ,108734630.779,425.04870934064,egrid2016_data.xlsx,ST16!STC2ERTA converted from lb/MWh,Cold plate,22.81152448907025,2.947430832885522,25.758955321955774,11.442353915545887,6.854448666892576
2016,AZ,108734630.779,425.04870934064,egrid2016_data.xlsx,ST16!STC2ERTA converted from lb/MWh,One-phase,22.36236585857745,3.0497891214600124,25.412154980037464,12.001300652604142,5.415836003063568
2016,AZ,108734630.779,425.04870934064,egrid2016_data.xlsx,ST16!STC2ERTA converted from lb/MWh,Two-phase,21.287252115376617,2.819329915902762,24.10658203127938,11.695270247124016,0.0
2016,CA,197323836.964,205.95769792983003,egrid2016_data.xlsx,ST16!STC2ERTA converted from lb/MWh,Air-cooled,13.023994472706242,3.510421164350264,16.534415637056505,21.230996252947694,25.838151145768972
2016,CA,197323836.964,205.95769792983003,egrid2016_data.xlsx,ST16!STC2ERTA converted from lb/MWh,Cold plate,11.059070089215345,2.947430832885522,14.006500922100866,21.04330588544616,6.59900045747579
2016,CA,197323836.964,205.95769792983003,egrid2016_data.xlsx,ST16!STC2ERTA converted from lb/MWh,One-phase,10.841317138149938,3.0497891214600124,13.89110625960995,21.9549765473153,5.720768574432844
2016,CA,197323836.964,205.95769792983003,egrid2016_data.xlsx,ST16!STC2ERTA converted from lb/MWh,Two-phase,10.320099968046577,2.819329915902762,13.139429883949338,21.457018613469334,0.0
2016,CO,54418479.931,670.38457527965,egrid2016_data.xlsx,ST16!STC2ERTA converted from lb/MWh,Air-cooled,42.363105632901885,3.510421164350264,45.87352679725215,7.652389971813854,26.069512570252872
2016,CO,54418479.931,670.38457527965,egrid2016_data.xlsx,ST16!STC2ERTA converted from lb/MWh,Cold plate,35.971802304807554,2.947430832885522,38.91923313769308,7.573198635383569,6.957739982854427
2016,CO,54418479.931,670.38457527965,egrid2016_data.xlsx,ST16!STC2ERTA converted from lb/MWh,One-phase,35.26351796952227,3.0497891214600124,38.31330709098228,7.960130181969686,5.29253552408091
2016,CO,54418479.931,670.38457527965,egrid2016_data.xlsx,ST16!STC2ERTA converted from lb/MWh,Two-phase,33.56815652867986,2.819329915902762,36.38748644458262,7.7480754824781375,0.0
2016,CT,36496559.656,227.76460470995002,egrid2016_data.xlsx,ST16!STC2ERTA converted from lb/MWh,Air-cooled,14.401596186312606,3.510421164350264,17.91201735066287,19.598134010407005,25.865928022337982
2016,CT,36496559.656,227.76460470995002,egrid2016_data.xlsx,ST16!STC2ERTA converted from lb/MWh,Cold plate,12.228833631247182,2.947430832885522,15.176264464132704,19.421319652483813,6.642070141797984
2016,CT,36496559.656,227.76460470995002,egrid2016_data.xlsx,ST16!STC2ERTA converted from lb/MWh,One-phase,11.988048050740847,3.0497891214600124,15.03783717220086,20.28076967808836,5.66935561045705
2016,CT,36496559.656,227.76460470995002,egrid2016_data.xlsx,ST16!STC2ERTA converted from lb/MWh,Two-phase,11.411699586762923,2.819329915902762,14.231029502665685,19.811145183661232,0.0
2016,DC,76473.999,219.10416558954,egrid2016_data.xlsx,ST16!STC2ERTA converted from lb/MWh,Air-cooled,13.85449265195271,3.510421164350264,17.364913816302973,20.215597966599297,25.855422804135397
2016,DC,76473.999,219.10416558954,egrid2016_data.xlsx,ST16!STC2ERTA converted from lb/MWh,Cold plate,11.764271369245062,2.947430832885522,14.711702202130585,20.03460097539677,6.625781181784918
2016,DC,76473.999,219.10416558954,egrid2016_data.xlsx,ST16!STC2ERTA converted from lb/MWh,One-phase,11.532633013838893,3.0497891214600124,14.582422135298906,20.914146450866674,5.688799999881655
2016,DC,76473.999,219.10416558954,egrid2016_data.xlsx,ST16!STC2ERTA converted from lb/MWh,Two-phase,10.978179503558179,2.819329915902762,13.79750941946094,20.43361472126403,0.0
2016,DE,8731261.003,403.39647755869004,egrid2016_data.xlsx,ST16!STC2ERTA converted from lb/MWh,Air-cooled,25.496740098281396,3.510421164350264,29.007161262631662,12.10191211944806,25.993604963350837
2016,DE,8731261.003,403.39647755869004,egrid2016_data.xlsx,ST16!STC2ERTA converted from lb/MWh,Cold plate,21.650058005192854,2.947430832885522,24.597488838078377,11.982649335824574,6.840040764268562
2016,DE,8731261.003,403.39647755869004,egrid2016_data.xlsx,ST16!STC2ERTA converted from lb/MWh,One-phase,21.2237686351702,3.0497891214600124,24.27355775663021,12.564244401408262,5.433034944505399
2016,DE,8731261.003,403.39647755869004,egrid2016_data.xlsx,ST16!STC2ERTA converted from lb/MWh,Two-phase,20.203395143094713,2.819329915902762,23.022725058997477,12.245856685852848,0.0
2016,FL,238226428.16,466.7315801817901,egrid2016_data.xlsx,ST16!STC2ERTA converted from lb/MWh,Air-cooled,29.49779108569417,3.510421164350264,33.00821225004444,10.634993309416624,26.01862008680733
2016,FL,238226428.16,466.7315801817901,egrid2016_data.xlsx,ST16!STC2ERTA converted from lb/MWh,Cold plate,25.047472169722052,2.947430832885522,27.994903002607575,10.528455242766816,6.878828187608876
2016,FL,238226428.16,466.7315801817901,egrid2016_data.xlsx,ST16!STC2ERTA converted from lb/MWh,One-phase,24.55428775749878,3.0497891214600124,27.604076878958793,11.048328603173518,5.386733783252606
2016,FL,238226428.16,466.7315801817901,egrid2016_data.xlsx,ST16!STC2ERTA converted from lb/MWh,Two-phase,23.37379315377288,2.819329915902762,26.193123069675643,10.763626423634692,0.0
2016,GA,132902274.317,456.97072597176003,egrid2016_data.xlsx,ST16!STC2ERTA converted from lb/MWh,Air-cooled,28.88117133207292,3.510421164350264,32.391592496423186,10.837445441244975,26.015167113311733
2016,GA,132902274.317,456.97072597176003,egrid2016_data.xlsx,ST16!STC2ERTA converted from lb/MWh,Cold plate,24.523881570234092,2.947430832885522,27.471312403119615,10.729122764993255,6.87347414868158
2016,GA,132902274.317,456.97072597176003,egrid2016_data.xlsx,ST16!STC2ERTA converted from lb/MWh,One-phase,24.04100665033421,3.0497891214600124,27.090795771794223,11.257657940913356,5.393124984275466
2016,GA,132902274.317,456.97072597176003,egrid2016_data.xlsx,ST16!STC2ERTA converted from lb/MWh,Two-phase,22.8851890229143,2.819329915902762,25.704518938817063,10.968226725477512,0.0
2016,HI,9948844.667,695.3035793103401,egrid2016_data.xlsx,ST16!STC2ERTA converted from lb/MWh,Air-cooled,43.937307008648474,3.510421164350264,47.44772817299874,7.398502098037126,26.073846585021943
2016,HI,9948844.667,695.3035793103401,egrid2016_data.xlsx,ST16!STC2ERTA converted from lb/MWh,Cold plate,37.308504603430634,2.947430832885522,40.25593543631616,7.321729829252834,6.964460128205818
2016,HI,9948844.667,695.3035793103401,egrid2016_data.xlsx,ST16!STC2ERTA converted from lb/MWh,One-phase,36.57390061668524,3.0497891214600124,39.62368973814526,7.696883207027578,5.284513580193884
2016,HI,9948844.667,695.3035793103401,egrid2016_data.xlsx,ST16!STC2ERTA converted from lb/MWh,Two-phase,34.81554001011384,2.819329915902762,37.634869926016606,7.491270519720296,0.0
2016,IA,54396530.724,455.34777247190004,egrid2016_data.xlsx,ST16!STC2ERTA converted from lb/MWh,Air-cooled,28.77864493779545,3.510421164350264,32.28906610214571,10.871857220165886,26.014580213335492
2016,IA,54396530.724,455.34777247190004,egrid2016_data.xlsx,ST16!STC2ERTA converted from lb/MWh,Cold plate,24.436823288484568,2.947430832885522,27.38425412137009,10.76323211076766,6.872564125675873
2016,IA,54396530.724,455.34777247190004,egrid2016_data.xlsx,ST16!STC2ERTA converted from lb/MWh,One-phase,23.955662545058182,3.0497891214600124,27.005451666518194,11.293235007215936,5.39421129314317
2016,IA,54396530.724,455.34777247190004,egrid2016_data.xlsx,ST16!STC2ERTA converted from lb/MWh,Two-phase,22.803947999622697,2.819329915902762,25.62327791552546,11.003002524491587,0.0
2016,ID,15660938.441,85.85278864701,egrid2016_data.xlsx,ST16!STC2ERTA converted from lb/MWh,Air-cooled,5.436640130852201,3.510421164350264,8.947061295202465,39.23546568561679,25.532685182044503
2016,ID,15660938.441,85.85278864701,egrid2016_data.xlsx,ST16!STC2ERTA converted from lb/MWh,Cold plate,4.616416598067109,2.947430832885522,7.563847430952631,38.96734908776851,6.1253574761953145
2016,ID,15660938.441,85.85278864701,egrid2016_data.xlsx,ST16!STC2ERTA converted from lb/MWh,One-phase,4.525519413270645,3.0497891214600124,7.575308534730658,40.25960272743463,6.286163699036029
2016,ID,15660938.441,85.85278864701,egrid2016_data.xlsx,ST16!STC2ERTA converted from lb/MWh,Two-phase,4.307946364555711,2.819329915902762,7.127276280458473,39.55690512002159,0.0
2016,IL,187437381.035,370.14997120717004,egrid2016_data.xlsx,ST16!STC2ERTA converted from lb/MWh,Air-cooled,23.39646771288136,3.510421164350264,26.906888877231623,13.046551685582468,25.977501437458095
2016,IL,187437381.035,370.14997120717004,egrid2016_data.xlsx,ST16!STC2ERTA converted from lb/MWh,Cold plate,19.866652801416215,2.947430832885522,22.81408363430174,12.919347891115649,6.815071298210995
2016,IL,187437381.035,370.14997120717004,egrid2016_data.xlsx,ST16!STC2ERTA converted from lb/MWh,One-phase,19.47547865744195,3.0497891214600124,22.525267778901963,13.539413388534998,5.462841391409179
2016,IL,187437381.035,370.14997120717004,egrid2016_data.xlsx,ST16!STC2ERTA converted from lb/MWh,Two-phase,18.53915756814186,2.819329915902762,21.358487484044623,13.200044797221144,0.0
2016,IN,101397209.392,827.76298397485,egrid2016_data.xlsx,ST16!STC2ERTA converted from lb/MWh,Air-cooled,52.30512848324018,3.510421164350264,55.815549647590444,6.289324724945728,26.092784387875746
2016,IN,101397209.392,827.76298397485,egrid2016_data.xlsx,ST16!STC2ERTA converted from lb/MWh,Cold plate,44.41387649033395,2.947430832885522,47.36130732321947,6.223288586125045,6.993824307747198
2016,IN,101397209.392,827.76298397485,egrid2016_data.xlsx,ST16!STC2ERTA converted from lb/MWh,One-phase,43.53936782043628,3.0497891214600124,46.58915694189629,6.546135027220088,5.249461094235386
2016,IN,101397209.392,827.76298397485,egrid2016_data.xlsx,ST16!STC2ERTA converted from lb/MWh,Two-phase,41.44612898291532,2.819329915902762,44.26545889881808,6.369141958625532,0.0
2016,KS,47599990.322,546.15061465272,egrid2016_data.xlsx,ST16!STC2ERTA converted from lb/MWh,Air-cooled,34.51490786815579,3.510421164350264,38.02532903250605,9.231796946055013,26.042557858981553
2016,KS,47599990.322,546.15061465272,egrid2016_data.xlsx,ST16!STC2ERTA converted from lb/MWh,Cold plate,29.307658724568803,2.947430832885522,32.255089557454326,9.137878311065966,6.915945114285615
2016,KS,47599990.322,546.15061465272,egrid2016_data.xlsx,ST16!STC2ERTA converted from lb/MWh,One-phase,28.73059129262295,3.0497891214600124,31.780380414082963,9.596452533678757,5.342426720311333
2016,KS,47599990.322,546.15061465272,egrid2016_data.xlsx,ST16!STC2ERTA converted from lb/MWh,Two-phase,27.349312865093005,2.819329915902762,30.168642780995768,9.345232851107083,0.0
2016,KY,80273501.005,892.7078859190801,egrid2016_data.xlsx,ST16!STC2ERTA converted from lb/MWh,Air-cooled,56.40787487962187,3.510421164350264,59.918296043972134,5.858679895993833,26.100138637835514
2016,KY,80273501.005,892.7078859190801,egrid2016_data.xlsx,ST16!STC2ERTA converted from lb/MWh,Cold plate,47.89764332169631,2.947430832885522,50.84507415458183,5.796885700126211,7.005227505777989
2016,KY,80273501.005,892.7078859190801,egrid2016_data.xlsx,ST16!STC2ERTA converted from lb/MWh,One-phase,46.95453932667337,3.0497891214600124,50.00432844813338,6.0990502544662375,5.235848916231478
2016,KY,80273501.005,892.7078859190801,egrid2016_data.xlsx,ST16!STC2ERTA converted from lb/MWh,Two-phase,44.69710955135255,2.819329915902762,47.51643946725531,5.933377895129596,0.0
2016,LA,106842115.053,400.12925171758,egrid2016_data.xlsx,ST16!STC2ERTA converted from lb/MWh,Air-cooled,25.290340540433263,3.510421164350264,28.800761704783525,12.18864001005646,25.992126317930953
2016,LA,106842115.053,400.12925171758,egrid2016_data.xlsx,ST16!STC2ERTA converted from lb/MWh,Cold plate,21.47479785889833,2.947430832885522,24.422228691783854,12.068639885749244,6.837748037391944
2016,LA,106842115.053,400.12925171758,egrid2016_data.xlsx,ST16!STC2ERTA converted from lb/MWh,One-phase,21.051959358953532,3.0497891214600124,24.101748480413544,12.653808597905023,5.435771808872292
2016,LA,106842115.053,400.12925171758,egrid2016_data.xlsx,ST16!STC2ERTA converted from lb/MWh,Two-phase,20.039845928234616,2.819329915902762,22.85917584413738,12.33347140389502,0.0
2016,MA,31951671.137,375.35403646818,egrid2016_data.xlsx,ST16!STC2ERTA converted from lb/MWh,Air-cooled,23.72522269374927,3.510421164350264,27.235643858099536,12.88906986241968,25.980185786711772
2016,MA,31951671.137,375.35403646818,egrid2016_data.xlsx,ST16!STC2ERTA converted from lb/MWh,Cold plate,20.145808661257533,2.947430832885522,23.093239494143056,12.763176139203225,6.8192335399475335
2016,MA,31951671.137,375.35403646818,egrid2016_data.xlsx,ST16!STC2ERTA converted from lb/MWh,One-phase,19.749137941911442,3.0497891214600124,22.798927063371455,13.376897574973057,5.457872857559298
2016,MA,31951671.137,375.35403646818,egrid2016_data.xlsx,ST16!STC2ERTA converted from lb/MWh,Two-phase,18.799660156242627,2.819329915902762,21.61899007214539,13.040988068796414,0.0
2016,MD,37166746.524,462.41655596598,egrid2016_data.xlsx,ST16!STC2ERTA converted from lb/MWh,Air-cooled,29.225199249818942,3.510421164350264,32.735620414169205,10.723551653937257,26.01710963429975
2016,MD,37166746.524,462.41655596598,egrid2016_data.xlsx,ST16!STC2ERTA converted from lb/MWh,Cold plate,24.816006145607126,2.947430832885522,27.76343697849265,10.61623182738071,6.876486141968008
2016,MD,37166746.524,462.41655596598,egrid2016_data.xlsx,ST16!STC2ERTA converted from lb/MWh,One-phase,24.327379296489596,3.0497891214600124,27.37716841794961,11.13989976940217,5.38952952020908
2016,MD,37166746.524,462.41655596598,egrid2016_data.xlsx,ST16!STC2ERTA converted from lb/MWh,Two-phase,23.15779375338914,2.819329915902762,25.977123669291903,10.853125818681574,0.0
2016,ME,11514427.426,157.67777965940002,egrid2016_data.xlsx,ST16!STC2ERTA converted from lb/MWh,Air-cooled,9.974020498279337,3.510421164350264,13.484441662629601,26.03312211345721,25.756532427167688
2016,ME,11514427.426,157.67777965940002,egrid2016_data.xlsx,ST16!STC2ERTA converted from lb/MWh,Cold plate,8.469244362234585,2.947430832885522,11.416675195120106,25.816893119157484,6.472445823580553
2016,ME,11514427.426,157.67777965940002,egrid2016_data.xlsx,ST16!STC2ERTA converted from lb/MWh,One-phase,8.3024850471843,3.0497891214600124,11.352274168644312,26.86500586713911,5.871838844294874
2016,ME,11514427.426,157.67777965940002,egrid2016_data.xlsx,ST16!STC2ERTA converted from lb/MWh,Two-phase,7.903327112223518,2.819329915902762,10.72265702812628,26.293202407831025,0.0
2016,MI,112121789.925,501.6799651055501,egrid2016_data.xlsx,ST16!STC2ERTA converted from lb/MWh,Air-cooled,31.70557577722307,3.510421164350264,35.21599694157334,9.96825723881787,26.029993110255802
2016,MI,112121789.925,501.6799651055501,egrid2016_data.xlsx,ST16!STC2ERTA converted from lb/MWh,Cold plate,26.922169344746372,2.947430832885522,29.869600177631895,9.867660816875382,6.896462730805175
2016,MI,112121789.925,501.6799651055501,egrid2016_data.xlsx,ST16!STC2ERTA converted from lb/MWh,One-phase,26.392072168708207,3.0497891214600124,29.44186129016822,10.35868313963715,5.365683149881373
2016,MI,112121789.925,501.6799651055501,egrid2016_data.xlsx,ST16!STC2ERTA converted from lb/MWh,Two-phase,25.123222545212627,2.819329915902762,27.94255246111539,10.089736504301518,0.0
2016,MN,60036475.896,462.79258404071004,egrid2016_data.xlsx,ST16!STC2ERTA converted from lb/MWh,Air-cooled,29.248953967777588,3.510421164350264,32.75937513212785,10.715775713644536,26.01724225940878
2016,MN,60036475.896,462.79258404071004,egrid2016_data.xlsx,ST16!STC2ERTA converted from lb/MWh,Cold plate,24.83617699959549,2.947430832885522,27.783607832481014,10.608524460382592,6.876691785016642
2016,MN,60036475.896,462.79258404071004,egrid2016_data.xlsx,ST16!STC2ERTA converted from lb/MWh,One-phase,24.347152986616436,3.0497891214600124,27.39694210807645,11.131859568228796,5.389284040846554
2016,MN,60036475.896,462.79258404071004,egrid2016_data.xlsx,ST16!STC2ERTA converted from lb/MWh,Two-phase,23.176616785336805,2.819329915902762,25.995946701239568,10.845267334573844,0.0
2016,MO,78611512.544,770.63302497335,egrid2016_data.xlsx,ST16!STC2ERTA converted from lb/MWh,Air-cooled,48.69607332414372,3.510421164350264,52.20649448849398,6.724108176088976,26.08536033159694
2016,MO,78611512.544,770.63302497335,egrid2016_data.xlsx,ST16!STC2ERTA converted from lb/MWh,Cold plate,41.34931791393595,2.947430832885522,44.29674874682147,6.653831073995055,6.982312870904228
2016,MO,78611512.544,770.63302497335,egrid2016_data.xlsx,ST16!STC2ERTA converted from lb/MWh,One-phase,40.53515036389196,3.0497891214600124,43.58493948535197,6.997346233519461,5.263202478622864
2016,MO,78611512.544,770.63302497335,egrid2016_data.xlsx,ST16!STC2ERTA converted from lb/MWh,Two-phase,38.58634505793562,2.819329915902762,41.40567497383838,6.809042281484645,0.0
2016,MS,62881294.963,427.75075908873004,egrid2016_data.xlsx,ST16!STC2ERTA converted from lb/MWh,Air-cooled,27.035266415091296,3.510421164350264,30.545687579441562,11.49236256417719,26.003998304872123
2016,MS,62881294.963,427.75075908873004,egrid2016_data.xlsx,ST16!STC2ERTA converted from lb/MWh,Cold plate,22.95646752551013,2.947430832885522,25.903898358395654,11.378329207851593,6.856156252893175
2016,MS,62881294.963,427.75075908873004,egrid2016_data.xlsx,ST16!STC2ERTA converted from lb/MWh,One-phase,22.504454968451483,3.0497891214600124,25.554244089911496,11.934569892693604,5.413797630623307
2016,MS,62881294.963,427.75075908873004,egrid2016_data.xlsx,ST16!STC2ERTA converted from lb/MWh,Two-phase,21.422510018045166,2.819329915902762,24.24183993394793,11.630016218177449,0.0
2016,MT,27783529.992,571.56176640486,egrid2016_data.xlsx,ST16!STC2ERTA converted from lb/MWh,Air-cooled,36.12019955630904,3.510421164350264,39.6306207206593,8.85785057239917,26.04893871696119
2016,MT,27783529.992,571.56176640486,egrid2016_data.xlsx,ST16!STC2ERTA converted from lb/MWh,Cold plate,30.670760753683282,2.947430832885522,33.618191586568805,8.767368777989487,6.925839010678381
2016,MT,27783529.992,571.56176640486,egrid2016_data.xlsx,ST16!STC2ERTA converted from lb/MWh,One-phase,30.066853859915735,3.0497891214600124,33.11664298137575,9.209233928617593,5.330616219565232
2016,MT,27783529.992,571.56176640486,egrid2016_data.xlsx,ST16!STC2ERTA converted from lb/MWh,Two-phase,28.621332039727484,2.819329915902762,31.440661955630247,8.967145538734083,0.0
2016,NC,130768152.699,395.83101041946003,egrid2016_data.xlsx,ST16!STC2ERTA converted from lb/MWh,Air-cooled,25.018808927193103,3.510421164350264,28.52923009154337,12.30464738475653,25.99014853354904
2016,NC,130768152.699,395.83101041946003,egrid2016_data.xlsx,ST16!STC2ERTA converted from lb/MWh,Cold plate,21.244232102090493,2.947430832885522,24.191662934976016,12.183663606788114,6.834681366134832
2016,NC,130768152.699,395.83101041946003,egrid2016_data.xlsx,ST16!STC2ERTA converted from lb/MWh,One-phase,20.82593343899947,3.0497891214600124,23.875722560459483,12.773599264848048,5.439432542897826
2016,NC,130768152.699,395.83101041946003,egrid2016_data.xlsx,ST16!STC2ERTA converted from lb/MWh,Two-phase,19.824686639047577,2.819329915902762,22.64401655495034,12.450661785470261,0.0
2016,ND,37856451.758,759.6869339005101,egrid2016_data.xlsx,ST16!STC2ERTA converted from lb/MWh,Air-cooled,48.00457892875416,3.510421164350264,51.51500009310442,6.8143669960318105,26.08381924507608
2016,ND,37856451.758,759.6869339005101,egrid2016_data.xlsx,ST16!STC2ERTA converted from lb/MWh,Cold plate,40.762148977329076,2.947430832885522,43.7095798102146,6.743214749908737,6.97992332542019
2016,ND,37856451.758,759.6869339005101,egrid2016_data.xlsx,ST16!STC2ERTA converted from lb/MWh,One-phase,39.959542776267284,3.0497891214600124,43.00933189772729,7.09099394687684,5.26605491689407
2016,ND,37856451.758,759.6869339005101,egrid2016_data.xlsx,ST16!STC2ERTA converted from lb/MWh,Two-phase,38.03841091202367,2.819329915902762,40.857740827926435,6.900356844927995,0.0
2016,NE,37197843.2,585.4557542903301,egrid2016_data.xlsx,ST16!STC2ERTA converted from lb/MWh,Air-cooled,36.997920624814675,3.510421164350264,40.50834178916494,8.665921657867571,26.052213959225746
2016,NE,37197843.2,585.4557542903301,egrid2016_data.xlsx,ST16!STC2ERTA converted from lb/MWh,Cold plate,31.416060426201327,2.947430832885522,34.36349125908685,8.577215890734395,6.9309174668562346
2016,NE,37197843.2,585.4557542903301,egrid2016_data.xlsx,ST16!STC2ERTA converted from lb/MWh,One-phase,30.797478591248886,3.0497891214600124,33.8472677127089,9.01044405517815,5.324553986032909
2016,NE,37197843.2,585.4557542903301,egrid2016_data.xlsx,ST16!STC2ERTA converted from lb/MWh,Two-phase,29.316830582054234,2.819329915902762,32.13616049795699,8.77307641055003,0.0
2016,NH,19282493.05,143.69443407704,egrid2016_data.xlsx,ST16!STC2ERTA converted from lb/MWh,Air-cooled,9.090654460608627,3.510421164350264,12.601075624958892,27.85810726663039,25.72554205746318
2016,NH,19282493.05,143.69443407704,egrid2016_data.xlsx,ST16!STC2ERTA converted from lb/MWh,Cold plate,7.719151374595065,2.947430832885522,10.666582207480587,27.632382852854757,6.4243934287446125
2016,NH,19282493.05,143.69443407704,egrid2016_data.xlsx,ST16!STC2ERTA converted from lb/MWh,One-phase,7.567161381044176,3.0497891214600124,10.616950502504189,28.725660167113592,5.929199748688108
2016,NH,19282493.05,143.69443407704,egrid2016_data.xlsx,ST16!STC2ERTA converted from lb/MWh,Two-phase,7.203355545417053,2.819329915902762,10.022685461319815,28.12948612209072,0.0
2016,NJ,77598196.669,253.93189494287998,egrid2016_data.xlsx,ST16!STC2ERTA converted from lb/MWh,Air-cooled,16.054655202375454,3.510421164350264,19.56507636672572,17.94228194437528,25.894108508063084
2016,NJ,77598196.669,253.93189494287998,egrid2016_data.xlsx,ST16!STC2ERTA converted from lb/MWh,Cold plate,13.63249635227794,2.947430832885522,16.579927185163463,17.77710360225845,6.685765645905994
2016,NJ,77598196.669,253.93189494287998,egrid2016_data.xlsx,ST16!STC2ERTA converted from lb/MWh,One-phase,13.36407267043585,3.0497891214600124,16.41386179189586,18.580570252917614,5.617195595496094
2016,NJ,77598196.669,253.93189494287998,egrid2016_data.xlsx,ST16!STC2ERTA converted from lb/MWh,Two-phase,12.721569176664897,2.819329915902762,15.540899092567658,18.141356552859218,0.0
2016,NM,32922552.001,717.8561919467401,egrid2016_data.xlsx,ST16!STC2ERTA converted from lb/MWh,Air-cooled,45.36201699285075,3.510421164350264,48.87243815720101,7.182823891574208,26.077528572481867
2016,NM,32922552.001,717.8561919467401,egrid2016_data.xlsx,ST16!STC2ERTA converted from lb/MWh,Cold plate,38.51826921175544,2.947430832885522,41.46570004464096,7.108117865398124,6.970169266783155
2016,NM,32922552.001,717.8561919467401,egrid2016_data.xlsx,ST16!STC2ERTA converted from lb/MWh,One-phase,37.75984497507654,3.0497891214600124,40.809634096536556,7.473208689510996,5.2776984910975155
2016,NM,32922552.001,717.8561919467401,egrid2016_data.xlsx,ST16!STC2ERTA converted from lb/MWh,Two-phase,35.94446781281325,2.819329915902762,38.763797728716014,7.273100369663258,0.0
2016,NV,39228694.003,349.96420355743004,egrid2016_data.xlsx,ST16!STC2ERTA converted from lb/MWh,Air-cooled,22.12127777488921,3.510421164350264,25.631698939239477,13.6956242060731,25.96643890860104
2016,NV,39228694.003,349.96420355743004,egrid2016_data.xlsx,ST16!STC2ERTA converted from lb/MWh,Cold plate,18.783850214938536,2.947430832885522,21.73128104782406,13.563079076650416,6.797918195179586
2016,NV,39228694.003,349.96420355743004,egrid2016_data.xlsx,ST16!STC2ERTA converted from lb/MWh,One-phase,18.413996440283267,3.0497891214600124,21.46378556174328,14.20899921258955,5.483317322034309
2016,NV,39228694.003,349.96420355743004,egrid2016_data.xlsx,ST16!STC2ERTA converted from lb/MWh,Two-phase,17.528708149885038,2.819329915902762,20.3480380657878,13.855536866932864,0.0
2016,NY,134090832.639,211.31779896612,egrid2016_data.xlsx,ST16!STC2ERTA converted from lb/MWh,Air-cooled,13.362606658613686,3.510421164350264,16.873027822963948,20.80492725539533,25.845397890318743
2016,NY,134090832.639,211.31779896612,egrid2016_data.xlsx,ST16!STC2ERTA converted from lb/MWh,Cold plate,11.346596001857622,2.947430832885522,14.294026834743143,20.620017486755238,6.610236962031935
2016,NY,134090832.639,211.31779896612,egrid2016_data.xlsx,ST16!STC2ERTA converted from lb/MWh,One-phase,11.123181669185936,3.0497891214600124,14.172970790645948,21.518347610458985,5.707355381068391
2016,NY,134090832.639,211.31779896612,egrid2016_data.xlsx,ST16!STC2ERTA converted from lb/MWh,Two-phase,10.588413319705845,2.819329915902762,13.407743235608606,21.027624607362092,0.0
2016,OH,118922077.758,669.20024560158,egrid2016_data.xlsx,ST16!STC2ERTA converted from lb/MWh,Air-cooled,42.2882883004652,3.510421164350264,45.79870946481546,7.664891009750222,26.069299177907613
2016,OH,118922077.758,669.20024560158,egrid2016_data.xlsx,ST16!STC2ERTA converted from lb/MWh,Cold plate,35.908272630786314,2.947430832885522,38.85570346367184,7.585580931873294,6.957409105445489
2016,OH,118922077.758,669.20024560158,egrid2016_data.xlsx,ST16!STC2ERTA converted from lb/MWh,One-phase,35.201239193984065,3.0497891214600124,38.251028315444074,7.9730905436302795,5.29293049768178
2016,OH,118922077.758,669.20024560158,egrid2016_data.xlsx,ST16!STC2ERTA converted from lb/MWh,Two-phase,33.50887192504253,2.819329915902762,36.32820184094529,7.760719697183339,0.0
2016,OK,78655008.003,475.50587098707,egrid2016_data.xlsx,ST16!STC2ERTA converted from lb/MWh,Air-cooled,30.052086941173027,3.510421164350264,33.56250810552329,10.459352898517627,26.021615919524542
2016,OK,78655008.003,475.50587098707,egrid2016_data.xlsx,ST16!STC2ERTA converted from lb/MWh,Cold plate,25.518141650483006,2.947430832885522,28.46557248336853,10.354370475449269,6.88347340281481
2016,OK,78655008.003,475.50587098707,egrid2016_data.xlsx,ST16!STC2ERTA converted from lb/MWh,One-phase,25.015689762098962,3.0497891214600124,28.065478883558974,10.866691903292653,5.381188716326735
2016,OK,78655008.003,475.50587098707,egrid2016_data.xlsx,ST16!STC2ERTA converted from lb/MWh,Two-phase,23.813012369690362,2.819329915902762,26.632342285593126,10.586113251585422,0.0
2016,OR,60181811.826,139.32633955394,egrid2016_data.xlsx,ST16!STC2ERTA converted from lb/MWh,Air-cooled,8.814710028833327,3.510421164350264,12.32513119318359,28.481815806485702,25.714954263046707
2016,OR,60181811.826,139.32633955394,egrid2016_data.xlsx,ST16!STC2ERTA converted from lb/MWh,Cold plate,7.4848385592658655,2.947430832885522,10.432269392151387,28.253016885309655,6.4079764294447505
2016,OR,60181811.826,139.32633955394,egrid2016_data.xlsx,ST16!STC2ERTA converted from lb/MWh,One-phase,7.337462182103946,3.0497891214600124,10.387251303563957,29.360887036723593,5.9487969806362395
2016,OR,60181811.826,139.32633955394,egrid2016_data.xlsx,ST16!STC2ERTA converted from lb/MWh,Two-phase,6.984699577195103,2.819329915902762,9.804029493097865,28.756848578307505,0.0
2016,PA,215066508.488,390.11030344902,egrid2016_data.xlsx,ST16!STC2ERTA converted from lb/MWh,Air-cooled,24.657416281964643,3.510421164350264,28.167837446314905,12.462515700897441,25.987457170866723
2016,PA,215066508.488,390.11030344902,egrid2016_data.xlsx,ST16!STC2ERTA converted from lb/MWh,Cold plate,20.937362608120413,2.947430832885522,23.884793441005936,12.340198127170355,6.8305082496638025
2016,PA,215066508.488,390.11030344902,egrid2016_data.xlsx,ST16!STC2ERTA converted from lb/MWh,One-phase,20.525106201508905,3.0497891214600124,23.574895322968917,12.936596662164671,5.444414058090397
2016,PA,215066508.488,390.11030344902,egrid2016_data.xlsx,ST16!STC2ERTA converted from lb/MWh,Two-phase,19.53832224951329,2.819329915902762,22.357652165416052,12.6101340831478,0.0
2016,RI,6564885.1,395.3919330053,egrid2016_data.xlsx,ST16!STC2ERTA converted from lb/MWh,Air-cooled,24.991071210686513,3.510421164350264,28.501492375036776,12.316622295276334,25.989944379451902
2016,RI,6564885.1,395.3919330053,egrid2016_data.xlsx,ST16!STC2ERTA converted from lb/MWh,Cold plate,21.220679162813372,2.947430832885522,24.168109995698895,12.195537149616023,6.834364813174121
2016,RI,6564885.1,395.3919330053,egrid2016_data.xlsx,ST16!STC2ERTA converted from lb/MWh,One-phase,20.802844256800704,3.0497891214600124,23.852633378260716,12.785964019551775,5.439810417178115
2016,RI,6564885.1,395.3919330053,egrid2016_data.xlsx,ST16!STC2ERTA converted from lb/MWh,Two-phase,19.802707513685288,2.819329915902762,22.62203742958805,12.462758602880191,0.0
2016,SC,96985763.86,287.03415892074,egrid2016_data.xlsx,ST16!STC2ERTA converted from lb/MWh,Air-cooled,18.145815404047084,3.510421164350264,21.656236568397347,16.209747031822577,25.92360754991072
2016,SC,96985763.86,287.03415892074,egrid2016_data.xlsx,ST16!STC2ERTA converted from lb/MWh,Cold plate,15.40816412352346,2.947430832885522,18.355594956408982,16.057397430511543,6.731505648999225
2016,SC,96985763.86,287.03415892074,egrid2016_data.xlsx,ST16!STC2ERTA converted from lb/MWh,One-phase,15.104777565582275,3.0497891214600124,18.154566687042287,16.79901907896695,5.5625950297317095
2016,SC,96985763.86,287.03415892074,egrid2016_data.xlsx,ST16!STC2ERTA converted from lb/MWh,Two-phase,14.378586336467743,2.819329915902762,17.197916252370504,16.393439033721044,0.0
2016,SD,10289415.719,234.30858183194002,egrid2016_data.xlsx,ST16!STC2ERTA converted from lb/MWh,Air-cooled,14.814997049990929,3.510421164350264,18.32541821434119,19.156022107059265,25.873450967227242
2016,SD,10289415.719,234.30858183194002,egrid2016_data.xlsx,ST16!STC2ERTA converted from lb/MWh,Cold plate,12.579864886361863,2.947430832885522,15.527295719247384,18.982254773649572,6.653734911260112
2016,SD,10289415.719,234.30858183194002,egrid2016_data.xlsx,ST16!STC2ERTA converted from lb/MWh,One-phase,12.332167504854107,3.0497891214600124,15.38195662631412,19.827055787185728,5.655431190494831
2016,SD,10289415.719,234.30858183194002,egrid2016_data.xlsx,ST16!STC2ERTA converted from lb/MWh,Two-phase,11.739274836351507,2.819329915902762,14.558604752254269,19.365385377786385,0.0
2016,TN,79340633.31,452.86979735459005,egrid2016_data.xlsx,ST16!STC2ERTA converted from lb/MWh,Air-cooled,28.622104498461237,3.510421164350264,32.1325256628115,10.924821787081124,26.01367690242169
2016,TN,79340633.31,452.86979735459005,egrid2016_data.xlsx,ST16!STC2ERTA converted from lb/MWh,Cold plate,24.30390003717165,2.947430832885522,27.251330870057174,10.815731704773574,6.871163488861787
2016,TN,79340633.31,452.86979735459005,egrid2016_data.xlsx,ST16!STC2ERTA converted from lb/MWh,One-phase,23.825356550893023,3.0497891214600124,26.875145672353035,11.347991034695626,5.3958832554804825
2016,TN,79340633.31,452.86979735459005,egrid2016_data.xlsx,ST16!STC2ERTA converted from lb/MWh,Two-phase,22.67990671671548,2.819329915902762,25.499236632618242,11.056526736554604,0.0
2016,TX,453941342.056,478.35942058674004,egrid2016_data.xlsx,ST16!STC2ERTA converted from lb/MWh,Air-cooled,30.23235344380007,3.510421164350264,33.742774608150334,10.403475129464741,26.022569035573007
2016,TX,453941342.056,478.35942058674004,egrid2016_data.xlsx,ST16!STC2ERTA converted from lb/MWh,Cold plate,25.671211424235448,2.947430832885522,28.61864225712097,10.298989051977594,6.884951265425765
2016,TX,453941342.056,478.35942058674004,egrid2016_data.xlsx,ST16!STC2ERTA converted from lb/MWh,One-phase,25.165745593930012,3.0497891214600124,28.215534715390024,10.808900671999385,5.37942456833318
2016,TX,453941342.056,478.35942058674004,egrid2016_data.xlsx,ST16!STC2ERTA converted from lb/MWh,Two-phase,23.95585397883723,2.819329915902762,26.775183894739992,10.529637917656363,0.0
2016,UT,38133928.003,743.15848153008,egrid2016_data.xlsx,ST16!STC2ERTA converted from lb/MWh,Air-cooled,46.96043156120897,3.510421164350264,50.47085272555923,6.955343480005305,26.08141227635572
2016,UT,38133928.003,743.15848153008,egrid2016_data.xlsx,ST16!STC2ERTA converted from lb/MWh,Cold plate,39.875531669148316,2.947430832885522,42.82296250203384,6.882827951815656,6.976191178549684
2016,UT,38133928.003,743.15848153008,egrid2016_data.xlsx,ST16!STC2ERTA converted from lb/MWh,One-phase,39.09038295174153,3.0497891214600124,42.14017207320154,7.237248856417184,5.270510039693899
2016,UT,38133928.003,743.15848153008,egrid2016_data.xlsx,ST16!STC2ERTA converted from lb/MWh,Two-phase,37.211037617523196,2.819329915902762,40.03036753342596,7.042977843130165,0.0
2016,VA,92554816.451,371.4830791826,egrid2016_data.xlsx,ST16!STC2ERTA converted from lb/MWh,Air-cooled,23.480683775704577,3.510421164350264,26.99110494005484,13.005844600088208,25.978195297269146
2016,VA,92554816.451,371.4830791826,egrid2016_data.xlsx,ST16!STC2ERTA converted from lb/MWh,Cold plate,19.93816322345697,2.947430832885522,22.885594056342494,12.878978914111578,6.816147168744968
2016,VA,92554816.451,371.4830791826,egrid2016_data.xlsx,ST16!STC2ERTA converted from lb/MWh,One-phase,19.545581040171474,3.0497891214600124,22.595370161631486,13.497407210609751,5.461557107721582
2016,VA,92554816.451,371.4830791826,egrid2016_data.xlsx,ST16!STC2ERTA converted from lb/MWh,Two-phase,18.605889644009387,2.819329915902762,21.42521955991215,13.158931267980536,0.0
2016,VT,1911207.085,30.311310125250003,egrid2016_data.xlsx,ST16!STC2ERTA converted from lb/MWh,Air-cooled,1.9279336114314491,3.510421164350264,5.438354775781713,64.54932252641927,25.10570707139552
2016,VT,1911207.085,30.311310125250003,egrid2016_data.xlsx,ST16!STC2ERTA converted from lb/MWh,Cold plate,1.6370671057067916,2.947430832885522,4.584497938592314,64.29124567979501,5.46330274903859
2016,VT,1911207.085,30.311310125250003,egrid2016_data.xlsx,ST16!STC2ERTA converted from lb/MWh,One-phase,1.6048332749702099,3.0497891214600124,4.654622396430222,65.52173005051908,7.076468907281486
2016,VT,1911207.085,30.311310125250003,egrid2016_data.xlsx,ST16!STC2ERTA converted from lb/MWh,Two-phase,1.527677829058181,2.819329915902762,4.347007744960942,64.8567953248055,0.0
2016,WA,114086582.682,85.24361409410001,egrid2016_data.xlsx,ST16!STC2ERTA converted from lb/MWh,Air-cooled,5.398156914665885,3.510421164350264,8.908578079016149,39.404954788676555,25.529816655681348
2016,WA,114086582.682,85.24361409410001,egrid2016_data.xlsx,ST16!STC2ERTA converted from lb/MWh,Cold plate,4.583739327974989,2.947430832885522,7.531170160860511,39.13642594617393,6.120909656994922
2016,WA,114086582.682,85.24361409410001,egrid2016_data.xlsx,ST16!STC2ERTA converted from lb/MWh,One-phase,4.493485558215949,3.0497891214600124,7.543274679675961,40.4305722775433,6.2914731312252
2016,WA,114086582.682,85.24361409410001,egrid2016_data.xlsx,ST16!STC2ERTA converted from lb/MWh,Two-phase,4.277452598686337,2.819329915902762,7.0967825145890995,39.726874962096815,0.0
2016,WI,64966610.542,633.4372087813,egrid2016_data.xlsx,ST16!STC2ERTA converted from lb/MWh,Air-cooled,40.02903982913688,3.510421164350264,43.53946099348714,8.06261971151956,26.062510337904964
2016,WI,64966610.542,633.4372087813,egrid2016_data.xlsx,ST16!STC2ERTA converted from lb/MWh,Cold plate,33.989875994045356,2.947430832885522,36.93730682693088,7.979549907890305,6.946882608879146
2016,WI,64966610.542,633.4372087813,egrid2016_data.xlsx,ST16!STC2ERTA converted from lb/MWh,One-phase,33.32061576290998,3.0497891214600124,36.37040488436999,8.385359280865869,5.305496143269228
2016,WI,64966610.542,633.4372087813,egrid2016_data.xlsx,ST16!STC2ERTA converted from lb/MWh,Two-phase,31.71866308200085,2.819329915902762,34.537992997903615,8.162981317628645,0.0
2016,WV,75942967.562,902.90237443483,egrid2016_data.xlsx,ST16!STC2ERTA converted from lb/MWh,Air-cooled,57.05188849375996,3.510421164350264,60.56230965811022,5.796379273127944,26.10120263515112
2016,WV,75942967.562,902.90237443483,egrid2016_data.xlsx,ST16!STC2ERTA converted from lb/MWh,Cold plate,48.44449488187531,2.947430832885522,51.39192571476083,5.7352021584958015,7.006877296329139
2016,WV,75942967.562,902.90237443483,egrid2016_data.xlsx,ST16!STC2ERTA converted from lb/MWh,One-phase,47.49062338650531,3.0497891214600124,50.54041250796533,6.034357398605237,5.233879535134145
2016,WV,75942967.562,902.90237443483,egrid2016_data.xlsx,ST16!STC2ERTA converted from lb/MWh,Two-phase,45.20742033907718,2.819329915902762,48.026750254979945,5.870332472912682,0.0
2016,WY,46656629.978,925.76705862179,egrid2016_data.xlsx,ST16!STC2ERTA converted from lb/MWh,Air-cooled,58.4963128880413,3.510421164350264,62.006734052391565,5.661354718963575,26.103508705236433
2016,WY,46656629.978,925.76705862179,egrid2016_data.xlsx,ST16!STC2ERTA converted from lb/MWh,Cold plate,49.67099959580202,2.947430832885522,52.618430428687546,5.601517964090742,7.010452993918892
2016,WY,46656629.978,925.76705862179,egrid2016_data.xlsx,ST16!STC2ERTA converted from lb/MWh,One-phase,48.692978238029625,3.0497891214600124,51.74276735948963,5.894136083350943,5.229611168317305
2016,WY,46656629.978,925.76705862179,egrid2016_data.xlsx,ST16!STC2ERTA converted from lb/MWh,Two-phase,46.351969668893595,2.819329915902762,49.17129958479636,5.733690058447207,0.0
2018,AK,6244300.149,413.66943755445004,egrid2018_data.xlsx,ST18!STC2ERTA converted from lb/MWh,Air-cooled,26.14571096960507,3.510421164350264,29.65613213395533,11.837083637521776,25.998120304939377
2018,AK,6244300.149,413.66943755445004,egrid2018_data.xlsx,ST18!STC2ERTA converted from lb/MWh,Cold plate,22.20111892332117,2.947430832885522,25.148549756206695,11.720082714344562,6.847042067541165
2018,AK,6244300.149,413.66943755445004,egrid2018_data.xlsx,ST18!STC2ERTA converted from lb/MWh,One-phase,21.763979170746346,3.0497891214600124,24.81376829220636,12.290713307006685,5.424677377957088
2018,AK,6244300.149,413.66943755445004,egrid2018_data.xlsx,ST18!STC2ERTA converted from lb/MWh,Two-phase,20.717634018306622,2.819329915902762,23.536963934209385,11.978307498721431,0.0
2018,AL,143221259.248,393.85334768626,egrid2018_data.xlsx,ST18!STC2ERTA converted from lb/MWh,Air-cooled,24.893874584250185,3.510421164350264,28.404295748600447,12.358768530718567,25.98922585519925
2018,AL,143221259.248,393.85334768626,egrid2018_data.xlsx,ST18!STC2ERTA converted from lb/MWh,Cold plate,21.13814654914809,2.947430832885522,24.085577382033613,12.237326870495236,6.8332506989697395
2018,AL,143221259.248,393.85334768626,egrid2018_data.xlsx,ST18!STC2ERTA converted from lb/MWh,One-phase,20.721936709261215,3.0497891214600124,23.771725830721227,12.82948130555434,5.441140352940499
2018,AL,143221259.248,393.85334768626,egrid2018_data.xlsx,ST18!STC2ERTA converted from lb/MWh,Two-phase,19.7256897520852,2.819329915902762,22.54501966798796,12.50533358330121,0.0
2018,AR,67999351.643,552.99441633128,egrid2018_data.xlsx,ST18!STC2ERTA converted from lb/MWh,Air-cooled,34.94724946593623,3.510421164350264,38.45767063028649,9.128012973270692,26.044328718702946
2018,AR,67999351.643,552.99441633128,egrid2018_data.xlsx,ST18!STC2ERTA converted from lb/MWh,Cold plate,29.674773133466722,2.947430832885522,32.622203966352245,9.035045075205868,6.918690936660243
2018,AR,67999351.643,552.99441633128,egrid2018_data.xlsx,ST18!STC2ERTA converted from lb/MWh,One-phase,29.09047722342359,3.0497891214600124,32.1402663448836,9.48899766023721,5.339148988675868
2018,AR,67999351.643,552.99441633128,egrid2018_data.xlsx,ST18!STC2ERTA converted from lb/MWh,Two-phase,27.69189658768208,2.819329915902762,30.511226503584844,9.240303452145758,0.0
2018,AZ,111639090.046,441.00291377065,egrid2018_data.xlsx,ST18!STC2ERTA converted from lb/MWh,Air-cooled,27.8724411314721,3.510421164350264,31.382862295822363,11.185790292995568,26.009226272544737
2018,AZ,111639090.046,441.00291377065,egrid2018_data.xlsx,ST18!STC2ERTA converted from lb/MWh,Cold plate,23.66733805641957,2.947430832885522,26.614768889305093,11.074418286870493,6.8642625249122124
2018,AZ,111639090.046,441.00291377065,egrid2018_data.xlsx,ST18!STC2ERTA converted from lb/MWh,One-phase,23.201328467541593,3.0497891214600124,26.251117589001606,11.617749648638876,5.40412104539052
2018,AZ,111639090.046,441.00291377065,egrid2018_data.xlsx,ST18!STC2ERTA converted from lb/MWh,Two-phase,22.085879983525174,2.819329915902762,24.905209899427938,11.320241536962596,0.0
2018,CA,195212859.582,191.42913431873,egrid2018_data.xlsx,ST18!STC2ERTA converted from lb/MWh,Air-cooled,12.10618552672879,3.510421164350264,15.616606691079054,22.478770412752873,25.81693332566224
2018,CA,195212859.582,191.42913431873,egrid2018_data.xlsx,ST18!STC2ERTA converted from lb/MWh,Cold plate,10.279730579870144,2.947430832885522,13.227161412755667,22.28316976644101,6.5661009767968626
2018,CA,195212859.582,191.42913431873,egrid2018_data.xlsx,ST18!STC2ERTA converted from lb/MWh,One-phase,10.077322813948944,3.0497891214600124,13.127111935408957,23.23275017739079,5.760041205323652
2018,CA,195212859.582,191.42913431873,egrid2018_data.xlsx,ST18!STC2ERTA converted from lb/MWh,Two-phase,9.5928361402014,2.819329915902762,12.412166056104162,22.714245871019806,0.0
2018,CO,55375731.38,622.0429684469,egrid2018_data.xlsx,ST18!STC2ERTA converted from lb/MWh,Air-cooled,39.30923462392447,3.510421164350264,42.81965578827473,8.198153627642004,26.060197073522538
2018,CO,55375731.38,622.0429684469,egrid2018_data.xlsx,ST18!STC2ERTA converted from lb/MWh,Cold plate,33.37866748718456,2.947430832885522,36.32609832007008,8.113810646317262,6.943295756107637
2018,CO,55375731.38,622.0429684469,egrid2018_data.xlsx,ST18!STC2ERTA converted from lb/MWh,One-phase,32.72144194386755,3.0497891214600124,35.77123106532757,8.525815384688059,5.309777826203144
2018,CO,55375731.38,622.0429684469,egrid2018_data.xlsx,ST18!STC2ERTA converted from lb/MWh,Two-phase,31.148295696566233,2.819329915902762,33.96762561246899,8.300050018414678,0.0
2018,CT,39453552.523,231.09760144471002,egrid2018_data.xlsx,ST18!STC2ERTA converted from lb/MWh,Air-cooled,14.61215067070356,3.510421164350264,18.122571835053826,19.370435919918304,25.869802404641142
2018,CT,39453552.523,231.09760144471002,egrid2018_data.xlsx,ST18!STC2ERTA converted from lb/MWh,Cold plate,12.407621852123503,2.947430832885522,15.355052685009024,19.195185411269005,6.648077599919744
2018,CT,39453552.523,231.09760144471002,egrid2018_data.xlsx,ST18!STC2ERTA converted from lb/MWh,One-phase,12.163315933795136,3.0497891214600124,15.213105055255149,20.047117997167227,5.662184412598048
2018,CT,39453552.523,231.09760144471002,egrid2018_data.xlsx,ST18!STC2ERTA converted from lb/MWh,Two-phase,11.578541129285755,2.819329915902762,14.397871045188516,19.581574991567425,0.0
2018,DC,74889.001,199.6123942659,egrid2018_data.xlsx,ST18!STC2ERTA converted from lb/MWh,Air-cooled,12.623144352653835,3.510421164350264,16.1335655170041,21.75849573146387,25.82918038898214
2018,DC,74889.001,199.6123942659,egrid2018_data.xlsx,ST18!STC2ERTA converted from lb/MWh,Cold plate,10.718696052492584,2.947430832885522,13.666126885378105,21.567418900808594,6.585090770330759
2018,DC,74889.001,199.6123942659,egrid2018_data.xlsx,ST18!STC2ERTA converted from lb/MWh,One-phase,10.5076450619324,3.0497891214600124,13.557434183392413,22.495326772052067,5.737372788170592
2018,DC,74889.001,199.6123942659,egrid2018_data.xlsx,ST18!STC2ERTA converted from lb/MWh,Two-phase,10.002469818570267,2.819329915902762,12.821799734473029,21.988566147407816,0.0
2018,DE,6240644.191,408.40821965482,egrid2018_data.xlsx,ST18!STC2ERTA converted from lb/MWh,Air-cooled,25.813345500844765,3.510421164350264,29.32376666519503,11.97124913872969,25.995832734605063
2018,DE,6240644.191,408.40821965482,egrid2018_data.xlsx,ST18!STC2ERTA converted from lb/MWh,Cold plate,21.918897288326008,2.947430832885522,24.86632812121153,11.853100379429556,6.843495054905713
2018,DE,6240644.191,408.40821965482,egrid2018_data.xlsx,ST18!STC2ERTA converted from lb/MWh,One-phase,21.487314476197255,3.0497891214600124,24.537103597657268,12.429295533280454,5.428911503089795
2018,DE,6240644.191,408.40821965482,egrid2018_data.xlsx,ST18!STC2ERTA converted from lb/MWh,Two-phase,20.45427051099547,2.819329915902762,23.273600426898234,12.113853740671551,0.0
2018,FL,243456187.354,429.88037526588005,egrid2018_data.xlsx,ST18!STC2ERTA converted from lb/MWh,Air-cooled,27.169800071081436,3.510421164350264,30.680221235431702,11.441968222498279,26.00485764826366
2018,FL,243456187.354,429.88037526588005,egrid2018_data.xlsx,ST18!STC2ERTA converted from lb/MWh,Cold plate,23.07070414731393,2.947430832885522,26.018134980199452,11.328370904096706,6.857488715472426
2018,FL,243456187.354,429.88037526588005,egrid2018_data.xlsx,ST18!STC2ERTA converted from lb/MWh,One-phase,22.616442272607703,3.0497891214600124,25.666231394067715,11.882496789789387,5.4122070489493135
2018,FL,243456187.354,429.88037526588005,egrid2018_data.xlsx,ST18!STC2ERTA converted from lb/MWh,Two-phase,21.529113317193875,2.819329915902762,24.34844323309664,11.579097229799357,0.0
2018,GA,129232893.261,422.68367872346,egrid2018_data.xlsx,ST18!STC2ERTA converted from lb/MWh,Air-cooled,26.715165143298787,3.510421164350264,30.225586307649053,11.614071365298537,26.001922928659194
2018,GA,129232893.261,422.68367872346,egrid2018_data.xlsx,ST18!STC2ERTA converted from lb/MWh,Cold plate,22.68465979341849,2.947430832885522,25.632090626304013,11.498987249447485,6.852938259749908
2018,GA,129232893.261,422.68367872346,egrid2018_data.xlsx,ST18!STC2ERTA converted from lb/MWh,One-phase,22.237999127188626,3.0497891214600124,25.28778824864864,12.060323708313994,5.417638999979779
2018,GA,129232893.261,422.68367872346,egrid2018_data.xlsx,ST18!STC2ERTA converted from lb/MWh,Two-phase,21.168864553766102,2.819329915902762,23.988194469668866,11.752989244220013,0.0
2018,HI,9796772.998,691.62993470571,egrid2018_data.xlsx,ST18!STC2ERTA converted from lb/MWh,Air-cooled,43.70523287023225,3.510421164350264,47.21565403458251,7.434867177269429,26.073225793527467
2018,HI,9796772.998,691.62993470571,egrid2018_data.xlsx,ST18!STC2ERTA converted from lb/MWh,Cold plate,37.111443389375474,2.947430832885522,40.058874222261,7.357747540612647,6.963497554403486
2018,HI,9796772.998,691.62993470571,egrid2018_data.xlsx,ST18!STC2ERTA converted from lb/MWh,One-phase,36.38071953545814,3.0497891214600124,39.43050865691815,7.73459238884285,5.28566261977943
2018,HI,9796772.998,691.62993470571,egrid2018_data.xlsx,ST18!STC2ERTA converted from lb/MWh,Two-phase,34.63164648086882,2.819329915902762,37.45097639677158,7.528054505264645,0.0
2018,IA,63191960.4,488.68318292794004,egrid2018_data.xlsx,ST18!STC2ERTA converted from lb/MWh,Air-cooled,30.88453363769475,3.510421164350264,34.394954802045014,10.20620955763415,26.02593394129049
2018,IA,63191960.4,488.68318292794004,egrid2018_data.xlsx,ST18!STC2ERTA converted from lb/MWh,Cold plate,26.224997475833845,2.947430832885522,29.17242830871937,10.103481279289193,6.8901687500722675
2018,IA,63191960.4,488.68318292794004,egrid2018_data.xlsx,ST18!STC2ERTA converted from lb/MWh,One-phase,25.708627605132463,3.0497891214600124,28.758416726592475,10.604857529030513,5.373196374317013
2018,IA,63191960.4,488.68318292794004,egrid2018_data.xlsx,ST18!STC2ERTA converted from lb/MWh,Two-phase,24.472635893347253,2.819329915902762,27.291965809250016,10.330255928091525,0.0
2018,ID,18172119.496,72.89002589715,egrid2018_data.xlsx,ST18!STC2ERTA converted from lb/MWh,Air-cooled,4.617747091259833,3.510421164350264,8.128168255610097,43.18834273549094,25.46581863445063
2018,ID,18172119.496,72.89002589715,egrid2018_data.xlsx,ST18!STC2ERTA converted from lb/MWh,Cold plate,3.9210695953175887,2.947430832885522,6.868500428203111,42.91229015263537,6.021676952957522
2018,ID,18172119.496,72.89002589715,egrid2018_data.xlsx,ST18!STC2ERTA converted from lb/MWh,One-phase,3.843863784266089,3.0497891214600124,6.893652905726102,44.240537827582735,6.409928780905161
2018,ID,18172119.496,72.89002589715,egrid2018_data.xlsx,ST18!STC2ERTA converted from lb/MWh,Two-phase,3.6590626407917592,2.819329915902762,6.478392556694521,43.518973128440244,0.0
2018,IL,187990218.418,371.28485931691,egrid2018_data.xlsx,ST18!STC2ERTA converted from lb/MWh,Air-cooled,23.468161686744473,3.510421164350264,26.978582851094735,13.01188125308746,25.97809240091813
2018,IL,187990218.418,371.28485931691,egrid2018_data.xlsx,ST18!STC2ERTA converted from lb/MWh,Cold plate,19.92753033661389,2.947430832885522,22.874961169499414,12.884965404074705,6.815987621887865
2018,IL,187990218.418,371.28485931691,egrid2018_data.xlsx,ST18!STC2ERTA converted from lb/MWh,One-phase,19.535157514736696,3.0497891214600124,22.584946636196708,13.503636606216904,5.461747561330532
2018,IL,187990218.418,371.28485931691,egrid2018_data.xlsx,ST18!STC2ERTA converted from lb/MWh,Two-phase,18.59596724960513,2.819329915902762,21.415297165507894,13.165028223113604,0.0
2018,IN,113451149.922,793.11714516188,egrid2018_data.xlsx,ST18!STC2ERTA converted from lb/MWh,Air-cooled,50.1164564538083,3.510421164350264,53.62687761815856,6.5460107324272085,26.088401292517528
2018,IN,113451149.922,793.11714516188,egrid2018_data.xlsx,ST18!STC2ERTA converted from lb/MWh,Cold plate,42.55540845838591,2.947430832885522,45.502839291271435,6.477465755529044,6.987028060049427
2018,IN,113451149.922,793.11714516188,egrid2018_data.xlsx,ST18!STC2ERTA converted from lb/MWh,One-phase,41.71749300067994,3.0497891214600124,44.767282122139946,6.8125402680001415,5.257573882697986
2018,IN,113451149.922,793.11714516188,egrid2018_data.xlsx,ST18!STC2ERTA converted from lb/MWh,Two-phase,39.71184429872418,2.819329915902762,42.531174214626944,6.628855111489404,0.0
2018,KS,51683745.199,452.05015594200006,egrid2018_data.xlsx,ST18!STC2ERTA converted from lb/MWh,Air-cooled,28.570325517337878,3.510421164350264,32.08074668168814,10.942454672833506,26.01337617635362
2018,KS,51683745.199,452.05015594200006,egrid2018_data.xlsx,ST18!STC2ERTA converted from lb/MWh,Cold plate,24.259932928417772,2.947430832885522,27.207363761303295,10.833209930752709,6.870697195368103
2018,KS,51683745.199,452.05015594200006,egrid2018_data.xlsx,ST18!STC2ERTA converted from lb/MWh,One-phase,23.782255153957927,3.0497891214600124,26.83204427541794,11.366219771238464,5.39643987740539
2018,KS,51683745.199,452.05015594200006,egrid2018_data.xlsx,ST18!STC2ERTA converted from lb/MWh,Two-phase,22.63887750232534,2.819329915902762,25.458207418228103,11.074345768288927,0.0
2018,KY,78804496.998,832.6418235065701,egrid2018_data.xlsx,ST18!STC2ERTA converted from lb/MWh,Air-cooled,52.613338068720466,3.510421164350264,56.12375923307073,6.254786230145753,26.093374180394324
2018,KY,78804496.998,832.6418235065701,egrid2018_data.xlsx,ST18!STC2ERTA converted from lb/MWh,Cold plate,44.67558662965699,2.947430832885522,47.623017462542514,6.189088785068689,6.994738815810342
2018,KY,78804496.998,832.6418235065701,egrid2018_data.xlsx,ST18!STC2ERTA converted from lb/MWh,One-phase,43.795924890405246,3.0497891214600124,46.845714011865255,6.510284208044199,5.248369431483613
2018,KY,78804496.998,832.6418235065701,egrid2018_data.xlsx,ST18!STC2ERTA converted from lb/MWh,Two-phase,41.690351578366545,2.819329915902762,44.50968149426931,6.334194766740254,0.0
2018,LA,101862424.388,380.75858955673,egrid2018_data.xlsx,ST18!STC2ERTA converted from lb/MWh,Air-cooled,24.066643036906353,3.510421164350264,27.57706420125662,12.729495564615986,25.982905919836497
2018,LA,101862424.388,380.75858955673,egrid2018_data.xlsx,ST18!STC2ERTA converted from lb/MWh,Cold plate,20.435719065686133,2.947430832885522,23.383149898571656,12.604934945336701,6.823451266685265
2018,LA,101862424.388,380.75858955673,egrid2018_data.xlsx,ST18!STC2ERTA converted from lb/MWh,One-phase,20.03334001412046,3.0497891214600124,23.08312913558047,13.212199713248795,5.45283809038517
2018,LA,101862424.388,380.75858955673,egrid2018_data.xlsx,ST18!STC2ERTA converted from lb/MWh,Two-phase,19.070198667287748,2.819329915902762,21.88952858319051,12.8798110255686,0.0
2018,MA,27123442.981,332.86558557791,egrid2018_data.xlsx,ST18!STC2ERTA converted from lb/MWh,Air-cooled,21.041111492417595,3.510421164350264,24.55153265676786,14.298175243990658,25.956171011877483
2018,MA,27123442.981,332.86558557791,egrid2018_data.xlsx,ST18!STC2ERTA converted from lb/MWh,Cold plate,17.866648149865895,2.947430832885522,20.81407898275142,14.160755493087404,6.7819972161076825
2018,MA,27123442.981,332.86558557791,egrid2018_data.xlsx,ST18!STC2ERTA converted from lb/MWh,One-phase,17.514854072344445,3.0497891214600124,20.564643193804457,14.830255466716908,5.502322446784258
2018,MA,27123442.981,332.86558557791,egrid2018_data.xlsx,ST18!STC2ERTA converted from lb/MWh,Two-phase,16.67279378040481,2.819329915902762,19.492123696307573,14.46394430811473,0.0
2018,MD,43783522.967,381.54557231868,egrid2018_data.xlsx,ST18!STC2ERTA converted from lb/MWh,Air-cooled,24.11635888209121,3.510421164350264,27.626780046441475,12.706588167166558,25.98329641323054
2018,MD,43783522.967,381.54557231868,egrid2018_data.xlsx,ST18!STC2ERTA converted from lb/MWh,Cold plate,20.477934302923533,2.947430832885522,23.425365135809056,12.582219383978558,6.824056749708873
2018,MD,43783522.967,381.54557231868,egrid2018_data.xlsx,ST18!STC2ERTA converted from lb/MWh,One-phase,20.07472403386722,3.0497891214600124,23.124513155327232,13.188554937241683,5.452115315714967
2018,MD,43783522.967,381.54557231868,egrid2018_data.xlsx,ST18!STC2ERTA converted from lb/MWh,Two-phase,19.10959307070053,2.819329915902762,21.928922986603293,12.856672977624722,0.0
2018,ME,11280700.003,121.66299907377001,egrid2018_data.xlsx,ST18!STC2ERTA converted from lb/MWh,Air-cooled,7.698868687425028,3.510421164350264,11.209289851775292,31.317070133522282,25.666846736021643
2018,ME,11280700.003,121.66299907377001,egrid2018_data.xlsx,ST18!STC2ERTA converted from lb/MWh,Cold plate,6.537343715887427,2.947430832885522,9.484774548772949,31.075391594487957,6.33338287327776
2018,ME,11280700.003,121.66299907377001,egrid2018_data.xlsx,ST18!STC2ERTA converted from lb/MWh,One-phase,6.408623500283441,3.0497891214600124,9.458412621743452,32.244196182021184,6.03784048946141
2018,ME,11280700.003,121.66299907377001,egrid2018_data.xlsx,ST18!STC2ERTA converted from lb/MWh,Two-phase,6.100516601231353,2.819329915902762,8.919846517134115,31.607381477776737,0.0
2018,MI,115834924.306,506.10203712068,egrid2018_data.xlsx,ST18!STC2ERTA converted from lb/MWh,Air-cooled,31.98493011423006,3.510421164350264,35.49535127858032,9.88980539113196,26.031331457979068
2018,MI,115834924.306,506.10203712068,egrid2018_data.xlsx,ST18!STC2ERTA converted from lb/MWh,Cold plate,27.159377614387527,2.947430832885522,30.10680844727305,9.789914590407168,6.898537917833925
2018,MI,115834924.306,506.10203712068,egrid2018_data.xlsx,ST18!STC2ERTA converted from lb/MWh,One-phase,26.62460981050138,3.0497891214600124,29.67439893196139,10.277509338782856,5.363205966274576
2018,MI,115834924.306,506.10203712068,egrid2018_data.xlsx,ST18!STC2ERTA converted from lb/MWh,Two-phase,25.34458049268882,2.819329915902762,28.163910408591583,10.010434897004597,0.0
2018,MN,61425572.326,455.00168149359,egrid2018_data.xlsx,ST18!STC2ERTA converted from lb/MWh,Air-cooled,28.756781427780435,3.510421164350264,32.2672025921307,10.879223739111437,26.014454576548253
2018,MN,61425572.326,455.00168149359,egrid2018_data.xlsx,ST18!STC2ERTA converted from lb/MWh,Cold plate,24.418258316719648,2.947430832885522,27.36568914960517,10.770533922139679,6.872369318432048
2018,MN,61425572.326,455.00168149359,egrid2018_data.xlsx,ST18!STC2ERTA converted from lb/MWh,One-phase,23.937463117353985,3.0497891214600124,26.987252238813998,11.30085084050795,5.3944438376339665
2018,MN,61425572.326,455.00168149359,egrid2018_data.xlsx,ST18!STC2ERTA converted from lb/MWh,Two-phase,22.78662354440428,2.819329915902762,25.605953460307042,11.010446927013025,0.0
2018,MO,81304229.764,776.95519542641,egrid2018_data.xlsx,ST18!STC2ERTA converted from lb/MWh,Air-cooled,49.09546205623969,3.510421164350264,52.60588322058995,6.673058124754162,26.086231981054866
2018,MO,81304229.764,776.95519542641,egrid2018_data.xlsx,ST18!STC2ERTA converted from lb/MWh,Cold plate,41.688451041667875,2.947430832885522,44.6358818745534,6.603276801316727,6.98366441476479
2018,MO,81304229.764,776.95519542641,egrid2018_data.xlsx,ST18!STC2ERTA converted from lb/MWh,One-phase,40.86760596460109,3.0497891214600124,43.917395086061106,6.94437617596309,5.26158911932133
2018,MO,81304229.764,776.95519542641,egrid2018_data.xlsx,ST18!STC2ERTA converted from lb/MWh,Two-phase,38.90281721630297,2.819329915902762,41.722147132205734,6.757394117251683,0.0
2018,MS,63473771.44,417.08589528529006,egrid2018_data.xlsx,ST18!STC2ERTA converted from lb/MWh,Air-cooled,26.361537912505543,3.510421164350264,29.87195907685581,11.751559900435414,25.9995785589499
2018,MS,63473771.44,417.08589528529006,egrid2018_data.xlsx,ST18!STC2ERTA converted from lb/MWh,Cold plate,22.384384149184054,2.947430832885522,25.331814982069577,11.635292753289804,6.849303176335697
2018,MS,63473771.44,417.08589528529006,egrid2018_data.xlsx,ST18!STC2ERTA converted from lb/MWh,One-phase,21.94363590661528,3.0497891214600124,24.993425028075293,12.202365694314254,5.4219782565952945
2018,MS,63473771.44,417.08589528529006,egrid2018_data.xlsx,ST18!STC2ERTA converted from lb/MWh,Two-phase,20.888653411104936,2.819329915902762,23.7079833270077,11.891901040317642,0.0
2018,MT,28195174.001,528.8574055464701,egrid2018_data.xlsx,ST18!STC2ERTA converted from lb/MWh,Air-cooled,33.42244873405057,3.510421164350264,36.93286989840083,9.504869710929945,26.037898672420635
2018,MT,28195174.001,528.8574055464701,egrid2018_data.xlsx,ST18!STC2ERTA converted from lb/MWh,Cold plate,28.380018425043808,2.947430832885522,31.32744925792933,9.408460959008638,6.908720770904986
2018,MT,28195174.001,528.8574055464701,egrid2018_data.xlsx,ST18!STC2ERTA converted from lb/MWh,One-phase,27.821216218936947,3.0497891214600124,30.87100534039696,9.879137682209334,5.351050533367374
2018,MT,28195174.001,528.8574055464701,egrid2018_data.xlsx,ST18!STC2ERTA converted from lb/MWh,Two-phase,26.483657746872677,2.819329915902762,29.30298766277544,9.621305337012616,0.0
2018,NC,134162507.279,364.72183131538,egrid2018_data.xlsx,ST18!STC2ERTA converted from lb/MWh,Air-cooled,23.05355732710202,3.510421164350264,26.563978491452282,13.214967650571777,25.97463083736862
2018,NC,134162507.279,364.72183131538,egrid2018_data.xlsx,ST18!STC2ERTA converted from lb/MWh,Cold plate,19.57547715644793,2.947430832885522,22.522907989333454,13.08636892838787,6.810620263575706
2018,NC,134162507.279,364.72183131538,egrid2018_data.xlsx,ST18!STC2ERTA converted from lb/MWh,One-phase,19.19003625726357,3.0497891214600124,22.239825378723584,13.713188253616808,5.468154661913971
2018,NC,134162507.279,364.72183131538,egrid2018_data.xlsx,ST18!STC2ERTA converted from lb/MWh,Two-phase,18.26743836027975,2.819329915902762,21.086768276182514,13.370137514562591,0.0
2018,ND,42612541.996,688.0315864345,egrid2018_data.xlsx,ST18!STC2ERTA converted from lb/MWh,Air-cooled,43.477915406340934,3.510421164350264,46.988336570691196,7.470835148780041,26.07261178710796
2018,ND,42612541.996,688.0315864345,egrid2018_data.xlsx,ST18!STC2ERTA converted from lb/MWh,Cold plate,36.91842121242776,2.947430832885522,39.86585204531328,7.39337222627361,6.962545501259765
2018,ND,42612541.996,688.0315864345,egrid2018_data.xlsx,ST18!STC2ERTA converted from lb/MWh,One-phase,36.191497962748606,3.0497891214600124,39.24128708420862,7.771888610369512,5.286799100688255
2018,ND,42612541.996,688.0315864345,egrid2018_data.xlsx,ST18!STC2ERTA converted from lb/MWh,Two-phase,34.451522099154936,2.819329915902762,37.2708520150577,7.564436452281079,0.0
2018,NE,36966215.818,642.97852428425,egrid2018_data.xlsx,ST18!STC2ERTA converted from lb/MWh,Air-cooled,40.63179072450484,3.510421164350264,44.1422118888551,7.952526649976425,26.064389445621995
2018,NE,36966215.818,642.97852428425,egrid2018_data.xlsx,ST18!STC2ERTA converted from lb/MWh,Cold plate,34.50169012389476,2.947430832885522,37.449120956780284,7.870494039865788,6.949796276151243
2018,NE,36966215.818,642.97852428425,egrid2018_data.xlsx,ST18!STC2ERTA converted from lb/MWh,One-phase,33.82235227897517,3.0497891214600124,36.87214140043518,8.271255765535813,5.302018052522728
2018,NE,36966215.818,642.97852428425,egrid2018_data.xlsx,ST18!STC2ERTA converted from lb/MWh,Two-phase,32.19627765017829,2.819329915902762,35.01560756608105,8.051637860580184,0.0
2018,NH,17063035.358,138.71535063155,egrid2018_data.xlsx,ST18!STC2ERTA converted from lb/MWh,Air-cooled,8.776112193983762,3.510421164350264,12.286533358334026,28.57129071292616,25.713435523713258
2018,NH,17063035.358,138.71535063155,egrid2018_data.xlsx,ST18!STC2ERTA converted from lb/MWh,Cold plate,7.452063962978386,2.947430832885522,10.399494795863909,28.34205786667421,6.405621534591921
2018,NH,17063035.358,138.71535063155,egrid2018_data.xlsx,ST18!STC2ERTA converted from lb/MWh,One-phase,7.305332917205454,3.0497891214600124,10.355122038665467,29.451986273771222,5.95160805590047
2018,NH,17063035.358,138.71535063155,egrid2018_data.xlsx,ST18!STC2ERTA converted from lb/MWh,Two-phase,6.954114988493654,2.819329915902762,9.773444904396415,28.846838995680375,0.0
2018,NJ,74975548.734,227.76732626417,egrid2018_data.xlsx,ST18!STC2ERTA converted from lb/MWh,Air-cooled,14.40176811430748,3.510421164350264,17.912189278657742,19.59794590007436,25.865931223018833
2018,NJ,74975548.734,227.76732626417,egrid2018_data.xlsx,ST18!STC2ERTA converted from lb/MWh,Cold plate,12.22897962054022,2.947430832885522,15.176410453425742,19.42113282933913,6.642075104642364
2018,NJ,74975548.734,227.76732626417,egrid2018_data.xlsx,ST18!STC2ERTA converted from lb/MWh,One-phase,11.98819116550654,3.0497891214600124,15.037980286966553,20.28057666828617,5.66934968623114
2018,NJ,74975548.734,227.76732626417,egrid2018_data.xlsx,ST18!STC2ERTA converted from lb/MWh,Two-phase,11.411835821011035,2.819329915902762,14.231165736913796,19.810955532544927,0.0
2018,NM,32534843.004,608.0042845954,egrid2018_data.xlsx,ST18!STC2ERTA converted from lb/MWh,Air-cooled,38.42237271702462,3.510421164350264,41.932793881374884,8.37154131508865,26.057237852703132
2018,NM,32534843.004,608.0042845954,egrid2018_data.xlsx,ST18!STC2ERTA converted from lb/MWh,Cold plate,32.625606050586555,2.947430832885522,35.57303688347208,8.28557551198266,6.938707309807146
2018,NM,32534843.004,608.0042845954,egrid2018_data.xlsx,ST18!STC2ERTA converted from lb/MWh,One-phase,31.98320827749163,3.0497891214600124,35.03299739895164,8.705475831055429,5.315255127187846
2018,NM,32534843.004,608.0042845954,egrid2018_data.xlsx,ST18!STC2ERTA converted from lb/MWh,Two-phase,30.445554033381462,2.819329915902762,33.264883949284226,8.47539381228903,0.0
2018,NV,39607668.204,338.6611352894,egrid2018_data.xlsx,ST18!STC2ERTA converted from lb/MWh,Air-cooled,21.407232157505135,3.510421164350264,24.917653321855397,14.088088950460099,25.959750841133
2018,NV,39607668.204,338.6611352894,egrid2018_data.xlsx,ST18!STC2ERTA converted from lb/MWh,Cold plate,18.177532349394575,2.947430832885522,21.124963182280098,13.952359620479086,6.787547952367778
2018,NV,39607668.204,338.6611352894,egrid2018_data.xlsx,ST18!STC2ERTA converted from lb/MWh,One-phase,17.81961696589162,3.0497891214600124,20.86940608735163,14.613684302728696,5.495696445041465
2018,NV,39607668.204,338.6611352894,egrid2018_data.xlsx,ST18!STC2ERTA converted from lb/MWh,Two-phase,16.96290461176222,2.819329915902762,19.782234527664983,14.25182737551714,0.0
2018,NY,132500581.801,189.91141424871,egrid2018_data.xlsx,ST18!STC2ERTA converted from lb/MWh,Air-cooled,12.010307014919844,3.510421164350264,15.520728179270108,22.61763187785786,25.814572493375778
2018,NY,132500581.801,189.91141424871,egrid2018_data.xlsx,ST18!STC2ERTA converted from lb/MWh,Cold plate,10.198317217451503,2.947430832885522,13.145748050337026,22.421172394293354,6.562440367186451
2018,NY,132500581.801,189.91141424871,egrid2018_data.xlsx,ST18!STC2ERTA converted from lb/MWh,One-phase,9.997512479613118,3.0497891214600124,13.04730160107313,23.374864893206496,5.764410932963693
2018,NY,132500581.801,189.91141424871,egrid2018_data.xlsx,ST18!STC2ERTA converted from lb/MWh,Two-phase,9.51686284117018,2.819329915902762,12.336192757072942,22.854133130226117,0.0
2018,OH,126184610.568,603.20799887502,egrid2018_data.xlsx,ST18!STC2ERTA converted from lb/MWh,Air-cooled,38.11937828072224,3.510421164350264,41.6297994450725,8.432471957934869,26.05619797778762
2018,OH,126184610.568,603.20799887502,egrid2018_data.xlsx,ST18!STC2ERTA converted from lb/MWh,Cold plate,32.3683242531524,2.947430832885522,35.315755086037925,8.345937459654623,6.937094922459175
2018,OH,126184610.568,603.20799887502,egrid2018_data.xlsx,ST18!STC2ERTA converted from lb/MWh,One-phase,31.730992355415417,3.0497891214600124,34.78078147687543,8.768604361255408,5.317179859489518
2018,OH,126184610.568,603.20799887502,egrid2018_data.xlsx,ST18!STC2ERTA converted from lb/MWh,Two-phase,30.205463876789683,2.819329915902762,33.02479379269244,8.537009901108327,0.0
2018,OK,86223720.801,405.23171228771,egrid2018_data.xlsx,ST18!STC2ERTA converted from lb/MWh,Air-cooled,25.612676876159156,3.510421164350264,29.12309804050942,12.053735352837002,25.994426356045164
2018,OK,86223720.801,405.23171228771,egrid2018_data.xlsx,ST18!STC2ERTA converted from lb/MWh,Cold plate,21.748503451799493,2.947430832885522,24.695934284685016,11.934882879540814,6.841314382055019
2018,OK,86223720.801,405.23171228771,egrid2018_data.xlsx,ST18!STC2ERTA converted from lb/MWh,One-phase,21.320275692170423,3.0497891214600124,24.370064813630435,12.514489168507392,5.4315146067921205
2018,OK,86223720.801,405.23171228771,egrid2018_data.xlsx,ST18!STC2ERTA converted from lb/MWh,Two-phase,20.295262437739158,2.819329915902762,23.11459235364192,12.197186404018714,0.0
2018,OR,63917831.946,142.50057895920003,egrid2018_data.xlsx,ST18!STC2ERTA converted from lb/MWh,Air-cooled,9.015235380189877,3.510421164350264,12.52565654454014,28.025845606316228,25.7226944318681
2018,OR,63917831.946,142.50057895920003,egrid2018_data.xlsx,ST18!STC2ERTA converted from lb/MWh,Cold plate,7.6551107380481875,2.947430832885522,10.60254157093371,27.79928579545251,6.4199780174170495
2018,OR,63917831.946,142.50057895920003,egrid2018_data.xlsx,ST18!STC2ERTA converted from lb/MWh,One-phase,7.504381703826039,3.0497891214600124,10.55417082528605,28.896529835894082,5.934470495086552
2018,OR,63917831.946,142.50057895920003,egrid2018_data.xlsx,ST18!STC2ERTA converted from lb/MWh,Two-phase,7.143594121911326,2.819329915902762,9.962924037814087,28.298217523309916,0.0
2018,PA,215390665.858,357.81361952028004,egrid2018_data.xlsx,ST18!STC2ERTA converted from lb/MWh,Air-cooled,22.617146766776187,3.510421164350264,26.12756793112645,13.435698162201344,25.970868749457043
2018,PA,215390665.858,357.81361952028004,egrid2018_data.xlsx,ST18!STC2ERTA converted from lb/MWh,Cold plate,19.204907667614737,2.947430832885522,22.15233850050026,13.305280762204681,6.804786924526884
2018,PA,215390665.858,357.81361952028004,egrid2018_data.xlsx,ST18!STC2ERTA converted from lb/MWh,One-phase,18.82676327700816,3.0497891214600124,21.87655239846817,13.940903785523185,5.475118011079316
2018,PA,215390665.858,357.81361952028004,egrid2018_data.xlsx,ST18!STC2ERTA converted from lb/MWh,Two-phase,17.921630427152,2.819329915902762,20.740960343054763,13.593053885987645,0.0
2018,RI,8372772.262,394.07016483912,egrid2018_data.xlsx,ST18!STC2ERTA converted from lb/MWh,Air-cooled,24.907571514508607,3.510421164350264,28.417992678858873,12.35281184009097,25.989327406516427
2018,RI,8372772.262,394.07016483912,egrid2018_data.xlsx,ST18!STC2ERTA converted from lb/MWh,Cold plate,21.149777029493613,2.947430832885522,24.097207862379136,12.231420543485822,6.833408160272536
2018,RI,8372772.262,394.07016483912,egrid2018_data.xlsx,ST18!STC2ERTA converted from lb/MWh,One-phase,20.733338185594906,3.0497891214600124,23.78312730705492,12.823330935773685,5.440952388890707
2018,RI,8372772.262,394.07016483912,egrid2018_data.xlsx,ST18!STC2ERTA converted from lb/MWh,Two-phase,19.73654308051823,2.819329915902762,22.555872996420995,12.499316325952504,0.0
2018,SC,99322722.723,287.83293508431,egrid2018_data.xlsx,ST18!STC2ERTA converted from lb/MWh,Air-cooled,18.196276270543066,3.510421164350264,21.70669743489333,16.172064750427175,25.924249301668834
2018,SC,99322722.723,287.83293508431,egrid2018_data.xlsx,ST18!STC2ERTA converted from lb/MWh,Cold plate,15.4510119810307,2.947430832885522,18.398442813916223,16.020001598483883,6.732500722925816
2018,SC,99322722.723,287.83293508431,egrid2018_data.xlsx,ST18!STC2ERTA converted from lb/MWh,One-phase,15.146781749313712,3.0497891214600124,18.196570870773726,16.760240943849514,5.561407194233392
2018,SC,99322722.723,287.83293508431,egrid2018_data.xlsx,ST18!STC2ERTA converted from lb/MWh,Two-phase,14.418571088289015,2.819329915902762,17.237901004191777,16.35541308200563,0.0
2018,SD,12616395.683,235.86213569919,egrid2018_data.xlsx,ST18!STC2ERTA converted from lb/MWh,Air-cooled,14.913139280399067,3.510421164350264,18.42356044474933,19.05397805640074,25.875187469316607
2018,SD,12616395.683,235.86213569919,egrid2018_data.xlsx,ST18!STC2ERTA converted from lb/MWh,Cold plate,12.66320044113886,2.947430832885522,15.610631274024382,18.880920195648706,6.656427460101133
2018,SD,12616395.683,235.86213569919,egrid2018_data.xlsx,ST18!STC2ERTA converted from lb/MWh,One-phase,12.413862183604913,3.0497891214600124,15.463651305064925,19.72230918360848,5.652217052319797
2018,SD,12616395.683,235.86213569919,egrid2018_data.xlsx,ST18!STC2ERTA converted from lb/MWh,Two-phase,11.817041886316217,2.819329915902762,14.636371802218978,19.262491784168336,0.0
2018,TN,81539017.661,339.44811805135004,egrid2018_data.xlsx,ST18!STC2ERTA converted from lb/MWh,Air-cooled,21.456948002689987,3.510421164350264,24.967369167040253,14.060036285218294,25.960228868448997
2018,TN,81539017.661,339.44811805135004,egrid2018_data.xlsx,ST18!STC2ERTA converted from lb/MWh,Cold plate,18.219747586631975,2.947430832885522,21.167178419517498,13.924533419002136,6.78828916189671
2018,TN,81539017.661,339.44811805135004,egrid2018_data.xlsx,ST18!STC2ERTA converted from lb/MWh,One-phase,17.86100098563838,3.0497891214600124,20.910790107098393,14.58476272699389,5.494811651493303
2018,TN,81539017.661,339.44811805135004,egrid2018_data.xlsx,ST18!STC2ERTA converted from lb/MWh,Two-phase,17.002299015175,2.819329915902762,19.821628931077765,14.223502648071547,0.0
2018,TX,476834935.717,446.18157785894005,egrid2018_data.xlsx,ST18!STC2ERTA converted from lb/MWh,Air-cooled,28.199591451054513,3.510421164350264,31.71001261540478,11.070387157918995,26.011194351108415
2018,TX,476834935.717,446.18157785894005,egrid2018_data.xlsx,ST18!STC2ERTA converted from lb/MWh,Cold plate,23.94513134952585,2.947430832885522,26.892562182411375,10.96002237679398,6.8673141467260335
2018,TX,476834935.717,446.18157785894005,egrid2018_data.xlsx,ST18!STC2ERTA converted from lb/MWh,One-phase,23.47365201419794,3.0497891214600124,26.52344113565795,11.498466981947884,5.400478276123644
2018,TX,476834935.717,446.18157785894005,egrid2018_data.xlsx,ST18!STC2ERTA converted from lb/MWh,Two-phase,22.34511105197689,2.819329915902762,25.164440967879653,11.203626257787349,0.0
2018,UT,39375424.0,729.9888806595,egrid2018_data.xlsx,ST18!STC2ERTA converted from lb/MWh,Air-cooled,46.128471994006055,3.510421164350264,49.63889315835632,7.071916678624233,26.079422027704368
2018,UT,39375424.0,729.9888806595,egrid2018_data.xlsx,ST18!STC2ERTA converted from lb/MWh,Cold plate,39.16908948012775,2.947430832885522,42.116520313013275,6.998277186671609,6.97310518070815
2018,UT,39375424.0,729.9888806595,egrid2018_data.xlsx,ST18!STC2ERTA converted from lb/MWh,One-phase,38.39785060054417,3.0497891214600124,41.44763972200418,7.3581732082102285,5.274193844169228
2018,UT,39375424.0,729.9888806595,egrid2018_data.xlsx,ST18!STC2ERTA converted from lb/MWh,Two-phase,36.551800090902624,2.819329915902762,39.37113000680539,7.160906774622507,0.0
2018,VA,94558960.368,336.94837050028,egrid2018_data.xlsx,ST18!STC2ERTA converted from lb/MWh,Air-cooled,21.299032139396772,3.510421164350264,24.809453303747034,14.149530509082505,25.95870386796617
2018,VA,94558960.368,336.94837050028,egrid2018_data.xlsx,ST18!STC2ERTA converted from lb/MWh,Cold plate,18.085656420974736,2.947430832885522,21.03308725386026,14.013305784886963,6.785924558762746
2018,VA,94558960.368,336.94837050028,egrid2018_data.xlsx,ST18!STC2ERTA converted from lb/MWh,One-phase,17.729550073347664,3.0497891214600124,20.779339194807676,14.677026506319754,5.497634315686395
2018,VA,94558960.368,336.94837050028,egrid2018_data.xlsx,ST18!STC2ERTA converted from lb/MWh,Two-phase,16.877167858282874,2.819329915902762,19.696497774185637,14.313864059618734,0.0
2018,VT,2175006.475,26.08473642159,egrid2018_data.xlsx,ST18!STC2ERTA converted from lb/MWh,Air-cooled,1.6609294353896797,3.510421164350264,5.171350599739943,67.88209572421556,25.049708246237845
2018,VT,2175006.475,26.08473642159,egrid2018_data.xlsx,ST18!STC2ERTA converted from lb/MWh,Cold plate,1.4103457336156717,2.947430832885522,4.357776566501194,67.63611644394102,5.376473269994553
2018,VT,2175006.475,26.08473642159,egrid2018_data.xlsx,ST18!STC2ERTA converted from lb/MWh,One-phase,1.3825760438461125,3.0497891214600124,4.432365165306125,68.80726221142422,7.180118630941723
2018,VT,2175006.475,26.08473642159,egrid2018_data.xlsx,ST18!STC2ERTA converted from lb/MWh,Two-phase,1.3161060417381267,2.819329915902762,4.135435957640889,68.17491419964061,0.0
2018,WA,116746864.289,90.73752487954,egrid2018_data.xlsx,ST18!STC2ERTA converted from lb/MWh,Air-cooled,5.745222226988046,3.510421164350264,9.25564339133831,37.92735972990721,25.554828694586938
2018,WA,116746864.289,90.73752487954,egrid2018_data.xlsx,ST18!STC2ERTA converted from lb/MWh,Cold plate,4.878443047525068,2.947430832885522,7.82587388041059,37.66264161582531,6.159692297557218
2018,WA,116746864.289,90.73752487954,egrid2018_data.xlsx,ST18!STC2ERTA converted from lb/MWh,One-phase,4.782386565231946,3.0497891214600124,7.832175686691959,38.939232768259544,6.245177679250302
2018,WA,116746864.289,90.73752487954,egrid2018_data.xlsx,ST18!STC2ERTA converted from lb/MWh,Two-phase,4.55246413421118,2.819329915902762,7.371794050113941,38.2448274699045,0.0
2018,WI,65802102.201,633.33016098198,egrid2018_data.xlsx,ST18!STC2ERTA converted from lb/MWh,Air-cooled,40.02227732800511,3.510421164350264,43.53269849235537,8.063872183266371,26.062488960591935
2018,WI,65802102.201,633.33016098198,egrid2018_data.xlsx,ST18!STC2ERTA converted from lb/MWh,Cold plate,33.98413374851912,2.947430832885522,36.93156458140464,7.980790595504796,6.94684946209525
2018,WI,65802102.201,633.33016098198,egrid2018_data.xlsx,ST18!STC2ERTA converted from lb/MWh,One-phase,33.31498658212598,3.0497891214600124,36.36477570358599,8.38665731453767,5.305535711109943
2018,WI,65802102.201,633.33016098198,egrid2018_data.xlsx,ST18!STC2ERTA converted from lb/MWh,Two-phase,31.713304534908392,2.819329915902762,34.53263445081115,8.164247995381475,0.0
2018,WV,67249024.77,889.70283646783,egrid2018_data.xlsx,ST18!STC2ERTA converted from lb/MWh,Air-cooled,56.21803771861342,3.510421164350264,59.72845888296368,5.877300754115958,26.09982062615266
2018,WV,67249024.77,889.70283646783,egrid2018_data.xlsx,ST18!STC2ERTA converted from lb/MWh,Cold plate,47.7364468106313,2.947430832885522,50.68387764351682,5.815322287722672,7.004734409919733
2018,WV,67249024.77,889.70283646783,egrid2018_data.xlsx,ST18!STC2ERTA converted from lb/MWh,One-phase,46.796516772885305,3.0497891214600124,49.84630589434532,6.118385438480382,5.236437532563265
2018,WV,67249024.77,889.70283646783,egrid2018_data.xlsx,ST18!STC2ERTA converted from lb/MWh,Two-phase,44.54668423572737,2.819329915902762,47.36601415163013,5.952221157721654,0.0
2018,WY,46112136.165,936.1048823264599,egrid2018_data.xlsx,ST18!STC2ERTA converted from lb/MWh,Air-cooled,59.149381376576166,3.510421164350264,62.65980254092643,5.60234954787389,26.104516474797947
2018,WY,46112136.165,936.1048823264599,egrid2018_data.xlsx,ST18!STC2ERTA converted from lb/MWh,Cold plate,50.22553992541445,2.947430832885522,53.172970758299975,5.543099794599018,7.012015600023136
2018,WY,46112136.165,936.1048823264599,egrid2018_data.xlsx,ST18!STC2ERTA converted from lb/MWh,One-phase,49.23659967552149,3.0497891214600124,52.2863887969815,5.832854767044224,5.22774586067436
2018,WY,46112136.165,936.1048823264599,egrid2018_data.xlsx,ST18!STC2ERTA converted from lb/MWh,Two-phase,46.8694554603522,2.819329915902762,49.68878537625496,5.673976319916344,0.0
2019,AK,6068242.558,442.22080928409997,egrid2019_data.xlsx,ST19!STC2ERTA converted from lb/MWh,Air-cooled,27.949378909178915,3.510421164350264,31.45980007352918,11.15843443424802,26.009692792259422
2019,AK,6068242.558,442.22080928409997,egrid2019_data.xlsx,ST19!STC2ERTA converted from lb/MWh,Cold plate,23.732668265054965,2.947430832885522,26.680099097940488,11.047300919182279,6.864985891227016
2019,AK,6068242.558,442.22080928409997,egrid2019_data.xlsx,ST19!STC2ERTA converted from lb/MWh,One-phase,23.265372325190032,3.0497891214600124,26.315161446650045,11.589475244691133,5.403257551569496
2019,AK,6068242.558,442.22080928409997,egrid2019_data.xlsx,ST19!STC2ERTA converted from lb/MWh,Two-phase,22.1468448095559,2.819329915902762,24.966174725458664,11.29259867362787,0.0
2019,AL,142679432.855,356.32991887801,egrid2019_data.xlsx,ST19!STC2ERTA converted from lb/MWh,Air-cooled,22.52341735490318,3.510421164350264,26.033838519253443,13.484070594330975,25.970044329148244
2019,AL,142679432.855,356.32991887801,egrid2019_data.xlsx,ST19!STC2ERTA converted from lb/MWh,Cold plate,19.12531917135909,2.947430832885522,22.072750004244615,13.353256084170427,6.80350861224579
2019,AL,142679432.855,356.32991887801,egrid2019_data.xlsx,ST19!STC2ERTA converted from lb/MWh,One-phase,18.748741877243514,3.0497891214600124,21.798530998703527,13.990801130779865,5.476643952685145
2019,AL,142679432.855,356.32991887801,egrid2019_data.xlsx,ST19!STC2ERTA converted from lb/MWh,Two-phase,17.847360056222193,2.819329915902762,20.666689972124956,13.6419035641675,0.0
2019,AR,63857738.721,511.62633859491,egrid2019_data.xlsx,ST19!STC2ERTA converted from lb/MWh,Air-cooled,32.33391528916167,3.510421164350264,35.844336453511936,9.793516944868209,26.032974127651865
2019,AR,63857738.721,511.62633859491,egrid2019_data.xlsx,ST19!STC2ERTA converted from lb/MWh,Cold plate,27.455711547709885,2.947430832885522,30.40314238059541,9.69449406245158,6.901084973982474
2019,AR,63857738.721,511.62633859491,egrid2019_data.xlsx,ST19!STC2ERTA converted from lb/MWh,One-phase,26.915108932400972,3.0497891214600124,29.964898053860985,10.177872509287733,5.360165505029713
2019,AR,63857738.721,511.62633859491,egrid2019_data.xlsx,ST19!STC2ERTA converted from lb/MWh,Two-phase,25.62111331065093,2.819329915902762,28.440443226553693,9.913101189894492,0.0
2019,AZ,113368628.098,396.13310293788,egrid2019_data.xlsx,ST19!STC2ERTA converted from lb/MWh,Air-cooled,25.037892934624292,3.510421164350264,28.548314098974558,12.296421960960409,25.990288764956702
2019,AZ,113368628.098,396.13310293788,egrid2019_data.xlsx,ST19!STC2ERTA converted from lb/MWh,Cold plate,21.26043691361793,2.947430832885522,24.207867746503453,12.175507829727154,6.834898803197809
2019,AZ,113368628.098,396.13310293788,egrid2019_data.xlsx,ST19!STC2ERTA converted from lb/MWh,One-phase,20.8418191779916,3.0497891214600124,23.89160829945161,12.765105987151207,5.439172984833696
2019,AZ,113368628.098,396.13310293788,egrid2019_data.xlsx,ST19!STC2ERTA converted from lb/MWh,Two-phase,19.83980864058816,2.819329915902762,22.659138556490923,12.442352602566784,0.0
2019,CA,201747828.474,175.62325459371002,egrid2019_data.xlsx,ST19!STC2ERTA converted from lb/MWh,Air-cooled,11.107685041823073,3.510421164350264,14.618106206173337,24.014199341825734,25.79083388731307
2019,CA,201747828.474,175.62325459371002,egrid2019_data.xlsx,ST19!STC2ERTA converted from lb/MWh,Cold plate,9.431873428991505,2.947430832885522,12.379304261877028,23.80934154726571,6.525632259304648
2019,CA,201747828.474,175.62325459371002,egrid2019_data.xlsx,ST19!STC2ERTA converted from lb/MWh,One-phase,9.246159959715174,3.0497891214600124,12.295949081175186,24.803202268698143,5.80834935402077
2019,CA,201747828.474,175.62325459371002,egrid2019_data.xlsx,ST19!STC2ERTA converted from lb/MWh,Two-phase,8.801633038575021,2.819329915902762,11.620962954477783,24.260725440282204,0.0
2019,CO,56336872.925,603.76455671301,egrid2019_data.xlsx,ST19!STC2ERTA converted from lb/MWh,Air-cooled,38.154537555674295,3.510421164350264,41.66495872002456,8.425356155850753,26.056319418984252
2019,CO,56336872.925,603.76455671301,egrid2019_data.xlsx,ST19!STC2ERTA converted from lb/MWh,Cold plate,32.398179063579086,2.947430832885522,35.34560989646461,8.338888030279355,6.93728322419247
2019,CO,56336872.925,603.76455671301,egrid2019_data.xlsx,ST19!STC2ERTA converted from lb/MWh,One-phase,31.760259325000014,3.0497891214600124,34.81004844646003,8.76123205100037,5.316955080729668
2019,CO,56336872.925,603.76455671301,egrid2019_data.xlsx,ST19!STC2ERTA converted from lb/MWh,Two-phase,30.233323780528867,2.819329915902762,33.052653696431626,8.529814101453335,0.0
2019,CT,40050037.539,216.55497647014002,egrid2019_data.xlsx,ST19!STC2ERTA converted from lb/MWh,Air-cooled,13.693453430085922,3.510421164350264,17.203874594436186,20.404828837136204,25.852203677245434
2019,CT,40050037.539,216.55497647014002,egrid2019_data.xlsx,ST19!STC2ERTA converted from lb/MWh,Cold plate,11.627528064764263,2.947430832885522,14.574958897649786,20.22256703146378,6.620789735802868
2019,CT,40050037.539,216.55497647014002,egrid2019_data.xlsx,ST19!STC2ERTA converted from lb/MWh,One-phase,11.398582183304722,3.0497891214600124,14.448371304764734,21.10818622479797,5.694758367965869
2019,CT,40050037.539,216.55497647014002,egrid2019_data.xlsx,ST19!STC2ERTA converted from lb/MWh,Two-phase,10.850573424491996,2.819329915902762,13.669903340394757,20.624358824627546,0.0
2019,DC,174080.0,361.82700481004,egrid2019_data.xlsx,ST19!STC2ERTA converted from lb/MWh,Air-cooled,22.870683249886035,3.510421164350264,26.381104414236297,13.30657393727573,25.973069490357403
2019,DC,174080.0,361.82700481004,egrid2019_data.xlsx,ST19!STC2ERTA converted from lb/MWh,Cold plate,19.420193211751055,2.947430832885522,22.367624044636578,13.17721912261965,6.808199303007179
2019,DC,174080.0,361.82700481004,egrid2019_data.xlsx,ST19!STC2ERTA converted from lb/MWh,One-phase,19.03780985148616,3.0497891214600124,22.08759897294617,13.807698723593829,5.471044600868846
2019,DC,174080.0,361.82700481004,egrid2019_data.xlsx,ST19!STC2ERTA converted from lb/MWh,Two-phase,18.122530531703173,2.819329915902762,20.941860447605936,13.462652580253758,0.0
2019,DE,5258538.001,322.72099222286,egrid2019_data.xlsx,ST19!STC2ERTA converted from lb/MWh,Air-cooled,20.400249891518882,3.510421164350264,23.910671055869145,14.681399598312785,25.949641468103856
2019,DE,5258538.001,322.72099222286,egrid2019_data.xlsx,ST19!STC2ERTA converted from lb/MWh,Cold plate,17.322473060059295,2.947430832885522,20.269903892944818,14.540921597124152,6.771872773627696
2019,DE,5258538.001,322.72099222286,egrid2019_data.xlsx,ST19!STC2ERTA converted from lb/MWh,One-phase,16.981393783216898,3.0497891214600124,20.03118290467691,15.225207297907218,5.514408154044204
2019,DE,5258538.001,322.72099222286,egrid2019_data.xlsx,ST19!STC2ERTA converted from lb/MWh,Two-phase,16.164980620562247,2.819329915902762,18.98431053646501,14.85084175423385,0.0
2019,FL,244949921.388,397.92706076123,egrid2019_data.xlsx,ST19!STC2ERTA converted from lb/MWh,Air-cooled,25.15122213791311,3.510421164350264,28.66164330226337,12.247801451332174,25.99111767968767
2019,FL,244949921.388,397.92706076123,egrid2019_data.xlsx,ST19!STC2ERTA converted from lb/MWh,Cold plate,21.35666818928013,2.947430832885522,24.30409902216565,12.127299309459804,6.836184084345387
2019,FL,244949921.388,397.92706076123,egrid2019_data.xlsx,ST19!STC2ERTA converted from lb/MWh,One-phase,20.93615566104545,3.0497891214600124,23.985944782505463,12.714900951845872,5.437638724381566
2019,FL,244949921.388,397.92706076123,egrid2019_data.xlsx,ST19!STC2ERTA converted from lb/MWh,Two-phase,19.929609715802886,2.819329915902762,22.74893963170565,12.393236614744916,0.0
2019,GA,128595116.561,399.59083757439004,egrid2019_data.xlsx,ST19!STC2ERTA converted from lb/MWh,Air-cooled,25.256327452113712,3.510421164350264,28.76674861646398,12.203051554951038,25.991880615273377
2019,GA,128595116.561,399.59083757439004,egrid2019_data.xlsx,ST19!STC2ERTA converted from lb/MWh,Cold plate,21.445916310425254,2.947430832885522,24.393347143310777,12.082929069017805,6.837367060939337
2019,GA,128595116.561,399.59083757439004,egrid2019_data.xlsx,ST19!STC2ERTA converted from lb/MWh,One-phase,21.023646487806904,3.0497891214600124,24.073435609266916,12.66869079661407,5.436226586494675
2019,GA,128595116.561,399.59083757439004,egrid2019_data.xlsx,ST19!STC2ERTA converted from lb/MWh,Two-phase,20.012894252816192,2.819329915902762,22.832224168718955,12.348030113357746,0.0
2019,HI,9749998.355,708.83560048455,egrid2019_data.xlsx,ST19!STC2ERTA converted from lb/MWh,Air-cooled,44.79216165383565,3.510421164350264,48.30258281818591,7.267564091890737,26.076081889981808
2019,HI,9749998.355,708.83560048455,egrid2019_data.xlsx,ST19!STC2ERTA converted from lb/MWh,Cold plate,38.03438769997435,2.947430832885522,40.981818532859876,7.192045005328949,6.967926100297617
2019,HI,9749998.355,708.83560048455,egrid2019_data.xlsx,ST19!STC2ERTA converted from lb/MWh,One-phase,37.28549108418097,3.0497891214600124,40.335280205640984,7.561095660948184,5.280376194440994
2019,HI,9749998.355,708.83560048455,egrid2019_data.xlsx,ST19!STC2ERTA converted from lb/MWh,Two-phase,35.492919397441504,2.819329915902762,38.31224931334427,7.358821177123581,0.0
2019,IA,62649563.58,390.75077587546,egrid2019_data.xlsx,ST19!STC2ERTA converted from lb/MWh,Air-cooled,24.69787667009203,3.510421164350264,28.20829783444229,12.444640172736849,25.987761909773567
2019,IA,62649563.58,390.75077587546,egrid2019_data.xlsx,ST19!STC2ERTA converted from lb/MWh,Cold plate,20.97171875508249,2.947430832885522,23.919149587968015,12.32247334733071,6.8309807653005095
2019,IA,62649563.58,390.75077587546,egrid2019_data.xlsx,ST19!STC2ERTA converted from lb/MWh,One-phase,20.55878587636909,3.0497891214600124,23.608574997829102,12.918141487745245,5.443850008694895
2019,IA,62649563.58,390.75077587546,egrid2019_data.xlsx,ST19!STC2ERTA converted from lb/MWh,Two-phase,19.570382709235965,2.819329915902762,22.389712625138728,12.59207727721022,0.0
2019,ID,18384353.737,95.88398390956,egrid2019_data.xlsx,ST19!STC2ERTA converted from lb/MWh,Air-cooled,6.070338065297761,3.510421164350264,9.580759229648026,36.6403233836326,25.576623168138426
2019,ID,18384353.737,95.88398390956,egrid2019_data.xlsx,ST19!STC2ERTA converted from lb/MWh,Cold plate,5.1545088006637085,2.947430832885522,8.10193963354923,36.37932354717306,6.193485913390884
2019,ID,18384353.737,95.88398390956,egrid2019_data.xlsx,ST19!STC2ERTA converted from lb/MWh,One-phase,5.053016587160902,3.0497891214600124,8.102805708620913,37.63868012058113,6.204837705070965
2019,ID,18384353.737,95.88398390956,egrid2019_data.xlsx,ST19!STC2ERTA converted from lb/MWh,Two-phase,4.8100830973935516,2.819329915902762,7.629413013296313,36.9534315548171,0.0
2019,IL,184292979.459,329.20600233675003,egrid2019_data.xlsx,ST19!STC2ERTA converted from lb/MWh,Air-cooled,20.80992564864157,3.510421164350264,24.320346812991836,14.434091714822959,25.953855130263072
2019,IL,184292979.459,329.20600233675003,egrid2019_data.xlsx,ST19!STC2ERTA converted from lb/MWh,Cold plate,17.670341213824777,2.947430832885522,20.6177720467103,14.295583568428306,6.778406305163753
2019,IL,184292979.459,329.20600233675003,egrid2019_data.xlsx,ST19!STC2ERTA converted from lb/MWh,One-phase,17.322412417406774,3.0497891214600124,20.372201538866786,14.970346310591516,5.506608974022731
2019,IL,184292979.459,329.20600233675003,egrid2019_data.xlsx,ST19!STC2ERTA converted from lb/MWh,Two-phase,16.489604128108375,2.819329915902762,19.30893404401114,14.60116808870247,0.0
2019,IN,102127767.394,741.2579294997801,egrid2019_data.xlsx,ST19!STC2ERTA converted from lb/MWh,Air-cooled,46.840368511454194,3.510421164350264,50.35078967580446,6.971928716417252,26.081129113572832
2019,IN,102127767.394,741.2579294997801,egrid2019_data.xlsx,ST19!STC2ERTA converted from lb/MWh,Cold plate,39.77358247950871,2.947430832885522,42.721013312394234,6.899253094332415,6.97575211796484
2019,IN,102127767.394,741.2579294997801,egrid2019_data.xlsx,ST19!STC2ERTA converted from lb/MWh,One-phase,38.99044114036463,3.0497891214600124,42.04023026182465,7.254453894438884,5.27103415326442
2019,IN,102127767.394,741.2579294997801,egrid2019_data.xlsx,ST19!STC2ERTA converted from lb/MWh,Two-phase,37.11590070092403,2.819329915902762,39.93523061682679,7.059756191103179,0.0
2019,KS,50887993.408,405.34737834206004,egrid2019_data.xlsx,ST19!STC2ERTA converted from lb/MWh,Air-cooled,25.61998381594137,3.510421164350264,29.130404980291637,12.050711848068238,25.994477905829672
2019,KS,50887993.408,405.34737834206004,egrid2019_data.xlsx,ST19!STC2ERTA converted from lb/MWh,Cold plate,21.754707996753694,2.947430832885522,24.702138829639217,11.931885142467925,6.841394313034255
2019,KS,50887993.408,405.34737834206004,egrid2019_data.xlsx,ST19!STC2ERTA converted from lb/MWh,One-phase,21.326358069712455,3.0497891214600124,24.376147191172468,12.511366531969651,5.4314191919168975
2019,KS,50887993.408,405.34737834206004,egrid2019_data.xlsx,ST19!STC2ERTA converted from lb/MWh,Two-phase,20.301052393283975,2.819329915902762,23.120382309186738,12.194131905779598,0.0
2019,KY,71804253.994,807.68154257021,egrid2019_data.xlsx,ST19!STC2ERTA converted from lb/MWh,Air-cooled,51.03652911838494,3.510421164350264,54.5469502827352,6.435595658702401,26.090286670747997
2019,KY,71804253.994,807.68154257021,egrid2019_data.xlsx,ST19!STC2ERTA converted from lb/MWh,Cold plate,43.33667016008947,2.947430832885522,46.28410099297499,6.368128082109413,6.9899514501222
2019,KY,71804253.994,807.68154257021,egrid2019_data.xlsx,ST19!STC2ERTA converted from lb/MWh,One-phase,42.48337166929591,3.0497891214600124,45.53316079075593,6.697951709250054,5.254084185690355
2019,KY,71804253.994,807.68154257021,egrid2019_data.xlsx,ST19!STC2ERTA converted from lb/MWh,Two-phase,40.440901877502846,2.819329915902762,43.26023179340561,6.51714010541323,0.0
2019,LA,99469963.984,374.81017921655007,egrid2019_data.xlsx,ST19!STC2ERTA converted from lb/MWh,Air-cooled,23.690865749439972,3.510421164350264,27.201286913790234,12.905349572157874,25.979908286358256
2019,LA,99469963.984,374.81017921655007,egrid2019_data.xlsx,ST19!STC2ERTA converted from lb/MWh,Cold plate,20.116635134198376,2.947430832885522,23.0640659670839,12.77932016450168,6.818803259293205
2019,LA,99469963.984,374.81017921655007,egrid2019_data.xlsx,ST19!STC2ERTA converted from lb/MWh,One-phase,19.720538841233427,3.0497891214600124,22.77032796269344,13.393698704984576,5.45838649038779
2019,LA,99469963.984,374.81017921655007,egrid2019_data.xlsx,ST19!STC2ERTA converted from lb/MWh,Two-phase,18.772436012327976,2.819329915902762,21.59176592823074,13.05743089876939,0.0
2019,MA,21513219.546,354.0651321746,egrid2019_data.xlsx,ST19!STC2ERTA converted from lb/MWh,Air-cooled,22.38034460850089,3.510421164350264,25.890765772851154,13.558583763602941,25.968774408534312
2019,MA,21513219.546,354.0651321746,egrid2019_data.xlsx,ST19!STC2ERTA converted from lb/MWh,Cold plate,19.003831748000973,2.947430832885522,21.951262580886496,13.427158561038409,6.801539525483258
2019,MA,21513219.546,354.0651321746,egrid2019_data.xlsx,ST19!STC2ERTA converted from lb/MWh,One-phase,18.629646539724455,3.0497891214600124,21.679435661184467,14.067659182293426,5.478994482724531
2019,MA,21513219.546,354.0651321746,egrid2019_data.xlsx,ST19!STC2ERTA converted from lb/MWh,Two-phase,17.73399045608386,2.819329915902762,20.553320371986622,13.717150634918331,0.0
2019,MD,39325595.561,335.06823012663,egrid2019_data.xlsx,ST19!STC2ERTA converted from lb/MWh,Air-cooled,21.18025854960356,3.510421164350264,24.690679713953827,14.21759629552185,25.957544037306633
2019,MD,39325595.561,335.06823012663,egrid2019_data.xlsx,ST19!STC2ERTA converted from lb/MWh,Cold plate,17.984802151032934,2.947430832885522,20.932232983918457,14.080823747518652,6.784126172963334
2019,MD,39325595.561,335.06823012663,egrid2019_data.xlsx,ST19!STC2ERTA converted from lb/MWh,One-phase,17.63068162271347,3.0497891214600124,20.680470744173483,14.747193906692187,5.499781077283883
2019,MD,39325595.561,335.06823012663,egrid2019_data.xlsx,ST19!STC2ERTA converted from lb/MWh,Two-phase,16.78305269854456,2.819329915902762,19.602382614447322,14.382587930024705,0.0
2019,ME,10490562.004,96.87145449905,egrid2019_data.xlsx,ST19!STC2ERTA converted from lb/MWh,Air-cooled,6.132719272771782,3.510421164350264,9.643140437122046,36.40329815001569,25.580637741689504
2019,ME,10490562.004,96.87145449905,egrid2019_data.xlsx,ST19!STC2ERTA converted from lb/MWh,Cold plate,5.207478582488388,2.947430832885522,8.154909415373911,36.143023579500785,6.199710746305587
2019,ME,10490562.004,96.87145449905,egrid2019_data.xlsx,ST19!STC2ERTA converted from lb/MWh,One-phase,5.104943394647182,3.0497891214600124,8.154732516107195,37.39900867914528,6.197407023480528
2019,ME,10490562.004,96.87145449905,egrid2019_data.xlsx,ST19!STC2ERTA converted from lb/MWh,Two-phase,4.859513423750683,2.819329915902762,7.6788433396534455,36.715554559418855,0.0
2019,MI,116689224.485,459.6841155291,egrid2019_data.xlsx,ST19!STC2ERTA converted from lb/MWh,Air-cooled,29.052583542963863,3.510421164350264,32.56300470731413,10.780396944025782,26.01614009922435
2019,MI,116689224.485,459.6841155291,egrid2019_data.xlsx,ST19!STC2ERTA converted from lb/MWh,Cold plate,24.669432895394966,2.947430832885522,27.61686372828049,10.672576226920603,6.874982820688058
2019,MI,116689224.485,459.6841155291,egrid2019_data.xlsx,ST19!STC2ERTA converted from lb/MWh,One-phase,24.18369207173197,3.0497891214600124,27.23348119319198,11.198675262354708,5.391324058618796
2019,MI,116689224.485,459.6841155291,egrid2019_data.xlsx,ST19!STC2ERTA converted from lb/MWh,Two-phase,23.02101456828332,2.819329915902762,25.840344484186083,10.910574035219039,0.0
2019,MN,59379024.545,399.58176572699006,egrid2019_data.xlsx,ST19!STC2ERTA converted from lb/MWh,Air-cooled,25.25575435879746,3.510421164350264,28.766175523147723,12.20329466989965,25.99187647041097
2019,MN,59379024.545,399.58176572699006,egrid2019_data.xlsx,ST19!STC2ERTA converted from lb/MWh,Cold plate,21.445429679448452,2.947430832885522,24.392860512333975,12.083170120188187,6.837360634085887
2019,MN,59379024.545,399.58176572699006,egrid2019_data.xlsx,ST19!STC2ERTA converted from lb/MWh,One-phase,21.02316943858792,3.0497891214600124,24.072958560047933,12.668941849638358,5.436234258331374
2019,MN,59379024.545,399.58176572699006,egrid2019_data.xlsx,ST19!STC2ERTA converted from lb/MWh,Two-phase,20.012440138655812,2.819329915902762,22.831770054558575,12.348275710405801,0.0
2019,MO,77222857.994,725.2125530034,egrid2019_data.xlsx,ST19!STC2ERTA converted from lb/MWh,Air-cooled,45.82673836299942,3.510421164350264,49.337159527349684,7.115166738377568,26.078683637480736
2019,MO,77222857.994,725.2125530034,egrid2019_data.xlsx,ST19!STC2ERTA converted from lb/MWh,Cold plate,38.912878270842555,2.947430832885522,41.86030910372808,7.041111009433574,6.971960263144816
2019,MO,77222857.994,725.2125530034,egrid2019_data.xlsx,ST19!STC2ERTA converted from lb/MWh,One-phase,38.14668418674971,3.0497891214600124,41.19647330820972,7.4030344749249295,5.27556055038878
2019,MO,77222857.994,725.2125530034,egrid2019_data.xlsx,ST19!STC2ERTA converted from lb/MWh,Two-phase,36.31270898546367,2.819329915902762,39.132038901366435,7.204658880691021,0.0
2019,MS,65958759.738,379.81919975846,egrid2019_data.xlsx,ST19!STC2ERTA converted from lb/MWh,Air-cooled,24.007299224008467,3.510421164350264,27.517720388358732,12.756947577079584,25.982437959366568
2019,MS,65958759.738,379.81919975846,egrid2019_data.xlsx,ST19!STC2ERTA converted from lb/MWh,Cold plate,20.385328428038495,2.947430832885522,23.332759260924018,12.632157216920596,6.822725666394502
2019,MS,65958759.738,379.81919975846,egrid2019_data.xlsx,ST19!STC2ERTA converted from lb/MWh,One-phase,19.98394156749479,3.0497891214600124,23.0337306889548,13.240534773302944,5.453704250938629
2019,MS,65958759.738,379.81919975846,egrid2019_data.xlsx,ST19!STC2ERTA converted from lb/MWh,Two-phase,19.02317514598062,2.819329915902762,21.842505061883383,12.907539258501439,0.0
2019,MT,27797079.004,572.7646933701001,egrid2019_data.xlsx,ST19!STC2ERTA converted from lb/MWh,Air-cooled,36.19619173004404,3.510421164350264,39.706612894394304,8.840898048107896,26.04922800275704
2019,MT,27797079.004,572.7646933701001,egrid2019_data.xlsx,ST19!STC2ERTA converted from lb/MWh,Cold plate,30.735288021206962,2.947430832885522,33.682718854092485,8.75057279566197,6.926287565355738
2019,MT,27797079.004,572.7646933701001,egrid2019_data.xlsx,ST19!STC2ERTA converted from lb/MWh,One-phase,30.13011058635286,3.0497891214600124,33.17989970781287,9.191676732952505,5.330080772746171
2019,MT,27797079.004,572.7646933701001,egrid2019_data.xlsx,ST19!STC2ERTA converted from lb/MWh,Two-phase,28.681547577393594,2.819329915902762,31.500877493296358,8.950004381632665,0.0
2019,NC,131004605.112,353.5933961098,egrid2019_data.xlsx,ST19!STC2ERTA converted from lb/MWh,Air-cooled,22.35054375605579,3.510421164350264,25.860964920406055,13.574207981622154,25.968508129770917
2019,NC,131004605.112,353.5933961098,egrid2019_data.xlsx,ST19!STC2ERTA converted from lb/MWh,Cold plate,18.97852693720737,2.947430832885522,21.925957770092893,13.442654883271878,6.8011266445658025
2019,NC,131004605.112,353.5933961098,egrid2019_data.xlsx,ST19!STC2ERTA converted from lb/MWh,One-phase,18.604839980337342,3.0497891214600124,21.654629101797354,14.083774453596515,5.479487345211687
2019,NC,131004605.112,353.5933961098,egrid2019_data.xlsx,ST19!STC2ERTA converted from lb/MWh,Two-phase,17.710376519744205,2.819329915902762,20.52970643564697,13.732928547908454,0.0
2019,ND,41147324.005,656.57132683604,egrid2019_data.xlsx,ST19!STC2ERTA converted from lb/MWh,Air-cooled,41.4904850949109,3.510421164350264,45.000906259261164,7.800778820155029,26.0669796236358
2019,ND,41147324.005,656.57132683604,egrid2019_data.xlsx,ST19!STC2ERTA converted from lb/MWh,Cold plate,35.23083364798304,2.947430832885522,38.17826448086856,7.720180246439708,6.953812499829803
2019,ND,41147324.005,656.57132683604,egrid2019_data.xlsx,ST19!STC2ERTA converted from lb/MWh,One-phase,34.537138976238076,3.0497891214600124,37.58692809769809,8.113962156026227,5.297223822740116
2019,ND,41147324.005,656.57132683604,egrid2019_data.xlsx,ST19!STC2ERTA converted from lb/MWh,Two-phase,32.876699602380484,2.819329915902762,35.69602951828325,7.898161095084038,0.0
2019,NE,37297615.002,574.07965765073,egrid2019_data.xlsx,ST19!STC2ERTA converted from lb/MWh,Air-cooled,36.27926160623476,3.510421164350264,39.789682770585024,8.822440692956173,26.04954296919977
2019,NE,37297615.002,574.07965765073,egrid2019_data.xlsx,ST19!STC2ERTA converted from lb/MWh,Cold plate,30.805825181294125,2.947430832885522,33.75325601417965,8.732285950864458,6.926775939389662
2019,NE,37297615.002,574.07965765073,egrid2019_data.xlsx,ST19!STC2ERTA converted from lb/MWh,One-phase,30.199258870644424,3.0497891214600124,33.24904799210444,9.172560736729176,5.329497792930837
2019,NE,37297615.002,574.07965765073,egrid2019_data.xlsx,ST19!STC2ERTA converted from lb/MWh,Two-phase,28.74737142494037,2.819329915902762,31.56670134084313,8.931341559768622,0.0
2019,NH,18026594.829,116.22669451932,egrid2019_data.xlsx,ST19!STC2ERTA converted from lb/MWh,Air-cooled,7.355442517661065,3.510421164350264,10.86586368201133,32.306876536301864,25.65006074329603
2019,NH,18026594.829,116.22669451932,egrid2019_data.xlsx,ST19!STC2ERTA converted from lb/MWh,Cold plate,6.245730103040027,2.947430832885522,9.19316093592555,32.061125149755476,6.307355202170384
2019,NH,18026594.829,116.22669451932,egrid2019_data.xlsx,ST19!STC2ERTA converted from lb/MWh,One-phase,6.122751755807984,3.0497891214600124,9.172540877267997,33.24911997959261,6.068910132484739
2019,NH,18026594.829,116.22669451932,egrid2019_data.xlsx,ST19!STC2ERTA converted from lb/MWh,Two-phase,5.828388690624909,2.819329915902762,8.64771860652767,32.60200804608293,0.0
2019,NJ,70988175.659,247.29311701556,egrid2019_data.xlsx,ST19!STC2ERTA converted from lb/MWh,Air-cooled,15.635265513542297,3.510421164350264,19.145686677892563,18.335310837420792,25.887418516594153
2019,NJ,70988175.659,247.29311701556,egrid2019_data.xlsx,ST19!STC2ERTA converted from lb/MWh,Cold plate,13.2763798034557,2.947430832885522,16.223810636341224,18.167315305587316,6.675392419817405
2019,NJ,70988175.659,247.29311701556,egrid2019_data.xlsx,ST19!STC2ERTA converted from lb/MWh,One-phase,13.01496805198422,3.0497891214600124,16.06475717344423,18.984346221562884,5.629578279687997
2019,NJ,70988175.659,247.29311701556,egrid2019_data.xlsx,ST19!STC2ERTA converted from lb/MWh,Two-phase,12.389248434100363,2.819329915902762,15.208578350003124,18.5377610649728,0.0
2019,NM,35174510.001,601.8585615742701,egrid2019_data.xlsx,ST19!STC2ERTA converted from lb/MWh,Air-cooled,38.034130649929764,3.510421164350264,41.54455181428003,8.449775027164053,26.055902677488206
2019,NM,35174510.001,601.8585615742701,egrid2019_data.xlsx,ST19!STC2ERTA converted from lb/MWh,Cold plate,32.295937895353404,2.947430832885522,35.24336872823893,8.363079181258511,6.936637041939608
2019,NM,35174510.001,601.8585615742701,egrid2019_data.xlsx,ST19!STC2ERTA converted from lb/MWh,One-phase,31.660031284091726,3.0497891214600124,34.70982040555174,8.786530975459058,5.317726438714021
2019,NM,35174510.001,601.8585615742701,egrid2019_data.xlsx,ST19!STC2ERTA converted from lb/MWh,Two-phase,30.137914395433476,2.819329915902762,32.95724431133624,8.554507437786606,0.0
2019,NV,39889659.989,335.35217895025005,egrid2019_data.xlsx,ST19!STC2ERTA converted from lb/MWh,Air-cooled,21.198196370402247,3.510421164350264,24.708617534752513,14.207274686302782,25.957719914585642
2019,NV,39889659.989,335.35217895025005,egrid2019_data.xlsx,ST19!STC2ERTA converted from lb/MWh,Cold plate,18.000033700606778,2.947430832885522,20.9474645334923,14.070585144913167,6.784398881050846
2019,NV,39889659.989,335.35217895025005,egrid2019_data.xlsx,ST19!STC2ERTA converted from lb/MWh,One-phase,17.645613263267638,3.0497891214600124,20.69540238472765,14.736553872035994,5.499455541322851
2019,NV,39889659.989,335.35217895025005,egrid2019_data.xlsx,ST19!STC2ERTA converted from lb/MWh,Two-phase,16.797266471764388,2.819329915902762,19.61659638766715,14.372166609265914,0.0
2019,NY,131568022.702,171.56995317539003,egrid2019_data.xlsx,ST19!STC2ERTA converted from lb/MWh,Air-cooled,10.851626948121714,3.510421164350264,14.362048112471978,24.442343716296428,25.783558159139332
2019,NY,131568022.702,171.56995317539003,egrid2019_data.xlsx,ST19!STC2ERTA converted from lb/MWh,Cold plate,9.214446708557265,2.947430832885522,12.161877541442788,24.234998443635558,6.514350813931258
2019,NY,131568022.702,171.56995317539003,egrid2019_data.xlsx,ST19!STC2ERTA converted from lb/MWh,One-phase,9.033014368673648,3.0497891214600124,12.08280349013366,25.240740892213875,5.821816193950191
2019,NY,131568022.702,171.56995317539003,egrid2019_data.xlsx,ST19!STC2ERTA converted from lb/MWh,Two-phase,8.598734831718184,2.819329915902762,11.418064747620946,24.69183682366308,0.0
2019,OH,119407794.239,563.5690152530901,egrid2019_data.xlsx,ST19!STC2ERTA converted from lb/MWh,Air-cooled,35.61527569002529,3.510421164350264,39.125696854375555,8.97216266183303,26.04698807671668
2019,OH,119407794.239,563.5690152530901,egrid2019_data.xlsx,ST19!STC2ERTA converted from lb/MWh,Cold plate,30.242014531573652,2.947430832885522,33.189445364459175,8.880626959924344,6.922814428006241
2019,OH,119407794.239,563.5690152530901,egrid2019_data.xlsx,ST19!STC2ERTA converted from lb/MWh,One-phase,29.64654964553093,3.0497891214600124,32.69633876699094,9.32761659705756,5.33422671178061
2019,OH,119407794.239,563.5690152530901,egrid2019_data.xlsx,ST19!STC2ERTA converted from lb/MWh,Two-phase,28.221234758726563,2.819329915902762,31.040564674629326,9.0827275388038,0.0
2019,OK,85216500.998,333.04792971065,egrid2019_data.xlsx,ST19!STC2ERTA converted from lb/MWh,Air-cooled,21.052630668074258,3.510421164350264,24.56305183242452,14.29146992116152,25.956285266120304
2019,OK,85216500.998,333.04792971065,egrid2019_data.xlsx,ST19!STC2ERTA converted from lb/MWh,Cold plate,17.876429432499574,2.947430832885522,20.823860265385097,14.154103971706684,6.782174374045513
2019,OK,85216500.998,333.04792971065,egrid2019_data.xlsx,ST19!STC2ERTA converted from lb/MWh,One-phase,17.524442761645997,3.0497891214600124,20.57423188310601,14.823343776757307,5.502110970549379
2019,OK,85216500.998,333.04792971065,egrid2019_data.xlsx,ST19!STC2ERTA converted from lb/MWh,Two-phase,16.681921475028407,2.819329915902762,19.50125139093117,14.457174359661137,0.0
2019,OR,62258378.2,180.58918386047,egrid2019_data.xlsx,ST19!STC2ERTA converted from lb/MWh,Air-cooled,11.421396323139371,3.510421164350264,14.931817487489635,23.509670991434295,25.79940873712654
2019,OR,62258378.2,180.58918386047,egrid2019_data.xlsx,ST19!STC2ERTA converted from lb/MWh,Cold plate,9.698255225691824,2.947430832885522,12.645686058577347,23.30779697702784,6.538928069352257
2019,OR,62258378.2,180.58918386047,egrid2019_data.xlsx,ST19!STC2ERTA converted from lb/MWh,One-phase,9.50729670218637,3.0497891214600124,12.557085823646382,24.287395692692662,5.792477935092033
2019,OR,62258378.2,180.58918386047,egrid2019_data.xlsx,ST19!STC2ERTA converted from lb/MWh,Two-phase,9.05021512996587,2.819329915902762,11.869545045868632,23.752636727083914,0.0
2019,PA,228994206.68,344.16638588409,egrid2019_data.xlsx,ST19!STC2ERTA converted from lb/MWh,Air-cooled,21.75501383647261,3.510421164350264,25.265435000822876,13.894164752104732,25.96305545206694
2019,PA,228994206.68,344.16638588409,egrid2019_data.xlsx,ST19!STC2ERTA converted from lb/MWh,Cold plate,18.472844357665654,2.947430832885522,21.420275190551177,13.760004512853694,6.792671946398476
2019,PA,228994206.68,344.16638588409,egrid2019_data.xlsx,ST19!STC2ERTA converted from lb/MWh,One-phase,18.109114284431346,3.0497891214600124,21.15890340589136,14.413739043824204,5.489579852253335
2019,PA,228994206.68,344.16638588409,egrid2019_data.xlsx,ST19!STC2ERTA converted from lb/MWh,Two-phase,17.238483789987534,2.819329915902762,20.057813705890297,14.056018054823296,0.0
2019,RI,7624238.487,386.58951947308003,egrid2019_data.xlsx,ST19!STC2ERTA converted from lb/MWh,Air-cooled,24.434998765927272,3.510421164350264,27.945419930277538,12.56170482715448,25.985766238613795
2019,RI,7624238.487,386.58951947308003,egrid2019_data.xlsx,ST19!STC2ERTA converted from lb/MWh,Cold plate,20.748501126024333,2.947430832885522,23.695931958909856,12.438552060313732,6.8278863595400585
2019,RI,7624238.487,386.58951947308003,egrid2019_data.xlsx,ST19!STC2ERTA converted from lb/MWh,One-phase,20.33996339962167,3.0497891214600124,23.389752521081682,13.038996965492355,5.447543849836101
2019,RI,7624238.487,386.58951947308003,egrid2019_data.xlsx,ST19!STC2ERTA converted from lb/MWh,Two-phase,19.362080543870633,2.819329915902762,22.181410459773396,12.710327510577809,0.0
2019,SC,99994165.303,244.21050326904003,egrid2019_data.xlsx,ST19!STC2ERTA converted from lb/MWh,Air-cooled,15.440528404679899,3.510421164350264,18.950949569030165,18.523721735226555,25.884211708562233
2019,SC,99994165.303,244.21050326904003,egrid2019_data.xlsx,ST19!STC2ERTA converted from lb/MWh,Cold plate,13.111022597539062,2.947430832885522,16.058453430424585,18.354387897039175,6.6704200749508225
2019,SC,99994165.303,244.21050326904003,egrid2019_data.xlsx,ST19!STC2ERTA converted from lb/MWh,One-phase,12.852866727373858,3.0497891214600124,15.90265584883387,19.17786029233382,5.635513846468276
2019,SC,99994165.303,244.21050326904003,egrid2019_data.xlsx,ST19!STC2ERTA converted from lb/MWh,Two-phase,12.234940442403962,2.819329915902762,15.054270358306724,18.727775234534015,0.0
2019,SD,14506646.702,223.22051634729002,egrid2019_data.xlsx,ST19!STC2ERTA converted from lb/MWh,Air-cooled,14.114533744202017,3.510421164350264,17.624954908552283,19.91733415809692,25.86049709415741
2019,SD,14506646.702,223.22051634729002,egrid2019_data.xlsx,ST19!STC2ERTA converted from lb/MWh,Cold plate,11.985080174968061,2.947430832885522,14.932511007853584,19.738346962110757,6.633649167548716
2019,SD,14506646.702,223.22051634729002,egrid2019_data.xlsx,ST19!STC2ERTA converted from lb/MWh,One-phase,11.74909409695235,3.0497891214600124,14.798883218412362,20.60823831399351,5.679407860723873
2019,SD,14506646.702,223.22051634729002,egrid2019_data.xlsx,ST19!STC2ERTA converted from lb/MWh,Two-phase,11.184233803829642,2.819329915902762,14.003563719732403,20.132945958106703,0.0
2019,TN,82232332.683,319.50048639586004,egrid2019_data.xlsx,ST19!STC2ERTA converted from lb/MWh,Air-cooled,20.196801764249457,3.510421164350264,23.70722292859972,14.807390873755153,25.947494921643276
2019,TN,82232332.683,319.50048639586004,egrid2019_data.xlsx,ST19!STC2ERTA converted from lb/MWh,Cold plate,17.149719063295297,2.947430832885522,20.09714989618082,14.665914560579756,6.768544426820533
2019,TN,82232332.683,319.50048639586004,egrid2019_data.xlsx,ST19!STC2ERTA converted from lb/MWh,One-phase,16.812041310478,3.0497891214600124,19.861830431938014,15.355025469132604,5.518381254316229
2019,TN,82232332.683,319.50048639586004,egrid2019_data.xlsx,ST19!STC2ERTA converted from lb/MWh,Two-phase,16.003770093628102,2.819329915902762,18.823100009530865,14.978031857001374,0.0
2019,TX,483079821.375,414.32215697488,egrid2019_data.xlsx,ST19!STC2ERTA converted from lb/MWh,Air-cooled,26.186945033709392,3.510421164350264,29.697366198059655,11.82064813740831,25.9984005418735
2019,TX,483079821.375,414.32215697488,egrid2019_data.xlsx,ST19!STC2ERTA converted from lb/MWh,Cold plate,22.23613202210193,2.947430832885522,25.183562854987454,11.703788101220956,6.847476591425061
2019,TX,483079821.375,414.32215697488,egrid2019_data.xlsx,ST19!STC2ERTA converted from lb/MWh,One-phase,21.79830286205216,3.0497891214600124,24.848091983512173,12.273735639274374,5.424158679918301
2019,TX,483079821.375,414.32215697488,egrid2019_data.xlsx,ST19!STC2ERTA converted from lb/MWh,Two-phase,20.75030753214581,2.819329915902762,23.569637448048574,11.961702517134754,0.0
2019,UT,39105762.001,726.57378370577,egrid2019_data.xlsx,ST19!STC2ERTA converted from lb/MWh,Air-cooled,45.91273101510303,3.510421164350264,49.42315217945329,7.102786871230065,26.078894992903436
2019,UT,39105762.001,726.57378370577,egrid2019_data.xlsx,ST19!STC2ERTA converted from lb/MWh,Cold plate,38.98589724891139,2.947430832885522,41.933328081796915,7.028850243262685,6.972287982185232
2019,UT,39105762.001,726.57378370577,egrid2019_data.xlsx,ST19!STC2ERTA converted from lb/MWh,One-phase,38.21826542205808,3.0497891214600124,41.26805454351809,7.390193589678285,5.2751693469824446
2019,UT,39105762.001,726.57378370577,egrid2019_data.xlsx,ST19!STC2ERTA converted from lb/MWh,Two-phase,36.38084881522837,2.819329915902762,39.20017873113113,7.192135360504794,0.0
2019,VA,96827639.664,288.41580127976,egrid2019_data.xlsx,ST19!STC2ERTA converted from lb/MWh,Air-cooled,18.23309751611225,3.510421164350264,21.743518680462515,16.144678402509562,25.924715711635017
2019,VA,96827639.664,288.41580127976,egrid2019_data.xlsx,ST19!STC2ERTA converted from lb/MWh,Cold plate,15.482278021290098,2.947430832885522,18.42970885417562,15.992823631707687,6.733223919069098
2019,VA,96827639.664,288.41580127976,egrid2019_data.xlsx,ST19!STC2ERTA converted from lb/MWh,One-phase,15.177432161633357,3.0497891214600124,18.22722128309337,16.732057366795885,5.560543903548765
2019,VA,96827639.664,288.41580127976,egrid2019_data.xlsx,ST19!STC2ERTA converted from lb/MWh,Two-phase,14.447747923093292,2.819329915902762,17.267077838996055,16.32777672163829,0.0
2019,VT,2289797.993,23.25250566331,egrid2019_data.xlsx,ST19!STC2ERTA converted from lb/MWh,Air-cooled,1.4820097020558303,3.510421164350264,4.992430866406094,70.3148678126276,25.00886330604044
2019,VT,2289797.993,23.25250566331,egrid2019_data.xlsx,ST19!STC2ERTA converted from lb/MWh,Cold plate,1.2584195426587117,2.947430832885522,4.205850375544234,70.0793078618287,5.313140782769321
2019,VT,2289797.993,23.25250566331,egrid2019_data.xlsx,ST19!STC2ERTA converted from lb/MWh,One-phase,1.233641277679675,3.0497891214600124,4.283430399139688,71.19968897060991,7.2557196235064625
2019,VT,2289797.993,23.25250566331,egrid2019_data.xlsx,ST19!STC2ERTA converted from lb/MWh,Two-phase,1.1743316008681526,2.819329915902762,3.9936615167709144,70.59511438471476,0.0
2019,WA,106463608.2,135.66766349752,egrid2019_data.xlsx,ST19!STC2ERTA converted from lb/MWh,Air-cooled,8.58358149438893,3.510421164350264,12.094002658739194,29.026131905251518,25.705715655965356
2019,WA,106463608.2,135.66766349752,egrid2019_data.xlsx,ST19!STC2ERTA converted from lb/MWh,Cold plate,7.288580286322427,2.947430832885522,10.236011119207948,28.794720898208553,6.39365142463062
2019,WA,106463608.2,135.66766349752,egrid2019_data.xlsx,ST19!STC2ERTA converted from lb/MWh,One-phase,7.145068232088175,3.0497891214600124,10.194857353548187,29.914975910855418,5.965896965650086
2019,WA,106463608.2,135.66766349752,egrid2019_data.xlsx,ST19!STC2ERTA converted from lb/MWh,Two-phase,6.801555336314706,2.819329915902762,9.620885252217468,29.30426714374282,0.0
2019,WI,62021340.696,559.2734955091901,egrid2019_data.xlsx,ST19!STC2ERTA converted from lb/MWh,Air-cooled,35.34391600478,3.510421164350264,38.85433716913026,9.034824475501003,26.0459188308676
2019,WI,62021340.696,559.2734955091901,egrid2019_data.xlsx,ST19!STC2ERTA converted from lb/MWh,Cold plate,30.011594764058845,2.947430832885522,32.959025596944365,8.942712290495562,6.921156499294612
2019,WI,62021340.696,559.2734955091901,egrid2019_data.xlsx,ST19!STC2ERTA converted from lb/MWh,One-phase,29.420666840342555,3.0497891214600124,32.47045596180257,9.392504758934422,5.33620580752896
2019,WI,62021340.696,559.2734955091901,egrid2019_data.xlsx,ST19!STC2ERTA converted from lb/MWh,Two-phase,28.00621170378763,2.819329915902762,30.825541619690394,9.146083954294129,0.0
2019,WV,63925638.663,882.34692900354,egrid2019_data.xlsx,ST19!STC2ERTA converted from lb/MWh,Air-cooled,55.75334500313055,3.510421164350264,59.26376616748081,5.923385217250167,26.099033591035937
2019,WV,63925638.663,882.34692900354,egrid2019_data.xlsx,ST19!STC2ERTA converted from lb/MWh,Cold plate,47.34186208309303,2.947430832885522,50.28929291597855,5.860951033473424,7.0035140655824835
2019,WV,63925638.663,882.34692900354,egrid2019_data.xlsx,ST19!STC2ERTA converted from lb/MWh,One-phase,46.40970141367308,3.0497891214600124,49.4594905351331,6.166236425936539,5.237894276916943
2019,WV,63925638.663,882.34692900354,egrid2019_data.xlsx,ST19!STC2ERTA converted from lb/MWh,Two-phase,44.17846576878496,2.819329915902762,46.99779568468772,5.998855637438594,0.0
2019,WY,42145656.477,938.4789847910401,egrid2019_data.xlsx,ST19!STC2ERTA converted from lb/MWh,Air-cooled,59.29935989743931,3.510421164350264,62.80978106178957,5.588972139382021,26.104744954387172
2019,WY,42145656.477,938.4789847910401,egrid2019_data.xlsx,ST19!STC2ERTA converted from lb/MWh,Cold plate,50.35289125204303,2.947430832885522,53.30032208492855,5.529855576086568,7.012369871093127
2019,WY,42145656.477,938.4789847910401,egrid2019_data.xlsx,ST19!STC2ERTA converted from lb/MWh,One-phase,49.36144345612931,3.0497891214600124,52.41123257758932,5.818960881992463,5.227322961689973
2019,WY,42145656.477,938.4789847910401,egrid2019_data.xlsx,ST19!STC2ERTA converted from lb/MWh,Two-phase,46.9882971361231,2.819329915902762,49.807627052025865,5.660438135223487,0.0
2020,AK,6156046.989,438.22828924336005,egrid2020_data.xlsx,ST20!STC2ERTA converted from lb/MWh,Air-cooled,27.69716054069645,3.510421164350264,31.207581705046714,11.248616434071783,26.008154864918296
2020,AK,6156046.989,438.22828924336005,egrid2020_data.xlsx,ST20!STC2ERTA converted from lb/MWh,Cold plate,23.51850197216529,2.947430832885522,26.465932805050812,11.136697333120367,6.862601244237365
2020,AK,6156046.989,438.22828924336005,egrid2020_data.xlsx,ST20!STC2ERTA converted from lb/MWh,One-phase,23.055422963915696,3.0497891214600124,26.105212085375708,11.682682797158817,5.40610414243039
2020,AK,6156046.989,438.22828924336005,egrid2020_data.xlsx,ST20!STC2ERTA converted from lb/MWh,Two-phase,21.9469891675736,2.819329915902762,24.766319083476365,11.38372604503738,0.0
2020,AL,136842032.304,327.06640712746,egrid2020_data.xlsx,ST20!STC2ERTA converted from lb/MWh,Air-cooled,20.674761590003556,3.510421164350264,24.185182754353818,14.514759718813032,25.952480667899035
2020,AL,136842032.304,327.06640712746,egrid2020_data.xlsx,ST20!STC2ERTA converted from lb/MWh,Cold plate,17.555569297946498,2.947430832885522,20.50300013083202,14.375607540738548,6.776275120255892
2020,AL,136842032.304,327.06640712746,egrid2020_data.xlsx,ST20!STC2ERTA converted from lb/MWh,One-phase,17.209900359109675,3.0497891214600124,20.259689480569687,15.053484034811843,5.509153003184286
2020,AL,136842032.304,327.06640712746,egrid2020_data.xlsx,ST20!STC2ERTA converted from lb/MWh,Two-phase,16.38250130338325,2.819329915902762,19.201831219286014,14.682609610020275,0.0
2020,AR,54641258.916,431.49652488019,egrid2020_data.xlsx,ST20!STC2ERTA converted from lb/MWh,Air-cooled,27.271896645371715,3.510421164350264,30.78231780972198,11.4040183265263,26.005504791993104
2020,AR,54641258.916,431.49652488019,egrid2020_data.xlsx,ST20!STC2ERTA converted from lb/MWh,Cold plate,23.15739745583085,2.947430832885522,26.104828288716373,11.290749742872388,6.858492149968387
2020,AR,54641258.916,431.49652488019,egrid2020_data.xlsx,ST20!STC2ERTA converted from lb/MWh,One-phase,22.701428590969492,3.0497891214600124,25.751217712429504,11.843281181953392,5.411009233306974
2020,AR,54641258.916,431.49652488019,egrid2020_data.xlsx,ST20!STC2ERTA converted from lb/MWh,Two-phase,21.610013754865193,2.819329915902762,24.429343670767956,11.540751785633764,0.0
2020,AZ,109305056.86,334.28805125023,egrid2020_data.xlsx,ST20!STC2ERTA converted from lb/MWh,Air-cooled,21.130972524405895,3.510421164350264,24.64139368875616,14.246033356271019,25.957059480437962
2020,AZ,109305056.86,334.28805125023,egrid2020_data.xlsx,ST20!STC2ERTA converted from lb/MWh,Cold plate,17.942951887028133,2.947430832885522,20.890382719913656,14.109032239394532,6.783374838978062
2020,AZ,109305056.86,334.28805125023,egrid2020_data.xlsx,ST20!STC2ERTA converted from lb/MWh,One-phase,17.58965538988095,3.0497891214600124,20.63944451134096,14.776507767853026,5.500677956555866
2020,AZ,109305056.86,334.28805125023,egrid2020_data.xlsx,ST20!STC2ERTA converted from lb/MWh,Two-phase,16.74399888075206,2.819329915902762,19.563328796654822,14.41129955544603,0.0
2020,CA,192954153.405,205.53086750966,egrid2020_data.xlsx,ST20!STC2ERTA converted from lb/MWh,Air-cooled,12.997030432176587,3.510421164350264,16.50745159652685,21.265675951391874,25.83756133691777
2020,CA,192954153.405,205.53086750966,egrid2020_data.xlsx,ST20!STC2ERTA converted from lb/MWh,Cold plate,11.036174101756902,2.947430832885522,13.983604934642425,21.077761039885175,6.598085924087971
2020,CA,192954153.405,205.53086750966,egrid2020_data.xlsx,ST20!STC2ERTA converted from lb/MWh,One-phase,10.818871972396794,3.0497891214600124,13.868661093856806,21.990508678670732,5.721860267415169
2020,CA,192954153.405,205.53086750966,egrid2020_data.xlsx,ST20!STC2ERTA converted from lb/MWh,Two-phase,10.298733896800794,2.819329915902762,13.118063812703555,21.491966773118744,0.0
2020,CO,53792186.81,553.0366004216901,egrid2020_data.xlsx,ST20!STC2ERTA converted from lb/MWh,Air-cooled,34.94991434985681,3.510421164350264,38.460335514207074,9.12738050101911,26.044339510691717
2020,CO,53792186.81,553.0366004216901,egrid2020_data.xlsx,ST20!STC2ERTA converted from lb/MWh,Cold plate,29.67703596750885,2.947430832885522,32.62446680039437,9.034418404195629,6.918707670274915
2020,CO,53792186.81,553.0366004216901,egrid2020_data.xlsx,ST20!STC2ERTA converted from lb/MWh,One-phase,29.092695502291868,3.0497891214600124,32.14248462375188,9.488342787310076,5.339129013495203
2020,CO,53792186.81,553.0366004216901,egrid2020_data.xlsx,ST20!STC2ERTA converted from lb/MWh,Two-phase,27.69400821852784,2.819329915902762,30.513338134430604,9.239663990487784,0.0
2020,CT,41190572.136,240.29781548542,egrid2020_data.xlsx,ST20!STC2ERTA converted from lb/MWh,Air-cooled,15.193353257380442,3.510421164350264,18.703774421730706,18.76851744037146,25.88004545881004
2020,CT,41190572.136,240.29781548542,egrid2020_data.xlsx,ST20!STC2ERTA converted from lb/MWh,Cold plate,12.90113865724522,2.947430832885522,15.848569490130743,18.59745660149929,6.663960059146379
2020,CT,41190572.136,240.29781548542,egrid2020_data.xlsx,ST20!STC2ERTA converted from lb/MWh,One-phase,12.647115399226564,3.0497891214600124,15.696904520686576,19.42923916903978,5.643225269597196
2020,CT,41190572.136,240.29781548542,egrid2020_data.xlsx,ST20!STC2ERTA converted from lb/MWh,Two-phase,12.03908100503298,2.819329915902762,14.858410920935741,18.97463955536645,0.0
2020,DC,174521.001,363.38237304677,egrid2020_data.xlsx,ST20!STC2ERTA converted from lb/MWh,Air-cooled,22.968940098957425,3.510421164350264,26.479361263307688,13.257197292045849,25.973911066189604
2020,DC,174521.001,363.38237304677,egrid2020_data.xlsx,ST20!STC2ERTA converted from lb/MWh,Cold plate,19.50362609272341,2.947430832885522,22.451056925608935,13.128249786421044,6.809504215938467
2020,DC,174521.001,363.38237304677,egrid2020_data.xlsx,ST20!STC2ERTA converted from lb/MWh,One-phase,19.11959994008076,3.0497891214600124,22.169389061540773,13.756757630956798,5.469486905645771
2020,DC,174521.001,363.38237304677,egrid2020_data.xlsx,ST20!STC2ERTA converted from lb/MWh,Two-phase,18.200388404499957,2.819329915902762,21.01971832040272,13.412786379569075,0.0
2020,DE,5205372.001,342.4758471211,egrid2020_data.xlsx,ST20!STC2ERTA converted from lb/MWh,Air-cooled,21.648217896989063,3.510421164350264,25.15863906133933,13.953144110027171,25.962050382091583
2020,DE,5205372.001,342.4758471211,egrid2020_data.xlsx,ST20!STC2ERTA converted from lb/MWh,Cold plate,18.382160675138973,2.947430832885522,21.329591508024496,13.818505768273418,6.791113526161707
2020,DE,5205372.001,342.4758471211,egrid2020_data.xlsx,ST20!STC2ERTA converted from lb/MWh,One-phase,18.020216162473893,3.0497891214600124,21.070005283933906,14.4745531876326,5.491440163160033
2020,DE,5205372.001,342.4758471211,egrid2020_data.xlsx,ST20!STC2ERTA converted from lb/MWh,Two-phase,17.153859616201114,2.819329915902762,19.973189532103877,14.115571833788069,0.0
2020,FL,250780435.174,382.00143265053003,egrid2020_data.xlsx,ST20!STC2ERTA converted from lb/MWh,Air-cooled,24.145156821232867,3.510421164350264,27.65557798558313,12.693356711547482,25.983521965752978
2020,FL,250780435.174,382.00143265053003,egrid2020_data.xlsx,ST20!STC2ERTA converted from lb/MWh,Cold plate,20.502387509507734,2.947430832885522,23.449818342393257,12.569098787247626,6.824406482189294
2020,FL,250780435.174,382.00143265053003,egrid2020_data.xlsx,ST20!STC2ERTA converted from lb/MWh,One-phase,20.098695757121106,3.0497891214600124,23.14848487858112,13.174897352707209,5.451697834516733
2020,FL,250780435.174,382.00143265053003,egrid2020_data.xlsx,ST20!STC2ERTA converted from lb/MWh,Two-phase,19.13241230725952,2.819329915902762,21.951742223162285,12.843308231489518,0.0
2020,GA,119593376.135,328.17997639581006,egrid2020_data.xlsx,ST20!STC2ERTA converted from lb/MWh,Air-cooled,20.745108794573483,3.510421164350264,24.255529958923745,14.472663224819627,25.953197925571047
2020,GA,119593376.135,328.17997639581006,egrid2020_data.xlsx,ST20!STC2ERTA converted from lb/MWh,Cold plate,17.6153032503487,2.947430832885522,20.562734083234222,14.33384695320601,6.777387270552371
2020,GA,119593376.135,328.17997639581006,egrid2020_data.xlsx,ST20!STC2ERTA converted from lb/MWh,One-phase,17.268458150739818,3.0497891214600124,20.31824727219983,15.010099447076055,5.50782541176984
2020,GA,119593376.135,328.17997639581006,egrid2020_data.xlsx,ST20!STC2ERTA converted from lb/MWh,Two-phase,16.43824381656964,2.819329915902762,19.2575737324724,14.640109678763771,0.0
2020,HI,9069239.997,692.40965998974,egrid2020_data.xlsx,ST20!STC2ERTA converted from lb/MWh,Air-cooled,43.754490240764106,3.510421164350264,47.26491140511437,7.427118892198778,26.07335806467692
2020,HI,9069239.997,692.40965998974,egrid2020_data.xlsx,ST20!STC2ERTA converted from lb/MWh,Cold plate,37.15326932183144,2.947430832885522,40.10070015471696,7.350073244391525,6.963702648616943
2020,HI,9069239.997,692.40965998974,egrid2020_data.xlsx,ST20!STC2ERTA converted from lb/MWh,One-phase,36.42172191582972,3.0497891214600124,39.47151103728973,7.726557816798044,5.285417795570169
2020,HI,9069239.997,692.40965998974,egrid2020_data.xlsx,ST20!STC2ERTA converted from lb/MWh,Two-phase,34.6706775929533,2.819329915902762,37.49000750885606,7.5202169944531665,0.0
2020,IA,59636671.813,279.04911883926,egrid2020_data.xlsx,ST20!STC2ERTA converted from lb/MWh,Air-cooled,17.641378667082144,3.510421164350264,21.151799831432406,16.596323680851217,25.917024296433834
2020,IA,59636671.813,279.04911883926,egrid2020_data.xlsx,ST20!STC2ERTA converted from lb/MWh,Cold plate,14.979831537744099,2.947430832885522,17.92726237062962,16.441053697715287,6.721297926458569
2020,IA,59636671.813,279.04911883926,egrid2020_data.xlsx,ST20!STC2ERTA converted from lb/MWh,One-phase,14.68487884303359,3.0497891214600124,17.734667964493603,17.196764707216193,5.574780149718439
2020,IA,59636671.813,279.04911883926,egrid2020_data.xlsx,ST20!STC2ERTA converted from lb/MWh,Two-phase,13.978875052503131,2.819329915902762,16.798204968405894,16.78351896053992,0.0
2020,ID,17674572.412,96.79479738852,egrid2020_data.xlsx,ST20!STC2ERTA converted from lb/MWh,Air-cooled,6.127876634249453,3.510421164350264,9.638297798599716,36.421588518050044,25.580327942631786
2020,ID,17674572.412,96.79479738852,egrid2020_data.xlsx,ST20!STC2ERTA converted from lb/MWh,Cold plate,5.203366550734427,2.947430832885522,8.150797383619949,36.16125753302069,6.199230384606658
2020,ID,17674572.412,96.79479738852,egrid2020_data.xlsx,ST20!STC2ERTA converted from lb/MWh,One-phase,5.100912328746777,3.0497891214600124,8.150701450206789,37.417504985201454,6.197980438844741
2020,ID,17674572.412,96.79479738852,egrid2020_data.xlsx,ST20!STC2ERTA converted from lb/MWh,Two-phase,4.8556761590954896,2.819329915902762,7.675006074998251,36.73391119632963,0.0
2020,IL,173337706.25,252.39875273228,egrid2020_data.xlsx,ST20!STC2ERTA converted from lb/MWh,Air-cooled,15.95780243192888,3.510421164350264,19.468223596279145,18.031543283801156,25.89258907237577
2020,IL,173337706.25,252.39875273228,egrid2020_data.xlsx,ST20!STC2ERTA converted from lb/MWh,Cold plate,13.550255717198741,2.947430832885522,16.497686550084264,17.865722105566782,6.683409671315488
2020,IL,173337706.25,252.39875273228,egrid2020_data.xlsx,ST20!STC2ERTA converted from lb/MWh,One-phase,13.283451352427754,3.0497891214600124,16.333240473887766,18.67228445167242,5.620007959660245
2020,IL,173337706.25,252.39875273228,egrid2020_data.xlsx,ST20!STC2ERTA converted from lb/MWh,Two-phase,12.644823883561036,2.819329915902762,15.464153799463798,18.23138823154047,0.0
2020,IN,90072288.007,702.82096565835,egrid2020_data.xlsx,ST20!STC2ERTA converted from lb/MWh,Air-cooled,44.41220078516063,3.510421164350264,47.92262194951089,7.325185938383516,26.07509819027729
2020,IN,90072288.007,702.82096565835,egrid2020_data.xlsx,ST20!STC2ERTA converted from lb/MWh,Cold plate,37.711751362355955,2.947430832885522,40.65918219524148,7.249114895455209,6.966400815925344
2020,IN,90072288.007,702.82096565835,egrid2020_data.xlsx,ST20!STC2ERTA converted from lb/MWh,One-phase,36.96920745199536,3.0497891214600124,40.01899657345537,7.620853551043155,5.282196950541662
2020,IN,90072288.007,702.82096565835,egrid2020_data.xlsx,ST20!STC2ERTA converted from lb/MWh,Two-phase,35.191841709110975,2.819329915902762,38.01117162501374,7.417108695611649,0.0
2020,KS,54541831.47,364.77580880741,egrid2020_data.xlsx,ST20!STC2ERTA converted from lb/MWh,Air-cooled,23.05696723233372,3.510421164350264,26.56738839668398,13.213271518959006,25.97465974677593
2020,KS,54541831.47,364.77580880741,egrid2020_data.xlsx,ST20!STC2ERTA converted from lb/MWh,Cold plate,19.578372610759892,2.947430832885522,22.525803443645415,13.084686813766012,6.810665089315693
2020,KS,54541831.47,364.77580880741,egrid2020_data.xlsx,ST20!STC2ERTA converted from lb/MWh,One-phase,19.192874700116523,3.0497891214600124,22.242663821576535,13.711438278816042,5.468101152718541
2020,KS,54541831.47,364.77580880741,egrid2020_data.xlsx,ST20!STC2ERTA converted from lb/MWh,Two-phase,18.270140339534002,2.819329915902762,21.089470255436765,13.368424534873993,0.0
2020,KY,63513834.15,764.24599081138,egrid2020_data.xlsx,ST20!STC2ERTA converted from lb/MWh,Air-cooled,48.29258697483656,3.510421164350264,51.80300813918682,6.77648130957626,26.08446610381727
2020,KY,63513834.15,764.24599081138,egrid2020_data.xlsx,ST20!STC2ERTA converted from lb/MWh,Cold plate,41.006705374719914,2.947430832885522,43.95413620760544,6.705696180591816,6.980926318025005
2020,KY,63513834.15,764.24599081138,egrid2020_data.xlsx,ST20!STC2ERTA converted from lb/MWh,One-phase,40.199283861267105,3.0497891214600124,43.249072982727114,7.051686686274275,5.264857628744157
2020,KY,63513834.15,764.24599081138,egrid2020_data.xlsx,ST20!STC2ERTA converted from lb/MWh,Two-phase,38.266625983321575,2.819329915902762,41.08595589922434,6.862028287276597,0.0
2020,LA,100554704.576,345.51854473906,egrid2020_data.xlsx,ST20!STC2ERTA converted from lb/MWh,Air-cooled,21.84043339525996,3.510421164350264,25.350854559610227,13.8473484438003,25.96385326236812
2020,LA,100554704.576,345.51854473906,egrid2020_data.xlsx,ST20!STC2ERTA converted from lb/MWh,Cold plate,18.545376704757697,2.947430832885522,21.49280753764322,13.713568261025431,6.793908998294351
2020,LA,100554704.576,345.51854473906,egrid2020_data.xlsx,ST20!STC2ERTA converted from lb/MWh,One-phase,18.180218470520735,3.0497891214600124,21.230007591980748,14.365464111336516,5.488103163822511
2020,LA,100554704.576,345.51854473906,egrid2020_data.xlsx,ST20!STC2ERTA converted from lb/MWh,Two-phase,17.306169505591857,2.819329915902762,20.12549942149462,14.008745109160547,0.0
2020,MA,18195165.072,399.11637995537,egrid2020_data.xlsx,ST20!STC2ERTA converted from lb/MWh,Air-cooled,25.226354671673736,3.510421164350264,28.736775836024,12.215779474987766,25.991663617559624
2020,MA,18195165.072,399.11637995537,egrid2020_data.xlsx,ST20!STC2ERTA converted from lb/MWh,Cold plate,21.420465510338612,2.947430832885522,24.367896343224135,12.095548960692703,6.837030593194071
2020,MA,18195165.072,399.11637995537,egrid2020_data.xlsx,ST20!STC2ERTA converted from lb/MWh,One-phase,20.9986968136541,3.0497891214600124,24.048485935114112,12.68183423143034,5.436628233368523
2020,MA,18195165.072,399.11637995537,egrid2020_data.xlsx,ST20!STC2ERTA converted from lb/MWh,Two-phase,19.989144082228428,2.819329915902762,22.80847399813119,12.360887958281484,0.0
2020,MD,35998332.922,292.71449617025,egrid2020_data.xlsx,ST20!STC2ERTA converted from lb/MWh,Air-cooled,18.504657784018224,3.510421164350264,22.01507894836849,15.94553066370183,25.928107450331183
2020,MD,35998332.922,292.71449617025,egrid2020_data.xlsx,ST20!STC2ERTA converted from lb/MWh,Cold plate,15.712868109646779,2.947430832885522,18.6602989425323,15.795196218252762,6.738483009830576
2020,MD,35998332.922,292.71449617025,egrid2020_data.xlsx,ST20!STC2ERTA converted from lb/MWh,One-phase,15.403481934048369,3.0497891214600124,18.45327105550838,16.527092201085058,5.554266043654521
2020,MD,35998332.922,292.71449617025,egrid2020_data.xlsx,ST20!STC2ERTA converted from lb/MWh,Two-phase,14.662929917988352,2.819329915902762,17.482259833891113,16.12680478777239,0.0
2020,ME,10001870.147,103.50025339423,egrid2020_data.xlsx,ST20!STC2ERTA converted from lb/MWh,Air-cooled,6.55147855895706,3.510421164350264,10.061899723307324,34.88825431462754,25.60630459760176
2020,ME,10001870.147,103.50025339423,egrid2020_data.xlsx,ST20!STC2ERTA converted from lb/MWh,Cold plate,5.563059837236148,2.947430832885522,8.51049067012167,34.632913037943375,6.239508719232378
2020,ME,10001870.147,103.50025339423,egrid2020_data.xlsx,ST20!STC2ERTA converted from lb/MWh,One-phase,5.453523258957931,3.0497891214600124,8.503312380417944,35.865895371353076,6.149899553189164
2020,ME,10001870.147,103.50025339423,egrid2020_data.xlsx,ST20!STC2ERTA converted from lb/MWh,Two-phase,5.1913346407388,2.819329915902762,8.010664556641562,35.19470695555818,0.0
2020,MI,106624721.023,425.48370442347,egrid2020_data.xlsx,ST20!STC2ERTA converted from lb/MWh,Air-cooled,26.89205039535994,3.510421164350264,30.402471559710207,11.546499295150479,26.003075157900835
2020,MI,106624721.023,425.48370442347,egrid2020_data.xlsx,ST20!STC2ERTA converted from lb/MWh,Cold plate,22.83485844440781,2.947430832885522,25.782289277293334,11.431998148749917,6.854724859102834
2020,MI,106624721.023,425.48370442347,egrid2020_data.xlsx,ST20!STC2ERTA converted from lb/MWh,One-phase,22.385240368627674,3.0497891214600124,25.435029490087686,11.990507511102155,5.415506308050033
2020,MI,106624721.023,425.48370442347,egrid2020_data.xlsx,ST20!STC2ERTA converted from lb/MWh,Two-phase,21.309026889366734,2.819329915902762,24.128356805269497,11.684715783409818,0.0
2020,MN,56500626.797,349.43213970742,egrid2020_data.xlsx,ST20!STC2ERTA converted from lb/MWh,Air-cooled,22.087665851891035,3.510421164350264,25.5980870162413,13.713607435286065,25.966132437394474
2020,MN,56500626.797,349.43213970742,egrid2020_data.xlsx,ST20!STC2ERTA converted from lb/MWh,Cold plate,18.755309308149215,2.947430832885522,21.702740141034738,13.580915652731928,6.7974429935099945
2020,MN,56500626.797,349.43213970742,egrid2020_data.xlsx,ST20!STC2ERTA converted from lb/MWh,One-phase,18.386017503589926,3.0497891214600124,21.43580662504994,14.227545409445991,5.483884577789855
2020,MN,56500626.797,349.43213970742,egrid2020_data.xlsx,ST20!STC2ERTA converted from lb/MWh,Two-phase,17.502074354378873,2.819329915902762,20.321404270281636,13.873696317462652,0.0
2020,MO,71871122.027,734.1034170477701,egrid2020_data.xlsx,ST20!STC2ERTA converted from lb/MWh,Air-cooled,46.388398467592125,3.510421164350264,49.89881963194239,7.035078565471902,26.08005095625976
2020,MO,71871122.027,734.1034170477701,egrid2020_data.xlsx,ST20!STC2ERTA converted from lb/MWh,Cold plate,39.389800959655396,2.947430832885522,42.33723179254092,6.96179392958046,6.974080371503066
2020,MO,71871122.027,734.1034170477701,egrid2020_data.xlsx,ST20!STC2ERTA converted from lb/MWh,One-phase,38.61421627381383,3.0497891214600124,41.66400539527385,7.319961421198272,5.273029743479873
2020,MO,71871122.027,734.1034170477701,egrid2020_data.xlsx,ST20!STC2ERTA converted from lb/MWh,Two-phase,36.75776356834202,2.819329915902762,39.577093484244784,7.123640640829541,0.0
2020,MS,66499288.151,405.57236015758,egrid2020_data.xlsx,ST20!STC2ERTA converted from lb/MWh,Air-cooled,25.634196530184415,3.510421164350264,29.14461769453468,12.04483517726346,25.994578101298636
2020,MS,66499288.151,405.57236015758,egrid2020_data.xlsx,ST20!STC2ERTA converted from lb/MWh,Cold plate,21.766776444978333,2.947430832885522,24.714207277863856,11.926058561164094,6.841549672014535
2020,MS,66499288.151,405.57236015758,egrid2020_data.xlsx,ST20!STC2ERTA converted from lb/MWh,One-phase,21.33818889034323,3.0497891214600124,24.38797801180324,12.505297159050995,5.431233737442809
2020,MS,66499288.151,405.57236015758,egrid2020_data.xlsx,ST20!STC2ERTA converted from lb/MWh,Two-phase,20.312314424461345,2.819329915902762,23.131644340364108,12.188194986999283,0.0
2020,MT,23353290.001,413.96517977969,egrid2020_data.xlsx,ST20!STC2ERTA converted from lb/MWh,Air-cooled,26.16439381171488,3.510421164350264,29.674814976065143,11.829631177756859,25.99824737450969
2020,MT,23353290.001,413.96517977969,egrid2020_data.xlsx,ST20!STC2ERTA converted from lb/MWh,Cold plate,22.21698309316485,2.947430832885522,25.164413926050372,11.712694130477331,6.847239096399571
2020,MT,23353290.001,413.96517977969,egrid2020_data.xlsx,ST20!STC2ERTA converted from lb/MWh,One-phase,21.779530975285187,3.0497891214600124,24.8293200967452,12.283015038578522,5.424442181489764
2020,MT,23353290.001,413.96517977969,egrid2020_data.xlsx,ST20!STC2ERTA converted from lb/MWh,Two-phase,20.732438139934942,2.819329915902762,23.551768055837705,11.970778198980874,0.0
2020,NC,124334264.838,294.12970436465,egrid2020_data.xlsx,ST20!STC2ERTA converted from lb/MWh,Air-cooled,18.594060341353526,3.510421164350264,22.104481505703788,15.881038256628834,25.92920587702565
2020,NC,124334264.838,294.12970436465,egrid2020_data.xlsx,ST20!STC2ERTA converted from lb/MWh,Cold plate,15.78878254202758,2.947430832885522,18.736213374913103,15.731198048971793,6.740186185162966
2020,NC,124334264.838,294.12970436465,egrid2020_data.xlsx,ST20!STC2ERTA converted from lb/MWh,One-phase,15.47790161220969,3.0497891214600124,18.5276907336697,16.460708273361565,5.552232936298673
2020,NC,124334264.838,294.12970436465,egrid2020_data.xlsx,ST20!STC2ERTA converted from lb/MWh,Two-phase,14.733771727007301,2.819329915902762,17.553101642910065,16.06171930897197,0.0
2020,ND,42176424.004,629.65152686128,egrid2020_data.xlsx,ST20!STC2ERTA converted from lb/MWh,Air-cooled,39.78988798826496,3.510421164350264,43.30030915261522,8.10715034845945,26.061750288992293
2020,ND,42176424.004,629.65152686128,egrid2020_data.xlsx,ST20!STC2ERTA converted from lb/MWh,Cold plate,33.78680488742672,2.947430832885522,36.73423572031224,8.023661783320394,6.945704108241824
2020,ND,42176424.004,629.65152686128,egrid2020_data.xlsx,ST20!STC2ERTA converted from lb/MWh,One-phase,33.121543123828445,3.0497891214600124,36.171332245288454,8.431508966212508,5.306902938135871
2020,ND,42176424.004,629.65152686128,egrid2020_data.xlsx,ST20!STC2ERTA converted from lb/MWh,Two-phase,31.529161242875162,2.819329915902762,34.348491158777925,8.208016773925362,0.0
2020,NE,36756238.998,544.61384370316,egrid2020_data.xlsx,ST20!STC2ERTA converted from lb/MWh,Air-cooled,34.41782586038271,3.510421164350264,37.928247024732975,9.255426864471541,26.042154670051087
2020,NE,36756238.998,544.61384370316,egrid2020_data.xlsx,ST20!STC2ERTA converted from lb/MWh,Cold plate,29.225223437098883,2.947430832885522,32.172654269984406,9.161292096547156,6.915319946084519
2020,NE,36756238.998,544.61384370316,egrid2020_data.xlsx,ST20!STC2ERTA converted from lb/MWh,One-phase,28.649779154927263,3.0497891214600124,31.699568276387275,9.620916899779273,5.34317299348952
2020,NE,36756238.998,544.61384370316,egrid2020_data.xlsx,ST20!STC2ERTA converted from lb/MWh,Two-phase,27.272385926324993,2.819329915902762,30.091715842227757,9.369123152314204,0.0
2020,NH,16340973.012,112.44328056115,egrid2020_data.xlsx,ST20!STC2ERTA converted from lb/MWh,Air-cooled,7.116433950118202,3.510421164350264,10.626855114468466,33.03349040273284,25.637741051171158
2020,NH,16340973.012,112.44328056115,egrid2020_data.xlsx,ST20!STC2ERTA converted from lb/MWh,Cold plate,6.042780654165587,2.947430832885522,8.99021148705111,32.78488873293806,6.288252793393578
2020,NH,16340973.012,112.44328056115,egrid2020_data.xlsx,ST20!STC2ERTA converted from lb/MWh,One-phase,5.923798379031198,3.0497891214600124,8.97358750049121,33.986286101217246,6.0917129802359415
2020,NH,16340973.012,112.44328056115,egrid2020_data.xlsx,ST20!STC2ERTA converted from lb/MWh,Two-phase,5.639000380039314,2.819329915902762,8.458330295942076,33.33199127084631,0.0
2020,NJ,61106458.407,223.30034860441,egrid2020_data.xlsx,ST20!STC2ERTA converted from lb/MWh,Air-cooled,14.119576965385034,3.510421164350264,17.6299981297353,19.91163662365613,25.86059402891534
2020,NJ,61106458.407,223.30034860441,egrid2020_data.xlsx,ST20!STC2ERTA converted from lb/MWh,Cold plate,11.989362527563902,2.947430832885522,14.936793360449425,19.73268801247471,6.633799470604318
2020,NJ,61106458.407,223.30034860441,egrid2020_data.xlsx,ST20!STC2ERTA converted from lb/MWh,One-phase,11.753292130079398,3.0497891214600124,14.80308125153941,20.602393985663333,5.679228441587081
2020,NJ,61106458.407,223.30034860441,egrid2020_data.xlsx,ST20!STC2ERTA converted from lb/MWh,Two-phase,11.188230008440966,2.819329915902762,14.007559924343727,20.12720224743105,0.0
2020,NM,34005838.999,571.46877996901,egrid2020_data.xlsx,ST20!STC2ERTA converted from lb/MWh,Air-cooled,36.114325349817456,3.510421164350264,39.62474651416772,8.859163712492451,26.048916308980452
2020,NM,34005838.999,571.46877996901,egrid2020_data.xlsx,ST20!STC2ERTA converted from lb/MWh,Cold plate,30.665772786171082,2.947430832885522,33.613203619056605,8.76866979502814,6.925804265783508
2020,NM,34005838.999,571.46877996901,egrid2020_data.xlsx,ST20!STC2ERTA converted from lb/MWh,One-phase,30.061964105421165,3.0497891214600124,33.11175322688118,9.210593895656652,5.330657695096264
2020,NM,34005838.999,571.46877996901,egrid2020_data.xlsx,ST20!STC2ERTA converted from lb/MWh,Two-phase,28.616677369583613,2.819329915902762,31.436007285486376,8.968473287014449,0.0
2020,NV,40335219.989,325.05472496651004,egrid2020_data.xlsx,ST20!STC2ERTA converted from lb/MWh,Air-cooled,20.547678147124692,3.510421164350264,24.058099311474955,14.591431845473776,25.95117431712457
2020,NV,40335219.989,325.05472496651004,egrid2020_data.xlsx,ST20!STC2ERTA converted from lb/MWh,Cold plate,17.447658878841096,2.947430832885522,20.39508971172662,14.451668879842337,6.774249546382216
2020,NV,40335219.989,325.05472496651004,egrid2020_data.xlsx,ST20!STC2ERTA converted from lb/MWh,One-phase,17.104114694800234,3.0497891214600124,20.153903816260247,15.132498146584538,5.511570962782408
2020,NV,40335219.989,325.05472496651004,egrid2020_data.xlsx,ST20!STC2ERTA converted from lb/MWh,Two-phase,16.28180148831946,2.819329915902762,19.101131404222222,14.760015290400867,0.0
2020,NY,129411955.194,189.00967261715002,egrid2020_data.xlsx,ST20!STC2ERTA converted from lb/MWh,Air-cooled,11.953341539284406,3.510421164350264,15.46376270363467,22.700950807562247,25.81315600166796
2020,NY,129411955.194,189.00967261715002,egrid2020_data.xlsx,ST20!STC2ERTA converted from lb/MWh,Cold plate,10.149946098357585,2.947430832885522,13.097376931243108,22.50397807407207,6.560244013303751
2020,NY,129411955.194,189.00967261715002,egrid2020_data.xlsx,ST20!STC2ERTA converted from lb/MWh,One-phase,9.950093787246226,3.0497891214600124,12.999882908706239,23.460127624822817,5.7670327553621
2020,NY,129411955.194,189.00967261715002,egrid2020_data.xlsx,ST20!STC2ERTA converted from lb/MWh,Two-phase,9.47172389362862,2.819329915902762,12.291053809531382,22.938065031628508,0.0
2020,OH,120992732.718,568.47733828886,egrid2020_data.xlsx,ST20!STC2ERTA converted from lb/MWh,Air-cooled,35.92534782878338,3.510421164350264,39.43576899313364,8.90161712064365,26.048191870270408
2020,OH,120992732.718,568.47733828886,egrid2020_data.xlsx,ST20!STC2ERTA converted from lb/MWh,Cold plate,30.505306221571278,2.947430832885522,33.4527370544568,8.810731474938747,6.924680980864295
2020,OH,120992732.718,568.47733828886,egrid2020_data.xlsx,ST20!STC2ERTA converted from lb/MWh,One-phase,29.904657125461572,3.0497891214600124,32.954446246921584,9.254560366781785,5.3319985780860835
2020,OH,120992732.718,568.47733828886,egrid2020_data.xlsx,ST20!STC2ERTA converted from lb/MWh,Two-phase,28.466933225199003,2.819329915902762,31.286263141101767,9.011398718944218,0.0
2020,OK,82297831.402,321.43914018524003,egrid2020_data.xlsx,ST20!STC2ERTA converted from lb/MWh,Air-cooled,20.31927180593249,3.510421164350264,23.829692970282757,14.731289944557814,25.948791464417443
2020,OK,82297831.402,321.43914018524003,egrid2020_data.xlsx,ST20!STC2ERTA converted from lb/MWh,Cold plate,17.253712103037458,2.947430832885522,20.20114293592298,14.590416206818723,6.770554792811612
2020,OK,82297831.402,321.43914018524003,egrid2020_data.xlsx,ST20!STC2ERTA converted from lb/MWh,One-phase,16.91398672857463,3.0497891214600124,19.963775850034644,15.276614726440739,5.515981448608276
2020,OK,82297831.402,321.43914018524003,egrid2020_data.xlsx,ST20!STC2ERTA converted from lb/MWh,Two-phase,16.100814289700853,2.819329915902762,18.920144205603616,14.901207333651058,0.0
2020,OR,63624781.93,154.95214310807,egrid2020_data.xlsx,ST20!STC2ERTA converted from lb/MWh,Air-cooled,9.801834611411447,3.510421164350264,13.312255775761711,26.36984462649721,25.75081333808249
2020,OR,63624781.93,154.95214310807,egrid2020_data.xlsx,ST20!STC2ERTA converted from lb/MWh,Cold plate,8.323036085255024,2.947430832885522,11.270466918140546,26.151807678361944,6.463578038864037
2020,OR,63624781.93,154.95214310807,egrid2020_data.xlsx,ST20!STC2ERTA converted from lb/MWh,One-phase,8.15915560934091,3.0497891214600124,11.208944730800923,27.208530282779734,5.882424459289526
2020,OR,63624781.93,154.95214310807,egrid2020_data.xlsx,ST20!STC2ERTA converted from lb/MWh,Two-phase,7.766888512737983,2.819329915902762,10.586218428640745,26.632077685787554,0.0
2020,PA,230134952.99,316.39292506899005,egrid2020_data.xlsx,ST20!STC2ERTA converted from lb/MWh,Air-cooled,20.000488648767362,3.510421164350264,23.510909813117628,14.93103070980123,25.945388508403422
2020,PA,230134952.99,316.39292506899005,egrid2020_data.xlsx,ST20!STC2ERTA converted from lb/MWh,Cold plate,16.98302362219246,2.947430832885522,19.93045445507798,14.788578150733342,6.765278308937628
2020,PA,230134952.99,316.39292506899005,egrid2020_data.xlsx,ST20!STC2ERTA converted from lb/MWh,One-phase,16.648628100515435,3.0497891214600124,19.698417221975447,15.4824069725647,5.522280070936292
2020,PA,230134952.99,316.39292506899005,egrid2020_data.xlsx,ST20!STC2ERTA converted from lb/MWh,Two-phase,15.848213287990658,2.819329915902762,18.66754320389342,15.102843931357526,0.0
2020,RI,8893740.309,375.37444812483,egrid2020_data.xlsx,ST20!STC2ERTA converted from lb/MWh,Air-cooled,23.72651215371084,3.510421164350264,27.236933318061105,12.888459663784783,25.980196188047344
2020,RI,8893740.309,375.37444812483,egrid2020_data.xlsx,ST20!STC2ERTA converted from lb/MWh,Cold plate,20.146903580955332,2.947430832885522,23.094334413840855,12.762571027459762,6.819249667831384
2020,RI,8893740.309,375.37444812483,egrid2020_data.xlsx,ST20!STC2ERTA converted from lb/MWh,One-phase,19.750211302654154,3.0497891214600124,22.800000424114167,13.376267827760374,5.457853605449037
2020,RI,8893740.309,375.37444812483,egrid2020_data.xlsx,ST20!STC2ERTA converted from lb/MWh,Two-phase,18.800681913103478,2.819329915902762,21.62001182900624,13.040371754654824,0.0
2020,SC,98528796.629,233.08342884057,egrid2020_data.xlsx,ST20!STC2ERTA converted from lb/MWh,Air-cooled,14.737600797631105,3.510421164350264,18.24802196198137,19.23726950605392,25.87206839978493
2020,SC,98528796.629,233.08342884057,egrid2020_data.xlsx,ST20!STC2ERTA converted from lb/MWh,Cold plate,12.514145372945022,2.947430832885522,15.461576205830543,19.062938950390123,6.651591158950643
2020,SC,98528796.629,233.08342884057,egrid2020_data.xlsx,ST20!STC2ERTA converted from lb/MWh,One-phase,12.267742007830476,3.0497891214600124,15.317531129290488,19.91044833346638,5.657990221562614
2020,SC,98528796.629,233.08342884057,egrid2020_data.xlsx,ST20!STC2ERTA converted from lb/MWh,Two-phase,11.677946718992473,2.819329915902762,14.497276634895234,19.44730715227285,0.0
2020,SD,14146525.855,154.48585015171003,egrid2020_data.xlsx,ST20!STC2ERTA converted from lb/MWh,Air-cooled,9.7723776149561,3.510421164350264,13.282798779306365,26.428324502056338,25.74982013521183
2020,SD,14146525.855,154.48585015171003,egrid2020_data.xlsx,ST20!STC2ERTA converted from lb/MWh,Cold plate,8.298023253047507,2.947430832885522,11.24545408593303,26.209976141136636,6.462038019272565
2020,SD,14146525.855,154.48585015171003,egrid2020_data.xlsx,ST20!STC2ERTA converted from lb/MWh,One-phase,8.134635279485195,3.0497891214600124,11.184424400945208,27.268181286131018,5.884262805054652
2020,SD,14146525.855,154.48585015171003,egrid2020_data.xlsx,ST20!STC2ERTA converted from lb/MWh,Two-phase,7.743547044894562,2.819329915902762,10.562876960797324,26.6909282988557,0.0
2020,TN,80566010.004,259.18585536459005,egrid2020_data.xlsx,ST20!STC2ERTA converted from lb/MWh,Air-cooled,16.386562196482757,3.510421164350264,19.89698336083302,17.64298185653855,25.89920355964299
2020,TN,80566010.004,259.18585536459005,egrid2020_data.xlsx,ST20!STC2ERTA converted from lb/MWh,Cold plate,13.914328682491663,2.947430832885522,16.861759515377184,17.479971945973933,6.693665823689043
2020,TN,80566010.004,259.18585536459005,egrid2020_data.xlsx,ST20!STC2ERTA converted from lb/MWh,One-phase,13.640355725609755,3.0497891214600124,16.690144847069767,18.272993730161986,5.607765028215317
2020,TN,80566010.004,259.18585536459005,egrid2020_data.xlsx,ST20!STC2ERTA converted from lb/MWh,Two-phase,12.98456939264775,2.819329915902762,15.80389930855051,17.83945759751454,0.0
2020,TX,473366236.705,388.96407553003,egrid2020_data.xlsx,ST20!STC2ERTA converted from lb/MWh,Air-cooled,24.585005941456213,3.510421164350264,28.09542710580648,12.494635340940468,25.98690960451291
2020,TX,473366236.705,388.96407553003,egrid2020_data.xlsx,ST20!STC2ERTA converted from lb/MWh,Cold plate,20.875876784201733,2.947430832885522,23.823307617087256,12.372047073645973,6.829659215757999
2020,TX,473366236.705,388.96407553003,egrid2020_data.xlsx,ST20!STC2ERTA converted from lb/MWh,One-phase,20.464831032690423,3.0497891214600124,23.514620154150435,12.969757119047959,5.445427563304128
2020,TX,473366236.705,388.96407553003,egrid2020_data.xlsx,ST20!STC2ERTA converted from lb/MWh,Two-phase,19.480944925349544,2.819329915902762,22.300274841252307,12.642579232644282,0.0
2020,UT,37087308.992,710.2167892512,egrid2020_data.xlsx,ST20!STC2ERTA converted from lb/MWh,Air-cooled,44.879415111235,3.510421164350264,48.38983627558526,7.254459685207535,26.07630560590244
2020,UT,37087308.992,710.2167892512,egrid2020_data.xlsx,ST20!STC2ERTA converted from lb/MWh,Cold plate,38.10847726619215,2.947430832885522,41.055908099077676,7.179066227868277,6.968272985018653
2020,UT,37087308.992,710.2167892512,egrid2020_data.xlsx,ST20!STC2ERTA converted from lb/MWh,One-phase,37.3581218277711,3.0497891214600124,40.40791094923111,7.54750505486858,5.279962112658265
2020,UT,37087308.992,710.2167892512,egrid2020_data.xlsx,ST20!STC2ERTA converted from lb/MWh,Two-phase,35.56205827835903,2.819329915902762,38.381388194261795,7.345565255829556,0.0
2020,VA,102799855.681,292.49677183265004,egrid2020_data.xlsx,ST20!STC2ERTA converted from lb/MWh,Air-cooled,18.49090354442818,3.510421164350264,22.00132470877844,15.955499092968797,25.92793767098758
2020,VA,102799855.681,292.49677183265004,egrid2020_data.xlsx,ST20!STC2ERTA converted from lb/MWh,Cold plate,15.70118896620358,2.947430832885522,18.6486197990891,15.805088337044067,6.738219756951369
2020,VA,102799855.681,292.49677183265004,egrid2020_data.xlsx,ST20!STC2ERTA converted from lb/MWh,One-phase,15.392032752792781,3.0497891214600124,18.441821874252796,16.53735266642998,5.554580292783773
2020,VA,102799855.681,292.49677183265004,egrid2020_data.xlsx,ST20!STC2ERTA converted from lb/MWh,Two-phase,14.652031178139284,2.819329915902762,17.471361094042045,16.136864785332545,0.0
2020,VT,2154917.77,13.7483847347,egrid2020_data.xlsx,ST20!STC2ERTA converted from lb/MWh,Air-cooled,0.8816084892845066,3.510421164350264,4.39202965363477,79.92708249237566,24.847740022320576
2020,VT,2154917.77,13.7483847347,egrid2020_data.xlsx,ST20!STC2ERTA converted from lb/MWh,Cold plate,0.748600599814192,2.947430832885522,3.696031432699714,79.74582701891723,5.063309634564495
2020,VT,2154917.77,13.7483847347,egrid2020_data.xlsx,ST20!STC2ERTA converted from lb/MWh,One-phase,0.7338606634123204,3.0497891214600124,3.783649784872333,80.60442416350428,7.55394701998795
2020,VT,2154917.77,13.7483847347,egrid2020_data.xlsx,ST20!STC2ERTA converted from lb/MWh,Two-phase,0.6985789007482668,2.819329915902762,3.517908816651029,80.14221126364217,0.0
2020,WA,116079174.179,96.73945911938,egrid2020_data.xlsx,ST20!STC2ERTA converted from lb/MWh,Air-cooled,6.124380765020317,3.510421164350264,9.634801929370582,36.43480364291818,25.580104108107115
2020,WA,116079174.179,96.73945911938,egrid2020_data.xlsx,ST20!STC2ERTA converted from lb/MWh,Cold plate,5.200398101775948,2.947430832885522,8.14782893466147,36.174431944035206,6.198883315983061
2020,WA,116079174.179,96.73945911938,egrid2020_data.xlsx,ST20!STC2ERTA converted from lb/MWh,One-phase,5.098002328510982,3.0497891214600124,8.147791449970995,37.43086872296994,6.1983947401548445
2020,WA,116079174.179,96.73945911938,egrid2020_data.xlsx,ST20!STC2ERTA converted from lb/MWh,Two-phase,4.852906062717186,2.819329915902762,7.672235978619948,36.747174145312094,0.0
2020,WI,61440537.516,540.68754814844,egrid2020_data.xlsx,ST20!STC2ERTA converted from lb/MWh,Air-cooled,34.16979107310888,3.510421164350264,37.680212237459145,9.316351888433468,26.04111513984002
2020,WI,61440537.516,540.68754814844,egrid2020_data.xlsx,ST20!STC2ERTA converted from lb/MWh,Cold plate,29.014609550339845,2.947430832885522,31.962040383225368,9.221660437023981,6.913708093221116
2020,WI,61440537.516,540.68754814844,egrid2020_data.xlsx,ST20!STC2ERTA converted from lb/MWh,One-phase,28.443312252951493,3.0497891214600124,31.493101374411506,9.68399105950867,5.345097087768447
2020,WI,61440537.516,540.68754814844,egrid2020_data.xlsx,ST20!STC2ERTA converted from lb/MWh,Two-phase,27.075845317713448,2.819329915902762,29.89517523361621,9.43071881623397,0.0
2020,WV,56661533.092,873.0437494948401,egrid2020_data.xlsx,ST20!STC2ERTA converted from lb/MWh,Air-cooled,55.16563780731421,3.510421164350264,58.676058971664474,5.982714629906377,26.098020371798626
2020,WV,56661533.092,873.0437494948401,egrid2020_data.xlsx,ST20!STC2ERTA converted from lb/MWh,Cold plate,46.84282201638463,2.947430832885522,49.79025284927015,5.919694446638519,7.001943009434708
2020,WV,56661533.092,873.0437494948401,egrid2020_data.xlsx,ST20!STC2ERTA converted from lb/MWh,One-phase,45.920487439606205,3.0497891214600124,48.970276561066214,6.227837242570823,5.2397696715105635
2020,WV,56661533.092,873.0437494948401,egrid2020_data.xlsx,ST20!STC2ERTA converted from lb/MWh,Two-phase,43.71277169731746,2.819329915902762,46.53210161322022,6.058892287602507,0.0
2020,WY,42010989.65,902.69644349885,egrid2020_data.xlsx,ST20!STC2ERTA converted from lb/MWh,Air-cooled,57.038879275481044,3.510421164350264,60.549300439831306,5.797624644464091,26.1011813659783
2020,WY,42010989.65,902.69644349885,egrid2020_data.xlsx,ST20!STC2ERTA converted from lb/MWh,Cold plate,48.433448358701945,2.947430832885522,51.38087919158747,5.736435186122899,7.006844317223004
2020,WY,42010989.65,902.69644349885,egrid2020_data.xlsx,ST20!STC2ERTA converted from lb/MWh,One-phase,47.479794369234405,3.0497891214600124,50.52958349069442,6.0356506243944485,5.233918902815193
2020,WY,42010989.65,902.69644349885,egrid2020_data.xlsx,ST20!STC2ERTA converted from lb/MWh,Two-phase,45.19711194763661,2.819329915902762,48.01644186353937,5.871592742992441,0.0
2021,AK,6595817.773,419.55661292468005,egrid2021_data.xlsx,ST21!STC2ERTA converted from lb/MWh,Air-cooled,26.517619877186753,3.510421164350264,30.028041041537016,11.690476776338453,26.000620099941465
2021,AK,6595817.773,419.55661292468005,egrid2021_data.xlsx,ST21!STC2ERTA converted from lb/MWh,Cold plate,22.516918095715535,2.947430832885522,25.46434892860106,11.574734705174517,6.850918147032803
2021,AK,6595817.773,419.55661292468005,egrid2021_data.xlsx,ST21!STC2ERTA converted from lb/MWh,One-phase,22.07356026140525,3.0497891214600124,25.123349382865264,12.139261668430414,5.42005044050895
2021,AK,6595817.773,419.55661292468005,egrid2021_data.xlsx,ST21!STC2ERTA converted from lb/MWh,Two-phase,21.01233140268385,2.819329915902762,23.83166131858661,11.830186230885763,0.0
2021,AL,142731860.61,342.22501054049,egrid2021_data.xlsx,ST21!STC2ERTA converted from lb/MWh,Air-cooled,21.6323718667947,3.510421164350264,25.14279303114496,13.961937959723981,25.961900527064795
2021,AL,142731860.61,342.22501054049,egrid2021_data.xlsx,ST21!STC2ERTA converted from lb/MWh,Cold plate,18.368705328630455,2.947430832885522,21.316136161515978,13.827228398957198,6.790881167110041
2021,AL,142731860.61,342.22501054049,egrid2021_data.xlsx,ST21!STC2ERTA converted from lb/MWh,One-phase,18.00702575156902,3.0497891214600124,21.056814873029033,14.483620337881133,5.4917175338382584
2021,AL,142731860.61,342.22501054049,egrid2021_data.xlsx,ST21!STC2ERTA converted from lb/MWh,Two-phase,17.14130335966667,2.819329915902762,19.960633275569432,14.124451248515474,0.0
2021,AR,61100068.005,495.84132411891005,egrid2021_data.xlsx,ST21!STC2ERTA converted from lb/MWh,Air-cooled,31.336732918883328,3.510421164350264,34.84715408323359,10.073767160341145,26.028193210683703
2021,AR,61100068.005,495.84132411891005,egrid2021_data.xlsx,ST21!STC2ERTA converted from lb/MWh,Cold plate,26.60897364807789,2.947430832885522,29.556404480963412,9.972223904243473,6.893671880430485
2021,AR,61100068.005,495.84132411891005,egrid2021_data.xlsx,ST21!STC2ERTA converted from lb/MWh,One-phase,26.08504329137086,3.0497891214600124,29.13483241283087,10.467845080574056,5.369014632153246
2021,AR,61100068.005,495.84132411891005,egrid2021_data.xlsx,ST21!STC2ERTA converted from lb/MWh,Two-phase,24.83095467159342,2.819329915902762,27.650284587496184,10.196386612156966,0.0
2021,AZ,108500973.376,330.04333385177,egrid2021_data.xlsx,ST21!STC2ERTA converted from lb/MWh,Air-cooled,20.86282216173162,3.510421164350264,24.373243326081884,14.402765841974553,25.954388884458467
2021,AZ,108500973.376,330.04333385177,egrid2021_data.xlsx,ST21!STC2ERTA converted from lb/MWh,Cold plate,17.715257252983413,2.947430832885522,20.662688085868936,14.264508183237053,6.779233922503836
2021,AZ,108500973.376,330.04333385177,egrid2021_data.xlsx,ST21!STC2ERTA converted from lb/MWh,One-phase,17.366444060318887,3.0497891214600124,20.4162331817789,14.938059799306618,5.505621034102548
2021,AZ,108500973.376,330.04333385177,egrid2021_data.xlsx,ST21!STC2ERTA converted from lb/MWh,Two-phase,16.531518865111252,2.819329915902762,19.350848781014015,14.569541356082182,0.0
2021,CA,196943760.108,217.94886582315002,egrid2021_data.xlsx,ST21!STC2ERTA converted from lb/MWh,Air-cooled,13.781509218128027,3.510421164350264,17.29193038247829,20.300921219919623,25.853971295530755
2021,CA,196943760.108,217.94886582315002,egrid2021_data.xlsx,ST21!STC2ERTA converted from lb/MWh,Cold plate,11.702298914349583,2.947430832885522,14.649729747235106,20.119352941932604,6.623530532139821
2021,CA,196943760.108,217.94886582315002,egrid2021_data.xlsx,ST21!STC2ERTA converted from lb/MWh,One-phase,11.471880795801432,3.0497891214600124,14.521669917261445,21.001641951899934,5.691486635991194
2021,CA,196943760.108,217.94886582315002,egrid2021_data.xlsx,ST21!STC2ERTA converted from lb/MWh,Two-phase,10.920348065234057,2.819329915902762,13.739677981136818,20.51962149166389,0.0
2021,CO,56832574.334,555.4483510529801,egrid2021_data.xlsx,ST21!STC2ERTA converted from lb/MWh,Air-cooled,35.10227120798238,3.510421164350264,38.612692372332646,9.091365943871876,26.044954036661714
2021,CO,56832574.334,555.4483510529801,egrid2021_data.xlsx,ST21!STC2ERTA converted from lb/MWh,Cold plate,29.80640681269113,2.947430832885522,32.75383764557665,8.998734330856548,6.919660529012317
2021,CO,56832574.334,555.4483510529801,egrid2021_data.xlsx,ST21!STC2ERTA converted from lb/MWh,One-phase,29.219519037158452,3.0497891214600124,32.269308158618465,9.451052084751549,5.337991570936418
2021,CO,56832574.334,555.4483510529801,egrid2021_data.xlsx,ST21!STC2ERTA converted from lb/MWh,Two-phase,27.8147344680643,2.819329915902762,30.634064383967065,9.203251258355104,0.0
2021,CT,44079943.539,235.02072185283998,egrid2021_data.xlsx,ST21!STC2ERTA converted from lb/MWh,Air-cooled,14.8599848753167,3.510421164350264,18.370406039666964,19.10911036353938,25.87424926691191
2021,CT,44079943.539,235.02072185283998,egrid2021_data.xlsx,ST21!STC2ERTA converted from lb/MWh,Cold plate,12.61806541804066,2.947430832885522,15.56549625092618,18.93566890108077,6.6549727219739285
2021,CT,44079943.539,235.02072185283998,egrid2021_data.xlsx,ST21!STC2ERTA converted from lb/MWh,One-phase,12.369615868544255,3.0497891214600124,15.419404990004267,19.778902775023152,5.653953596251005
2021,CT,44079943.539,235.02072185283998,egrid2021_data.xlsx,ST21!STC2ERTA converted from lb/MWh,Two-phase,11.774922797941167,2.819329915902762,14.594252713843929,19.318083434504185,0.0
2021,DC,184480.001,296.03297794917,egrid2021_data.xlsx,ST21!STC2ERTA converted from lb/MWh,Air-cooled,18.714295319103176,3.510421164350264,22.22471648345344,15.795122367314846,25.930669215586157
2021,DC,184480.001,296.03297794917,egrid2021_data.xlsx,ST21!STC2ERTA converted from lb/MWh,Cold plate,15.89087772096022,2.947430832885522,18.838308553845742,15.645942014702905,6.742455177851903
2021,DC,184480.001,296.03297794917,egrid2021_data.xlsx,ST21!STC2ERTA converted from lb/MWh,One-phase,15.577986538352285,3.0497891214600124,18.627775659812297,16.37226675453071,5.549524403807382
2021,DC,184480.001,296.03297794917,egrid2021_data.xlsx,ST21!STC2ERTA converted from lb/MWh,Two-phase,14.82904487785458,2.819329915902762,17.64837479375734,15.9750115738704,0.0
2021,DE,4305126.0,394.65439181168,egrid2021_data.xlsx,ST21!STC2ERTA converted from lb/MWh,Air-cooled,24.94447872407523,3.510421164350264,28.454899888425494,12.336789720276565,25.989600556879843
2021,DE,4305126.0,394.65439181168,egrid2021_data.xlsx,ST21!STC2ERTA converted from lb/MWh,Cold plate,21.18111606439953,2.947430832885522,24.12854689728505,12.215533929302504,6.833831696010817
2021,DE,4305126.0,394.65439181168,egrid2021_data.xlsx,ST21!STC2ERTA converted from lb/MWh,One-phase,20.764060155297397,3.0497891214600124,23.81384927675741,12.806787705827304,5.440446807575272
2021,DE,4305126.0,394.65439181168,egrid2021_data.xlsx,ST21!STC2ERTA converted from lb/MWh,Two-phase,19.765788032446565,2.819329915902762,22.58511794834933,12.483131247533809,0.0
2021,FL,246185265.397,379.87635239708004,egrid2021_data.xlsx,ST21!STC2ERTA converted from lb/MWh,Air-cooled,24.010909711900855,3.510421164350264,27.52133087625112,12.755274009584685,25.98246648771947
2021,FL,246185265.397,379.87635239708004,egrid2021_data.xlsx,ST21!STC2ERTA converted from lb/MWh,Cold plate,20.388394203192334,2.947430832885522,23.335825036077857,12.630497650409657,6.8227699012871845
2021,FL,246185265.397,379.87635239708004,egrid2021_data.xlsx,ST21!STC2ERTA converted from lb/MWh,One-phase,19.98694697757438,3.0497891214600124,23.036736099034393,13.23880739158985,5.45365144704697
2021,FL,246185265.397,379.87635239708004,egrid2021_data.xlsx,ST21!STC2ERTA converted from lb/MWh,Two-phase,19.026036065191,2.819329915902762,21.845365981093764,12.905848857569024,0.0
2021,GA,124199775.463,345.83061628962,egrid2021_data.xlsx,ST21!STC2ERTA converted from lb/MWh,Air-cooled,21.860147805339025,3.510421164350264,25.370568969689288,13.836588247367382,25.964036631427632
2021,GA,124199775.463,345.83061628962,egrid2021_data.xlsx,ST21!STC2ERTA converted from lb/MWh,Cold plate,18.562116810359615,2.947430832885522,21.50954764324514,13.702895485164392,6.794193322829156
2021,GA,124199775.463,345.83061628962,egrid2021_data.xlsx,ST21!STC2ERTA converted from lb/MWh,One-phase,18.196628963653747,3.0497891214600124,21.24641808511376,14.35436838926199,5.487763761124365
2021,GA,124199775.463,345.83061628962,egrid2021_data.xlsx,ST21!STC2ERTA converted from lb/MWh,Two-phase,17.32179103270886,2.819329915902762,20.141120948611622,13.997879875186912,0.0
2021,HI,9180590.002,681.54657632061,egrid2021_data.xlsx,ST21!STC2ERTA converted from lb/MWh,Air-cooled,43.06823964921825,3.510421164350264,46.57866081356851,7.53654377999564,26.07149009566312
2021,HI,9180590.002,681.54657632061,egrid2021_data.xlsx,ST21!STC2ERTA converted from lb/MWh,Cold plate,36.57055305866228,2.947430832885522,39.5179838915478,7.45845446208587,6.960806252560703
2021,HI,9180590.002,681.54657632061,egrid2021_data.xlsx,ST21!STC2ERTA converted from lb/MWh,One-phase,35.85047932855874,3.0497891214600124,38.90026845001876,7.84002075815634,5.288875269392945
2021,HI,9180590.002,681.54657632061,egrid2021_data.xlsx,ST21!STC2ERTA converted from lb/MWh,Two-phase,34.12689859160881,2.819329915902762,36.94622850751157,7.630900445845403,0.0
2021,IA,67198724.482,351.27508550673,egrid2021_data.xlsx,ST21!STC2ERTA converted from lb/MWh,Air-cooled,22.204089759087616,3.510421164350264,25.714510923437878,13.651518299539728,25.967190570261977
2021,IA,67198724.482,351.27508550673,egrid2021_data.xlsx,ST21!STC2ERTA converted from lb/MWh,Cold plate,18.854168391086137,2.947430832885522,21.80159922397166,13.519333158113986,6.799083690888708
2021,IA,67198724.482,351.27508550673,egrid2021_data.xlsx,ST21!STC2ERTA converted from lb/MWh,One-phase,18.482930052426287,3.0497891214600124,21.5327191738863,14.163511337474874,5.481926051356356
2021,IA,67198724.482,351.27508550673,egrid2021_data.xlsx,ST21!STC2ERTA converted from lb/MWh,Two-phase,17.594327646059643,2.819329915902762,20.413657561962406,13.81099838353384,0.0
2021,ID,16834399.801,123.35852735283001,egrid2021_data.xlsx,ST21!STC2ERTA converted from lb/MWh,Air-cooled,7.805979828232513,3.510421164350264,11.316400992582777,31.020650175361716,25.67187455466131
2021,ID,16834399.801,123.35852735283001,egrid2021_data.xlsx,ST21!STC2ERTA converted from lb/MWh,Cold plate,6.628295045451347,2.947430832885522,9.575725878336868,30.780234003497164,6.34117880242413
2021,ID,16834399.801,123.35852735283001,egrid2021_data.xlsx,ST21!STC2ERTA converted from lb/MWh,One-phase,6.497783999311331,3.0497891214600124,9.547573120771343,31.943082109787724,6.028534365428517
2021,ID,16834399.801,123.35852735283001,egrid2021_data.xlsx,ST21!STC2ERTA converted from lb/MWh,Two-phase,6.185390537805979,2.819329915902762,9.00472045370874,31.30946630043995,0.0
2021,IL,181296445.222,298.15624383314,egrid2021_data.xlsx,ST21!STC2ERTA converted from lb/MWh,Air-cooled,18.848427809771938,3.510421164350264,22.358848974122203,15.700366187960627,25.93228316337384
2021,IL,181296445.222,298.15624383314,egrid2021_data.xlsx,ST21!STC2ERTA converted from lb/MWh,Cold plate,16.004773701080257,2.947430832885522,18.95220453396578,15.551915491431052,6.7449576990246785
2021,IL,181296445.222,298.15624383314,egrid2021_data.xlsx,ST21!STC2ERTA converted from lb/MWh,One-phase,15.689639908055215,3.0497891214600124,18.73942902951523,16.274717424188818,5.546537104668103
2021,IL,181296445.222,298.15624383314,egrid2021_data.xlsx,ST21!STC2ERTA converted from lb/MWh,Two-phase,14.935330297091022,2.819329915902762,17.754660212993784,15.879379735126834,0.0
2021,IN,94126667.181,745.2205124441001,egrid2021_data.xlsx,ST21!STC2ERTA converted from lb/MWh,Air-cooled,47.09069567199304,3.510421164350264,50.6011168363433,6.937438111699878,26.08171797942036
2021,IN,94126667.181,745.2205124441001,egrid2021_data.xlsx,ST21!STC2ERTA converted from lb/MWh,Cold plate,39.98614289017495,2.947430832885522,42.933573723060476,6.86509548890033,6.976665189169862
2021,IN,94126667.181,745.2205124441001,egrid2021_data.xlsx,ST21!STC2ERTA converted from lb/MWh,One-phase,39.19881623921633,3.0497891214600124,42.248605360676336,7.218674073200672,5.26994420571294
2021,IN,94126667.181,745.2205124441001,egrid2021_data.xlsx,ST21!STC2ERTA converted from lb/MWh,Two-phase,37.314257766177086,2.819329915902762,40.13358768207985,7.024863907598343,0.0
2021,KS,56573059.816,383.1222593968,egrid2021_data.xlsx,ST21!STC2ERTA converted from lb/MWh,Air-cooled,24.215962500455788,3.510421164350264,27.72638366480605,12.66094131419724,25.984074544396528
2021,KS,56573059.816,383.1222593968,egrid2021_data.xlsx,ST21!STC2ERTA converted from lb/MWh,Cold plate,20.56251076669137,2.947430832885522,23.509941599576894,12.53695514470596,6.825263287945749
2021,KS,56573059.816,383.1222593968,egrid2021_data.xlsx,ST21!STC2ERTA converted from lb/MWh,One-phase,20.157635188126434,3.0497891214600124,23.207424309586447,13.141437329605834,5.450675051921916
2021,KS,56573059.816,383.1222593968,egrid2021_data.xlsx,ST21!STC2ERTA converted from lb/MWh,Two-phase,19.188518111774204,2.819329915902762,22.007848027676967,12.81056608695764,0.0
2021,KY,69904814.122,789.1418616312001,egrid2021_data.xlsx,ST21!STC2ERTA converted from lb/MWh,Air-cooled,49.8653269626267,3.510421164350264,53.375748126976966,6.576809295486091,26.087875405716666
2021,KY,69904814.122,789.1418616312001,egrid2021_data.xlsx,ST21!STC2ERTA converted from lb/MWh,Cold plate,42.34216676435216,2.947430832885522,45.28959759723768,6.507964277133018,6.986212641568312
2021,KY,69904814.122,789.1418616312001,egrid2021_data.xlsx,ST21!STC2ERTA converted from lb/MWh,One-phase,41.508450032921665,3.0497891214600124,44.55823915438168,6.844500993168416,5.2585472606471395
2021,KY,69904814.122,789.1418616312001,egrid2021_data.xlsx,ST21!STC2ERTA converted from lb/MWh,Two-phase,39.51285147364659,2.819329915902762,42.332181389549355,6.660015674502369,0.0
2021,LA,97167796.19,375.90923352906003,egrid2021_data.xlsx,ST21!STC2ERTA converted from lb/MWh,Air-cooled,23.760296004703893,3.510421164350264,27.27071716905416,12.872493020952765,25.98046835316361
2021,LA,97167796.19,375.90923352906003,egrid2021_data.xlsx,ST21!STC2ERTA converted from lb/MWh,Cold plate,20.175590477037694,2.947430832885522,23.123021309923217,12.746737519204014,6.819671675885908
2021,LA,97167796.19,375.90923352906003,egrid2021_data.xlsx,ST21!STC2ERTA converted from lb/MWh,One-phase,19.778333354113194,3.0497891214600124,22.828122475573206,13.359789552221741,5.457349847753901
2021,LA,97167796.19,375.90923352906003,egrid2021_data.xlsx,ST21!STC2ERTA converted from lb/MWh,Two-phase,18.827451942857756,2.819329915902762,21.64678185876052,13.02424505544583,0.0
2021,MA,19429416.602,389.89983658934,egrid2021_data.xlsx,ST21!STC2ERTA converted from lb/MWh,Air-cooled,24.6441205170276,3.510421164350264,28.154541681377864,12.46840102771819,25.98735683915745
2021,MA,19429416.602,389.89983658934,egrid2021_data.xlsx,ST21!STC2ERTA converted from lb/MWh,Cold plate,20.926072769458653,2.947430832885522,23.873503602344176,12.346033837262619,6.830352679434859
2021,MA,19429416.602,389.89983658934,egrid2021_data.xlsx,ST21!STC2ERTA converted from lb/MWh,One-phase,20.5140386596285,3.0497891214600124,23.563827781088513,12.942672768588404,5.444599764735414
2021,MA,19429416.602,389.89983658934,egrid2021_data.xlsx,ST21!STC2ERTA converted from lb/MWh,Two-phase,19.52778680099252,2.819329915902762,22.347116716895282,12.616079074627285,0.0
2021,MD,38166718.985,318.42365810948,egrid2021_data.xlsx,ST21!STC2ERTA converted from lb/MWh,Air-cooled,20.12877558761035,3.510421164350264,23.63919675196061,14.85000188959091,25.946768963128687
2021,MD,38166718.985,318.42365810948,egrid2021_data.xlsx,ST21!STC2ERTA converted from lb/MWh,Cold plate,17.091955966349136,2.947430832885522,20.03938679923466,14.708188740576084,6.767418785354851
2021,MD,38166718.985,318.42365810948,egrid2021_data.xlsx,ST21!STC2ERTA converted from lb/MWh,One-phase,16.755415568184738,3.0497891214600124,19.80520468964475,15.398927550870553,5.519724950352933
2021,MD,38166718.985,318.42365810948,egrid2021_data.xlsx,ST21!STC2ERTA converted from lb/MWh,Two-phase,15.949866742791244,2.819329915902762,18.769196658694007,15.021047342464872,0.0
2021,ME,10900945.883,140.33059306112,egrid2021_data.xlsx,ST21!STC2ERTA converted from lb/MWh,Air-cooled,8.878151458942416,3.510421164350264,12.38857262329268,28.335961462986134,25.71743006074083
2021,ME,10900945.883,140.33059306112,egrid2021_data.xlsx,ST21!STC2ERTA converted from lb/MWh,Cold plate,7.538708608397625,2.947430832885522,10.486139441283147,28.10787372597495,6.411815299695922
2021,ME,10900945.883,140.33059306112,egrid2021_data.xlsx,ST21!STC2ERTA converted from lb/MWh,One-phase,7.390271530645345,3.0497891214600124,10.440060652105357,29.21236976573491,5.944214460447439
2021,ME,10900945.883,140.33059306112,egrid2021_data.xlsx,ST21!STC2ERTA converted from lb/MWh,Two-phase,7.034970014748935,2.819329915902762,9.854299930651697,28.610149231740607,0.0
2021,MI,115299089.641,458.25575315597,egrid2021_data.xlsx,ST21!STC2ERTA converted from lb/MWh,Air-cooled,28.96235000032,3.510421164350264,32.47277116467026,10.810352915520598,26.01562918576368
2021,MI,115299089.641,458.25575315597,egrid2021_data.xlsx,ST21!STC2ERTA converted from lb/MWh,Cold plate,24.592812848097807,2.947430832885522,27.54024368098333,10.702268531199444,6.874190619253473
2021,MI,115299089.641,458.25575315597,egrid2021_data.xlsx,ST21!STC2ERTA converted from lb/MWh,One-phase,24.108580672203125,3.0497891214600124,27.158369793663137,11.229647230783415,5.392269722011922
2021,MI,115299089.641,458.25575315597,egrid2021_data.xlsx,ST21!STC2ERTA converted from lb/MWh,Two-phase,22.949514293731827,2.819329915902762,25.76884420963459,10.940847377425861,0.0
2021,MN,59157704.839,377.18745682772004,egrid2021_data.xlsx,ST21!STC2ERTA converted from lb/MWh,Air-cooled,23.841044852963787,3.510421164350264,27.351466017314053,12.834489976252438,25.981116152373396
2021,MN,59157704.839,377.18745682772004,egrid2021_data.xlsx,ST21!STC2ERTA converted from lb/MWh,Cold plate,20.244156781668813,2.947430832885522,23.191587614554336,12.709051583151659,6.820676126742731
2021,MN,59157704.839,377.18745682772004,egrid2021_data.xlsx,ST21!STC2ERTA converted from lb/MWh,One-phase,19.845549589067875,3.0497891214600124,22.895338710527888,13.320567823954654,5.4561508188654795
2021,MN,59157704.839,377.18745682772004,egrid2021_data.xlsx,ST21!STC2ERTA converted from lb/MWh,Two-phase,18.891436628055,2.819329915902762,21.710766543957764,12.985860771863894,0.0
2021,MO,76941409.993,747.9647462826,egrid2021_data.xlsx,ST21!STC2ERTA converted from lb/MWh,Air-cooled,47.26405640015924,3.510421164350264,50.7744775645095,6.913751421450349,26.082122390793483
2021,MO,76941409.993,747.9647462826,egrid2021_data.xlsx,ST21!STC2ERTA converted from lb/MWh,Cold plate,40.13334876065696,2.947430832885522,43.08077959354248,6.841637641411954,6.977292252840406
2021,MO,76941409.993,747.9647462826,egrid2021_data.xlsx,ST21!STC2ERTA converted from lb/MWh,One-phase,39.34312362795863,3.0497891214600124,42.39291274941864,7.1941013807828895,5.269195669882909
2021,MO,76941409.993,747.9647462826,egrid2021_data.xlsx,ST21!STC2ERTA converted from lb/MWh,Two-phase,37.451627299691395,2.819329915902762,40.27095721559416,7.0009011725478185,0.0
2021,MS,67723496.549,379.36742175794,egrid2021_data.xlsx,ST21!STC2ERTA converted from lb/MWh,Air-cooled,23.97875917685912,3.510421164350264,27.489180341209384,12.77019220208522,25.98221218623533
2021,MS,67723496.549,379.36742175794,egrid2021_data.xlsx,ST21!STC2ERTA converted from lb/MWh,Cold plate,20.36109420539385,2.947430832885522,23.308525038279374,12.645291060009091,6.822375591847196
2021,MS,67723496.549,379.36742175794,egrid2021_data.xlsx,ST21!STC2ERTA converted from lb/MWh,One-phase,19.960184516389443,3.0497891214600124,23.009973637849455,13.254205195799823,5.4541221404674545
2021,MS,67723496.549,379.36742175794,egrid2021_data.xlsx,ST21!STC2ERTA converted from lb/MWh,Two-phase,19.0005602607938,2.819329915902762,21.819890176696564,12.920917076446973,0.0
2021,MT,24947923.138,477.65227008191,egrid2021_data.xlsx,ST21!STC2ERTA converted from lb/MWh,Air-cooled,30.187680819798228,3.510421164350264,33.698101984148494,10.417266723216512,26.02233378881136
2021,MT,24947923.138,477.65227008191,egrid2021_data.xlsx,ST21!STC2ERTA converted from lb/MWh,Cold plate,25.633278539593885,2.947430832885522,28.580709372479408,10.312658074622972,6.884586501456114
2021,MT,24947923.138,477.65227008191,egrid2021_data.xlsx,ST21!STC2ERTA converted from lb/MWh,One-phase,25.128559607310297,3.0497891214600124,28.17834872877031,10.823164802223326,5.37985999285806
2021,MT,24947923.138,477.65227008191,egrid2021_data.xlsx,ST21!STC2ERTA converted from lb/MWh,Two-phase,23.92045578003577,2.819329915902762,26.739785695938533,10.543577080092252,0.0
2021,NC,129730297.061,305.11208282709003,egrid2021_data.xlsx,ST21!STC2ERTA converted from lb/MWh,Air-cooled,19.287847110008098,3.510421164350264,22.798268274358364,15.397753557880973,25.93743773206503
2021,NC,129730297.061,305.11208282709003,egrid2021_data.xlsx,ST21!STC2ERTA converted from lb/MWh,Cold plate,16.37789800254166,2.947430832885522,19.325328835427182,15.251646468660825,6.752950161596782
2021,NC,129730297.061,305.11208282709003,egrid2021_data.xlsx,ST21!STC2ERTA converted from lb/MWh,One-phase,16.055417396710293,3.0497891214600124,19.105206518170306,15.963130880367414,5.5369963755736995
2021,NC,129730297.061,305.11208282709003,egrid2021_data.xlsx,ST21!STC2ERTA converted from lb/MWh,Two-phase,15.283522329560764,2.819329915902762,18.102852245463527,15.57395419061253,0.0
2021,ND,43032366.995,612.7860553599401,egrid2021_data.xlsx,ST21!STC2ERTA converted from lb/MWh,Air-cooled,38.72445020402101,3.510421164350264,42.23487136837127,8.311665338654583,26.058259744831712
2021,ND,43032366.995,612.7860553599401,egrid2021_data.xlsx,ST21!STC2ERTA converted from lb/MWh,Cold plate,32.88210923845784,2.947430832885522,35.82954007134337,8.22625919008905,6.940291813784083
2021,ND,43032366.995,612.7860553599401,egrid2021_data.xlsx,ST21!STC2ERTA converted from lb/MWh,One-phase,32.23466092081748,3.0497891214600124,35.2844500422775,8.643436748499079,5.313363679707628
2021,ND,43032366.995,612.7860553599401,egrid2021_data.xlsx,ST21!STC2ERTA converted from lb/MWh,Two-phase,30.68491760731665,2.819329915902762,33.50424752321941,8.414843264123107,0.0
2021,NE,37910897.991,514.2417522003301,egrid2021_data.xlsx,ST21!STC2ERTA converted from lb/MWh,Air-cooled,32.499138092237104,3.510421164350264,36.009559256587366,9.748581312358299,26.03374073896081
2021,NE,37910897.991,514.2417522003301,egrid2021_data.xlsx,ST21!STC2ERTA converted from lb/MWh,Cold plate,27.596007258321333,2.947430832885522,30.543438091206855,9.649964172612439,6.902273650001978
2021,NE,37910897.991,514.2417522003301,egrid2021_data.xlsx,ST21!STC2ERTA converted from lb/MWh,One-phase,27.052642222233725,3.0497891214600124,30.102431343693738,10.131371405316479,5.358746563648298
2021,NE,37910897.991,514.2417522003301,egrid2021_data.xlsx,ST21!STC2ERTA converted from lb/MWh,Two-phase,25.752034423087878,2.819329915902762,28.57136433899064,9.867676889532682,0.0
2021,NH,17193229.589,139.72686161665,egrid2021_data.xlsx,ST21!STC2ERTA converted from lb/MWh,Air-cooled,8.840012098745852,3.510421164350264,12.350433263096116,28.423465716296988,25.71594471220613
2021,NH,17193229.589,139.72686161665,egrid2021_data.xlsx,ST21!STC2ERTA converted from lb/MWh,Cold plate,7.506323316891587,2.947430832885522,10.453754149777108,28.194950738805794,6.409512179244636
2021,NH,17193229.589,139.72686161665,egrid2021_data.xlsx,ST21!STC2ERTA converted from lb/MWh,One-phase,7.3585239051220395,3.0497891214600124,10.408313026582052,29.3014738668128,5.946963731788935
2021,NH,17193229.589,139.72686161665,egrid2021_data.xlsx,ST21!STC2ERTA converted from lb/MWh,Two-phase,7.004748717375788,2.819329915902762,9.82407863327855,28.69816113189923,0.0
2021,NJ,61421799.863,219.14589608758,egrid2021_data.xlsx,ST21!STC2ERTA converted from lb/MWh,Air-cooled,13.857128881207469,3.510421164350264,17.367550045557735,20.212529430702048,25.855475006311266
2021,NJ,61421799.863,219.14589608758,egrid2021_data.xlsx,ST21!STC2ERTA converted from lb/MWh,Cold plate,11.766509871738343,2.947430832885522,14.713940704623866,20.03155301529311,6.6258621243354465
2021,NJ,61421799.863,219.14589608758,egrid2021_data.xlsx,ST21!STC2ERTA converted from lb/MWh,One-phase,11.534827440246216,3.0497891214600124,14.584616561706229,20.910999672542797,5.688703377477755
2021,NJ,61421799.863,219.14589608758,egrid2021_data.xlsx,ST21!STC2ERTA converted from lb/MWh,Two-phase,10.980268428695918,2.819329915902762,13.79959834459868,20.430521566638784,0.0
2021,NM,35073356.999,517.4735978365801,egrid2021_data.xlsx,ST21!STC2ERTA converted from lb/MWh,Air-cooled,32.70330258615185,3.510421164350264,36.21372375050211,9.69362109385835,26.03467838448681
2021,NM,35073356.999,517.4735978365801,egrid2021_data.xlsx,ST21!STC2ERTA converted from lb/MWh,Cold plate,27.76936954380633,2.947430832885522,30.716800376691854,9.595500822807233,6.903727524656
2021,NM,35073356.999,517.4735978365801,egrid2021_data.xlsx,ST21!STC2ERTA converted from lb/MWh,One-phase,27.222591006496355,3.0497891214600124,30.272380127956367,10.074494005985178,5.357011050458715
2021,NM,35073356.999,517.4735978365801,egrid2021_data.xlsx,ST21!STC2ERTA converted from lb/MWh,Two-phase,25.913812592722497,2.819329915902762,28.73314250862526,9.81211823613251,0.0
2021,NV,41723320.004,325.16404072768,egrid2021_data.xlsx,ST21!STC2ERTA converted from lb/MWh,Air-cooled,20.554583921585525,3.510421164350264,24.065005085935788,14.587244639320044,25.951245658648613
2021,NV,41723320.004,325.16404072768,egrid2021_data.xlsx,ST21!STC2ERTA converted from lb/MWh,Cold plate,17.453522782111534,2.947430832885522,20.400953614997057,14.447514996155965,6.774360165620208
2021,NV,41723320.004,325.16404072768,egrid2021_data.xlsx,ST21!STC2ERTA converted from lb/MWh,One-phase,17.109863137888976,3.0497891214600124,20.159652259348988,15.128183176104539,5.511438914846933
2021,NV,41723320.004,325.16404072768,egrid2021_data.xlsx,ST21!STC2ERTA converted from lb/MWh,Two-phase,16.28727356395201,2.819329915902762,19.106603479854773,14.755788064976326,0.0
2021,NY,123769709.506,207.30123852977002,egrid2021_data.xlsx,ST21!STC2ERTA converted from lb/MWh,Air-cooled,13.108869592843151,3.510421164350264,16.619290757193415,21.12256904122596,25.839995238104784
2021,NY,123769709.506,207.30123852977002,egrid2021_data.xlsx,ST21!STC2ERTA converted from lb/MWh,Cold plate,11.131140136879424,2.947430832885522,14.078570969764947,20.93558244807237,6.601859831335455
2021,NY,123769709.506,207.30123852977002,egrid2021_data.xlsx,ST21!STC2ERTA converted from lb/MWh,One-phase,10.911968127481293,3.0497891214600124,13.961757248941305,21.843877293392076,5.71735529459223
2021,NY,123769709.506,207.30123852977002,egrid2021_data.xlsx,ST21!STC2ERTA converted from lb/MWh,Two-phase,10.38735427519854,2.819329915902762,13.206684191101301,21.347749935615433,0.0
2021,OH,125609191.275,551.05031943346,egrid2021_data.xlsx,ST21!STC2ERTA converted from lb/MWh,Air-cooled,34.824435568263446,3.510421164350264,38.33485673261371,9.157256511575126,26.043829732922475
2021,OH,125609191.275,551.05031943346,egrid2021_data.xlsx,ST21!STC2ERTA converted from lb/MWh,Cold plate,29.570488115138485,2.947430832885522,32.517918948024004,9.064020479282936,6.9179172297967995
2021,OH,125609191.275,551.05031943346,egrid2021_data.xlsx,ST21!STC2ERTA converted from lb/MWh,One-phase,28.988245575795574,3.0497891214600124,32.03803469725558,9.519276542019792,5.340072574806687
2021,OH,125609191.275,551.05031943346,egrid2021_data.xlsx,ST21!STC2ERTA converted from lb/MWh,Two-phase,27.5945799231131,2.819329915902762,30.41390983901586,9.269870039155709,0.0
2021,OK,80754585.812,343.20839879865,egrid2021_data.xlsx,ST21!STC2ERTA converted from lb/MWh,Air-cooled,21.69449518227641,3.510421164350264,25.204916346626675,13.927525551260498,25.962486947170028
2021,OK,80754585.812,343.20839879865,egrid2021_data.xlsx,ST21!STC2ERTA converted from lb/MWh,Cold plate,18.421456126515576,2.947430832885522,21.3688869594011,13.793094785354834,6.7917904460474965
2021,OK,80754585.812,343.20839879865,egrid2021_data.xlsx,ST21!STC2ERTA converted from lb/MWh,One-phase,18.058737886906762,3.0497891214600124,21.108527008366774,14.448138045118776,5.490632113176597
2021,OK,80754585.812,343.20839879865,egrid2021_data.xlsx,ST21!STC2ERTA converted from lb/MWh,Two-phase,17.190529334651632,2.819329915902762,20.009859250554396,14.08970388347259,0.0
2021,OR,61016874.601,148.19724553403,egrid2021_data.xlsx,ST21!STC2ERTA converted from lb/MWh,Air-cooled,9.375109328130268,3.510421164350264,12.885530492480532,27.24312488646705,25.735983466848843
2021,OR,61016874.601,148.19724553403,egrid2021_data.xlsx,ST21!STC2ERTA converted from lb/MWh,Cold plate,7.960690659929745,2.947430832885522,10.908121492815267,27.02051709661351,6.440583449426129
2021,OR,61016874.601,148.19724553403,egrid2021_data.xlsx,ST21!STC2ERTA converted from lb/MWh,One-phase,7.8039447608863,3.0497891214600124,10.853733882346312,28.09898560734495,5.909873464709814
2021,OR,61016874.601,148.19724553403,egrid2021_data.xlsx,ST21!STC2ERTA converted from lb/MWh,Two-phase,7.428755108920614,2.819329915902762,10.248085024823375,27.510797471660837,0.0
2021,PA,241279607.04,330.95777606969,egrid2021_data.xlsx,ST21!STC2ERTA converted from lb/MWh,Air-cooled,20.920589968009814,3.510421164350264,24.431011132360076,14.36871010099348,25.954969157368613
2021,PA,241279607.04,330.95777606969,egrid2021_data.xlsx,ST21!STC2ERTA converted from lb/MWh,Cold plate,17.764309655444855,2.947430832885522,20.711740488330378,14.230725006168333,6.780133669852995
2021,PA,241279607.04,330.95777606969,egrid2021_data.xlsx,ST21!STC2ERTA converted from lb/MWh,One-phase,17.414530621592352,3.0497891214600124,20.464319743052364,14.902958709367388,5.504546991448711
2021,PA,241279607.04,330.95777606969,egrid2021_data.xlsx,ST21!STC2ERTA converted from lb/MWh,Two-phase,16.57729357247734,2.819329915902762,19.396623488380104,14.535158233038509,0.0
2021,RI,9314561.279,378.10462059986,egrid2021_data.xlsx,ST21!STC2ERTA converted from lb/MWh,Air-cooled,23.898984587236853,3.510421164350264,27.409405751587116,12.80735962014425,25.981578620006584
2021,RI,9314561.279,378.10462059986,egrid2021_data.xlsx,ST21!STC2ERTA converted from lb/MWh,Cold plate,20.293355173423294,2.947430832885522,23.240786006308817,12.68214780724468,6.8213932100664065
2021,RI,9314561.279,378.10462059986,egrid2021_data.xlsx,ST21!STC2ERTA converted from lb/MWh,One-phase,19.893779265107035,3.0497891214600124,22.943568386567048,13.292566657789799,5.455294825150481
2021,RI,9314561.279,378.10462059986,egrid2021_data.xlsx,ST21!STC2ERTA converted from lb/MWh,Two-phase,18.9373475696692,2.819329915902762,21.756677485571963,12.958458007995075,0.0
2021,SC,98113946.629,258.72636629378,egrid2021_data.xlsx,ST21!STC2ERTA converted from lb/MWh,Air-cooled,16.357535020014595,3.510421164350264,19.867956184364857,17.668758335156788,25.89876474471837
2021,SC,98113946.629,258.72636629378,egrid2021_data.xlsx,ST21!STC2ERTA converted from lb/MWh,Cold plate,13.889680823516741,2.947430832885522,16.837111656402264,17.50556088855519,6.692985415284136
2021,SC,98113946.629,258.72636629378,egrid2021_data.xlsx,ST21!STC2ERTA converted from lb/MWh,One-phase,13.616193182668272,3.0497891214600124,16.665982304128285,18.299486137727133,5.608577242499235
2021,SC,98113946.629,258.72636629378,egrid2021_data.xlsx,ST21!STC2ERTA converted from lb/MWh,Two-phase,12.961568510424607,2.819329915902762,15.780898426327369,17.865458858788777,0.0
2021,SD,17322408.875,138.15924638593,egrid2021_data.xlsx,ST21!STC2ERTA converted from lb/MWh,Air-cooled,8.74098157369752,3.510421164350264,12.251402738047783,28.653218242906583,25.71204492507835
2021,SD,17322408.875,138.15924638593,egrid2021_data.xlsx,ST21!STC2ERTA converted from lb/MWh,Cold plate,7.422233484100546,2.947430832885522,10.369664316986068,28.423589643663508,6.403465329444957
2021,SD,17322408.875,138.15924638593,egrid2021_data.xlsx,ST21!STC2ERTA converted from lb/MWh,One-phase,7.276089800081806,3.0497891214600124,10.325878921541818,29.535394949262393,5.954181952117432
2021,SD,17322408.875,138.15924638593,egrid2021_data.xlsx,ST21!STC2ERTA converted from lb/MWh,Two-phase,6.92627779046249,2.819329915902762,9.745607706365252,28.929236645359147,0.0
2021,TN,79057209.281,318.71531800339005,egrid2021_data.xlsx,ST21!STC2ERTA converted from lb/MWh,Air-cooled,20.14720053772785,3.510421164350264,23.657621702078117,14.838436460592757,25.94696600105968
2021,TN,79057209.281,318.71531800339005,egrid2021_data.xlsx,ST21!STC2ERTA converted from lb/MWh,Cold plate,17.10760115225326,2.947430832885522,20.055031985138783,14.696714695192872,6.767724304280454
2021,TN,79057209.281,318.71531800339005,egrid2021_data.xlsx,ST21!STC2ERTA converted from lb/MWh,One-phase,16.770752700575038,3.0497891214600124,19.82054182203505,15.387011862962678,5.5193602475750225
2021,TN,79057209.281,318.71531800339005,egrid2021_data.xlsx,ST21!STC2ERTA converted from lb/MWh,Two-phase,15.964466513047396,2.819329915902762,18.783796428950158,15.009372181853104,0.0
2021,TX,480614368.135,390.19920755354,egrid2021_data.xlsx,ST21!STC2ERTA converted from lb/MWh,Air-cooled,24.663032596463914,3.510421164350264,28.173453760814176,12.460031326485183,25.98749952396304
2021,TX,480614368.135,390.19920755354,egrid2021_data.xlsx,ST21!STC2ERTA converted from lb/MWh,Cold plate,20.94213159169305,2.947430832885522,23.889562424578575,12.337734699791248,6.830573920635974
2021,TX,480614368.135,390.19920755354,egrid2021_data.xlsx,ST21!STC2ERTA converted from lb/MWh,One-phase,20.529781283854934,3.0497891214600124,23.579570405314946,12.934031744584182,5.444335665611333
2021,TX,480614368.135,390.19920755354,egrid2021_data.xlsx,ST21!STC2ERTA converted from lb/MWh,Two-phase,19.54277256828499,2.819329915902762,22.362102484187755,12.607624519636785,0.0
2021,UT,42560373.008,712.68251737452,egrid2021_data.xlsx,ST21!STC2ERTA converted from lb/MWh,Air-cooled,45.03518187459227,3.510421164350264,48.54560303894253,7.231182526529248,26.076702991054113
2021,UT,42560373.008,712.68251737452,egrid2021_data.xlsx,ST21!STC2ERTA converted from lb/MWh,Cold plate,38.240743565686394,2.947430832885522,41.18817439857192,7.156012316456822,6.968889154118685
2021,UT,42560373.008,712.68251737452,egrid2021_data.xlsx,ST21!STC2ERTA converted from lb/MWh,One-phase,37.48778380549063,3.0497891214600124,40.537572926950645,7.523363885045069,5.2792265818495165
2021,UT,42560373.008,712.68251737452,egrid2021_data.xlsx,ST21!STC2ERTA converted from lb/MWh,Two-phase,35.68548650714974,2.819329915902762,38.5048164230525,7.322018848049495,0.0
2021,VA,93103269.048,272.85712939639,egrid2021_data.xlsx,ST21!STC2ERTA converted from lb/MWh,Air-cooled,17.250213824074393,3.510421164350264,20.760634988424655,16.909025982623085,25.911699598603754
2021,VA,93103269.048,272.85712939639,egrid2021_data.xlsx,ST21!STC2ERTA converted from lb/MWh,Cold plate,14.647681564529258,2.947430832885522,17.59511239741478,16.751418043334482,6.713041668629072
2021,VA,93103269.048,272.85712939639,egrid2021_data.xlsx,ST21!STC2ERTA converted from lb/MWh,One-phase,14.359268898616865,3.0497891214600124,17.409058020076877,17.518404028195345,5.584635775387503
2021,VA,93103269.048,272.85712939639,egrid2021_data.xlsx,ST21!STC2ERTA converted from lb/MWh,Two-phase,13.66891943233721,2.819329915902762,16.48824934823997,17.099025229162425,0.0
2021,VT,2107702.867,20.336360316580002,egrid2021_data.xlsx,ST21!STC2ERTA converted from lb/MWh,Air-cooled,1.297788855546651,3.510421164350264,4.808210019896915,73.008898318163,24.963663100082243
2021,VT,2107702.867,20.336360316580002,egrid2021_data.xlsx,ST21!STC2ERTA converted from lb/MWh,Cold plate,1.1019920151663518,2.947430832885522,4.049422848051874,72.78644250015762,5.2430551992774355
2021,VT,2107702.867,20.336360316580002,egrid2021_data.xlsx,ST21!STC2ERTA converted from lb/MWh,One-phase,1.0802938062376468,3.0497891214600124,4.130082927697659,73.8432901917574,7.339381893987373
2021,VT,2107702.867,20.336360316580002,egrid2021_data.xlsx,ST21!STC2ERTA converted from lb/MWh,Two-phase,1.0283566040146832,2.819329915902762,3.847686519917445,73.27337872533474,0.0
2021,WA,110808400.626,92.05838586098001,egrid2021_data.xlsx,ST21!STC2ERTA converted from lb/MWh,Air-cooled,5.828664613834326,3.510421164350264,9.33908577818459,37.58848829240167,25.560566357129154
2021,WA,110808400.626,92.05838586098001,egrid2021_data.xlsx,ST21!STC2ERTA converted from lb/MWh,Cold plate,4.949296517747149,2.947430832885522,7.896727350632671,37.32471316297098,6.1685888815135925
2021,WA,110808400.626,92.05838586098001,egrid2021_data.xlsx,ST21!STC2ERTA converted from lb/MWh,One-phase,4.851844931515846,3.0497891214600124,7.901634052975858,38.59694211365587,6.234557686147091
2021,WA,110808400.626,92.05838586098001,egrid2021_data.xlsx,ST21!STC2ERTA converted from lb/MWh,Two-phase,4.6185831559622,2.819329915902762,7.437913071864962,37.90485165210261,0.0
2021,WI,64242541.956,578.29988106121,egrid2021_data.xlsx,ST21!STC2ERTA converted from lb/MWh,Air-cooled,36.54586461695515,3.510421164350264,40.05628578130541,8.763721088660212,26.050545003238177
2021,WI,64242541.956,578.29988106121,egrid2021_data.xlsx,ST21!STC2ERTA converted from lb/MWh,Cold plate,31.03220591170148,2.947430832885522,33.979636744587005,8.67410930564186,6.928329652227294
2021,WI,64242541.956,578.29988106121,egrid2021_data.xlsx,ST21!STC2ERTA converted from lb/MWh,One-phase,30.421182167315227,3.0497891214600124,33.47097128877524,9.111743711132709,5.327643101321011
2021,WI,64242541.956,578.29988106121,egrid2021_data.xlsx,ST21!STC2ERTA converted from lb/MWh,Two-phase,28.958625332348156,2.819329915902762,31.77795524825092,8.87196767028596,0.0
2021,WV,65836062.988,888.75754996875,egrid2021_data.xlsx,ST21!STC2ERTA converted from lb/MWh,Air-cooled,56.15832139505997,3.510421164350264,59.668742559410234,5.883182741541857,26.099720172430274
2021,WV,65836062.988,888.75754996875,egrid2021_data.xlsx,ST21!STC2ERTA converted from lb/MWh,Cold plate,47.68573986284875,2.947430832885522,50.63317069573427,5.821146083458361,7.004578650502324
2021,WV,65836062.988,888.75754996875,egrid2021_data.xlsx,ST21!STC2ERTA converted from lb/MWh,One-phase,46.7468082442673,3.0497891214600124,49.79659736572731,6.124493003128444,5.23662346504552
2021,WV,65836062.988,888.75754996875,egrid2021_data.xlsx,ST21!STC2ERTA converted from lb/MWh,Two-phase,44.499365540216,2.819329915902762,47.31869545611876,5.958173378886326,0.0
2021,WY,43460743.876,837.9751625930301,egrid2021_data.xlsx,ST21!STC2ERTA converted from lb/MWh,Air-cooled,52.95025962934498,3.510421164350264,56.46068079369524,6.217461629938866,26.094011555715202
2021,WY,43460743.876,837.9751625930301,egrid2021_data.xlsx,ST21!STC2ERTA converted from lb/MWh,Cold plate,44.961676980917716,2.947430832885522,47.90910781380324,6.15213049748409,6.9957271038129765
2021,WY,43460743.876,837.9751625930301,egrid2021_data.xlsx,ST21!STC2ERTA converted from lb/MWh,One-phase,44.07638212624526,3.0497891214600124,47.12617124770527,6.471540209429843,5.2471896964501274
2021,WY,43460743.876,837.9751625930301,egrid2021_data.xlsx,ST21!STC2ERTA converted from lb/MWh,Two-phase,41.9573252932527,2.819329915902762,44.776655209155464,6.296428133663486,0.0
2022,AK,6694128.234,416.14968063361,egrid2022_data.xlsx,ST22!STC2ERTA converted from lb/MWh,Air-cooled,26.30239468226834,3.510421164350264,29.812815846618605,11.774872868134054,25.999181049252496
2022,AK,6694128.234,416.14968063361,egrid2022_data.xlsx,ST22!STC2ERTA converted from lb/MWh,Cold plate,22.33416383237829,2.947430832885522,25.281594665263814,11.658405539327816,6.848686814120208
2022,AK,6694128.234,416.14968063361,egrid2022_data.xlsx,ST22!STC2ERTA converted from lb/MWh,One-phase,21.894404427216248,3.0497891214600124,24.94419354867626,12.226449075247247,5.422714017929042
2022,AK,6694128.234,416.14968063361,egrid2022_data.xlsx,ST22!STC2ERTA converted from lb/MWh,Two-phase,20.841788829753934,2.819329915902762,23.661118745656697,11.915454827850377,0.0
2022,AL,144788892.892,358.9593938469,egrid2022_data.xlsx,ST22!STC2ERTA converted from lb/MWh,Air-cooled,22.689528452618802,3.510421164350264,26.199949616969064,13.398579828094975,25.9715013714086
2022,AL,144788892.892,358.9593938469,egrid2022_data.xlsx,ST22!STC2ERTA converted from lb/MWh,Cold plate,19.266369159984574,2.947430832885522,22.213799992870097,13.26846750142502,6.8057678421502565
2022,AL,144788892.892,358.9593938469,egrid2022_data.xlsx,ST22!STC2ERTA converted from lb/MWh,One-phase,18.887014593365688,3.0497891214600124,21.9368037148257,13.902613895381908,5.47394707418416
2022,AL,144788892.892,358.9593938469,egrid2022_data.xlsx,ST22!STC2ERTA converted from lb/MWh,Two-phase,17.978985045607725,2.819329915902762,20.79831496151049,13.555568906039907,0.0
2022,AR,65905029.856,481.50236211847,egrid2022_data.xlsx,ST22!STC2ERTA converted from lb/MWh,Air-cooled,30.430901623215544,3.510421164350264,33.94132278756581,10.342617423373625,26.02360711160625
2022,AR,65905029.856,481.50236211847,egrid2022_data.xlsx,ST22!STC2ERTA converted from lb/MWh,Cold plate,25.839804726147808,2.947430832885522,28.78723555903333,10.238672716042124,6.886560863500724
2022,AR,65905029.856,481.50236211847,egrid2022_data.xlsx,ST22!STC2ERTA converted from lb/MWh,One-phase,25.33101929584661,3.0497891214600124,28.38080841730662,10.745955776228877,5.377503165630926
2022,AR,65905029.856,481.50236211847,egrid2022_data.xlsx,ST22!STC2ERTA converted from lb/MWh,Two-phase,24.113181829700142,2.819329915902762,26.932511745602906,10.468128418668769,0.0
2022,AZ,104698773.165,322.91966568092005,egrid2022_data.xlsx,ST22!STC2ERTA converted from lb/MWh,Air-cooled,20.4128006351448,3.510421164350264,23.923221799495067,14.673697354694744,25.949772695625196
2022,AZ,104698773.165,322.91966568092005,egrid2022_data.xlsx,ST22!STC2ERTA converted from lb/MWh,Cold plate,17.33313027845122,2.947430832885522,20.28056111133674,14.533280498032777,6.772076249634207
2022,AZ,104698773.165,322.91966568092005,egrid2022_data.xlsx,ST22!STC2ERTA converted from lb/MWh,One-phase,16.991841161112625,3.0497891214600124,20.041630282572637,15.217270643456493,5.514165261514226
2022,AZ,104698773.165,322.91966568092005,egrid2022_data.xlsx,ST22!STC2ERTA converted from lb/MWh,Two-phase,16.174925720674523,2.819329915902762,18.994255636577286,14.843066081903052,0.0
2022,CA,203256382.497,207.51170538945001,egrid2022_data.xlsx,ST22!STC2ERTA converted from lb/MWh,Air-cooled,13.122165357780194,3.510421164350264,16.63258652213046,21.105684071923985,25.84028241665848
2022,CA,203256382.497,207.51170538945001,egrid2022_data.xlsx,ST22!STC2ERTA converted from lb/MWh,Cold plate,11.142429975541182,2.947430832885522,14.089860808426703,20.918807310876744,6.602305118609553
2022,CA,203256382.497,207.51170538945001,egrid2022_data.xlsx,ST22!STC2ERTA converted from lb/MWh,One-phase,10.923035669361694,3.0497891214600124,13.972824790821706,21.826575278202295,5.716823748124122
2022,CA,203256382.497,207.51170538945001,egrid2022_data.xlsx,ST22!STC2ERTA converted from lb/MWh,Two-phase,10.397889723719306,2.819329915902762,13.217219639622067,21.330733639706523,0.0
2022,CO,58012255.357,532.13098168076,egrid2022_data.xlsx,ST22!STC2ERTA converted from lb/MWh,Air-cooled,33.62924945722006,3.510421164350264,37.139670621570325,9.451944795416276,26.038801654109946
2022,CO,58012255.357,532.13098168076,egrid2022_data.xlsx,ST22!STC2ERTA converted from lb/MWh,Cold plate,28.55561921302208,2.947430832885522,31.503050045907603,9.356017365272248,6.910120897237082
2022,CO,58012255.357,532.13098168076,egrid2022_data.xlsx,ST22!STC2ERTA converted from lb/MWh,One-phase,27.993359429606894,3.0497891214600124,31.043148551066906,9.824355014901334,5.349379180400482
2022,CO,58012255.357,532.13098168076,egrid2022_data.xlsx,ST22!STC2ERTA converted from lb/MWh,Two-phase,26.64752484164503,2.819329915902762,29.466854757547793,9.567800632609437,0.0
2022,CT,42761369.034,237.36352644389,egrid2022_data.xlsx,ST22!STC2ERTA converted from lb/MWh,Air-cooled,15.007986224238762,3.510421164350264,18.518407388589026,18.956388045083038,25.876848221033445
2022,CT,42761369.034,237.36352644389,egrid2022_data.xlsx,ST22!STC2ERTA converted from lb/MWh,Cold plate,12.743737867799261,2.947430832885522,15.691168700684784,18.78401086056064,6.659002553524784
2022,CT,42761369.034,237.36352644389,egrid2022_data.xlsx,ST22!STC2ERTA converted from lb/MWh,One-phase,12.492813829346572,3.0497891214600124,15.542602950806584,19.622125914898593,5.649143122535838
2022,CT,42761369.034,237.36352644389,egrid2022_data.xlsx,ST22!STC2ERTA converted from lb/MWh,Two-phase,11.892197779858757,2.819329915902762,14.711527695761518,19.164086655086326,0.0
2022,DC,160237.001,251.69613815115,egrid2022_data.xlsx,ST22!STC2ERTA converted from lb/MWh,Air-cooled,15.913416354585168,3.510421164350264,19.423837518935432,18.072747781833076,25.89188768831896
2022,DC,160237.001,251.69613815115,egrid2022_data.xlsx,ST22!STC2ERTA converted from lb/MWh,Cold plate,13.512566148045579,2.947430832885522,16.459996980931102,17.906630458681853,6.682322133994956
2022,DC,160237.001,251.69613815115,egrid2022_data.xlsx,ST22!STC2ERTA converted from lb/MWh,One-phase,13.246503890417532,3.0497891214600124,16.296293011877545,18.714618835321474,5.621306170175688
2022,DC,160237.001,251.69613815115,egrid2022_data.xlsx,ST22!STC2ERTA converted from lb/MWh,Two-phase,12.609652741839767,2.819329915902762,15.428982657742528,18.272947597669205,0.0
2022,DE,5308370.0,408.59419252652003,egrid2022_data.xlsx,ST22!STC2ERTA converted from lb/MWh,Air-cooled,25.82509391382793,3.510421164350264,29.335515078178197,11.966454841495386,25.99591447767633
2022,DE,5308370.0,408.59419252652003,egrid2022_data.xlsx,ST22!STC2ERTA converted from lb/MWh,Cold plate,21.92887322335041,2.947430832885522,24.876304056235934,11.848347030260177,6.843621802355737
2022,DE,5308370.0,408.59419252652003,egrid2022_data.xlsx,ST22!STC2ERTA converted from lb/MWh,One-phase,21.497093985186407,3.0497891214600124,24.54688310664642,12.424343686364963,5.428760202652305
2022,DE,5308370.0,408.59419252652003,egrid2022_data.xlsx,ST22!STC2ERTA converted from lb/MWh,Two-phase,20.463579851283217,2.819329915902762,23.28290976718598,12.10901018856421,0.0
2022,FL,257955504.155,371.29347757194,egrid2022_data.xlsx,ST22!STC2ERTA converted from lb/MWh,Air-cooled,23.468706125394913,3.510421164350264,26.97912728974518,13.011618673390455,25.978096876655222
2022,FL,257955504.155,371.29347757194,egrid2022_data.xlsx,ST22!STC2ERTA converted from lb/MWh,Cold plate,19.927992636041854,2.947430832885522,22.875423468927377,12.884705006178958,6.815994561782013
2022,FL,257955504.155,371.29347757194,egrid2022_data.xlsx,ST22!STC2ERTA converted from lb/MWh,One-phase,19.535610711494733,3.0497891214600124,22.585399832954746,13.50336564336582,5.461739277069078
2022,FL,257955504.155,371.29347757194,egrid2022_data.xlsx,ST22!STC2ERTA converted from lb/MWh,Two-phase,18.59639865805749,2.819329915902762,21.41572857396025,13.1647630206279,0.0
2022,GA,126484632.485,336.19994308978,egrid2022_data.xlsx,ST22!STC2ERTA converted from lb/MWh,Air-cooled,21.25175194080599,3.510421164350264,24.76217310515625,14.176547225652364,25.958243504664047
2022,GA,126484632.485,336.19994308978,egrid2022_data.xlsx,ST22!STC2ERTA converted from lb/MWh,Cold plate,18.045509365388735,2.947430832885522,20.99294019827426,14.040104935505024,6.785210738328451
2022,GA,126484632.485,336.19994308978,egrid2022_data.xlsx,ST22!STC2ERTA converted from lb/MWh,One-phase,17.69019351278158,3.0497891214600124,20.739982634241592,14.704877893315242,5.498486414438708
2022,GA,126484632.485,336.19994308978,egrid2022_data.xlsx,ST22!STC2ERTA converted from lb/MWh,Two-phase,16.8397034400517,2.819329915902762,19.659033355954463,14.34114213478774,0.0
2022,HI,9304192.004,663.86237059142,egrid2022_data.xlsx,ST22!STC2ERTA converted from lb/MWh,Air-cooled,41.95108019318257,3.510421164350264,45.46150135753283,7.721744903984782,26.068328692739918
2022,HI,9304192.004,663.86237059142,egrid2022_data.xlsx,ST22!STC2ERTA converted from lb/MWh,Cold plate,35.6219389640372,2.947430832885522,38.56936979692272,7.641895235531394,6.955904310991445
2022,HI,9304192.004,663.86237059142,egrid2022_data.xlsx,ST22!STC2ERTA converted from lb/MWh,One-phase,34.92054343353457,3.0497891214600124,37.970332554994584,8.032031631650394,5.294726794642757
2022,HI,9304192.004,663.86237059142,egrid2022_data.xlsx,ST22!STC2ERTA converted from lb/MWh,Two-phase,33.24167115307618,2.819329915902762,36.061001068978946,7.818224209887665,0.0
2022,IA,72909386.062,281.93804864379,egrid2022_data.xlsx,ST22!STC2ERTA converted from lb/MWh,Air-cooled,17.82388023364257,3.510421164350264,21.33430139799283,16.454352541773552,25.919441931019826
2022,IA,72909386.062,281.93804864379,egrid2022_data.xlsx,ST22!STC2ERTA converted from lb/MWh,Cold plate,15.13479917230606,2.947430832885522,18.082230005191583,16.30015120944312,6.725046611382424
2022,IA,72909386.062,281.93804864379,egrid2022_data.xlsx,ST22!STC2ERTA converted from lb/MWh,One-phase,14.836795166818673,3.0497891214600124,17.886584288278684,17.050707235693846,5.57030528518252
2022,IA,72909386.062,281.93804864379,egrid2022_data.xlsx,ST22!STC2ERTA converted from lb/MWh,Two-phase,14.12348770687547,2.819329915902762,16.942817622778232,16.64026597389801,0.0
2022,ID,16278410.189,112.68776684858001,egrid2022_data.xlsx,ST22!STC2ERTA converted from lb/MWh,Air-cooled,7.131878814991192,3.510421164350264,10.642299979341455,32.9855498450955,25.638553805853938
2022,ID,16278410.189,112.68776684858001,egrid2022_data.xlsx,ST22!STC2ERTA converted from lb/MWh,Cold plate,6.055895358990347,2.947430832885522,9.00332619187587,32.73713258934381,6.289513017433923
2022,ID,16278410.189,112.68776684858001,egrid2022_data.xlsx,ST22!STC2ERTA converted from lb/MWh,One-phase,5.936654855482785,3.0497891214600124,8.986443976942798,33.93766354394561,6.090208630849436
2022,ID,16278410.189,112.68776684858001,egrid2022_data.xlsx,ST22!STC2ERTA converted from lb/MWh,Two-phase,5.651238756661498,2.819329915902762,8.47056867256426,33.28383282027365,0.0
2022,IL,185197549.577,268.70539843378003,egrid2022_data.xlsx,ST22!STC2ERTA converted from lb/MWh,Air-cooled,16.987937667891703,3.510421164350264,20.49835883224197,17.12537668541886,25.908015840301623
2022,IL,185197549.577,268.70539843378003,egrid2022_data.xlsx,ST22!STC2ERTA converted from lb/MWh,Cold plate,14.424974897996739,2.947430832885522,17.37240573088226,16.966163918483595,6.707329784256477
2022,IL,185197549.577,268.70539843378003,egrid2022_data.xlsx,ST22!STC2ERTA converted from lb/MWh,One-phase,14.140947323549378,3.0497891214600124,17.190736445009392,17.740886966744174,5.591454142183161
2022,IL,185197549.577,268.70539843378003,egrid2022_data.xlsx,ST22!STC2ERTA converted from lb/MWh,Two-phase,13.461094086840275,2.819329915902762,16.280424002743036,17.317300307582542,0.0
2022,IN,98022168.549,715.133730542,egrid2022_data.xlsx,ST22!STC2ERTA converted from lb/MWh,Air-cooled,45.19003168864354,3.510421164350264,48.700452852993806,7.208189983256932,26.077095519741466
2022,IN,98022168.549,715.133730542,egrid2022_data.xlsx,ST22!STC2ERTA converted from lb/MWh,Cold plate,38.372231255617756,2.947430832885522,41.31966208850328,7.133240408821279,6.969497792984547
2022,IN,98022168.549,715.133730542,egrid2022_data.xlsx,ST22!STC2ERTA converted from lb/MWh,One-phase,37.616682504459796,3.0497891214600124,40.66647162591981,7.499517414528167,5.278500040000456
2022,IN,98022168.549,715.133730542,egrid2022_data.xlsx,ST22!STC2ERTA converted from lb/MWh,Two-phase,35.80818815328385,2.819329915902762,38.627518069186614,7.298760202125844,0.0
2022,KS,62194840.58,374.77752056591004,egrid2022_data.xlsx,ST22!STC2ERTA converted from lb/MWh,Air-cooled,23.688802613501466,3.510421164350264,27.199223777851728,12.906328478420743,25.979891600176263
2022,KS,62194840.58,374.77752056591004,egrid2022_data.xlsx,ST22!STC2ERTA converted from lb/MWh,Cold plate,20.114883262681897,2.947430832885522,23.06231409556742,12.78029091387676,6.8187773863845225
2022,KS,62194840.58,374.77752056591004,egrid2022_data.xlsx,ST22!STC2ERTA converted from lb/MWh,One-phase,19.71882146404509,3.0497891214600124,22.7686105855051,13.394708956907374,5.458417375288471
2022,KS,62194840.58,374.77752056591004,egrid2022_data.xlsx,ST22!STC2ERTA converted from lb/MWh,Two-phase,18.770801201350615,2.819329915902762,21.590131117253378,13.058419611216456,0.0
2022,KY,69146933.093,785.73765089435,egrid2022_data.xlsx,ST22!STC2ERTA converted from lb/MWh,Air-cooled,49.65027369570318,3.510421164350264,53.16069486005344,6.603414747665575,26.087421119997533
2022,KY,69146933.093,785.73765089435,egrid2022_data.xlsx,ST22!STC2ERTA converted from lb/MWh,Cold plate,42.15955849030796,2.947430832885522,45.10698932319348,6.534310706855329,6.985508244784677
2022,KY,69146933.093,785.73765089435,egrid2022_data.xlsx,ST22!STC2ERTA converted from lb/MWh,One-phase,41.32943731349836,3.0497891214600124,44.37922643495837,6.872109692875662,5.25938811023845
2022,KY,69146933.093,785.73765089435,egrid2022_data.xlsx,ST22!STC2ERTA converted from lb/MWh,Two-phase,39.3424451349648,2.819329915902762,42.16177505086756,6.686933632422453,0.0
2022,LA,105223371.518,372.24284640235,egrid2022_data.xlsx,ST22!STC2ERTA converted from lb/MWh,Air-cooled,23.52868034094067,3.510421164350264,27.039101505290937,12.982758186929232,25.978588812853577
2022,LA,105223371.518,372.24284640235,egrid2022_data.xlsx,ST22!STC2ERTA converted from lb/MWh,Cold plate,19.97891856776397,2.947430832885522,22.926349400649492,12.856084417879554,6.8167573378528745
2022,LA,105223371.518,372.24284640235,egrid2022_data.xlsx,ST22!STC2ERTA converted from lb/MWh,One-phase,19.585533912261283,3.0497891214600124,22.635323033721296,13.473583376373933,5.460828739198376
2022,LA,105223371.518,372.24284640235,egrid2022_data.xlsx,ST22!STC2ERTA converted from lb/MWh,Two-phase,18.643921704941032,2.819329915902762,21.463251620843796,13.135614145085087,0.0
2022,MA,21022930.789,389.73518255903,egrid2022_data.xlsx,ST22!STC2ERTA converted from lb/MWh,Air-cooled,24.633718873337628,3.510421164350264,28.14414003768789,12.473009158032365,25.98727828091438
2022,MA,21022930.789,389.73518255903,egrid2022_data.xlsx,ST22!STC2ERTA converted from lb/MWh,Cold plate,20.917240417229735,2.947430832885522,23.864671250115258,12.350603123733737,6.830230870248721
2022,MA,21022930.789,389.73518255903,egrid2022_data.xlsx,ST22!STC2ERTA converted from lb/MWh,One-phase,20.505380216303966,3.0497891214600124,23.555169337763978,12.947430255024944,5.444745170289167
2022,MA,21022930.789,389.73518255903,egrid2022_data.xlsx,ST22!STC2ERTA converted from lb/MWh,Two-phase,19.519544628981663,2.819329915902762,22.338874544884426,12.62073391494284,0.0
2022,MD,37134094.879,290.525912985,egrid2022_data.xlsx,ST22!STC2ERTA converted from lb/MWh,Air-cooled,18.366399021472446,3.510421164350264,21.87682018582271,16.046304419621254,25.926391122557945
2022,MD,37134094.879,290.525912985,egrid2022_data.xlsx,ST22!STC2ERTA converted from lb/MWh,Cold plate,15.59546838649378,2.947430832885522,18.5428992193793,15.895199547895636,6.735821742455839
2022,MD,37134094.879,290.525912985,egrid2022_data.xlsx,ST22!STC2ERTA converted from lb/MWh,One-phase,15.288393809968762,3.0497891214600124,18.338182931428776,16.63081414807544,5.557442840648075
2022,MD,37134094.879,290.525912985,egrid2022_data.xlsx,ST22!STC2ERTA converted from lb/MWh,Two-phase,14.553374876797188,2.819329915902762,17.37270479269995,16.228502985254494,0.0
2022,ME,12763920.003,155.44973393796002,egrid2022_data.xlsx,ST22!STC2ERTA converted from lb/MWh,Air-cooled,9.833268779807867,3.510421164350264,13.34368994415813,26.307724317943457,25.75186838604808
2022,ME,12763920.003,155.44973393796002,egrid2022_data.xlsx,ST22!STC2ERTA converted from lb/MWh,Cold plate,8.349727794332507,2.947430832885522,11.297158627218028,26.090019005171207,6.465213952920501
2022,ME,12763920.003,155.44973393796002,egrid2022_data.xlsx,ST22!STC2ERTA converted from lb/MWh,One-phase,8.18532175900212,3.0497891214600124,11.235110880462132,27.14516264155077,5.880471642783536
2022,ME,12763920.003,155.44973393796002,egrid2022_data.xlsx,ST22!STC2ERTA converted from lb/MWh,Two-phase,7.791796674434711,2.819329915902762,10.611126590337474,26.56956254268093,0.0
2022,MI,116615130.596,460.72601720299,egrid2022_data.xlsx,ST22!STC2ERTA converted from lb/MWh,Air-cooled,29.1184033103354,3.510421164350264,32.628824474685665,10.758650429082252,26.016510999061705
2022,MI,116615130.596,460.72601720299,egrid2022_data.xlsx,ST22!STC2ERTA converted from lb/MWh,Cold plate,24.72532246308045,2.947430832885522,27.672753295965972,10.65102124592419,6.875557922747122
2022,MI,116615130.596,460.72601720299,egrid2022_data.xlsx,ST22!STC2ERTA converted from lb/MWh,One-phase,24.238481174532147,3.0497891214600124,27.28827029599216,11.176190679655999,5.390637550186894
2022,MI,116615130.596,460.72601720299,egrid2022_data.xlsx,ST22!STC2ERTA converted from lb/MWh,Two-phase,23.073169579602723,2.819329915902762,25.892499495505486,10.888596971459442,0.0
2022,MN,58966891.046,350.99476542207003,egrid2022_data.xlsx,ST22!STC2ERTA converted from lb/MWh,Air-cooled,22.18638117561543,3.510421164350264,25.696802339965693,13.6609260479487,25.96703024078353
2022,MN,58966891.046,350.99476542207003,egrid2022_data.xlsx,ST22!STC2ERTA converted from lb/MWh,Cold plate,18.839131493903015,2.947430832885522,21.786562326788538,13.528664085115397,6.798835090582345
2022,MN,58966891.046,350.99476542207003,egrid2022_data.xlsx,ST22!STC2ERTA converted from lb/MWh,One-phase,18.46818923155972,3.0497891214600124,21.517978353019732,14.173214004706995,5.482222809477411
2022,MN,58966891.046,350.99476542207003,egrid2022_data.xlsx,ST22!STC2ERTA converted from lb/MWh,Two-phase,17.580295518503966,2.819329915902762,20.39962543440673,13.820498444778208,0.0
2022,MO,79361031.625,688.44753063779,egrid2022_data.xlsx,ST22!STC2ERTA converted from lb/MWh,Air-cooled,43.50419173489108,3.510421164350264,47.01461289924134,7.466659721039435,26.07268306520045
2022,MO,79361031.625,688.44753063779,egrid2022_data.xlsx,ST22!STC2ERTA converted from lb/MWh,Cold plate,36.94073324271404,2.947430832885522,39.88816407559956,7.389236634955902,6.96265602214341
2022,MO,79361031.625,688.44753063779,egrid2022_data.xlsx,ST22!STC2ERTA converted from lb/MWh,One-phase,36.21337066943897,3.0497891214600124,39.26315979089898,7.767559049506095,5.286667170159887
2022,MO,79361031.625,688.44753063779,egrid2022_data.xlsx,ST22!STC2ERTA converted from lb/MWh,Two-phase,34.47234323340826,2.819329915902762,37.29167314931102,7.560212985388267,0.0
2022,MS,67781239.54,403.10753921900005,egrid2022_data.xlsx,ST22!STC2ERTA converted from lb/MWh,Air-cooled,25.47848707615877,3.510421164350264,28.988908240509033,12.109532153559373,25.99347504609959
2022,MS,67781239.54,403.10753921900005,egrid2022_data.xlsx,ST22!STC2ERTA converted from lb/MWh,Cold plate,21.634558808581772,2.947430832885522,24.581989641467295,11.990204519139121,6.839839319913055
2022,MS,67781239.54,403.10753921900005,egrid2022_data.xlsx,ST22!STC2ERTA converted from lb/MWh,One-phase,21.208574617545594,3.0497891214600124,24.258363739005606,12.572113907898013,5.433275411821481
2022,MS,67781239.54,403.10753921900005,egrid2022_data.xlsx,ST22!STC2ERTA converted from lb/MWh,Two-phase,20.188931607086676,2.819329915902762,23.00826152298944,12.25355472027184,0.0
2022,MT,27088739.999,467.81430516898007,egrid2022_data.xlsx,ST22!STC2ERTA converted from lb/MWh,Air-cooled,29.56618977298884,3.510421164350264,33.076610937339105,10.613001347086211,26.018995187672832
2022,MT,27088739.999,467.81430516898007,egrid2022_data.xlsx,ST22!STC2ERTA converted from lb/MWh,Cold plate,25.10555157680313,2.947430832885522,28.052982409688653,10.506657687375046,6.879409803609704
2022,MT,27088739.999,467.81430516898007,egrid2022_data.xlsx,ST22!STC2ERTA converted from lb/MWh,One-phase,24.61122358178438,3.0497891214600124,27.661012703244392,11.025587364349459,5.386039499025319
2022,MT,27088739.999,467.81430516898007,egrid2022_data.xlsx,ST22!STC2ERTA converted from lb/MWh,Two-phase,23.42799167881398,2.819329915902762,26.247321594716745,10.741400434817157,0.0
2022,NC,134252770.682,298.06053584307,egrid2022_data.xlsx,ST22!STC2ERTA converted from lb/MWh,Air-cooled,18.842381675285477,3.510421164350264,22.352802839635743,15.704612927223712,25.9322108293119
2022,NC,134252770.682,298.06053584307,egrid2022_data.xlsx,ST22!STC2ERTA converted from lb/MWh,Cold plate,15.999639744275019,2.947430832885522,18.94707057716054,15.556129486520506,6.744845540798239
2022,NC,134252770.682,298.06053584307,egrid2022_data.xlsx,ST22!STC2ERTA converted from lb/MWh,One-phase,15.684607038794946,3.0497891214600124,18.73439616025496,16.27908951733466,5.546670989718483
2022,NC,134252770.682,298.06053584307,egrid2022_data.xlsx,ST22!STC2ERTA converted from lb/MWh,Two-phase,14.930539392699036,2.819329915902762,17.7498693086018,15.883665771761377,0.0
2022,ND,44400926.002,599.39328704332,egrid2022_data.xlsx,ST22!STC2ERTA converted from lb/MWh,Air-cooled,37.8783925412383,3.510421164350264,41.38881370558856,8.481569897897959,26.05536005858564
2022,ND,44400926.002,599.39328704332,egrid2022_data.xlsx,ST22!STC2ERTA converted from lb/MWh,Cold plate,32.163695927408,2.947430832885522,35.11112676029352,8.39457774456476,6.935795679348611
2022,ND,44400926.002,599.39328704332,egrid2022_data.xlsx,ST22!STC2ERTA converted from lb/MWh,One-phase,31.53039315883314,3.0497891214600124,34.58018228029315,8.819470923373506,5.318730786557824
2022,ND,44400926.002,599.39328704332,egrid2022_data.xlsx,ST22!STC2ERTA converted from lb/MWh,Two-phase,30.01450887235078,2.819329915902762,32.833838788253544,8.58665943414265,0.0
2022,NE,40692718.002,501.51893981420005,egrid2022_data.xlsx,ST22!STC2ERTA converted from lb/MWh,Air-cooled,31.695403370859594,3.510421164350264,35.20582453520986,9.971137477093999,26.02994397542957
2022,NE,40692718.002,501.51893981420005,egrid2022_data.xlsx,ST22!STC2ERTA converted from lb/MWh,Cold plate,26.91353164490817,2.947430832885522,29.86096247779369,9.870515175381232,6.896386544361066
2022,NE,40692718.002,501.51893981420005,egrid2022_data.xlsx,ST22!STC2ERTA converted from lb/MWh,One-phase,26.38360454507126,3.0497891214600124,29.433393666531273,10.361663204769789,5.365774094845754
2022,NE,40692718.002,501.51893981420005,egrid2022_data.xlsx,ST22!STC2ERTA converted from lb/MWh,Two-phase,25.115162018865917,2.819329915902762,27.93449193476868,10.092647908135682,0.0
2022,NH,18764370.187,139.00701052546003,egrid2022_data.xlsx,ST22!STC2ERTA converted from lb/MWh,Air-cooled,8.794537144101263,3.510421164350264,12.304958308451527,28.528509210300772,25.71416168866536
2022,NH,18764370.187,139.00701052546003,egrid2022_data.xlsx,ST22!STC2ERTA converted from lb/MWh,Cold plate,7.467709148882507,2.947430832885522,10.415139981768029,28.29948361755172,6.406747496151177
2022,NH,18764370.187,139.00701052546003,egrid2022_data.xlsx,ST22!STC2ERTA converted from lb/MWh,One-phase,7.320670049595753,3.0497891214600124,10.370459171055765,29.408428991958782,5.950263977762971
2022,NH,18764370.187,139.00701052546003,egrid2022_data.xlsx,ST22!STC2ERTA converted from lb/MWh,Two-phase,6.968714758749805,2.819329915902762,9.788044674652566,28.803811278097132,0.0
2022,NJ,65039128.884,221.61253139564002,egrid2022_data.xlsx,ST22!STC2ERTA converted from lb/MWh,Air-cooled,14.012952953896365,3.510421164350264,17.52337411824663,20.032792432907968,25.858532781919806
2022,NJ,65039128.884,221.61253139564002,egrid2022_data.xlsx,ST22!STC2ERTA converted from lb/MWh,Cold plate,11.898824834330263,2.947430832885522,14.846255667215786,19.853024890270348,6.6306033856454505
2022,NJ,65039128.884,221.61253139564002,egrid2022_data.xlsx,ST22!STC2ERTA converted from lb/MWh,One-phase,11.664537122887644,3.0497891214600124,14.714326244347657,20.726665093697747,5.683043658797038
2022,NJ,65039128.884,221.61253139564002,egrid2022_data.xlsx,ST22!STC2ERTA converted from lb/MWh,Two-phase,11.103742068902664,2.819329915902762,13.923071984805425,20.249338069784905,0.0
2022,NM,40853345.001,449.79353390125004,egrid2022_data.xlsx,ST22!STC2ERTA converted from lb/MWh,Air-cooled,28.42776855492021,3.510421164350264,31.938189719270476,10.991296611379914,26.012543192337432
2022,NM,40853345.001,449.79353390125004,egrid2022_data.xlsx,ST22!STC2ERTA converted from lb/MWh,Cold plate,24.13888347293877,2.947430832885522,27.086314305824292,10.88162383263693,6.869405604553935
2022,NM,40853345.001,449.79353390125004,egrid2022_data.xlsx,ST22!STC2ERTA converted from lb/MWh,One-phase,23.66358916073595,3.0497891214600124,26.71337828219596,11.416710717912634,5.397981669806362
2022,NM,40853345.001,449.79353390125004,egrid2022_data.xlsx,ST22!STC2ERTA converted from lb/MWh,Two-phase,22.52591660493134,2.819329915902762,25.345246520834102,11.12370287495621,0.0
2022,NV,41832941.006,307.87355317565004,egrid2022_data.xlsx,ST22!STC2ERTA converted from lb/MWh,Air-cooled,19.462296715475183,3.510421164350264,22.972717879825446,15.280826512186888,25.939429528280012
2022,NV,41832941.006,307.87355317565004,egrid2022_data.xlsx,ST22!STC2ERTA converted from lb/MWh,Cold plate,16.526028471879577,2.947430832885522,19.4734593047651,15.135630432977536,6.756038559026933
2022,NV,41832941.006,307.87355317565004,egrid2022_data.xlsx,ST22!STC2ERTA converted from lb/MWh,One-phase,16.200631178968667,3.0497891214600124,19.25042030042868,15.842714464743908,5.5333097066714965
2022,NV,41832941.006,307.87355317565004,egrid2022_data.xlsx,ST22!STC2ERTA converted from lb/MWh,Two-phase,15.42175467997979,2.819329915902762,18.24108459588255,15.455933560766184,0.0
2022,NY,124473610.617,222.87170381476002,egrid2022_data.xlsx,ST22!STC2ERTA converted from lb/MWh,Air-cooled,14.092498306192134,3.510421164350264,17.602919470542396,19.94226679400981,25.860072905581653
2022,NY,124473610.617,222.87170381476002,egrid2022_data.xlsx,ST22!STC2ERTA converted from lb/MWh,Cold plate,11.966369213910104,2.947430832885522,14.913800046795625,19.76311083451066,6.632991438159852
2022,NY,124473610.617,222.87170381476002,egrid2022_data.xlsx,ST22!STC2ERTA converted from lb/MWh,One-phase,11.730751554482461,3.0497891214600124,14.780540675942474,20.633812986449115,5.680193002707323
2022,NY,124473610.617,222.87170381476002,egrid2022_data.xlsx,ST22!STC2ERTA converted from lb/MWh,Two-phase,11.166773114363114,2.819329915902762,13.986103030265875,20.15808055897874,0.0
2022,OH,135802728.736,527.13239376336,egrid2022_data.xlsx,ST22!STC2ERTA converted from lb/MWh,Air-cooled,33.31347503996526,3.510421164350264,36.823896204315524,9.532997662368127,26.03741877091896
2022,OH,135802728.736,527.13239376336,egrid2022_data.xlsx,ST22!STC2ERTA converted from lb/MWh,Cold plate,28.287485544805282,2.947430832885522,31.234916377690805,9.436333356060118,6.907976655340642
2022,OH,135802728.736,527.13239376336,egrid2022_data.xlsx,ST22!STC2ERTA converted from lb/MWh,One-phase,27.730505309947358,3.0497891214600124,30.78029443140737,9.908251944296188,5.351938795895994
2022,OH,135802728.736,527.13239376336,egrid2022_data.xlsx,ST22!STC2ERTA converted from lb/MWh,Two-phase,26.397307939276818,2.819329915902762,29.21663785517958,9.649741116269288,0.0
2022,OK,84634922.609,312.58274916099,egrid2022_data.xlsx,ST22!STC2ERTA converted from lb/MWh,Air-cooled,19.75978945594155,3.510421164350264,23.270210620291813,15.08547224445467,25.942757435223164
2022,OK,84634922.609,312.58274916099,egrid2022_data.xlsx,ST22!STC2ERTA converted from lb/MWh,Cold plate,16.778638611936454,2.947430832885522,19.726069444821977,14.941805011536204,6.76119867489311
2022,OK,84634922.609,312.58274916099,egrid2022_data.xlsx,ST22!STC2ERTA converted from lb/MWh,One-phase,16.448267428542646,3.0497891214600124,19.49805655000266,15.641503108983425,5.527149994676539
2022,OK,84634922.609,312.58274916099,egrid2022_data.xlsx,ST22!STC2ERTA converted from lb/MWh,Two-phase,15.657485340631945,2.819329915902762,18.476815256534707,15.258743873112264,0.0
2022,OR,61254900.841,135.65360213405,egrid2022_data.xlsx,ST22!STC2ERTA converted from lb/MWh,Air-cooled,8.58269319974874,3.510421164350264,12.093114364099003,29.028264007588483,25.70567947073661
2022,OR,61254900.841,135.65360213405,egrid2022_data.xlsx,ST22!STC2ERTA converted from lb/MWh,Cold plate,7.287826008308387,2.947430832885522,10.235256841193909,28.79684289917354,6.393595317300704
2022,OR,61254900.841,135.65360213405,egrid2022_data.xlsx,ST22!STC2ERTA converted from lb/MWh,One-phase,7.144328805798752,3.0497891214600124,10.194117927258764,29.91714578173525,5.965963941857999
2022,OR,61254900.841,135.65360213405,egrid2022_data.xlsx,ST22!STC2ERTA converted from lb/MWh,Two-phase,6.800851459366121,2.819329915902762,9.620181375268883,29.306411240338612,0.0
2022,PA,239261130.761,323.96882483273004,egrid2022_data.xlsx,ST22!STC2ERTA converted from lb/MWh,Air-cooled,20.47907887716934,3.510421164350264,23.989500041519605,14.633156832258425,25.950463412155855
2022,PA,239261130.761,323.96882483273004,egrid2022_data.xlsx,ST22!STC2ERTA converted from lb/MWh,Cold plate,17.389409150918137,2.947430832885522,20.33683998380366,14.493062025530357,6.773147246326605
2022,PA,239261130.761,323.96882483273004,egrid2022_data.xlsx,ST22!STC2ERTA converted from lb/MWh,One-phase,17.04701190328799,3.0497891214600124,20.096801024748004,15.175495431856941,5.512886795808436
2022,PA,239261130.761,323.96882483273004,egrid2022_data.xlsx,ST22!STC2ERTA converted from lb/MWh,Two-phase,16.227444023322224,2.819329915902762,19.046773939224988,14.802138802606486,0.0
2022,RI,7804400.21,368.40091902845,egrid2022_data.xlsx,ST22!STC2ERTA converted from lb/MWh,Air-cooled,23.285975321507987,3.510421164350264,26.796396485858253,13.100347900147254,25.976584482742737
2022,RI,7804400.21,368.40091902845,egrid2022_data.xlsx,ST22!STC2ERTA converted from lb/MWh,Cold plate,19.772830349089173,2.947430832885522,22.720261181974696,12.972697845673933,6.813649505878416
2022,RI,7804400.21,368.40091902845,egrid2022_data.xlsx,ST22!STC2ERTA converted from lb/MWh,One-phase,19.383503568022057,3.0497891214600124,22.43329268948207,13.594924132068748,5.464538607423797
2022,RI,7804400.21,368.40091902845,egrid2022_data.xlsx,ST22!STC2ERTA converted from lb/MWh,Two-phase,18.451604358021,2.819329915902762,21.270934273923764,13.254377450448919,0.0
2022,SC,98658089.209,253.98179010358,egrid2022_data.xlsx,ST22!STC2ERTA converted from lb/MWh,Air-cooled,16.05780721561484,3.510421164350264,19.568228379965106,17.93939183551436,25.8941577050535
2022,SC,98658089.209,253.98179010358,egrid2022_data.xlsx,ST22!STC2ERTA converted from lb/MWh,Cold plate,13.63517282265034,2.947430832885522,16.582603655535863,17.774234336847126,6.685841928739356
2022,SC,98658089.209,253.98179010358,egrid2022_data.xlsx,ST22!STC2ERTA converted from lb/MWh,One-phase,13.366696441140256,3.0497891214600124,16.41648556260027,18.577600606599898,5.617104535470352
2022,SC,98658089.209,253.98179010358,egrid2022_data.xlsx,ST22!STC2ERTA converted from lb/MWh,Two-phase,12.724066804546975,2.819329915902762,15.543396720449737,18.138441465587107,0.0
2022,SD,17900462.342,148.29522148595,egrid2022_data.xlsx,ST22!STC2ERTA converted from lb/MWh,Air-cooled,9.38129873594579,3.510421164350264,12.891719900296055,27.23004526548586,25.736205556562197
2022,SD,17900462.342,148.29522148595,egrid2022_data.xlsx,ST22!STC2ERTA converted from lb/MWh,Cold plate,7.965946274479187,2.947430832885522,10.91337710736471,27.007504678790013,6.4409278126169145
2022,SD,17900462.342,148.29522148595,egrid2022_data.xlsx,ST22!STC2ERTA converted from lb/MWh,One-phase,7.809096892451316,3.0497891214600124,10.858886013911327,28.085653699218547,5.909462392917653
2022,SD,17900462.342,148.29522148595,egrid2022_data.xlsx,ST22!STC2ERTA converted from lb/MWh,Two-phase,7.4336595418526965,2.819329915902762,10.252989457755458,27.4976379086218,0.0
2022,TN,78032791.39,316.48137558114,egrid2022_data.xlsx,ST22!STC2ERTA converted from lb/MWh,Air-cooled,20.006076308600814,3.510421164350264,23.51649747295108,14.92748300799465,25.94544894850832
2022,TN,78032791.39,316.48137558114,egrid2022_data.xlsx,ST22!STC2ERTA converted from lb/MWh,Cold plate,16.987768274216258,2.947430832885522,19.93519910710178,14.785058413765828,6.765372024882699
2022,TN,78032791.39,316.48137558114,egrid2022_data.xlsx,ST22!STC2ERTA converted from lb/MWh,One-phase,16.653279330400515,3.0497891214600124,19.703068451860528,15.478752098493704,5.522168200729105
2022,TN,78032791.39,316.48137558114,egrid2022_data.xlsx,ST22!STC2ERTA converted from lb/MWh,Two-phase,15.852640901054341,2.819329915902762,18.671970816957103,15.099262651708754,0.0
2022,TX,521881132.673,372.82843415202,egrid2022_data.xlsx,ST22!STC2ERTA converted from lb/MWh,Air-cooled,23.565673514504738,3.510421164350264,27.076094678855,12.965020273369474,25.97889116315497
2022,TX,521881132.673,372.82843415202,egrid2022_data.xlsx,ST22!STC2ERTA converted from lb/MWh,Cold plate,20.010330597316415,2.947430832885522,22.957761430201938,12.838494039789298,6.817226149816102
2022,TX,521881132.673,372.82843415202,egrid2022_data.xlsx,ST22!STC2ERTA converted from lb/MWh,One-phase,19.616327439346627,3.0497891214600124,22.66611656080664,13.455278557658122,5.460269110936511
2022,TX,521881132.673,372.82843415202,egrid2022_data.xlsx,ST22!STC2ERTA converted from lb/MWh,Two-phase,18.67323477399343,2.819329915902762,21.49256468989619,13.117698872057595,0.0
2022,UT,39386042.997,691.38907715724,egrid2022_data.xlsx,ST22!STC2ERTA converted from lb/MWh,Air-cooled,43.69001724268577,3.510421164350264,47.20043840703603,7.437263895894187,26.073184879145895
2022,UT,39386042.997,691.38907715724,egrid2022_data.xlsx,ST22!STC2ERTA converted from lb/MWh,Cold plate,37.09852333694143,2.947430832885522,40.045954169826956,7.36012137552286,6.963434114243294
2022,UT,39386042.997,691.38907715724,egrid2022_data.xlsx,ST22!STC2ERTA converted from lb/MWh,One-phase,36.36805387869415,3.0497891214600124,39.417843000154164,7.737077651479012,5.285738349302904
2022,UT,39386042.997,691.38907715724,egrid2022_data.xlsx,ST22!STC2ERTA converted from lb/MWh,Two-phase,34.61958974991079,2.819329915902762,37.43891966581355,7.530478820085092,0.0
2022,VA,89477324.859,267.60634412127,egrid2022_data.xlsx,ST22!STC2ERTA converted from lb/MWh,Air-cooled,16.918507412627786,3.510421164350264,20.428928576978052,17.18357940859541,25.907024871463857
2022,VA,89477324.859,267.60634412127,egrid2022_data.xlsx,ST22!STC2ERTA converted from lb/MWh,Cold plate,14.366019555157422,2.947430832885522,17.313450388042945,17.023936689829796,6.705793228664669
2022,VA,89477324.859,267.60634412127,egrid2022_data.xlsx,ST22!STC2ERTA converted from lb/MWh,One-phase,14.08315281066961,3.0497891214600124,17.132941932129622,17.800732259184887,5.593288352917014
2022,VA,89477324.859,267.60634412127,egrid2022_data.xlsx,ST22!STC2ERTA converted from lb/MWh,Two-phase,13.406078156310496,2.819329915902762,16.22540807221326,17.376018546682907,0.0
2022,VT,2182637.111,19.32711729333,egrid2022_data.xlsx,ST22!STC2ERTA converted from lb/MWh,Air-cooled,1.2340322241136246,3.510421164350264,4.744453388463889,73.99000215463879,24.947210344855453
2022,VT,2182637.111,19.32711729333,egrid2022_data.xlsx,ST22!STC2ERTA converted from lb/MWh,Cold plate,1.047854318997352,2.947430832885522,3.9952851518828743,73.77272762362092,5.2175442325534505
2022,VT,2182637.111,19.32711729333,egrid2022_data.xlsx,ST22!STC2ERTA converted from lb/MWh,One-phase,1.0272220806258074,3.0497891214600124,4.07701120208582,74.80453131695405,7.369834738808745
2022,VT,2182637.111,19.32711729333,egrid2022_data.xlsx,ST22!STC2ERTA converted from lb/MWh,Two-phase,0.9778364036726439,2.819329915902762,3.797166319575406,74.24825985020365,0.0
2022,WA,116650629.994,84.35230508705,egrid2022_data.xlsx,ST22!STC2ERTA converted from lb/MWh,Air-cooled,5.341850496344133,3.510421164350264,8.852271660694397,39.655596878450254,25.525574892016856
2022,WA,116650629.994,84.35230508705,egrid2022_data.xlsx,ST22!STC2ERTA converted from lb/MWh,Cold plate,4.535927834504388,2.947430832885522,7.48335866738991,39.38647021863973,6.114332552418533
2022,WA,116650629.994,84.35230508705,egrid2022_data.xlsx,ST22!STC2ERTA converted from lb/MWh,One-phase,4.446615472450886,3.0497891214600124,7.496404593910898,40.68335804523229,6.29932432507474
2022,WA,116650629.994,84.35230508705,egrid2022_data.xlsx,ST22!STC2ERTA converted from lb/MWh,Two-phase,4.232835882429209,2.819329915902762,7.052165798331972,39.97821373640435,0.0
2022,WI,61228765.961,534.51687754696,egrid2022_data.xlsx,ST22!STC2ERTA converted from lb/MWh,Air-cooled,33.77997299939433,3.510421164350264,37.290394163744594,9.41374110698796,26.03945347672203
2022,WI,61228765.961,534.51687754696,egrid2022_data.xlsx,ST22!STC2ERTA converted from lb/MWh,Cold plate,28.683603159920487,2.947430832885522,31.63103399280601,9.318161504160344,6.911131586616293
2022,WI,61228765.961,534.51687754696,egrid2022_data.xlsx,ST22!STC2ERTA converted from lb/MWh,One-phase,28.118823374199383,3.0497891214600124,31.168612495659396,9.78480874592904,5.348172704489151
2022,WI,61228765.961,534.51687754696,egrid2022_data.xlsx,ST22!STC2ERTA converted from lb/MWh,Two-phase,26.76695686582442,2.819329915902762,29.586286781727182,9.529177948900337,0.0
2022,WV,56665360.441,895.5392094926201,egrid2022_data.xlsx,ST22!STC2ERTA converted from lb/MWh,Air-cooled,56.5867373036241,3.510421164350264,60.09715846797436,5.841243169959458,26.100436428067987
2022,WV,56665360.441,895.5392094926201,egrid2022_data.xlsx,ST22!STC2ERTA converted from lb/MWh,Cold plate,48.04952084955559,2.947430832885522,50.996951682441114,5.779621596285253,7.005689247085556
2022,WV,56665360.441,895.5392094926201,egrid2022_data.xlsx,ST22!STC2ERTA converted from lb/MWh,One-phase,47.103426387917914,3.0497891214600124,50.15321550937793,6.080944343219121,5.235297728323252
2022,WV,56665360.441,895.5392094926201,egrid2022_data.xlsx,ST22!STC2ERTA converted from lb/MWh,Two-phase,44.83883858080648,2.819329915902762,47.658168496709244,5.915732821536006,0.0
2022,WY,46210977.449,824.44223423408,egrid2022_data.xlsx,ST22!STC2ERTA converted from lb/MWh,Air-cooled,52.09534767482617,3.510421164350264,55.605768839176434,6.313052112458223,26.09237921314833
2022,WY,46210977.449,824.44223423408,egrid2022_data.xlsx,ST22!STC2ERTA converted from lb/MWh,Cold plate,44.23574522127631,2.947430832885522,47.183176054161834,6.246783449893559,6.993196060450879
2022,WY,46210977.449,824.44223423408,egrid2022_data.xlsx,ST22!STC2ERTA converted from lb/MWh,One-phase,43.36474395382763,3.0497891214600124,46.414533075287636,6.570763335080932,5.25021104297827
2022,WY,46210977.449,824.44223423408,egrid2022_data.xlsx,ST22!STC2ERTA converted from lb/MWh,Two-phase,41.279900494509,2.819329915902762,44.099230410411764,6.393149924986269,0.0
2023,AK,6678905.161,369.4376952,egrid2023_data_metric_rev2.xlsx,eGRID2023 ST23!STC2ERTA,Air-cooled,23.351471296932413,3.510421164350264,26.86189246128268,13.068405993397526,25.97712892988726
2023,AK,6678905.161,369.4376952,egrid2023_data_metric_rev2.xlsx,eGRID2023 ST23!STC2ERTA,Cold plate,19.828444975177828,2.947430832885522,22.77587580806335,12.94102083153282,6.814493703266367
2023,AK,6678905.161,369.4376952,egrid2023_data_metric_rev2.xlsx,eGRID2023 ST23!STC2ERTA,One-phase,19.438023142821997,3.0497891214600124,22.48781226428201,13.561964523797068,5.463530875638045
2023,AK,6678905.161,369.4376952,egrid2023_data_metric_rev2.xlsx,eGRID2023 ST23!STC2ERTA,Two-phase,18.503502799417095,2.819329915902762,21.32283271531986,13.222117124603018,0.0
2023,AL,138596256.477,323.8595136,egrid2023_data_metric_rev2.xlsx,eGRID2023 ST23!STC2ERTA,Air-cooled,20.47217338878239,3.510421164350264,23.982594553132657,14.637370266895186,25.950391624643476
2023,AL,138596256.477,323.8595136,egrid2023_data_metric_rev2.xlsx,eGRID2023 ST23!STC2ERTA,Cold plate,17.383545490561744,2.947430832885522,20.330976323447267,14.497241972026277,6.773035935557448
2023,AL,138596256.477,323.8595136,egrid2023_data_metric_rev2.xlsx,eGRID2023 ST23!STC2ERTA,One-phase,17.04126369833032,3.0497891214600124,20.09105281979033,15.179837257985167,5.513019669235653
2023,AL,138596256.477,323.8595136,egrid2023_data_metric_rev2.xlsx,eGRID2023 ST23!STC2ERTA,Two-phase,16.221972174372134,2.819329915902762,19.041302090274897,14.806392454341127,0.0
2023,AR,63195646.552,452.8805904,egrid2023_data_metric_rev2.xlsx,eGRID2023 ST23!STC2ERTA,Air-cooled,28.622786324545135,3.510421164350264,32.1332074888954,10.924589976159075,26.013680855929742
2023,AR,63195646.552,452.8805904,egrid2023_data_metric_rev2.xlsx,eGRID2023 ST23!STC2ERTA,Cold plate,24.304478996450715,2.947430832885522,27.25190982933624,10.815501927548068,6.871169619009021
2023,AR,63195646.552,452.8805904,egrid2023_data_metric_rev2.xlsx,eGRID2023 ST23!STC2ERTA,One-phase,23.825924110471163,3.0497891214600124,26.875713231931176,11.347751388553075,5.3958759378266885
2023,AR,63195646.552,452.8805904,egrid2023_data_metric_rev2.xlsx,eGRID2023 ST23!STC2ERTA,Two-phase,22.680446989775437,2.819329915902762,25.4997769056782,11.056292477896006,0.0
2023,AZ,111820945.514,312.5775744,egrid2023_data_metric_rev2.xlsx,eGRID2023 ST23!STC2ERTA,Air-cooled,19.759462552191323,3.510421164350264,23.269883716541585,15.08568417062975,25.94275382491449
2023,AZ,111820945.514,312.5775744,egrid2023_data_metric_rev2.xlsx,eGRID2023 ST23!STC2ERTA,Cold plate,16.778361028012892,2.947430832885522,19.725791860898415,14.94201527457099,6.76119307689671
2023,AZ,111820945.514,312.5775744,egrid2023_data_metric_rev2.xlsx,eGRID2023 ST23!STC2ERTA,One-phase,16.447995310243048,3.0497891214600124,19.49778443170306,15.641721407592895,5.5271566770934255
2023,AZ,111820945.514,312.5775744,egrid2023_data_metric_rev2.xlsx,eGRID2023 ST23!STC2ERTA,Two-phase,15.657226304942906,2.819329915902762,18.47655622084567,15.258957796052545,0.0
2023,CA,216080235.825,179.0672184,egrid2023_data_metric_rev2.xlsx,eGRID2023 ST23!STC2ERTA,Air-cooled,11.325249618449254,3.510421164350264,14.835670782799518,23.662031975124762,25.79681912107301
2023,CA,216080235.825,179.0672184,egrid2023_data_metric_rev2.xlsx,eGRID2023 ST23!STC2ERTA,Cold plate,9.616614132535387,2.947430832885522,12.564044965420909,23.459250910017577,6.534912717026176
2023,CA,216080235.825,179.0672184,egrid2023_data_metric_rev2.xlsx,eGRID2023 ST23!STC2ERTA,One-phase,9.427263121128112,3.0497891214600124,12.477052242588124,24.443186276403633,5.797271124727343
2023,CA,216080235.825,179.0672184,egrid2023_data_metric_rev2.xlsx,eGRID2023 ST23!STC2ERTA,Two-phase,8.974029317227723,2.819329915902762,11.793359233130484,23.906080194543396,0.0
2023,CO,57471488.483,494.9129808,egrid2023_data_metric_rev2.xlsx,eGRID2023 ST23!STC2ERTA,Air-cooled,31.278086942182437,3.510421164350264,34.7885081065327,10.090749375053152,26.02790351494937
2023,CO,57471488.483,494.9129808,egrid2023_data_metric_rev2.xlsx,eGRID2023 ST23!STC2ERTA,Cold plate,26.559175564383608,2.947430832885522,29.50660639726913,9.98905395355228,6.893222690119338
2023,CO,57471488.483,494.9129808,egrid2023_data_metric_rev2.xlsx,eGRID2023 ST23!STC2ERTA,One-phase,26.036225731318655,3.0497891214600124,29.086014852778668,10.485414165181371,5.369550837738468
2023,CO,57471488.483,494.9129808,egrid2023_data_metric_rev2.xlsx,eGRID2023 ST23!STC2ERTA,Two-phase,24.784484109620646,2.819329915902762,27.60381402552341,10.213552059494079,0.0
2023,CT,40652074.995,245.2497264,egrid2023_data_metric_rev2.xlsx,eGRID2023 ST23!STC2ERTA,Air-cooled,15.506178961196925,3.510421164350264,19.01660012554719,18.459772731058855,25.885300120812737
2023,CT,40652074.995,245.2497264,egrid2023_data_metric_rev2.xlsx,eGRID2023 ST23!STC2ERTA,Cold plate,13.166768483138085,2.947430832885522,16.11419931602361,18.290892244051253,6.672107722297582
2023,CT,40652074.995,245.2497264,egrid2023_data_metric_rev2.xlsx,eGRID2023 ST23!STC2ERTA,One-phase,12.907514977186056,3.0497891214600124,15.957304098646068,19.112182750962162,5.633499275114717
2023,CT,40652074.995,245.2497264,egrid2023_data_metric_rev2.xlsx,eGRID2023 ST23!STC2ERTA,Two-phase,12.28696137251365,2.819329915902762,15.106291288416411,18.663283145245845,0.0
2023,DC,171869.499,179.1769896,egrid2023_data_metric_rev2.xlsx,eGRID2023 ST23!STC2ERTA,Air-cooled,11.33218416422181,3.510421164350264,14.842605328572073,23.650976945352642,25.797007015213058
2023,DC,171869.499,179.1769896,egrid2023_data_metric_rev2.xlsx,eGRID2023 ST23!STC2ERTA,Cold plate,9.62250246640226,2.947430832885522,12.569933299287783,23.448261519832606,6.5352040579650605
2023,DC,171869.499,179.1769896,egrid2023_data_metric_rev2.xlsx,eGRID2023 ST23!STC2ERTA,One-phase,9.433035513775149,3.0497891214600124,12.482824635235161,24.431883091999858,5.7969233464366665
2023,DC,171869.499,179.1769896,egrid2023_data_metric_rev2.xlsx,eGRID2023 ST23!STC2ERTA,Two-phase,8.979524190997498,2.819329915902762,11.79885410690026,23.894946834319686,0.0
2023,DE,4772059.259,319.4119656,egrid2023_data_metric_rev2.xlsx,eGRID2023 ST23!STC2ERTA,Air-cooled,20.19120966440255,3.510421164350264,23.701630828752812,14.810884490242412,25.94743540102389
2023,DE,4772059.259,319.4119656,egrid2023_data_metric_rev2.xlsx,eGRID2023 ST23!STC2ERTA,Cold plate,17.144970641120945,2.947430832885522,20.09240147400647,14.669380545170831,6.7684521365919625
2023,DE,4772059.259,319.4119656,egrid2023_data_metric_rev2.xlsx,eGRID2023 ST23!STC2ERTA,One-phase,16.807386384676583,3.0497891214600124,19.857175506136596,15.35862499939891,5.518491422623106
2023,DE,4772059.259,319.4119656,egrid2023_data_metric_rev2.xlsx,eGRID2023 ST23!STC2ERTA,Two-phase,15.999338962336365,2.819329915902762,18.818668878239126,14.981558654038915,0.0
2023,FL,258099011.95,357.9507288,egrid2023_data_metric_rev2.xlsx,eGRID2023 ST23!STC2ERTA,Air-cooled,22.625808333526486,3.510421164350264,26.136229497876748,13.431245561397612,25.97094463649856
2023,FL,258099011.95,357.9507288,egrid2023_data_metric_rev2.xlsx,eGRID2023 ST23!STC2ERTA,Cold plate,19.212262467555313,2.947430832885522,22.159693300440836,13.300864740880177,6.804904591857608
2023,FL,258099011.95,357.9507288,egrid2023_data_metric_rev2.xlsx,eGRID2023 ST23!STC2ERTA,One-phase,18.83397326103034,3.0497891214600124,21.883762382490353,13.936310713646805,5.474977549723925
2023,FL,258099011.95,357.9507288,egrid2023_data_metric_rev2.xlsx,eGRID2023 ST23!STC2ERTA,Two-phase,17.928493777326963,2.819329915902762,20.747823693229726,13.58855732335312,0.0
2023,GA,129220273.258,325.433052,egrid2023_data_metric_rev2.xlsx,eGRID2023 ST23!STC2ERTA,Air-cooled,20.57157809657165,3.510421164350264,24.08199926092191,14.576950718733132,25.951421046579036
2023,GA,129220273.258,325.433052,egrid2023_data_metric_rev2.xlsx,eGRID2023 ST23!STC2ERTA,Cold plate,17.467953053306275,2.947430832885522,20.415383886191798,14.437303012847357,6.774632114943913
2023,GA,129220273.258,325.433052,egrid2023_data_metric_rev2.xlsx,eGRID2023 ST23!STC2ERTA,One-phase,17.124009277225248,3.0497891214600124,20.17379839868526,15.117575090166307,5.511114284634244
2023,GA,129220273.258,325.433052,egrid2023_data_metric_rev2.xlsx,eGRID2023 ST23!STC2ERTA,Two-phase,16.300739600435577,2.819329915902762,19.12006951633834,14.745395739767623,0.0
2023,HI,9158617.733,632.626848,egrid2023_data_metric_rev2.xlsx,eGRID2023 ST23!STC2ERTA,Air-cooled,39.97784713077692,3.510421164350264,43.488268295127185,8.072110713922363,26.062348344707132
2023,HI,9158617.733,632.626848,egrid2023_data_metric_rev2.xlsx,eGRID2023 ST23!STC2ERTA,Cold plate,33.946406715829276,2.947430832885522,36.8938375487148,7.988951620968463,6.946631428877859
2023,HI,9158617.733,632.626848,egrid2023_data_metric_rev2.xlsx,eGRID2023 ST23!STC2ERTA,One-phase,33.27800239423564,3.0497891214600124,36.32779151569565,8.395195507941438,5.3057959808129995
2023,HI,9158617.733,632.626848,egrid2023_data_metric_rev2.xlsx,eGRID2023 ST23!STC2ERTA,Two-phase,31.678098432974323,2.819329915902762,34.49742834887709,8.17257995984658,0.0
2023,IA,69819809.048,287.6531616,egrid2023_data_metric_rev2.xlsx,eGRID2023 ST23!STC2ERTA,Air-cooled,18.184919489751383,3.510421164350264,21.69534065410165,16.180530282139614,25.924105128038022
2023,IA,69819809.048,287.6531616,egrid2023_data_metric_rev2.xlsx,eGRID2023 ST23!STC2ERTA,Cold plate,15.441368592819327,2.947430832885522,18.38879942570485,16.028402750238524,6.732277173213408
2023,IA,69819809.048,287.6531616,egrid2023_data_metric_rev2.xlsx,eGRID2023 ST23!STC2ERTA,One-phase,15.137328239295023,3.0497891214600124,18.187117360755035,16.768952775556293,5.561674049063869
2023,IA,69819809.048,287.6531616,egrid2023_data_metric_rev2.xlsx,eGRID2023 ST23!STC2ERTA,Two-phase,14.409572073944302,2.819329915902762,17.228901989847063,16.363955854901164,0.0
2023,ID,17842445.937,142.375968,egrid2023_data_metric_rev2.xlsx,eGRID2023 ST23!STC2ERTA,Air-cooled,9.007363366398147,3.510421164350264,12.517784530748411,28.043470118273266,25.722395235183114
2023,ID,17842445.937,142.375968,egrid2023_data_metric_rev2.xlsx,eGRID2023 ST23!STC2ERTA,Cold plate,7.648426371554601,2.947430832885522,10.595857204440122,27.816822896126055,6.419514095321954
2023,ID,17842445.937,142.375968,egrid2023_data_metric_rev2.xlsx,eGRID2023 ST23!STC2ERTA,One-phase,7.497828952424701,3.0497891214600124,10.547618073884713,28.914481924702148,5.935024286235402
2023,ID,17842445.937,142.375968,egrid2023_data_metric_rev2.xlsx,eGRID2023 ST23!STC2ERTA,Two-phase,7.137356406635053,2.819329915902762,9.956686322537815,28.315945933949596,0.0
2023,IL,177690286.567,215.2041696,egrid2023_data_metric_rev2.xlsx,eGRID2023 ST23!STC2ERTA,Air-cooled,13.608119279863727,3.510421164350264,17.11854044421399,20.506544794458655,25.850473390344607
2023,IL,177690286.567,215.2041696,egrid2023_data_metric_rev2.xlsx,eGRID2023 ST23!STC2ERTA,Cold plate,11.555068240684287,2.947430832885522,14.502499073569808,20.323606420751926,6.618106823977965
2023,IL,177690286.567,215.2041696,egrid2023_data_metric_rev2.xlsx,eGRID2023 ST23!STC2ERTA,One-phase,11.3275490922502,3.0497891214600124,14.377338213710212,21.212473937294853,5.697961002282237
2023,IL,177690286.567,215.2041696,egrid2023_data_metric_rev2.xlsx,eGRID2023 ST23!STC2ERTA,Two-phase,10.782955385892016,2.819329915902762,13.602285301794778,20.72688414740691,0.0
2023,IN,90031870.696,664.7517072,egrid2023_data_metric_rev2.xlsx,eGRID2023 ST23!STC2ERTA,Air-cooled,42.00726200971923,3.510421164350264,45.51768317406949,7.712214066180944,26.068491381287153
2023,IN,90031870.696,664.7517072,egrid2023_data_metric_rev2.xlsx,eGRID2023 ST23!STC2ERTA,Cold plate,35.66964465433985,2.947430832885522,38.61707548722537,7.632454803214034,6.9561565691729665
2023,IN,90031870.696,664.7517072,egrid2023_data_metric_rev2.xlsx,eGRID2023 ST23!STC2ERTA,One-phase,34.967309799394734,3.0497891214600124,38.01709892085475,8.022151105767339,5.294425670058178
2023,IN,90031870.696,664.7517072,egrid2023_data_metric_rev2.xlsx,eGRID2023 ST23!STC2ERTA,Two-phase,33.286189135962296,2.819329915902762,36.10551905186506,7.808584365877236,0.0
2023,KS,58456598.044,332.6176224,egrid2023_data_metric_rev2.xlsx,eGRID2023 ST23!STC2ERTA,Air-cooled,21.02544698290029,3.510421164350264,24.535868147250554,14.307303671843524,25.956015469869207
2023,KS,58456598.044,332.6176224,egrid2023_data_metric_rev2.xlsx,eGRID2023 ST23!STC2ERTA,Cold plate,17.853346938088812,2.947430832885522,20.800777770974335,14.169810693321304,6.781756039056042
2023,KS,58456598.044,332.6176224,egrid2023_data_metric_rev2.xlsx,eGRID2023 ST23!STC2ERTA,One-phase,17.50181476126008,3.0497891214600124,20.55160388272009,14.839664771975743,5.502610343648651
2023,KS,58456598.044,332.6176224,egrid2023_data_metric_rev2.xlsx,eGRID2023 ST23!STC2ERTA,Two-phase,16.660381359276425,2.819329915902762,19.479711275179188,14.473160695636787,0.0
2023,KY,62417958.511,792.4410144,egrid2023_data_metric_rev2.xlsx,eGRID2023 ST23!STC2ERTA,Air-cooled,50.07374343148102,3.510421164350264,53.58416459583128,6.551228690095816,26.08831219535521
2023,KY,62417958.511,792.4410144,egrid2023_data_metric_rev2.xlsx,eGRID2023 ST23!STC2ERTA,Cold plate,42.519139531166275,2.947430832885522,45.4665703640518,6.482632864729802,6.986889909647798
2023,KY,62417958.511,792.4410144,egrid2023_data_metric_rev2.xlsx,eGRID2023 ST23!STC2ERTA,One-phase,41.68193820818142,3.0497891214600124,44.73172732964143,6.817955181979017,5.25773879501934
2023,KY,62417958.511,792.4410144,egrid2023_data_metric_rev2.xlsx,eGRID2023 ST23!STC2ERTA,Two-phase,39.677998871249635,2.819329915902762,42.4973287871524,6.634134418243927,0.0
2023,LA,97434806.41,346.1276448,egrid2023_data_metric_rev2.xlsx,eGRID2023 ST23!STC2ERTA,Air-cooled,21.87891190558558,3.510421164350264,25.389333069935844,13.826362254891379,25.964210897386366
2023,LA,97434806.41,346.1276448,egrid2023_data_metric_rev2.xlsx,eGRID2023 ST23!STC2ERTA,Cold plate,18.578049978960273,2.947430832885522,21.525480811845796,13.69275259702216,6.794463532469575
2023,LA,97434806.41,346.1276448,egrid2023_data_metric_rev2.xlsx,eGRID2023 ST23!STC2ERTA,One-phase,18.212248408364907,3.0497891214600124,21.26203752982492,14.34382343264129,5.487441207599142
2023,LA,97434806.41,346.1276448,egrid2023_data_metric_rev2.xlsx,eGRID2023 ST23!STC2ERTA,Two-phase,17.336659542578136,2.819329915902762,20.1559894584809,13.987554030578695,0.0
2023,MA,19663313.081,376.5338136,egrid2023_data_metric_rev2.xlsx,eGRID2023 ST23!STC2ERTA,Air-cooled,23.799752429436058,3.510421164350264,27.310173593786324,12.853895462418311,25.980785365976256
2023,MA,19663313.081,376.5338136,egrid2023_data_metric_rev2.xlsx,eGRID2023 ST23!STC2ERTA,Cold plate,20.209094128125486,2.947430832885522,23.15652496101101,12.728295104071773,6.820163222937015
2023,MA,19663313.081,376.5338136,egrid2023_data_metric_rev2.xlsx,eGRID2023 ST23!STC2ERTA,One-phase,19.811177318732145,3.0497891214600124,22.860966440192158,13.340595768069274,5.456763080257709
2023,MA,19663313.081,376.5338136,egrid2023_data_metric_rev2.xlsx,eGRID2023 ST23!STC2ERTA,Two-phase,18.85871687071618,2.819329915902762,21.678046786618943,13.005460979275263,0.0
2023,MD,35987133.297,236.8730952,egrid2023_data_metric_rev2.xlsx,eGRID2023 ST23!STC2ERTA,Air-cooled,14.977004346396052,3.510421164350264,18.487425510746316,18.988155826833417,25.876307603537295
2023,MD,35987133.297,236.8730952,egrid2023_data_metric_rev2.xlsx,eGRID2023 ST23!STC2ERTA,Cold plate,12.717430212396302,2.947430832885522,15.664861045281825,18.81555683363864,6.658164294232383
2023,MD,35987133.297,236.8730952,egrid2023_data_metric_rev2.xlsx,eGRID2023 ST23!STC2ERTA,One-phase,12.467024171347859,3.0497891214600124,15.516813292807871,19.654738791460527,5.650143765922966
2023,MD,35987133.297,236.8730952,egrid2023_data_metric_rev2.xlsx,eGRID2023 ST23!STC2ERTA,Two-phase,11.867648009263828,2.819329915902762,14.68697792516659,19.196120061375957,0.0
2023,ME,12512180.99,143.716356,egrid2023_data_metric_rev2.xlsx,eGRID2023 ST23!STC2ERTA,Air-cooled,9.092039328207674,3.510421164350264,12.602460492557938,27.855045976325446,25.725594028942655
2023,ME,12512180.99,143.716356,egrid2023_data_metric_rev2.xlsx,eGRID2023 ST23!STC2ERTA,Cold plate,7.720327307821561,2.947430832885522,10.667758140707083,27.629336867306968,6.424474013586812
2023,ME,12512180.99,143.716356,egrid2023_data_metric_rev2.xlsx,eGRID2023 ST23!STC2ERTA,One-phase,7.568314160160221,3.0497891214600124,10.618103281620233,28.722541498905446,5.929103553286286
2023,ME,12512180.99,143.716356,egrid2023_data_metric_rev2.xlsx,eGRID2023 ST23!STC2ERTA,Two-phase,7.204452902460211,2.819329915902762,10.023782818362973,28.126406637002525,0.0
2023,MI,120648501.215,361.7151552,egrid2023_data_metric_rev2.xlsx,eGRID2023 ST23!STC2ERTA,Air-cooled,22.863617405288682,3.510421164350264,26.374038569638948,13.310138889352206,25.973008729728452
2023,MI,120648501.215,361.7151552,egrid2023_data_metric_rev2.xlsx,eGRID2023 ST23!STC2ERTA,Cold plate,19.414193388056,2.947430832885522,22.361624220941522,13.180754688316744,6.80810509007066
2023,MI,120648501.215,361.7151552,egrid2023_data_metric_rev2.xlsx,eGRID2023 ST23!STC2ERTA,One-phase,19.03192816424425,3.0497891214600124,22.08171728570426,13.81137654286721,5.47115706434258
2023,MI,120648501.215,361.7151552,egrid2023_data_metric_rev2.xlsx,eGRID2023 ST23!STC2ERTA,Two-phase,18.116931617886358,2.819329915902762,20.93626153378912,13.466252852032026,0.0
2023,MN,57260118.977,341.2564344,egrid2023_data_metric_rev2.xlsx,eGRID2023 ST23!STC2ERTA,Air-cooled,21.571184273141405,3.510421164350264,25.081605437491667,13.995998673605362,25.961320105545816
2023,MN,57260118.977,341.2564344,egrid2023_data_metric_rev2.xlsx,eGRID2023 ST23!STC2ERTA,Cold plate,18.31674908062833,2.947430832885522,21.264179913513853,13.861013426679884,6.789981189334138
2023,MN,57260118.977,341.2564344,egrid2023_data_metric_rev2.xlsx,eGRID2023 ST23!STC2ERTA,One-phase,17.956092521437068,3.0497891214600124,21.00588164289708,14.518738957530338,5.492791851556156
2023,MN,57260118.977,341.2564344,egrid2023_data_metric_rev2.xlsx,eGRID2023 ST23!STC2ERTA,Two-phase,17.09281884252183,2.819329915902762,19.912148758424593,14.158843177132939,0.0
2023,MO,66705178.956,659.8033848,egrid2023_data_metric_rev2.xlsx,eGRID2023 ST23!STC2ERTA,Air-cooled,41.69466300214557,3.510421164350264,45.20508416649583,7.7655450245838615,26.067581043196352
2023,MO,66705178.956,659.8033848,egrid2023_data_metric_rev2.xlsx,eGRID2023 ST23!STC2ERTA,Cold plate,35.40420732312621,2.947430832885522,38.35163815601173,7.685280146041177,6.9547450363067975
2023,MO,66705178.956,659.8033848,egrid2023_data_metric_rev2.xlsx,eGRID2023 ST23!STC2ERTA,One-phase,34.70709892589665,3.0497891214600124,37.75688804735667,8.077437731718797,5.296110639185292
2023,MO,66705178.956,659.8033848,egrid2023_data_metric_rev2.xlsx,eGRID2023 ST23!STC2ERTA,Two-phase,33.03848840061317,2.819329915902762,35.85781831651593,7.862524961827342,0.0
2023,MS,72933440.201,375.7050864,egrid2023_data_metric_rev2.xlsx,eGRID2023 ST23!STC2ERTA,Air-cooled,23.74739947436804,3.510421164350264,27.257820638718307,12.878583401359295,25.980364537269175
2023,MS,72933440.201,375.7050864,egrid2023_data_metric_rev2.xlsx,eGRID2023 ST23!STC2ERTA,Cold plate,20.164639640626426,2.947430832885522,23.11207047351195,12.752777109534536,6.819510703222553
2023,MS,72933440.201,375.7050864,egrid2023_data_metric_rev2.xlsx,eGRID2023 ST23!STC2ERTA,One-phase,19.767598139533234,3.0497891214600124,22.817387260993247,13.366075118835731,5.457542003370364
2023,MS,72933440.201,375.7050864,egrid2023_data_metric_rev2.xlsx,eGRID2023 ST23!STC2ERTA,Two-phase,18.81723284436337,2.819329915902762,21.636562760266134,13.030396496620257,0.0
2023,MT,26895758.013,482.5945656,egrid2023_data_metric_rev2.xlsx,eGRID2023 ST23!STC2ERTA,Air-cooled,30.49989909282156,3.510421164350264,34.01032025717183,10.321635132530146,26.023965019518357
2023,MT,26895758.013,482.5945656,egrid2023_data_metric_rev2.xlsx,eGRID2023 ST23!STC2ERTA,Cold plate,25.898392577513263,2.947430832885522,28.845823410398786,10.217877267538798,6.8871158208139605
2023,MT,26895758.013,482.5945656,egrid2023_data_metric_rev2.xlsx,eGRID2023 ST23!STC2ERTA,One-phase,25.388453553155017,3.0497891214600124,28.43824267461503,10.724253099444716,5.376840704301045
2023,MT,26895758.013,482.5945656,egrid2023_data_metric_rev2.xlsx,eGRID2023 ST23!STC2ERTA,Two-phase,24.167854824637953,2.819329915902762,26.987184740540716,10.446921170208261,0.0
2023,NC,126510680.084,284.1522768,egrid2023_data_metric_rev2.xlsx,eGRID2023 ST23!STC2ERTA,Air-cooled,17.963759058872892,3.510421164350264,21.474180223223158,16.347171942582165,25.921267177028472
2023,NC,126510680.084,284.1522768,egrid2023_data_metric_rev2.xlsx,eGRID2023 ST23!STC2ERTA,Cold plate,15.253574539990764,2.947430832885522,18.201005372876285,16.193780357198712,6.7278767629009195
2023,NC,126510680.084,284.1522768,egrid2023_data_metric_rev2.xlsx,eGRID2023 ST23!STC2ERTA,One-phase,14.953231849006443,3.0497891214600124,18.003020970466455,16.94042975600107,5.566926888513102
2023,NC,126510680.084,284.1522768,egrid2023_data_metric_rev2.xlsx,eGRID2023 ST23!STC2ERTA,Two-phase,14.234326471650366,2.819329915902762,17.05365638755313,16.532114004363855,0.0
2023,ND,42068807.125,588.7056672,egrid2023_data_metric_rev2.xlsx,eGRID2023 ST23!STC2ERTA,Air-cooled,37.20322647761513,3.510421164350264,40.713647641965395,8.62222219738404,26.052959708692548
2023,ND,42068807.125,588.7056672,egrid2023_data_metric_rev2.xlsx,eGRID2023 ST23!STC2ERTA,Cold plate,31.590391874253196,2.947430832885522,34.537822707138716,8.533921949504679,6.932073795359872
2023,ND,42068807.125,588.7056672,egrid2023_data_metric_rev2.xlsx,eGRID2023 ST23!STC2ERTA,One-phase,30.968377455279622,3.0497891214600124,34.01816657673963,8.965177810450683,5.32317365839321
2023,ND,42068807.125,588.7056672,egrid2023_data_metric_rev2.xlsx,eGRID2023 ST23!STC2ERTA,Two-phase,29.47951315454503,2.819329915902762,32.298843070447795,8.728888244552452,0.0
2023,NE,39445955.006,465.3128592,egrid2023_data_metric_rev2.xlsx,eGRID2023 ST23!STC2ERTA,Air-cooled,29.408166616008952,3.510421164350264,32.91858778035922,10.663948246421272,26.01812622696549
2023,NE,39445955.006,465.3128592,egrid2023_data_metric_rev2.xlsx,eGRID2023 ST23!STC2ERTA,Cold plate,24.971369304811077,2.947430832885522,27.9188001376966,10.557154384675128,6.878062428815368
2023,NE,39445955.006,465.3128592,egrid2023_data_metric_rev2.xlsx,eGRID2023 ST23!STC2ERTA,One-phase,24.479683357041438,3.0497891214600124,27.52947247850145,11.078269385080588,5.387647881646496
2023,NE,39445955.006,465.3128592,egrid2023_data_metric_rev2.xlsx,eGRID2023 ST23!STC2ERTA,Two-phase,23.302775503337525,2.819329915902762,26.122105419240288,10.792889281528504,0.0
2023,NH,16824998.889,125.2942992,egrid2023_data_metric_rev2.xlsx,eGRID2023 ST23!STC2ERTA,Air-cooled,7.92826780977437,3.510421164350264,11.438688974124634,30.68901665471593,25.677500135881104
2023,NH,16824998.889,125.2942992,egrid2023_data_metric_rev2.xlsx,eGRID2023 ST23!STC2ERTA,Cold plate,6.732133492386672,2.947430832885522,9.679564325272194,30.450036115676507,6.349901597683849
2023,NH,16824998.889,125.2942992,egrid2023_data_metric_rev2.xlsx,eGRID2023 ST23!STC2ERTA,One-phase,6.599577868531549,3.0497891214600124,9.649366989991561,31.606105609034145,6.018121826643652
2023,NH,16824998.889,125.2942992,egrid2023_data_metric_rev2.xlsx,eGRID2023 ST23!STC2ERTA,Two-phase,6.282290471005995,2.819329915902762,9.101620386908756,30.976131678244048,0.0
2023,NJ,64195046.033,213.2682048,egrid2023_data_metric_rev2.xlsx,eGRID2023 ST23!STC2ERTA,Air-cooled,13.485819108965902,3.510421164350264,16.996240273316168,20.65410413067395,25.847963347763358
2023,NJ,64195046.033,213.2682048,egrid2023_data_metric_rev2.xlsx,eGRID2023 ST23!STC2ERTA,Cold plate,11.45121944339583,2.947430832885522,14.398650276281352,20.470188360229667,6.614214855010858
2023,NJ,64195046.033,213.2682048,egrid2023_data_metric_rev2.xlsx,eGRID2023 ST23!STC2ERTA,One-phase,11.225745076475173,3.0497891214600124,14.275534197935185,21.36374778816427,5.702606907248775
2023,NJ,64195046.033,213.2682048,egrid2023_data_metric_rev2.xlsx,eGRID2023 ST23!STC2ERTA,Two-phase,10.686045793952328,2.819329915902762,13.50537570985509,20.87561261879928,0.0
2023,NM,39258858.763,350.9217432,egrid2023_data_metric_rev2.xlsx,eGRID2023 ST23!STC2ERTA,Air-cooled,22.18176816290027,3.510421164350264,25.69218932725053,13.663378856650883,25.966988439398996
2023,NM,39258858.763,350.9217432,egrid2023_data_metric_rev2.xlsx,eGRID2023 ST23!STC2ERTA,Cold plate,18.835214444410532,2.947430832885522,21.782645277296055,13.531096868008106,6.798770275071808
2023,NM,39258858.763,350.9217432,egrid2023_data_metric_rev2.xlsx,eGRID2023 ST23!STC2ERTA,One-phase,18.46434930872251,3.0497891214600124,21.514138430182523,14.175743692256878,5.482300180778399
2023,NM,39258858.763,350.9217432,egrid2023_data_metric_rev2.xlsx,eGRID2023 ST23!STC2ERTA,Two-phase,17.576640207341626,2.819329915902762,20.39597012324439,13.822975317509881,0.0
2023,NV,42162355.474,292.0544424,egrid2023_data_metric_rev2.xlsx,eGRID2023 ST23!STC2ERTA,Air-cooled,18.46296038905354,3.510421164350264,21.973381553403804,15.975789415109299,25.927592093626963
2023,NV,42162355.474,292.0544424,egrid2023_data_metric_rev2.xlsx,eGRID2023 ST23!STC2ERTA,Cold plate,15.677461582531112,2.947430832885522,18.624892415416635,15.825223400731192,6.737683918884962
2023,NV,42162355.474,292.0544424,egrid2023_data_metric_rev2.xlsx,eGRID2023 ST23!STC2ERTA,One-phase,15.368772561006617,3.0497891214600124,18.41856168246663,16.558237141628865,5.5552199311660555
2023,NV,42162355.474,292.0544424,egrid2023_data_metric_rev2.xlsx,eGRID2023 ST23!STC2ERTA,Two-phase,14.629889264804378,2.819329915902762,17.44921918070714,16.157341407115656,0.0
2023,NY,123473720.157,211.6570176,egrid2023_data_metric_rev2.xlsx,eGRID2023 ST23!STC2ERTA,Air-cooled,13.384036023907544,3.510421164350264,16.89445718825781,20.778537748996868,25.845846760590717
2023,NY,123473720.157,211.6570176,egrid2023_data_metric_rev2.xlsx,eGRID2023 ST23!STC2ERTA,Cold plate,11.364792328126711,2.947430832885522,14.312223161012234,20.593801534024326,6.610932961845539
2023,NY,123473720.157,211.6570176,egrid2023_data_metric_rev2.xlsx,eGRID2023 ST23!STC2ERTA,One-phase,11.14101971001948,3.0497891214600124,14.190808831479492,21.491298753138445,5.7065245550731225
2023,NY,123473720.157,211.6570176,egrid2023_data_metric_rev2.xlsx,eGRID2023 ST23!STC2ERTA,Two-phase,10.605393762422391,2.819329915902762,13.424723678325153,21.00102753291453,0.0
2023,OH,133121090.814,484.567272,egrid2023_data_metric_rev2.xlsx,eGRID2023 ST23!STC2ERTA,Air-cooled,30.624520330692842,3.510421164350264,34.13494149504311,10.283952485637124,26.024607800836442
2023,OH,133121090.814,484.567272,egrid2023_data_metric_rev2.xlsx,eGRID2023 ST23!STC2ERTA,Cold plate,26.004212263410054,2.947430832885522,28.951643096295577,10.18053042130328,6.888112491133946
2023,OH,133121090.814,484.567272,egrid2023_data_metric_rev2.xlsx,eGRID2023 ST23!STC2ERTA,One-phase,25.49218965076645,3.0497891214600124,28.54197877222646,10.685275697940366,5.375650963162615
2023,OH,133121090.814,484.567272,egrid2023_data_metric_rev2.xlsx,eGRID2023 ST23!STC2ERTA,Two-phase,24.26660360986422,2.819329915902762,27.085933525766983,10.408834213599171,0.0
2023,OK,88878115.88,294.3111024,egrid2023_data_metric_rev2.xlsx,eGRID2023 ST23!STC2ERTA,Air-cooled,18.60551974946044,3.510421164350264,22.115940913810704,15.87280947272796,25.929346030032985
2023,OK,88878115.88,294.3111024,egrid2023_data_metric_rev2.xlsx,eGRID2023 ST23!STC2ERTA,Cold plate,15.798513074215757,2.947430832885522,18.745943907101278,15.72303239299135,6.740403500661607
2023,OK,88878115.88,294.3111024,egrid2023_data_metric_rev2.xlsx,eGRID2023 ST23!STC2ERTA,One-phase,15.487440550341375,3.0497891214600124,18.537229671801388,16.452237877266608,5.551973523347797
2023,OK,88878115.88,294.3111024,egrid2023_data_metric_rev2.xlsx,eGRID2023 ST23!STC2ERTA,Two-phase,14.742852062344197,2.819329915902762,17.562181978246958,16.05341477155212,0.0
2023,OR,61683300.013,165.5472168,egrid2023_data_metric_rev2.xlsx,eGRID2023 ST23!STC2ERTA,Air-cooled,10.471154282511915,3.510421164350264,13.981575446862179,25.107479322997836,25.772256758317734
2023,OR,61683300.013,165.5472168,egrid2023_data_metric_rev2.xlsx,eGRID2023 ST23!STC2ERTA,Cold plate,8.891375788585119,2.947430832885522,11.838806621470642,24.896350849587456,6.496827325839427
2023,OR,61683300.013,165.5472168,egrid2023_data_metric_rev2.xlsx,eGRID2023 ST23!STC2ERTA,One-phase,8.716304711055372,3.0497891214600124,11.766093832515384,25.920149582965045,5.842734259085192
2023,OR,61683300.013,165.5472168,egrid2023_data_metric_rev2.xlsx,eGRID2023 ST23!STC2ERTA,Two-phase,8.297251599946941,2.819329915902762,11.116581515849703,25.36148286128287,0.0
2023,PA,235912550.485,293.8742856,egrid2023_data_metric_rev2.xlsx,eGRID2023 ST23!STC2ERTA,Air-cooled,18.57792484210932,3.510421164350264,22.08834600645958,15.892639328103906,25.929008287598787
2023,PA,235912550.485,293.8742856,egrid2023_data_metric_rev2.xlsx,eGRID2023 ST23!STC2ERTA,Cold plate,15.775081398538914,2.947430832885522,18.722512231424435,15.742710147297778,6.739879811110461
2023,PA,235912550.485,293.8742856,egrid2023_data_metric_rev2.xlsx,eGRID2023 ST23!STC2ERTA,One-phase,15.464470244064119,3.0497891214600124,18.514259365524133,16.472649870829297,5.552598659855135
2023,PA,235912550.485,293.8742856,egrid2023_data_metric_rev2.xlsx,eGRID2023 ST23!STC2ERTA,Two-phase,14.720986097714883,2.819329915902762,17.540316013617645,16.07342714757214,0.0
2023,RI,10416553.048,381.0258144,egrid2023_data_metric_rev2.xlsx,eGRID2023 ST23!STC2ERTA,Air-cooled,24.083524358302313,3.510421164350264,27.593945522652575,12.721707961148468,25.983038671778047
2023,RI,10416553.048,381.0258144,egrid2023_data_metric_rev2.xlsx,eGRID2023 ST23!STC2ERTA,Cold plate,20.45005350946279,2.947430832885522,23.397484342348314,12.597212545413761,6.823657106395231
2023,RI,10416553.048,381.0258144,egrid2023_data_metric_rev2.xlsx,eGRID2023 ST23!STC2ERTA,One-phase,20.047392212879313,3.0497891214600124,23.097181334339325,13.20416148322736,5.452592376264875
2023,RI,10416553.048,381.0258144,egrid2023_data_metric_rev2.xlsx,eGRID2023 ST23!STC2ERTA,Two-phase,19.08357527956781,2.819329915902762,21.902905195470574,12.871945026204958,0.0
2023,SC,100853387.4,254.1806568,egrid2023_data_metric_rev2.xlsx,eGRID2023 ST23!STC2ERTA,Air-cooled,16.070370166634433,3.510421164350264,19.580791330984695,17.92788199931105,25.89435363206909
2023,SC,100853387.4,254.1806568,egrid2023_data_metric_rev2.xlsx,eGRID2023 ST23!STC2ERTA,Cold plate,13.64584040671176,2.947430832885522,16.593271239597282,17.76280752798118,6.686145725125203
2023,SC,100853387.4,254.1806568,egrid2023_data_metric_rev2.xlsx,eGRID2023 ST23!STC2ERTA,One-phase,13.377153980605575,3.0497891214600124,16.426943102065586,18.565773939257877,5.616741888915411
2023,SC,100853387.4,254.1806568,egrid2023_data_metric_rev2.xlsx,eGRID2023 ST23!STC2ERTA,Two-phase,12.734021577691847,2.819329915902762,15.553351493594608,18.12683213045019,0.0
2023,SD,17405995.526,152.2199952,egrid2023_data_metric_rev2.xlsx,eGRID2023 ST23!STC2ERTA,Air-cooled,9.629237384398284,3.510421164350264,13.139658548748548,26.716228213438658,25.74493070250936
2023,SD,17405995.526,152.2199952,egrid2023_data_metric_rev2.xlsx,eGRID2023 ST23!STC2ERTA,Cold plate,8.176478526839064,2.947430832885522,11.123909359724585,26.49635786818832,6.454456665678432
2023,SD,17405995.526,152.2199952,egrid2023_data_metric_rev2.xlsx,eGRID2023 ST23!STC2ERTA,One-phase,8.015483767408215,3.0497891214600124,11.065272888868227,27.56180667291206,5.893312786854055
2023,SD,17405995.526,152.2199952,egrid2023_data_metric_rev2.xlsx,eGRID2023 ST23!STC2ERTA,Two-phase,7.630123970898205,2.819329915902762,10.449453886800967,26.98064364362568,0.0
2023,TN,77754006.807,299.9048976,egrid2023_data_metric_rev2.xlsx,eGRID2023 ST23!STC2ERTA,Air-cooled,18.95889503238265,3.510421164350264,22.469316196732912,15.623177552954134,25.933597920097927
2023,TN,77754006.807,299.9048976,egrid2023_data_metric_rev2.xlsx,eGRID2023 ST23!STC2ERTA,Cold plate,16.09857478184492,2.947430832885522,19.046005614730444,15.475322713366936,6.746996306818764
2023,TN,77754006.807,299.9048976,egrid2023_data_metric_rev2.xlsx,eGRID2023 ST23!STC2ERTA,One-phase,15.781594046718519,3.0497891214600124,18.831383168178533,16.195247551510594,5.544103586272775
2023,TN,77754006.807,299.9048976,egrid2023_data_metric_rev2.xlsx,eGRID2023 ST23!STC2ERTA,Two-phase,15.022863563703208,2.819329915902762,17.84219347960597,15.80147597393403,0.0
2023,TX,544038647.008,349.8067944,egrid2023_data_metric_rev2.xlsx,eGRID2023 ST23!STC2ERTA,Air-cooled,22.111333809557518,3.510421164350264,25.621754973907784,13.700939564542487,25.966348323806955
2023,TX,544038647.008,349.8067944,egrid2023_data_metric_rev2.xlsx,eGRID2023 ST23!STC2ERTA,Cold plate,18.77540649133297,2.947430832885522,21.722837324218492,13.568351080912768,6.797777738117161
2023,TX,544038647.008,349.8067944,egrid2023_data_metric_rev2.xlsx,eGRID2023 ST23!STC2ERTA,One-phase,18.40571897348938,3.0497891214600124,21.45550809494939,14.214480999300735,5.483484987853204
2023,TX,544038647.008,349.8067944,egrid2023_data_metric_rev2.xlsx,eGRID2023 ST23!STC2ERTA,Two-phase,17.520828638225467,2.819329915902762,20.34015855412823,13.860904320878815,0.0
2023,UT,32789440.038,644.6717424,egrid2023_data_metric_rev2.xlsx,eGRID2023 ST23!STC2ERTA,Air-cooled,40.73875592600205,3.510421164350264,44.24917709035231,7.933302707940403,26.064717572479566
2023,UT,32789440.038,644.6717424,egrid2023_data_metric_rev2.xlsx,eGRID2023 ST23!STC2ERTA,Cold plate,34.5925175319487,2.947430832885522,37.539948364834224,7.8514514837387095,6.950305056184103
2023,UT,32789440.038,644.6717424,egrid2023_data_metric_rev2.xlsx,eGRID2023 ST23!STC2ERTA,One-phase,33.911391296506046,3.0497891214600124,36.96118041796606,8.251330414700643,5.301410713743393
2023,UT,32789440.038,644.6717424,egrid2023_data_metric_rev2.xlsx,eGRID2023 ST23!STC2ERTA,Two-phase,32.281035945712496,2.819329915902762,35.10036586161526,8.032195239839078,0.0
2023,VA,91024103.437,244.7621064,egrid2023_data_metric_rev2.xlsx,eGRID2023 ST23!STC2ERTA,Air-cooled,15.475374677289905,3.510421164350264,18.98579584164017,18.489723547174737,25.884790355485766
2023,VA,91024103.437,244.7621064,egrid2023_data_metric_rev2.xlsx,eGRID2023 ST23!STC2ERTA,Cold plate,13.14061162815095,2.947430832885522,16.088042461036473,18.32063061757753,6.671317301111923
2023,VA,91024103.437,244.7621064,egrid2023_data_metric_rev2.xlsx,eGRID2023 ST23!STC2ERTA,One-phase,12.881873150344875,3.0497891214600124,15.931662271804887,19.142943588864462,5.634442813396534
2023,VA,91024103.437,244.7621064,egrid2023_data_metric_rev2.xlsx,eGRID2023 ST23!STC2ERTA,Two-phase,12.262552325809065,2.819329915902762,15.081882241711826,18.693488456668668,0.0
2023,VT,2480198.747,23.6956104,egrid2023_data_metric_rev2.xlsx,eGRID2023 ST23!STC2ERTA,Air-cooled,1.5100018354989706,3.510421164350264,5.0204229998492345,69.92281655262283,25.01544383308485
2023,VT,2480198.747,23.6956104,egrid2023_data_metric_rev2.xlsx,eGRID2023 ST23!STC2ERTA,Cold plate,1.2821885150997783,2.947430832885522,4.229619347985301,69.68548681075698,5.323344277815711
2023,VT,2480198.747,23.6956104,egrid2023_data_metric_rev2.xlsx,eGRID2023 ST23!STC2ERTA,One-phase,1.2569422393521072,3.0497891214600124,4.30673136081212,70.81447311087715,7.243539549946543
2023,VT,2480198.747,23.6956104,egrid2023_data_metric_rev2.xlsx,eGRID2023 ST23!STC2ERTA,Two-phase,1.1965123239986408,2.819329915902762,4.015842239901403,70.20519600819732,0.0
2023,WA,102953150.197,120.922956,egrid2023_data_metric_rev2.xlsx,eGRID2023 ST23!STC2ERTA,Air-cooled,7.652118150228369,3.510421164350264,11.162539314578634,31.448231136490076,25.664622136561178
2023,WA,102953150.197,120.922956,egrid2023_data_metric_rev2.xlsx,eGRID2023 ST23!STC2ERTA,Cold plate,6.497646411911307,2.947430832885522,9.44507724479683,31.206000295119065,6.329933500693752
2023,WA,102953150.197,120.922956,egrid2023_data_metric_rev2.xlsx,eGRID2023 ST23!STC2ERTA,One-phase,6.369707835723693,3.0497891214600124,9.419496957183705,32.37740969950752,6.04195806011909
2023,WA,102953150.197,120.922956,egrid2023_data_metric_rev2.xlsx,eGRID2023 ST23!STC2ERTA,Two-phase,6.063471882083131,2.819329915902762,8.882801797985893,31.739196483501672,0.0
2023,WI,62538903.174,527.7962592,egrid2023_data_metric_rev2.xlsx,eGRID2023 ST23!STC2ERTA,Air-cooled,33.35541322828058,3.510421164350264,36.865834392630845,9.522153023754607,26.03760379492226
2023,WI,62538903.174,527.7962592,egrid2023_data_metric_rev2.xlsx,eGRID2023 ST23!STC2ERTA,Cold plate,28.323096536883465,2.947430832885522,31.27052736976899,9.42558722477758,6.9082635459633
2023,WI,62538903.174,527.7962592,egrid2023_data_metric_rev2.xlsx,eGRID2023 ST23!STC2ERTA,One-phase,27.765415122039084,3.0497891214600124,30.815204243499096,9.89702712129,5.351596330018182
2023,WI,62538903.174,527.7962592,egrid2023_data_metric_rev2.xlsx,eGRID2023 ST23!STC2ERTA,Two-phase,26.43053939501798,2.819329915902762,29.249869310920744,9.63877782130854,0.0
2023,WV,52286784.268,893.0789784,egrid2023_data_metric_rev2.xlsx,eGRID2023 ST23!STC2ERTA,Air-cooled,56.431317802672645,3.510421164350264,59.94173896702291,5.856388594734515,26.10017776936364
2023,WV,52286784.268,893.0789784,egrid2023_data_metric_rev2.xlsx,eGRID2023 ST23!STC2ERTA,Cold plate,47.917549421138986,2.947430832885522,50.86498025402451,5.794617078716584,7.005288181518798
2023,WV,52286784.268,893.0789784,egrid2023_data_metric_rev2.xlsx,eGRID2023 ST23!STC2ERTA,One-phase,46.9740534752682,3.0497891214600124,50.023842596728215,6.096671033543277,5.2357764866391765
2023,WV,52286784.268,893.0789784,egrid2023_data_metric_rev2.xlsx,eGRID2023 ST23!STC2ERTA,Two-phase,44.71568551972647,2.819329915902762,47.535015435629234,5.931059220377513,0.0
2023,WY,43176351.213,831.5680968,egrid2023_data_metric_rev2.xlsx,eGRID2023 ST23!STC2ERTA,Air-cooled,52.54550782732814,3.510421164350264,56.0559289916784,6.262354807947955,26.093244935999248
2023,WY,43176351.213,831.5680968,egrid2023_data_metric_rev2.xlsx,eGRID2023 ST23!STC2ERTA,Cold plate,44.617989907292106,2.947430832885522,47.56542074017763,6.196583120720473,6.994538414757923
2023,WY,43176351.213,831.5680968,egrid2023_data_metric_rev2.xlsx,eGRID2023 ST23!STC2ERTA,One-phase,43.73946224677985,3.0497891214600124,46.78925136823986,6.518140453792733,5.248608653392295
2023,WY,43176351.213,831.5680968,egrid2023_data_metric_rev2.xlsx,eGRID2023 ST23!STC2ERTA,Two-phase,41.63660348491544,2.819329915902762,44.4559334008182,6.3418529321687185,0.0
