year,state_abbreviation,net_generation_mwh,co2e_kg_per_mwh,reported_co2e_kg_per_mwh,co2_kg_per_mwh,provider_gwp_basis,harmonized_gwp_basis,source_file,source_field
2012,AK,6928294.496,494.2599499802626,494.3179380358594,493.14717390357555,IPCC SAR GWP100,IPCC AR5 GWP100; CH4=28 and N2O=265,eGRID2012_Data.xlsx,"ST12!STCO2AN, STCH4AN, STN2OAN, STNGENAN; reported comparison from STC2ERTA"
2012,AL,153105216.953,454.3730409055167,454.5841777966787,452.5257823164536,IPCC SAR GWP100,IPCC AR5 GWP100; CH4=28 and N2O=265,eGRID2012_Data.xlsx,"ST12!STCO2AN, STCH4AN, STN2OAN, STNGENAN; reported comparison from STC2ERTA"
2012,AR,65005677.87300001,561.1093914393774,561.4238710069459,558.5029552729593,IPCC SAR GWP100,IPCC AR5 GWP100; CH4=28 and N2O=265,eGRID2012_Data.xlsx,"ST12!STCO2AN, STCH4AN, STN2OAN, STNGENAN; reported comparison from STC2ERTA"
2012,AZ,110614113.36099999,482.5465316272703,482.790167687186,480.6223546248839,IPCC SAR GWP100,IPCC AR5 GWP100; CH4=28 and N2O=265,eGRID2012_Data.xlsx,"ST12!STCO2AN, STCH4AN, STN2OAN, STNGENAN; reported comparison from STC2ERTA"
2012,CA,199189655.76309997,261.3139690543445,261.2998055293646,260.3537247134843,IPCC SAR GWP100,IPCC AR5 GWP100; CH4=28 and N2O=265,eGRID2012_Data.xlsx,"ST12!STCO2AN, STCH4AN, STN2OAN, STNGENAN; reported comparison from STC2ERTA"
2012,CO,52547910.61299999,760.198501012236,760.6469914145814,756.9203756152335,IPCC SAR GWP100,IPCC AR5 GWP100; CH4=28 and N2O=265,eGRID2012_Data.xlsx,"ST12!STCO2AN, STCH4AN, STN2OAN, STNGENAN; reported comparison from STC2ERTA"
2012,CT,35557337.401,239.7168008176756,239.68896895265962,238.10589897015092,IPCC SAR GWP100,IPCC AR5 GWP100; CH4=28 and N2O=265,eGRID2012_Data.xlsx,"ST12!STCO2AN, STCH4AN, STN2OAN, STNGENAN; reported comparison from STC2ERTA"
2012,DC,71786.78,559.8383302374101,559.8332523955094,558.8328250929319,IPCC SAR GWP100,IPCC AR5 GWP100; CH4=28 and N2O=265,eGRID2012_Data.xlsx,"ST12!STCO2AN, STCH4AN, STN2OAN, STNGENAN; reported comparison from STC2ERTA"
2012,DE,8633823.2578,571.3130010635252,571.4295315872655,569.9525020470321,IPCC SAR GWP100,IPCC AR5 GWP100; CH4=28 and N2O=265,eGRID2012_Data.xlsx,"ST12!STCO2AN, STCH4AN, STN2OAN, STNGENAN; reported comparison from STC2ERTA"
2012,FL,221099929.55259997,517.5204264953462,517.6417385146392,515.5550247311198,IPCC SAR GWP100,IPCC AR5 GWP100; CH4=28 and N2O=265,eGRID2012_Data.xlsx,"ST12!STCO2AN, STCH4AN, STN2OAN, STNGENAN; reported comparison from STC2ERTA"
2012,GA,122014744.25300002,491.94842944531047,492.1877319826492,489.92069645279645,IPCC SAR GWP100,IPCC AR5 GWP100; CH4=28 and N2O=265,eGRID2012_Data.xlsx,"ST12!STCO2AN, STCH4AN, STN2OAN, STNGENAN; reported comparison from STC2ERTA"
2012,HI,10469268.697999999,670.574660405638,670.6966419750073,667.2141361606315,IPCC SAR GWP100,IPCC AR5 GWP100; CH4=28 and N2O=265,eGRID2012_Data.xlsx,"ST12!STCO2AN, STCH4AN, STN2OAN, STNGENAN; reported comparison from STC2ERTA"
2012,IA,56602145.65100001,639.3075041586324,639.7195546818368,636.3380494182813,IPCC SAR GWP100,IPCC AR5 GWP100; CH4=28 and N2O=265,eGRID2012_Data.xlsx,"ST12!STCO2AN, STCH4AN, STN2OAN, STNGENAN; reported comparison from STC2ERTA"
2012,ID,15499089.316,52.12778651231866,52.13348084501698,51.8038153326558,IPCC SAR GWP100,IPCC AR5 GWP100; CH4=28 and N2O=265,eGRID2012_Data.xlsx,"ST12!STCO2AN, STCH4AN, STN2OAN, STNGENAN; reported comparison from STC2ERTA"
2012,IL,197522000.958,454.39311885956795,454.67638520585797,452.36179271621273,IPCC SAR GWP100,IPCC AR5 GWP100; CH4=28 and N2O=265,eGRID2012_Data.xlsx,"ST12!STCO2AN, STCH4AN, STN2OAN, STNGENAN; reported comparison from STC2ERTA"
2012,IN,114878967.34740001,867.340099761104,867.8846107891013,863.4105839467014,IPCC SAR GWP100,IPCC AR5 GWP100; CH4=28 and N2O=265,eGRID2012_Data.xlsx,"ST12!STCO2AN, STCH4AN, STN2OAN, STNGENAN; reported comparison from STC2ERTA"
2012,KS,44286624.611999996,726.621096613354,727.0757184352591,723.3624283690865,IPCC SAR GWP100,IPCC AR5 GWP100; CH4=28 and N2O=265,eGRID2012_Data.xlsx,"ST12!STCO2AN, STCH4AN, STN2OAN, STNGENAN; reported comparison from STC2ERTA"
2012,KY,89957452.21,945.140654890686,945.7709144811539,940.6713247395894,IPCC SAR GWP100,IPCC AR5 GWP100; CH4=28 and N2O=265,eGRID2012_Data.xlsx,"ST12!STCO2AN, STCH4AN, STN2OAN, STNGENAN; reported comparison from STC2ERTA"
2012,LA,103347602.39899999,525.3788371220971,525.534693645618,523.7305698352345,IPCC SAR GWP100,IPCC AR5 GWP100; CH4=28 and N2O=265,eGRID2012_Data.xlsx,"ST12!STCO2AN, STCH4AN, STN2OAN, STNGENAN; reported comparison from STC2ERTA"
2012,MA,36198121.51100001,410.7034504289817,410.7054747429866,408.1999731705908,IPCC SAR GWP100,IPCC AR5 GWP100; CH4=28 and N2O=265,eGRID2012_Data.xlsx,"ST12!STCO2AN, STCH4AN, STN2OAN, STNGENAN; reported comparison from STC2ERTA"
2012,MD,37808347.212,537.0555257910838,537.3367612535643,534.3391711022015,IPCC SAR GWP100,IPCC AR5 GWP100; CH4=28 and N2O=265,eGRID2012_Data.xlsx,"ST12!STCO2AN, STCH4AN, STN2OAN, STNGENAN; reported comparison from STC2ERTA"
2012,ME,14420135.401999999,259.2529875211957,259.2166344561971,255.21781703124665,IPCC SAR GWP100,IPCC AR5 GWP100; CH4=28 and N2O=265,eGRID2012_Data.xlsx,"ST12!STCO2AN, STCH4AN, STN2OAN, STNGENAN; reported comparison from STC2ERTA"
2012,MI,108166077.441,599.6253743105458,599.9605647723747,596.7718252913878,IPCC SAR GWP100,IPCC AR5 GWP100; CH4=28 and N2O=265,eGRID2012_Data.xlsx,"ST12!STCO2AN, STCH4AN, STN2OAN, STNGENAN; reported comparison from STC2ERTA"
2012,MN,52193624.220999986,529.4799037700917,529.7696269083569,526.3380940014063,IPCC SAR GWP100,IPCC AR5 GWP100; CH4=28 and N2O=265,eGRID2012_Data.xlsx,"ST12!STCO2AN, STCH4AN, STN2OAN, STNGENAN; reported comparison from STC2ERTA"
2012,MO,91804321.40999998,785.9467421171474,786.4515106620867,782.3395378595554,IPCC SAR GWP100,IPCC AR5 GWP100; CH4=28 and N2O=265,eGRID2012_Data.xlsx,"ST12!STCO2AN, STCH4AN, STN2OAN, STNGENAN; reported comparison from STC2ERTA"
2012,MS,54584295.177999996,445.69113431633656,445.788401903682,444.43380589493825,IPCC SAR GWP100,IPCC AR5 GWP100; CH4=28 and N2O=265,eGRID2012_Data.xlsx,"ST12!STCO2AN, STCH4AN, STN2OAN, STNGENAN; reported comparison from STC2ERTA"
2012,MT,27795017.083,585.740746870752,586.1233263347476,583.0349996238921,IPCC SAR GWP100,IPCC AR5 GWP100; CH4=28 and N2O=265,eGRID2012_Data.xlsx,"ST12!STCO2AN, STCH4AN, STN2OAN, STNGENAN; reported comparison from STC2ERTA"
2012,NC,116971226.61099999,481.30751684002286,481.57895136449986,478.99239449691584,IPCC SAR GWP100,IPCC AR5 GWP100; CH4=28 and N2O=265,eGRID2012_Data.xlsx,"ST12!STCO2AN, STCH4AN, STN2OAN, STNGENAN; reported comparison from STC2ERTA"
2012,ND,36125158.886,843.9460734714537,844.4898304874455,840.1184380449001,IPCC SAR GWP100,IPCC AR5 GWP100; CH4=28 and N2O=265,eGRID2012_Data.xlsx,"ST12!STCO2AN, STCH4AN, STN2OAN, STNGENAN; reported comparison from STC2ERTA"
2012,NE,34200814.916,746.3856737332081,746.8754785946351,742.9239127675949,IPCC SAR GWP100,IPCC AR5 GWP100; CH4=28 and N2O=265,eGRID2012_Data.xlsx,"ST12!STCO2AN, STCH4AN, STN2OAN, STNGENAN; reported comparison from STC2ERTA"
2012,NH,19264434.942,234.15258259285312,234.1645204567588,231.7331079565679,IPCC SAR GWP100,IPCC AR5 GWP100; CH4=28 and N2O=265,eGRID2012_Data.xlsx,"ST12!STCO2AN, STCH4AN, STN2OAN, STNGENAN; reported comparison from STC2ERTA"
2012,NJ,65232564.118,235.28684265658478,235.30687567808639,234.47730143668517,IPCC SAR GWP100,IPCC AR5 GWP100; CH4=28 and N2O=265,eGRID2012_Data.xlsx,"ST12!STCO2AN, STCH4AN, STN2OAN, STNGENAN; reported comparison from STC2ERTA"
2012,NM,36635909.33,803.4899790321422,803.9514215538795,800.0863303832165,IPCC SAR GWP100,IPCC AR5 GWP100; CH4=28 and N2O=265,eGRID2012_Data.xlsx,"ST12!STCO2AN, STCH4AN, STN2OAN, STNGENAN; reported comparison from STC2ERTA"
2012,NV,35142773.975999996,416.9967391202233,417.06387390575577,416.1089130285342,IPCC SAR GWP100,IPCC AR5 GWP100; CH4=28 and N2O=265,eGRID2012_Data.xlsx,"ST12!STCO2AN, STCH4AN, STN2OAN, STNGENAN; reported comparison from STC2ERTA"
2012,NY,135662526.46399996,256.0484913564343,256.046472781625,255.23953798744816,IPCC SAR GWP100,IPCC AR5 GWP100; CH4=28 and N2O=265,eGRID2012_Data.xlsx,"ST12!STCO2AN, STCH4AN, STN2OAN, STNGENAN; reported comparison from STC2ERTA"
2012,OH,129741418.34499998,736.1428251993694,736.578696719413,732.9351404998242,IPCC SAR GWP100,IPCC AR5 GWP100; CH4=28 and N2O=265,eGRID2012_Data.xlsx,"ST12!STCO2AN, STCH4AN, STN2OAN, STNGENAN; reported comparison from STC2ERTA"
2012,OK,77757667.6767,624.3274607211923,624.5843367986424,622.1730762916426,IPCC SAR GWP100,IPCC AR5 GWP100; CH4=28 and N2O=265,eGRID2012_Data.xlsx,"ST12!STCO2AN, STCH4AN, STN2OAN, STNGENAN; reported comparison from STC2ERTA"
2012,OR,60612559.41,118.69190777497103,118.71983648454595,118.18279085758503,IPCC SAR GWP100,IPCC AR5 GWP100; CH4=28 and N2O=265,eGRID2012_Data.xlsx,"ST12!STCO2AN, STCH4AN, STN2OAN, STNGENAN; reported comparison from STC2ERTA"
2012,PA,223416431.35199994,483.33457850786266,483.57730055072983,481.1579322728749,IPCC SAR GWP100,IPCC AR5 GWP100; CH4=28 and N2O=265,eGRID2012_Data.xlsx,"ST12!STCO2AN, STCH4AN, STN2OAN, STNGENAN; reported comparison from STC2ERTA"
2012,RI,8309035.853,411.8666283420352,411.8467500008195,411.42338117309777,IPCC SAR GWP100,IPCC AR5 GWP100; CH4=28 and N2O=265,eGRID2012_Data.xlsx,"ST12!STCO2AN, STCH4AN, STN2OAN, STNGENAN; reported comparison from STC2ERTA"
2012,SC,96755682.345,350.28003175959816,350.47735500875496,348.5714559112253,IPCC SAR GWP100,IPCC AR5 GWP100; CH4=28 and N2O=265,eGRID2012_Data.xlsx,"ST12!STCO2AN, STCH4AN, STN2OAN, STNGENAN; reported comparison from STC2ERTA"
2012,SD,12017721.954,254.6617176345289,254.8235470417611,253.5066900807431,IPCC SAR GWP100,IPCC AR5 GWP100; CH4=28 and N2O=265,eGRID2012_Data.xlsx,"ST12!STCO2AN, STCH4AN, STN2OAN, STNGENAN; reported comparison from STC2ERTA"
2012,TN,77385936.54100001,500.0632866948322,500.37128622523164,497.7923561574476,IPCC SAR GWP100,IPCC AR5 GWP100; CH4=28 and N2O=265,eGRID2012_Data.xlsx,"ST12!STCO2AN, STCH4AN, STN2OAN, STNGENAN; reported comparison from STC2ERTA"
2012,TX,429697350.6938001,547.2391810351714,547.4493701801143,545.4392162157662,IPCC SAR GWP100,IPCC AR5 GWP100; CH4=28 and N2O=265,eGRID2012_Data.xlsx,"ST12!STCO2AN, STCH4AN, STN2OAN, STNGENAN; reported comparison from STC2ERTA"
2012,UT,39400420.758,820.4564722763827,820.9580075521128,816.8082919969178,IPCC SAR GWP100,IPCC AR5 GWP100; CH4=28 and N2O=265,eGRID2012_Data.xlsx,"ST12!STCO2AN, STCH4AN, STN2OAN, STNGENAN; reported comparison from STC2ERTA"
2012,VA,70739234.747,372.3456848736803,372.4703163542424,370.52946504297023,IPCC SAR GWP100,IPCC AR5 GWP100; CH4=28 and N2O=265,eGRID2012_Data.xlsx,"ST12!STCO2AN, STCH4AN, STN2OAN, STNGENAN; reported comparison from STC2ERTA"
2012,VT,6568121.002,3.396303171165729,3.37294715150058,1.9033026087614229,IPCC SAR GWP100,IPCC AR5 GWP100; CH4=28 and N2O=265,eGRID2012_Data.xlsx,"ST12!STCO2AN, STCH4AN, STN2OAN, STNGENAN; reported comparison from STC2ERTA"
2012,WA,116834423.661,57.39603558916774,57.419739700996345,57.01010049108086,IPCC SAR GWP100,IPCC AR5 GWP100; CH4=28 and N2O=265,eGRID2012_Data.xlsx,"ST12!STCO2AN, STCH4AN, STN2OAN, STNGENAN; reported comparison from STC2ERTA"
2012,WI,63742909.901,618.4237649290749,618.7824180242433,615.421358889589,IPCC SAR GWP100,IPCC AR5 GWP100; CH4=28 and N2O=265,eGRID2012_Data.xlsx,"ST12!STCO2AN, STCH4AN, STN2OAN, STNGENAN; reported comparison from STC2ERTA"
2012,WV,73413404.20399998,898.3320538699384,898.9368141618589,894.0767366887252,IPCC SAR GWP100,IPCC AR5 GWP100; CH4=28 and N2O=265,eGRID2012_Data.xlsx,"ST12!STCO2AN, STCH4AN, STN2OAN, STNGENAN; reported comparison from STC2ERTA"
2012,WY,49588606.105000004,956.2005044201436,956.8340785430383,951.735208793041,IPCC SAR GWP100,IPCC AR5 GWP100; CH4=28 and N2O=265,eGRID2012_Data.xlsx,"ST12!STCO2AN, STCH4AN, STN2OAN, STNGENAN; reported comparison from STC2ERTA"
2014,AK,6045142.31,398.2972892428671,398.29764572752003,396.90166610776515,IPCC SAR GWP100,IPCC AR5 GWP100; CH4=28 and N2O=265,eGRID2014_Data_v2.xlsx,"ST14!STCO2AN, STCH4AN, STN2OAN, STNGENAN; reported comparison from STC2ERTA"
2014,AL,149248102.877,480.6935003516088,480.66185545686005,478.0212386282057,IPCC SAR GWP100,IPCC AR5 GWP100; CH4=28 and N2O=265,eGRID2014_Data_v2.xlsx,"ST14!STCO2AN, STCH4AN, STN2OAN, STNGENAN; reported comparison from STC2ERTA"
2014,AR,61592136.606,586.4937608638078,586.46953323728,582.3158870342319,IPCC SAR GWP100,IPCC AR5 GWP100; CH4=28 and N2O=265,eGRID2014_Data_v2.xlsx,"ST14!STCO2AN, STCH4AN, STN2OAN, STNGENAN; reported comparison from STC2ERTA"
2014,AZ,108779907.038,507.01716339555117,506.9919853506201,503.90059243792905,IPCC SAR GWP100,IPCC AR5 GWP100; CH4=28 and N2O=265,eGRID2014_Data_v2.xlsx,"ST14!STCO2AN, STCH4AN, STN2OAN, STNGENAN; reported comparison from STC2ERTA"
2014,CA,197243679.949,251.99178190795038,251.92520229800002,251.06328700320523,IPCC SAR GWP100,IPCC AR5 GWP100; CH4=28 and N2O=265,eGRID2014_Data_v2.xlsx,"ST14!STCO2AN, STCH4AN, STN2OAN, STNGENAN; reported comparison from STC2ERTA"
2014,CO,53847380.231,722.722318317569,722.68558991013,717.9769608535275,IPCC SAR GWP100,IPCC AR5 GWP100; CH4=28 and N2O=265,eGRID2014_Data_v2.xlsx,"ST14!STCO2AN, STCH4AN, STN2OAN, STNGENAN; reported comparison from STC2ERTA"
2014,CT,33651815.798,244.18526579684325,244.1506290762,242.2934523268175,IPCC SAR GWP100,IPCC AR5 GWP100; CH4=28 and N2O=265,eGRID2014_Data_v2.xlsx,"ST14!STCO2AN, STCH4AN, STN2OAN, STNGENAN; reported comparison from STC2ERTA"
2014,DC,67612.0,537.8768578754109,537.8516886512,537.3245339732055,IPCC SAR GWP100,IPCC AR5 GWP100; CH4=28 and N2O=265,eGRID2014_Data_v2.xlsx,"ST14!STCO2AN, STCH4AN, STN2OAN, STNGENAN; reported comparison from STC2ERTA"
2014,DE,7598247.016,474.44581075391756,474.42269240751,473.0115836626081,IPCC SAR GWP100,IPCC AR5 GWP100; CH4=28 and N2O=265,eGRID2014_Data_v2.xlsx,"ST14!STCO2AN, STCH4AN, STN2OAN, STNGENAN; reported comparison from STC2ERTA"
2014,FL,229963756.27,498.7233002679562,498.69079138725,496.0846383778195,IPCC SAR GWP100,IPCC AR5 GWP100; CH4=28 and N2O=265,eGRID2014_Data_v2.xlsx,"ST14!STCO2AN, STCH4AN, STN2OAN, STNGENAN; reported comparison from STC2ERTA"
2014,GA,125805607.875,501.56983110275013,501.55704157328,498.3278183267063,IPCC SAR GWP100,IPCC AR5 GWP100; CH4=28 and N2O=265,eGRID2014_Data_v2.xlsx,"ST14!STCO2AN, STCH4AN, STN2OAN, STNGENAN; reported comparison from STC2ERTA"
2014,HI,10204158.502,607.2989722958507,607.2962269058299,602.8713620518298,IPCC SAR GWP100,IPCC AR5 GWP100; CH4=28 and N2O=265,eGRID2014_Data_v2.xlsx,"ST14!STCO2AN, STCH4AN, STN2OAN, STNGENAN; reported comparison from STC2ERTA"
2014,IA,56846167.863,611.8657981543408,611.8339649753101,607.3093117783437,IPCC SAR GWP100,IPCC AR5 GWP100; CH4=28 and N2O=265,eGRID2014_Data_v2.xlsx,"ST14!STCO2AN, STCH4AN, STN2OAN, STNGENAN; reported comparison from STC2ERTA"
2014,ID,15102586.656,66.8860486339835,66.88763806493999,66.54988773676311,IPCC SAR GWP100,IPCC AR5 GWP100; CH4=28 and N2O=265,eGRID2014_Data_v2.xlsx,"ST14!STCO2AN, STCH4AN, STN2OAN, STNGENAN; reported comparison from STC2ERTA"
2014,IL,202134056.529,452.1365530598411,452.11320528143006,448.80267943089814,IPCC SAR GWP100,IPCC AR5 GWP100; CH4=28 and N2O=265,eGRID2014_Data_v2.xlsx,"ST14!STCO2AN, STCH4AN, STN2OAN, STNGENAN; reported comparison from STC2ERTA"
2014,IN,115023340.266,899.4594658555213,899.4147027019,893.0605650950398,IPCC SAR GWP100,IPCC AR5 GWP100; CH4=28 and N2O=265,eGRID2014_Data_v2.xlsx,"ST14!STCO2AN, STCH4AN, STN2OAN, STNGENAN; reported comparison from STC2ERTA"
2014,KS,49727761.916,643.6893511941761,643.6570984697701,639.0483129116201,IPCC SAR GWP100,IPCC AR5 GWP100; CH4=28 and N2O=265,eGRID2014_Data_v2.xlsx,"ST14!STCO2AN, STCH4AN, STN2OAN, STNGENAN; reported comparison from STC2ERTA"
2014,KY,90896434.998,945.4608131804167,945.41305135123,938.2378048530062,IPCC SAR GWP100,IPCC AR5 GWP100; CH4=28 and N2O=265,eGRID2014_Data_v2.xlsx,"ST14!STCO2AN, STCH4AN, STN2OAN, STNGENAN; reported comparison from STC2ERTA"
2014,LA,103522968.665,444.36822144961087,444.35405420021004,442.31132587189984,IPCC SAR GWP100,IPCC AR5 GWP100; CH4=28 and N2O=265,eGRID2014_Data_v2.xlsx,"ST14!STCO2AN, STCH4AN, STN2OAN, STNGENAN; reported comparison from STC2ERTA"
2014,MA,31014178.671,406.26928604167296,406.21600773061004,403.02662440322496,IPCC SAR GWP100,IPCC AR5 GWP100; CH4=28 and N2O=265,eGRID2014_Data_v2.xlsx,"ST14!STCO2AN, STCH4AN, STN2OAN, STNGENAN; reported comparison from STC2ERTA"
2014,MD,37819444.988,530.586888852448,530.55384101027,526.2878630061208,IPCC SAR GWP100,IPCC AR5 GWP100; CH4=28 and N2O=265,eGRID2014_Data_v2.xlsx,"ST14!STCO2AN, STCH4AN, STN2OAN, STNGENAN; reported comparison from STC2ERTA"
2014,ME,13245795.392,162.00050934016778,161.61450783863,156.99677549275523,IPCC SAR GWP100,IPCC AR5 GWP100; CH4=28 and N2O=265,eGRID2014_Data_v2.xlsx,"ST14!STCO2AN, STCH4AN, STN2OAN, STNGENAN; reported comparison from STC2ERTA"
2014,MI,106747581.842,581.7188288798532,581.68594810326,577.3845026602347,IPCC SAR GWP100,IPCC AR5 GWP100; CH4=28 and N2O=265,eGRID2014_Data_v2.xlsx,"ST14!STCO2AN, STCH4AN, STN2OAN, STNGENAN; reported comparison from STC2ERTA"
2014,MN,56981323.968,549.0736279655731,548.82227371202,544.4622767949804,IPCC SAR GWP100,IPCC AR5 GWP100; CH4=28 and N2O=265,eGRID2014_Data_v2.xlsx,"ST14!STCO2AN, STCH4AN, STN2OAN, STNGENAN; reported comparison from STC2ERTA"
2014,MO,87833977.052,797.3863488653529,797.34235808843,791.0772903358068,IPCC SAR GWP100,IPCC AR5 GWP100; CH4=28 and N2O=265,eGRID2014_Data_v2.xlsx,"ST14!STCO2AN, STCH4AN, STN2OAN, STNGENAN; reported comparison from STC2ERTA"
2014,MS,55127091.661,449.6813963017305,449.66698163002,447.7719327338972,IPCC SAR GWP100,IPCC AR5 GWP100; CH4=28 and N2O=265,eGRID2014_Data_v2.xlsx,"ST14!STCO2AN, STCH4AN, STN2OAN, STNGENAN; reported comparison from STC2ERTA"
2014,MT,30257616.001,590.7974325202091,590.77866075228,586.6382654621598,IPCC SAR GWP100,IPCC AR5 GWP100; CH4=28 and N2O=265,eGRID2014_Data_v2.xlsx,"ST14!STCO2AN, STCH4AN, STN2OAN, STNGENAN; reported comparison from STC2ERTA"
2014,NC,126271599.062,447.54301759556205,447.50742835645,444.39967491385903,IPCC SAR GWP100,IPCC AR5 GWP100; CH4=28 and N2O=265,eGRID2014_Data_v2.xlsx,"ST14!STCO2AN, STCH4AN, STN2OAN, STNGENAN; reported comparison from STC2ERTA"
2014,ND,36462507.669,826.6287549239231,826.5868189594399,820.5062076814886,IPCC SAR GWP100,IPCC AR5 GWP100; CH4=28 and N2O=265,eGRID2014_Data_v2.xlsx,"ST14!STCO2AN, STCH4AN, STN2OAN, STNGENAN; reported comparison from STC2ERTA"
2014,NE,39431137.998,636.7722821239898,636.7393612349,631.9462686038045,IPCC SAR GWP100,IPCC AR5 GWP100; CH4=28 and N2O=265,eGRID2014_Data_v2.xlsx,"ST14!STCO2AN, STCH4AN, STN2OAN, STNGENAN; reported comparison from STC2ERTA"
2014,NH,19538394.984,174.47237259643467,174.42350277506,171.4005903085362,IPCC SAR GWP100,IPCC AR5 GWP100; CH4=28 and N2O=265,eGRID2014_Data_v2.xlsx,"ST14!STCO2AN, STCH4AN, STN2OAN, STNGENAN; reported comparison from STC2ERTA"
2014,NJ,66819245.204,252.4734216187905,252.4513694472,251.33359367126488,IPCC SAR GWP100,IPCC AR5 GWP100; CH4=28 and N2O=265,eGRID2014_Data_v2.xlsx,"ST14!STCO2AN, STCH4AN, STN2OAN, STNGENAN; reported comparison from STC2ERTA"
2014,NM,32305545.001,767.740267380408,767.7010038936701,762.7555426830521,IPCC SAR GWP100,IPCC AR5 GWP100; CH4=28 and N2O=265,eGRID2014_Data_v2.xlsx,"ST14!STCO2AN, STCH4AN, STN2OAN, STNGENAN; reported comparison from STC2ERTA"
2014,NV,35801018.998,439.30211533294704,439.28016994939003,437.56963269381436,IPCC SAR GWP100,IPCC AR5 GWP100; CH4=28 and N2O=265,eGRID2014_Data_v2.xlsx,"ST14!STCO2AN, STCH4AN, STN2OAN, STNGENAN; reported comparison from STC2ERTA"
2014,NY,133648655.493,237.62888656459722,237.61028069317,236.5629364722777,IPCC SAR GWP100,IPCC AR5 GWP100; CH4=28 and N2O=265,eGRID2014_Data_v2.xlsx,"ST14!STCO2AN, STCH4AN, STN2OAN, STNGENAN; reported comparison from STC2ERTA"
2014,OH,134484232.266,730.4718915456967,730.43476195921,725.3445381191606,IPCC SAR GWP100,IPCC AR5 GWP100; CH4=28 and N2O=265,eGRID2014_Data_v2.xlsx,"ST14!STCO2AN, STCH4AN, STN2OAN, STNGENAN; reported comparison from STC2ERTA"
2014,OK,70003762.499,618.2461455464515,618.21646321358,614.6510168816485,IPCC SAR GWP100,IPCC AR5 GWP100; CH4=28 and N2O=265,eGRID2014_Data_v2.xlsx,"ST14!STCO2AN, STCH4AN, STN2OAN, STNGENAN; reported comparison from STC2ERTA"
2014,OR,60110811.966,141.44468374865843,141.43282252022,140.6221360165021,IPCC SAR GWP100,IPCC AR5 GWP100; CH4=28 and N2O=265,eGRID2014_Data_v2.xlsx,"ST14!STCO2AN, STCH4AN, STN2OAN, STNGENAN; reported comparison from STC2ERTA"
2014,PA,221043691.598,451.56343847012755,451.56980162217,448.6129713858665,IPCC SAR GWP100,IPCC AR5 GWP100; CH4=28 and N2O=265,eGRID2014_Data_v2.xlsx,"ST14!STCO2AN, STCH4AN, STN2OAN, STNGENAN; reported comparison from STC2ERTA"
2014,RI,6239678.499,405.3770040247822,405.35917174368,404.94914483075746,IPCC SAR GWP100,IPCC AR5 GWP100; CH4=28 and N2O=265,eGRID2014_Data_v2.xlsx,"ST14!STCO2AN, STCH4AN, STN2OAN, STNGENAN; reported comparison from STC2ERTA"
2014,SC,97158465.241,334.73547876694073,334.65047155386003,332.2335074276283,IPCC SAR GWP100,IPCC AR5 GWP100; CH4=28 and N2O=265,eGRID2014_Data_v2.xlsx,"ST14!STCO2AN, STCH4AN, STN2OAN, STNGENAN; reported comparison from STC2ERTA"
2014,SD,10995239.493,282.50460020907326,282.49052415044997,280.51582616530226,IPCC SAR GWP100,IPCC AR5 GWP100; CH4=28 and N2O=265,eGRID2014_Data_v2.xlsx,"ST14!STCO2AN, STCH4AN, STN2OAN, STNGENAN; reported comparison from STC2ERTA"
2014,TN,79506885.795,486.7168341041721,486.66696484329,483.28829172032505,IPCC SAR GWP100,IPCC AR5 GWP100; CH4=28 and N2O=265,eGRID2014_Data_v2.xlsx,"ST14!STCO2AN, STCH4AN, STN2OAN, STNGENAN; reported comparison from STC2ERTA"
2014,TX,438052226.109,540.0007613462666,539.97359375806,537.4436478148011,IPCC SAR GWP100,IPCC AR5 GWP100; CH4=28 and N2O=265,eGRID2014_Data_v2.xlsx,"ST14!STCO2AN, STCH4AN, STN2OAN, STNGENAN; reported comparison from STC2ERTA"
2014,UT,43784525.997,809.168464220192,809.13485252369,803.5103309364921,IPCC SAR GWP100,IPCC AR5 GWP100; CH4=28 and N2O=265,eGRID2014_Data_v2.xlsx,"ST14!STCO2AN, STCH4AN, STN2OAN, STNGENAN; reported comparison from STC2ERTA"
2014,VA,77345531.756,400.87615523979173,400.80102201755,397.7026585710148,IPCC SAR GWP100,IPCC AR5 GWP100; CH4=28 and N2O=265,eGRID2014_Data_v2.xlsx,"ST14!STCO2AN, STCH4AN, STN2OAN, STNGENAN; reported comparison from STC2ERTA"
2014,VT,7024733.008,10.45007915266899,10.418563146530001,8.638127899334323,IPCC SAR GWP100,IPCC AR5 GWP100; CH4=28 and N2O=265,eGRID2014_Data_v2.xlsx,"ST14!STCO2AN, STCH4AN, STN2OAN, STNGENAN; reported comparison from STC2ERTA"
2014,WA,116272503.358,102.44368672031356,102.43794006369,101.73376324545477,IPCC SAR GWP100,IPCC AR5 GWP100; CH4=28 and N2O=265,eGRID2014_Data_v2.xlsx,"ST14!STCO2AN, STCH4AN, STN2OAN, STNGENAN; reported comparison from STC2ERTA"
2014,WI,61008457.569,691.9911690104174,691.955160435,686.9725299965338,IPCC SAR GWP100,IPCC AR5 GWP100; CH4=28 and N2O=265,eGRID2014_Data_v2.xlsx,"ST14!STCO2AN, STCH4AN, STN2OAN, STNGENAN; reported comparison from STC2ERTA"
2014,WV,80357567.778,903.2965662623578,903.2575372605401,896.3392329390445,IPCC SAR GWP100,IPCC AR5 GWP100; CH4=28 and N2O=265,eGRID2014_Data_v2.xlsx,"ST14!STCO2AN, STCH4AN, STN2OAN, STNGENAN; reported comparison from STC2ERTA"
2014,WY,49696183.631,913.0112175636486,912.96486757091,906.230949065026,IPCC SAR GWP100,IPCC AR5 GWP100; CH4=28 and N2O=265,eGRID2014_Data_v2.xlsx,"ST14!STCO2AN, STCH4AN, STN2OAN, STNGENAN; reported comparison from STC2ERTA"
2016,AK,6335033.511,421.8598131761124,421.84680080081006,419.96381653886704,IPCC SAR GWP100,IPCC AR5 GWP100; CH4=28 and N2O=265,egrid2016_data.xlsx,"ST16!STCO2AN, STCH4AN, STN2OAN, STNGENAN; reported comparison from STC2ERTA"
2016,AL,142863240.209,416.1843024115792,416.15648451916,414.09223612634827,IPCC SAR GWP100,IPCC AR5 GWP100; CH4=28 and N2O=265,egrid2016_data.xlsx,"ST16!STCO2AN, STCH4AN, STN2OAN, STNGENAN; reported comparison from STC2ERTA"
2016,AR,60445059.072,509.2191669313832,509.19961941541004,506.050405336533,IPCC SAR GWP100,IPCC AR5 GWP100; CH4=28 and N2O=265,egrid2016_data.xlsx,"ST16!STCO2AN, STCH4AN, STN2OAN, STNGENAN; reported comparison from STC2ERTA"
2016,AZ,108734630.779,425.0362534546797,425.04870934064,422.850058386151,IPCC SAR GWP100,IPCC AR5 GWP100; CH4=28 and N2O=265,egrid2016_data.xlsx,"ST16!STCO2AN, STCH4AN, STN2OAN, STNGENAN; reported comparison from STC2ERTA"
2016,CA,197323836.964,205.97538596813195,205.95769792983003,205.26916296050487,IPCC SAR GWP100,IPCC AR5 GWP100; CH4=28 and N2O=265,egrid2016_data.xlsx,"ST16!STCO2AN, STCH4AN, STN2OAN, STNGENAN; reported comparison from STC2ERTA"
2016,CO,54418479.931,670.4190571185492,670.38457527965,666.0426651709566,IPCC SAR GWP100,IPCC AR5 GWP100; CH4=28 and N2O=265,egrid2016_data.xlsx,"ST16!STCO2AN, STCH4AN, STN2OAN, STNGENAN; reported comparison from STC2ERTA"
2016,CT,36496559.656,227.80095081166738,227.76460470995002,226.10069821869672,IPCC SAR GWP100,IPCC AR5 GWP100; CH4=28 and N2O=265,egrid2016_data.xlsx,"ST16!STCO2AN, STCH4AN, STN2OAN, STNGENAN; reported comparison from STC2ERTA"
2016,DC,76473.999,219.12858425615545,219.10416558954,218.53429887065434,IPCC SAR GWP100,IPCC AR5 GWP100; CH4=28 and N2O=265,egrid2016_data.xlsx,"ST16!STCO2AN, STCH4AN, STN2OAN, STNGENAN; reported comparison from STC2ERTA"
2016,DE,8731261.003,403.42758774497486,403.39647755869004,402.5246887656987,IPCC SAR GWP100,IPCC AR5 GWP100; CH4=28 and N2O=265,egrid2016_data.xlsx,"ST16!STCO2AN, STCH4AN, STN2OAN, STNGENAN; reported comparison from STC2ERTA"
2016,FL,238226428.16,466.80366367722854,466.7315801817901,464.5715526539579,IPCC SAR GWP100,IPCC AR5 GWP100; CH4=28 and N2O=265,egrid2016_data.xlsx,"ST16!STCO2AN, STCH4AN, STN2OAN, STNGENAN; reported comparison from STC2ERTA"
2016,GA,132902274.317,456.9874517680668,456.97072597176003,454.38782132330164,IPCC SAR GWP100,IPCC AR5 GWP100; CH4=28 and N2O=265,egrid2016_data.xlsx,"ST16!STCO2AN, STCH4AN, STN2OAN, STNGENAN; reported comparison from STC2ERTA"
2016,HI,9948844.667,695.3098420329005,695.3035793103401,690.4137893069073,IPCC SAR GWP100,IPCC AR5 GWP100; CH4=28 and N2O=265,egrid2016_data.xlsx,"ST16!STCO2AN, STCH4AN, STN2OAN, STNGENAN; reported comparison from STC2ERTA"
2016,IA,54396530.724,455.18479465079747,455.34777247190004,452.62091130331976,IPCC SAR GWP100,IPCC AR5 GWP100; CH4=28 and N2O=265,egrid2016_data.xlsx,"ST16!STCO2AN, STCH4AN, STN2OAN, STNGENAN; reported comparison from STC2ERTA"
2016,ID,15660938.441,85.85199529150658,85.85278864701,85.59069888275765,IPCC SAR GWP100,IPCC AR5 GWP100; CH4=28 and N2O=265,egrid2016_data.xlsx,"ST16!STCO2AN, STCH4AN, STN2OAN, STNGENAN; reported comparison from STC2ERTA"
2016,IL,187437381.035,370.0595603358064,370.14997120717004,368.0077344996838,IPCC SAR GWP100,IPCC AR5 GWP100; CH4=28 and N2O=265,egrid2016_data.xlsx,"ST16!STCO2AN, STCH4AN, STN2OAN, STNGENAN; reported comparison from STC2ERTA"
2016,IN,101397209.392,827.803850770832,827.76298397485,822.2282690827121,IPCC SAR GWP100,IPCC AR5 GWP100; CH4=28 and N2O=265,egrid2016_data.xlsx,"ST16!STCO2AN, STCH4AN, STN2OAN, STNGENAN; reported comparison from STC2ERTA"
2016,KS,47599990.322,546.1778299516731,546.15061465272,542.2938610267768,IPCC SAR GWP100,IPCC AR5 GWP100; CH4=28 and N2O=265,egrid2016_data.xlsx,"ST16!STCO2AN, STCH4AN, STN2OAN, STNGENAN; reported comparison from STC2ERTA"
2016,KY,80273501.005,892.6615075290118,892.7078859190801,886.4560028929725,IPCC SAR GWP100,IPCC AR5 GWP100; CH4=28 and N2O=265,egrid2016_data.xlsx,"ST16!STCO2AN, STCH4AN, STN2OAN, STNGENAN; reported comparison from STC2ERTA"
2016,LA,106842115.053,400.13813251529854,400.12925171758,398.63966115732484,IPCC SAR GWP100,IPCC AR5 GWP100; CH4=28 and N2O=265,egrid2016_data.xlsx,"ST16!STCO2AN, STCH4AN, STN2OAN, STNGENAN; reported comparison from STC2ERTA"
2016,MA,31951671.137,375.40560381197093,375.35403646818,372.5477591110687,IPCC SAR GWP100,IPCC AR5 GWP100; CH4=28 and N2O=265,egrid2016_data.xlsx,"ST16!STCO2AN, STCH4AN, STN2OAN, STNGENAN; reported comparison from STC2ERTA"
2016,MD,37166746.524,462.3279669183563,462.41655596598,459.3449100166763,IPCC SAR GWP100,IPCC AR5 GWP100; CH4=28 and N2O=265,egrid2016_data.xlsx,"ST16!STCO2AN, STCH4AN, STN2OAN, STNGENAN; reported comparison from STC2ERTA"
2016,ME,11514427.426,157.72275859637236,157.67777965940002,152.84417735645985,IPCC SAR GWP100,IPCC AR5 GWP100; CH4=28 and N2O=265,egrid2016_data.xlsx,"ST16!STCO2AN, STCH4AN, STN2OAN, STNGENAN; reported comparison from STC2ERTA"
2016,MI,112121789.925,501.55925188512435,501.6799651055501,498.8854128466928,IPCC SAR GWP100,IPCC AR5 GWP100; CH4=28 and N2O=265,egrid2016_data.xlsx,"ST16!STCO2AN, STCH4AN, STN2OAN, STNGENAN; reported comparison from STC2ERTA"
2016,MN,60036475.896,463.00349960592797,462.79258404071004,459.3395296065265,IPCC SAR GWP100,IPCC AR5 GWP100; CH4=28 and N2O=265,egrid2016_data.xlsx,"ST16!STCO2AN, STCH4AN, STN2OAN, STNGENAN; reported comparison from STC2ERTA"
2016,MO,78611512.544,770.4498874451207,770.63302497335,765.547052681676,IPCC SAR GWP100,IPCC AR5 GWP100; CH4=28 and N2O=265,egrid2016_data.xlsx,"ST16!STCO2AN, STCH4AN, STN2OAN, STNGENAN; reported comparison from STC2ERTA"
2016,MS,62881294.963,427.72928782282867,427.75075908873004,426.7016883710862,IPCC SAR GWP100,IPCC AR5 GWP100; CH4=28 and N2O=265,egrid2016_data.xlsx,"ST16!STCO2AN, STCH4AN, STN2OAN, STNGENAN; reported comparison from STC2ERTA"
2016,MT,27783529.992,571.5798722487729,571.56176640486,567.454048437915,IPCC SAR GWP100,IPCC AR5 GWP100; CH4=28 and N2O=265,egrid2016_data.xlsx,"ST16!STCO2AN, STCH4AN, STN2OAN, STNGENAN; reported comparison from STC2ERTA"
2016,NC,130768152.699,395.8512546588214,395.83101041946003,393.46458378559447,IPCC SAR GWP100,IPCC AR5 GWP100; CH4=28 and N2O=265,egrid2016_data.xlsx,"ST16!STCO2AN, STCH4AN, STN2OAN, STNGENAN; reported comparison from STC2ERTA"
2016,ND,37856451.758,759.5483032373353,759.6869339005101,754.6661939071403,IPCC SAR GWP100,IPCC AR5 GWP100; CH4=28 and N2O=265,egrid2016_data.xlsx,"ST16!STCO2AN, STCH4AN, STN2OAN, STNGENAN; reported comparison from STC2ERTA"
2016,NE,37197843.2,585.4609760558545,585.4557542903301,581.121114207405,IPCC SAR GWP100,IPCC AR5 GWP100; CH4=28 and N2O=265,egrid2016_data.xlsx,"ST16!STCO2AN, STCH4AN, STN2OAN, STNGENAN; reported comparison from STC2ERTA"
2016,NH,19282493.05,143.74519804583,143.69443407704,140.8696098987101,IPCC SAR GWP100,IPCC AR5 GWP100; CH4=28 and N2O=265,egrid2016_data.xlsx,"ST16!STCO2AN, STCH4AN, STN2OAN, STNGENAN; reported comparison from STC2ERTA"
2016,NJ,77598196.669,253.95310276509954,253.93189494287998,253.02394856683475,IPCC SAR GWP100,IPCC AR5 GWP100; CH4=28 and N2O=265,egrid2016_data.xlsx,"ST16!STCO2AN, STCH4AN, STN2OAN, STNGENAN; reported comparison from STC2ERTA"
2016,NM,32922552.001,717.8924042176814,717.8561919467401,713.4038805005014,IPCC SAR GWP100,IPCC AR5 GWP100; CH4=28 and N2O=265,egrid2016_data.xlsx,"ST16!STCO2AN, STCH4AN, STN2OAN, STNGENAN; reported comparison from STC2ERTA"
2016,NV,39228694.003,349.9810711890645,349.96420355743004,349.2261956449471,IPCC SAR GWP100,IPCC AR5 GWP100; CH4=28 and N2O=265,egrid2016_data.xlsx,"ST16!STCO2AN, STCH4AN, STN2OAN, STNGENAN; reported comparison from STC2ERTA"
2016,NY,134090832.639,211.33575183414303,211.31779896612,210.47579027446193,IPCC SAR GWP100,IPCC AR5 GWP100; CH4=28 and N2O=265,egrid2016_data.xlsx,"ST16!STCO2AN, STCH4AN, STN2OAN, STNGENAN; reported comparison from STC2ERTA"
2016,OH,118922077.758,669.1539917861774,669.20024560158,664.9484489927447,IPCC SAR GWP100,IPCC AR5 GWP100; CH4=28 and N2O=265,egrid2016_data.xlsx,"ST16!STCO2AN, STCH4AN, STN2OAN, STNGENAN; reported comparison from STC2ERTA"
2016,OK,78655008.003,475.490533862022,475.50587098707,473.42146485331347,IPCC SAR GWP100,IPCC AR5 GWP100; CH4=28 and N2O=265,egrid2016_data.xlsx,"ST16!STCO2AN, STCH4AN, STN2OAN, STNGENAN; reported comparison from STC2ERTA"
2016,OR,60181811.826,139.33556632930996,139.32633955394,138.74962369967932,IPCC SAR GWP100,IPCC AR5 GWP100; CH4=28 and N2O=265,egrid2016_data.xlsx,"ST16!STCO2AN, STCH4AN, STN2OAN, STNGENAN; reported comparison from STC2ERTA"
2016,PA,215066508.488,390.04693533523965,390.11030344902,388.0229434948906,IPCC SAR GWP100,IPCC AR5 GWP100; CH4=28 and N2O=265,egrid2016_data.xlsx,"ST16!STCO2AN, STCH4AN, STN2OAN, STNGENAN; reported comparison from STC2ERTA"
2016,RI,6564885.1,395.4103727654017,395.3919330053,394.998291484022,IPCC SAR GWP100,IPCC AR5 GWP100; CH4=28 and N2O=265,egrid2016_data.xlsx,"ST16!STCO2AN, STCH4AN, STN2OAN, STNGENAN; reported comparison from STC2ERTA"
2016,SC,96985763.86,286.9243926071705,287.03415892074,285.50382060171944,IPCC SAR GWP100,IPCC AR5 GWP100; CH4=28 and N2O=265,egrid2016_data.xlsx,"ST16!STCO2AN, STCH4AN, STN2OAN, STNGENAN; reported comparison from STC2ERTA"
2016,SD,10289415.719,234.3202890877847,234.30858183194002,232.83626696845738,IPCC SAR GWP100,IPCC AR5 GWP100; CH4=28 and N2O=265,egrid2016_data.xlsx,"ST16!STCO2AN, STCH4AN, STN2OAN, STNGENAN; reported comparison from STC2ERTA"
2016,TN,79340633.31,452.81910048307003,452.86979735459005,450.0863594436554,IPCC SAR GWP100,IPCC AR5 GWP100; CH4=28 and N2O=265,egrid2016_data.xlsx,"ST16!STCO2AN, STCH4AN, STN2OAN, STNGENAN; reported comparison from STC2ERTA"
2016,TX,453941342.056,478.38962211535426,478.35942058674004,476.0575184560906,IPCC SAR GWP100,IPCC AR5 GWP100; CH4=28 and N2O=265,egrid2016_data.xlsx,"ST16!STCO2AN, STCH4AN, STN2OAN, STNGENAN; reported comparison from STC2ERTA"
2016,UT,38133928.003,743.1889363078752,743.15848153008,738.1634187712572,IPCC SAR GWP100,IPCC AR5 GWP100; CH4=28 and N2O=265,egrid2016_data.xlsx,"ST16!STCO2AN, STCH4AN, STN2OAN, STNGENAN; reported comparison from STC2ERTA"
2016,VA,92554816.451,371.57521859373054,371.4830791826,369.1342372307261,IPCC SAR GWP100,IPCC AR5 GWP100; CH4=28 and N2O=265,egrid2016_data.xlsx,"ST16!STCO2AN, STCH4AN, STN2OAN, STNGENAN; reported comparison from STC2ERTA"
2016,VT,1911207.085,30.390928693241758,30.311310125250003,25.804714935318305,IPCC SAR GWP100,IPCC AR5 GWP100; CH4=28 and N2O=265,egrid2016_data.xlsx,"ST16!STCO2AN, STCH4AN, STN2OAN, STNGENAN; reported comparison from STC2ERTA"
2016,WA,114086582.682,85.21773281482784,85.24361409410001,84.75095980338385,IPCC SAR GWP100,IPCC AR5 GWP100; CH4=28 and N2O=265,egrid2016_data.xlsx,"ST16!STCO2AN, STCH4AN, STN2OAN, STNGENAN; reported comparison from STC2ERTA"
2016,WI,64966610.542,633.2804542253202,633.4372087813,629.9854517412301,IPCC SAR GWP100,IPCC AR5 GWP100; CH4=28 and N2O=265,egrid2016_data.xlsx,"ST16!STCO2AN, STCH4AN, STN2OAN, STNGENAN; reported comparison from STC2ERTA"
2016,WV,75942967.562,902.8908679212245,902.90237443483,896.1883729144995,IPCC SAR GWP100,IPCC AR5 GWP100; CH4=28 and N2O=265,egrid2016_data.xlsx,"ST16!STCO2AN, STCH4AN, STN2OAN, STNGENAN; reported comparison from STC2ERTA"
2016,WY,46656629.978,925.8131374203496,925.76705862179,919.096251493984,IPCC SAR GWP100,IPCC AR5 GWP100; CH4=28 and N2O=265,egrid2016_data.xlsx,"ST16!STCO2AN, STCH4AN, STN2OAN, STNGENAN; reported comparison from STC2ERTA"
2018,AK,6244300.149,413.62093515239224,413.66943755445004,411.645308627904,IPCC AR4 GWP100,IPCC AR5 GWP100; CH4=28 and N2O=265,egrid2018_data.xlsx,"ST18!STCO2AN, STCH4AN, STN2OAN, STNGENAN; reported comparison from STC2ERTA"
2018,AL,143221259.248,393.80101810563417,393.85334768626,391.8891935188003,IPCC AR4 GWP100,IPCC AR5 GWP100; CH4=28 and N2O=265,egrid2018_data.xlsx,"ST18!STCO2AN, STCH4AN, STN2OAN, STNGENAN; reported comparison from STC2ERTA"
2018,AR,67999351.643,552.8999517979905,552.99441633128,549.4507337402325,IPCC AR4 GWP100,IPCC AR5 GWP100; CH4=28 and N2O=265,egrid2018_data.xlsx,"ST18!STCO2AN, STCH4AN, STN2OAN, STNGENAN; reported comparison from STC2ERTA"
2018,AZ,111639090.046,440.94352785916584,441.00291377065,438.64398264616017,IPCC AR4 GWP100,IPCC AR5 GWP100; CH4=28 and N2O=265,egrid2018_data.xlsx,"ST18!STCO2AN, STCH4AN, STN2OAN, STNGENAN; reported comparison from STC2ERTA"
2018,CA,195212859.582,191.41717612581962,191.42913431873,190.6853533022388,IPCC AR4 GWP100,IPCC AR5 GWP100; CH4=28 and N2O=265,egrid2018_data.xlsx,"ST18!STCO2AN, STCH4AN, STN2OAN, STNGENAN; reported comparison from STC2ERTA"
2018,CO,55375731.38,621.9409885481101,622.0429684469,618.0507205417375,IPCC AR4 GWP100,IPCC AR5 GWP100; CH4=28 and N2O=265,egrid2018_data.xlsx,"ST18!STCO2AN, STCH4AN, STN2OAN, STNGENAN; reported comparison from STC2ERTA"
2018,CT,39453552.523,231.07362319244365,231.09760144471002,229.68428036722526,IPCC AR4 GWP100,IPCC AR5 GWP100; CH4=28 and N2O=265,egrid2018_data.xlsx,"ST18!STCO2AN, STCH4AN, STN2OAN, STNGENAN; reported comparison from STC2ERTA"
2018,DC,74889.001,199.6092574346396,199.6123942659,199.0700587532599,IPCC AR4 GWP100,IPCC AR5 GWP100; CH4=28 and N2O=265,egrid2018_data.xlsx,"ST18!STCO2AN, STCH4AN, STN2OAN, STNGENAN; reported comparison from STC2ERTA"
2018,DE,6240644.191,408.4040994041017,408.40821965482,407.4428857110588,IPCC AR4 GWP100,IPCC AR5 GWP100; CH4=28 and N2O=265,egrid2018_data.xlsx,"ST18!STCO2AN, STCH4AN, STN2OAN, STNGENAN; reported comparison from STC2ERTA"
2018,FL,243456187.354,429.8363131417445,429.88037526588005,427.87886867742344,IPCC AR4 GWP100,IPCC AR5 GWP100; CH4=28 and N2O=265,egrid2018_data.xlsx,"ST18!STCO2AN, STCH4AN, STN2OAN, STNGENAN; reported comparison from STC2ERTA"
2018,GA,129232893.261,422.61856222422216,422.68367872346,420.22952034544534,IPCC AR4 GWP100,IPCC AR5 GWP100; CH4=28 and N2O=265,egrid2018_data.xlsx,"ST18!STCO2AN, STCH4AN, STN2OAN, STNGENAN; reported comparison from STC2ERTA"
2018,HI,9796772.998,691.4790887413594,691.62993470571,686.4321014675221,IPCC AR4 GWP100,IPCC AR5 GWP100; CH4=28 and N2O=265,egrid2018_data.xlsx,"ST18!STCO2AN, STCH4AN, STN2OAN, STNGENAN; reported comparison from STC2ERTA"
2018,IA,63191960.4,488.59501704450014,488.68318292794004,485.30036501045015,IPCC AR4 GWP100,IPCC AR5 GWP100; CH4=28 and N2O=265,egrid2018_data.xlsx,"ST18!STCO2AN, STCH4AN, STN2OAN, STNGENAN; reported comparison from STC2ERTA"
2018,ID,18172119.496,72.88311256625481,72.89002589715,72.66844612335188,IPCC AR4 GWP100,IPCC AR5 GWP100; CH4=28 and N2O=265,egrid2018_data.xlsx,"ST18!STCO2AN, STCH4AN, STN2OAN, STNGENAN; reported comparison from STC2ERTA"
2018,IL,187990218.418,371.21812565112185,371.28485931691,368.71289339879763,IPCC AR4 GWP100,IPCC AR5 GWP100; CH4=28 and N2O=265,egrid2018_data.xlsx,"ST18!STCO2AN, STCH4AN, STN2OAN, STNGENAN; reported comparison from STC2ERTA"
2018,IN,113451149.922,792.9757722414781,793.11714516188,787.6746182052074,IPCC AR4 GWP100,IPCC AR5 GWP100; CH4=28 and N2O=265,egrid2018_data.xlsx,"ST18!STCO2AN, STCH4AN, STN2OAN, STNGENAN; reported comparison from STC2ERTA"
2018,KS,51683745.199,451.9636026178785,452.05015594200006,448.74073013983366,IPCC AR4 GWP100,IPCC AR5 GWP100; CH4=28 and N2O=265,egrid2018_data.xlsx,"ST18!STCO2AN, STCH4AN, STN2OAN, STNGENAN; reported comparison from STC2ERTA"
2018,KY,78804496.998,832.4818767006861,832.6418235065701,826.5228672855382,IPCC AR4 GWP100,IPCC AR5 GWP100; CH4=28 and N2O=265,egrid2018_data.xlsx,"ST18!STCO2AN, STCH4AN, STN2OAN, STNGENAN; reported comparison from STC2ERTA"
2018,LA,101862424.388,380.7169081158361,380.75858955673,379.22069946491314,IPCC AR4 GWP100,IPCC AR5 GWP100; CH4=28 and N2O=265,egrid2018_data.xlsx,"ST18!STCO2AN, STCH4AN, STN2OAN, STNGENAN; reported comparison from STC2ERTA"
2018,MA,27123442.981,332.8099534974712,332.86558557791,330.02359964860045,IPCC AR4 GWP100,IPCC AR5 GWP100; CH4=28 and N2O=265,egrid2018_data.xlsx,"ST18!STCO2AN, STCH4AN, STN2OAN, STNGENAN; reported comparison from STC2ERTA"
2018,MD,43783522.967,381.48544366707245,381.54557231868,379.0891047727217,IPCC AR4 GWP100,IPCC AR5 GWP100; CH4=28 and N2O=265,egrid2018_data.xlsx,"ST18!STCO2AN, STCH4AN, STN2OAN, STNGENAN; reported comparison from STC2ERTA"
2018,ME,11280700.003,121.54019677439773,121.66299907377001,116.91210428868911,IPCC AR4 GWP100,IPCC AR5 GWP100; CH4=28 and N2O=265,egrid2018_data.xlsx,"ST18!STCO2AN, STCH4AN, STN2OAN, STNGENAN; reported comparison from STC2ERTA"
2018,MI,115834924.306,506.0371214347768,506.10203712068,502.7183131150414,IPCC AR4 GWP100,IPCC AR5 GWP100; CH4=28 and N2O=265,egrid2018_data.xlsx,"ST18!STCO2AN, STCH4AN, STN2OAN, STNGENAN; reported comparison from STC2ERTA"
2018,MN,61425572.326,455.0015307940494,455.00168149359,451.51014217238395,IPCC AR4 GWP100,IPCC AR5 GWP100; CH4=28 and N2O=265,egrid2018_data.xlsx,"ST18!STCO2AN, STCH4AN, STN2OAN, STNGENAN; reported comparison from STC2ERTA"
2018,MO,81304229.764,776.7971828851148,776.95519542641,770.9254125832923,IPCC AR4 GWP100,IPCC AR5 GWP100; CH4=28 and N2O=265,egrid2018_data.xlsx,"ST18!STCO2AN, STCH4AN, STN2OAN, STNGENAN; reported comparison from STC2ERTA"
2018,MS,63473771.44,417.05847804497745,417.08589528529006,415.92240261862423,IPCC AR4 GWP100,IPCC AR5 GWP100; CH4=28 and N2O=265,egrid2018_data.xlsx,"ST18!STCO2AN, STCH4AN, STN2OAN, STNGENAN; reported comparison from STC2ERTA"
2018,MT,28195174.001,528.7519393724339,528.8574055464701,524.8536428775332,IPCC AR4 GWP100,IPCC AR5 GWP100; CH4=28 and N2O=265,egrid2018_data.xlsx,"ST18!STCO2AN, STCH4AN, STN2OAN, STNGENAN; reported comparison from STC2ERTA"
2018,NC,134162507.279,364.77339626840745,364.72183131538,362.6799166652462,IPCC AR4 GWP100,IPCC AR5 GWP100; CH4=28 and N2O=265,egrid2018_data.xlsx,"ST18!STCO2AN, STCH4AN, STN2OAN, STNGENAN; reported comparison from STC2ERTA"
2018,ND,42612541.996,687.8931810380643,688.0315864345,682.7661455978354,IPCC AR4 GWP100,IPCC AR5 GWP100; CH4=28 and N2O=265,egrid2018_data.xlsx,"ST18!STCO2AN, STCH4AN, STN2OAN, STNGENAN; reported comparison from STC2ERTA"
2018,NE,36966215.818,642.8452571862035,642.97852428425,637.9095482252741,IPCC AR4 GWP100,IPCC AR5 GWP100; CH4=28 and N2O=265,egrid2018_data.xlsx,"ST18!STCO2AN, STCH4AN, STN2OAN, STNGENAN; reported comparison from STC2ERTA"
2018,NH,17063035.358,138.65405829927244,138.71535063155,135.83507174011538,IPCC AR4 GWP100,IPCC AR5 GWP100; CH4=28 and N2O=265,egrid2018_data.xlsx,"ST18!STCO2AN, STCH4AN, STN2OAN, STNGENAN; reported comparison from STC2ERTA"
2018,NJ,74975548.734,227.75020184902536,227.76732626417,226.8407349465722,IPCC AR4 GWP100,IPCC AR5 GWP100; CH4=28 and N2O=265,egrid2018_data.xlsx,"ST18!STCO2AN, STCH4AN, STN2OAN, STNGENAN; reported comparison from STC2ERTA"
2018,NM,32534843.004,607.9211230684574,608.0042845954,604.711025294935,IPCC AR4 GWP100,IPCC AR5 GWP100; CH4=28 and N2O=265,egrid2018_data.xlsx,"ST18!STCO2AN, STCH4AN, STN2OAN, STNGENAN; reported comparison from STC2ERTA"
2018,NV,39607668.204,338.6455634432161,338.6611352894,337.8421633683359,IPCC AR4 GWP100,IPCC AR5 GWP100; CH4=28 and N2O=265,egrid2018_data.xlsx,"ST18!STCO2AN, STCH4AN, STN2OAN, STNGENAN; reported comparison from STC2ERTA"
2018,NY,132500581.801,189.99431802033644,189.91141424871,189.18737170558063,IPCC AR4 GWP100,IPCC AR5 GWP100; CH4=28 and N2O=265,egrid2018_data.xlsx,"ST18!STCO2AN, STCH4AN, STN2OAN, STNGENAN; reported comparison from STC2ERTA"
2018,OH,126184610.568,603.1101171160266,603.20799887502,599.4079070927446,IPCC AR4 GWP100,IPCC AR5 GWP100; CH4=28 and N2O=265,egrid2018_data.xlsx,"ST18!STCO2AN, STCH4AN, STN2OAN, STNGENAN; reported comparison from STC2ERTA"
2018,OK,86223720.801,405.1908747096208,405.23171228771,403.5409451236488,IPCC AR4 GWP100,IPCC AR5 GWP100; CH4=28 and N2O=265,egrid2018_data.xlsx,"ST18!STCO2AN, STCH4AN, STN2OAN, STNGENAN; reported comparison from STC2ERTA"
2018,OR,63917831.946,142.49015010143262,142.50057895920003,141.98515370506718,IPCC AR4 GWP100,IPCC AR5 GWP100; CH4=28 and N2O=265,egrid2018_data.xlsx,"ST18!STCO2AN, STCH4AN, STN2OAN, STNGENAN; reported comparison from STC2ERTA"
2018,PA,215390665.858,357.76329088030843,357.81361952028004,355.74336412090844,IPCC AR4 GWP100,IPCC AR5 GWP100; CH4=28 and N2O=265,egrid2018_data.xlsx,"ST18!STCO2AN, STCH4AN, STN2OAN, STNGENAN; reported comparison from STC2ERTA"
2018,RI,8372772.262,394.0673472052827,394.07016483912,393.65396674466365,IPCC AR4 GWP100,IPCC AR5 GWP100; CH4=28 and N2O=265,egrid2018_data.xlsx,"ST18!STCO2AN, STCH4AN, STN2OAN, STNGENAN; reported comparison from STC2ERTA"
2018,SC,99322722.723,287.7849976082588,287.83293508431,285.9954747577504,IPCC AR4 GWP100,IPCC AR5 GWP100; CH4=28 and N2O=265,egrid2018_data.xlsx,"ST18!STCO2AN, STCH4AN, STN2OAN, STNGENAN; reported comparison from STC2ERTA"
2018,SD,12616395.683,235.82492640559514,235.86213569919,234.42201186033225,IPCC AR4 GWP100,IPCC AR5 GWP100; CH4=28 and N2O=265,egrid2018_data.xlsx,"ST18!STCO2AN, STCH4AN, STN2OAN, STNGENAN; reported comparison from STC2ERTA"
2018,TN,81539017.661,339.39130045814574,339.44811805135004,337.2840048644787,IPCC AR4 GWP100,IPCC AR5 GWP100; CH4=28 and N2O=265,egrid2018_data.xlsx,"ST18!STCO2AN, STCH4AN, STN2OAN, STNGENAN; reported comparison from STC2ERTA"
2018,TX,476834935.717,446.1305878650368,446.18157785894005,444.09523212710855,IPCC AR4 GWP100,IPCC AR5 GWP100; CH4=28 and N2O=265,egrid2018_data.xlsx,"ST18!STCO2AN, STCH4AN, STN2OAN, STNGENAN; reported comparison from STC2ERTA"
2018,UT,39375424.0,729.8559140515437,729.9888806595,724.844108782594,IPCC AR4 GWP100,IPCC AR5 GWP100; CH4=28 and N2O=265,egrid2018_data.xlsx,"ST18!STCO2AN, STCH4AN, STN2OAN, STNGENAN; reported comparison from STC2ERTA"
2018,VA,94558960.368,337.21598076788956,336.94837050028,335.36128814038364,IPCC AR4 GWP100,IPCC AR5 GWP100; CH4=28 and N2O=265,egrid2018_data.xlsx,"ST18!STCO2AN, STCH4AN, STN2OAN, STNGENAN; reported comparison from STC2ERTA"
2018,VT,2175006.475,25.967934010016823,26.08473642159,20.46930517500018,IPCC AR4 GWP100,IPCC AR5 GWP100; CH4=28 and N2O=265,egrid2018_data.xlsx,"ST18!STCO2AN, STCH4AN, STN2OAN, STNGENAN; reported comparison from STC2ERTA"
2018,WA,116746864.289,90.72078500730798,90.73752487954,90.0899078114186,IPCC AR4 GWP100,IPCC AR5 GWP100; CH4=28 and N2O=265,egrid2018_data.xlsx,"ST18!STCO2AN, STCH4AN, STN2OAN, STNGENAN; reported comparison from STC2ERTA"
2018,WI,65802102.201,633.2196710494719,633.33016098198,629.0719342133693,IPCC AR4 GWP100,IPCC AR5 GWP100; CH4=28 and N2O=265,egrid2018_data.xlsx,"ST18!STCO2AN, STCH4AN, STN2OAN, STNGENAN; reported comparison from STC2ERTA"
2018,WV,67249024.77,889.5170150347643,889.70283646783,882.637869866755,IPCC AR4 GWP100,IPCC AR5 GWP100; CH4=28 and N2O=265,egrid2018_data.xlsx,"ST18!STCO2AN, STCH4AN, STN2OAN, STNGENAN; reported comparison from STC2ERTA"
2018,WY,46112136.165,935.9217919380314,936.1048823264599,929.1380705893456,IPCC AR4 GWP100,IPCC AR5 GWP100; CH4=28 and N2O=265,egrid2018_data.xlsx,"ST18!STCO2AN, STCH4AN, STN2OAN, STNGENAN; reported comparison from STC2ERTA"
2019,AK,6068242.558,442.1634699811704,442.22080928409997,439.8289615479758,IPCC AR4 GWP100,IPCC AR5 GWP100; CH4=28 and N2O=265,egrid2019_data.xlsx,"ST19!STCO2AN, STCH4AN, STN2OAN, STNGENAN; reported comparison from STC2ERTA"
2019,AL,142679432.855,356.34532776828667,356.32991887801,354.6659191701461,IPCC AR4 GWP100,IPCC AR5 GWP100; CH4=28 and N2O=265,egrid2019_data.xlsx,"ST19!STCO2AN, STCH4AN, STN2OAN, STNGENAN; reported comparison from STC2ERTA"
2019,AR,63857738.721,511.5477256893292,511.62633859491,508.68054666297184,IPCC AR4 GWP100,IPCC AR5 GWP100; CH4=28 and N2O=265,egrid2019_data.xlsx,"ST19!STCO2AN, STCH4AN, STN2OAN, STNGENAN; reported comparison from STC2ERTA"
2019,AZ,113368628.098,396.0871463781289,396.13310293788,394.25336648681565,IPCC AR4 GWP100,IPCC AR5 GWP100; CH4=28 and N2O=265,egrid2019_data.xlsx,"ST19!STCO2AN, STCH4AN, STN2OAN, STNGENAN; reported comparison from STC2ERTA"
2019,CA,201747828.474,175.63261917299548,175.62325459371002,174.90124771551075,IPCC AR4 GWP100,IPCC AR5 GWP100; CH4=28 and N2O=265,egrid2019_data.xlsx,"ST19!STCO2AN, STCH4AN, STN2OAN, STNGENAN; reported comparison from STC2ERTA"
2019,CO,56336872.925,603.668225832527,603.76455671301,599.9872542099913,IPCC AR4 GWP100,IPCC AR5 GWP100; CH4=28 and N2O=265,egrid2019_data.xlsx,"ST19!STCO2AN, STCH4AN, STN2OAN, STNGENAN; reported comparison from STC2ERTA"
2019,CT,40050037.539,216.53258100233174,216.55497647014002,215.17397279122213,IPCC AR4 GWP100,IPCC AR5 GWP100; CH4=28 and N2O=265,egrid2019_data.xlsx,"ST19!STCO2AN, STCH4AN, STN2OAN, STNGENAN; reported comparison from STC2ERTA"
2019,DC,174080.0,361.82399916910515,361.82700481004,361.31790323995176,IPCC AR4 GWP100,IPCC AR5 GWP100; CH4=28 and N2O=265,egrid2019_data.xlsx,"ST19!STCO2AN, STCH4AN, STN2OAN, STNGENAN; reported comparison from STC2ERTA"
2019,DE,5258538.001,322.7274739851536,322.72099222286,322.03860636857974,IPCC AR4 GWP100,IPCC AR5 GWP100; CH4=28 and N2O=265,egrid2019_data.xlsx,"ST19!STCO2AN, STCH4AN, STN2OAN, STNGENAN; reported comparison from STC2ERTA"
2019,FL,244949921.388,397.8924323734225,397.92706076123,396.2861193865496,IPCC AR4 GWP100,IPCC AR5 GWP100; CH4=28 and N2O=265,egrid2019_data.xlsx,"ST19!STCO2AN, STCH4AN, STN2OAN, STNGENAN; reported comparison from STC2ERTA"
2019,GA,128595116.561,399.53419854710506,399.59083757439004,397.4414505767905,IPCC AR4 GWP100,IPCC AR5 GWP100; CH4=28 and N2O=265,egrid2019_data.xlsx,"ST19!STCO2AN, STCH4AN, STN2OAN, STNGENAN; reported comparison from STC2ERTA"
2019,HI,9749998.355,708.6780786516179,708.83560048455,703.3122784272151,IPCC AR4 GWP100,IPCC AR5 GWP100; CH4=28 and N2O=265,egrid2019_data.xlsx,"ST19!STCO2AN, STCH4AN, STN2OAN, STNGENAN; reported comparison from STC2ERTA"
2019,IA,62649563.58,390.6804361757955,390.75077587546,388.04489614298865,IPCC AR4 GWP100,IPCC AR5 GWP100; CH4=28 and N2O=265,egrid2019_data.xlsx,"ST19!STCO2AN, STCH4AN, STN2OAN, STNGENAN; reported comparison from STC2ERTA"
2019,ID,18384353.737,95.87663448610637,95.88398390956,95.63764570869095,IPCC AR4 GWP100,IPCC AR5 GWP100; CH4=28 and N2O=265,egrid2019_data.xlsx,"ST19!STCO2AN, STCH4AN, STN2OAN, STNGENAN; reported comparison from STC2ERTA"
2019,IL,184292979.459,329.14979621040624,329.20600233675003,327.03737067360595,IPCC AR4 GWP100,IPCC AR5 GWP100; CH4=28 and N2O=265,egrid2019_data.xlsx,"ST19!STCO2AN, STCH4AN, STN2OAN, STNGENAN; reported comparison from STC2ERTA"
2019,IN,102127767.394,741.1343056932113,741.2579294997801,736.4694174724237,IPCC AR4 GWP100,IPCC AR5 GWP100; CH4=28 and N2O=265,egrid2019_data.xlsx,"ST19!STCO2AN, STCH4AN, STN2OAN, STNGENAN; reported comparison from STC2ERTA"
2019,KS,50887993.408,405.27081384879364,405.34737834206004,402.4158824328047,IPCC AR4 GWP100,IPCC AR5 GWP100; CH4=28 and N2O=265,egrid2019_data.xlsx,"ST19!STCO2AN, STCH4AN, STN2OAN, STNGENAN; reported comparison from STC2ERTA"
2019,KY,71804253.994,807.5281060783642,807.68154257021,801.8062164437633,IPCC AR4 GWP100,IPCC AR5 GWP100; CH4=28 and N2O=265,egrid2019_data.xlsx,"ST19!STCO2AN, STCH4AN, STN2OAN, STNGENAN; reported comparison from STC2ERTA"
2019,LA,99469963.984,374.7795386639754,374.81017921655007,373.5965500532878,IPCC AR4 GWP100,IPCC AR5 GWP100; CH4=28 and N2O=265,egrid2019_data.xlsx,"ST19!STCO2AN, STCH4AN, STN2OAN, STNGENAN; reported comparison from STC2ERTA"
2019,MA,21513219.546,353.99886286073183,354.0651321746,350.6733583711756,IPCC AR4 GWP100,IPCC AR5 GWP100; CH4=28 and N2O=265,egrid2019_data.xlsx,"ST19!STCO2AN, STCH4AN, STN2OAN, STNGENAN; reported comparison from STC2ERTA"
2019,MD,39325595.561,335.02507433756335,335.06823012663,333.2228414299938,IPCC AR4 GWP100,IPCC AR5 GWP100; CH4=28 and N2O=265,egrid2019_data.xlsx,"ST19!STCO2AN, STCH4AN, STN2OAN, STNGENAN; reported comparison from STC2ERTA"
2019,ME,10490562.004,96.7666148200254,96.87145449905,93.09167701060603,IPCC AR4 GWP100,IPCC AR5 GWP100; CH4=28 and N2O=265,egrid2019_data.xlsx,"ST19!STCO2AN, STCH4AN, STN2OAN, STNGENAN; reported comparison from STC2ERTA"
2019,MI,116689224.485,459.6082762691021,459.6841155291,456.6943028804485,IPCC AR4 GWP100,IPCC AR5 GWP100; CH4=28 and N2O=265,egrid2019_data.xlsx,"ST19!STCO2AN, STCH4AN, STN2OAN, STNGENAN; reported comparison from STC2ERTA"
2019,MN,59379024.545,399.5142404732295,399.58176572699006,396.7882577565457,IPCC AR4 GWP100,IPCC AR5 GWP100; CH4=28 and N2O=265,egrid2019_data.xlsx,"ST19!STCO2AN, STCH4AN, STN2OAN, STNGENAN; reported comparison from STC2ERTA"
2019,MO,77222857.994,725.0700927004215,725.2125530034,719.7669835778903,IPCC AR4 GWP100,IPCC AR5 GWP100; CH4=28 and N2O=265,egrid2019_data.xlsx,"ST19!STCO2AN, STCH4AN, STN2OAN, STNGENAN; reported comparison from STC2ERTA"
2019,MS,65958759.738,379.7958233865719,379.81919975846,378.818647247913,IPCC AR4 GWP100,IPCC AR5 GWP100; CH4=28 and N2O=265,egrid2019_data.xlsx,"ST19!STCO2AN, STCH4AN, STN2OAN, STNGENAN; reported comparison from STC2ERTA"
2019,MT,27797079.004,572.6519898163721,572.7646933701001,568.4954078488383,IPCC AR4 GWP100,IPCC AR5 GWP100; CH4=28 and N2O=265,egrid2019_data.xlsx,"ST19!STCO2AN, STCH4AN, STN2OAN, STNGENAN; reported comparison from STC2ERTA"
2019,NC,131004605.112,353.6230196599763,353.5933961098,351.5384489786816,IPCC AR4 GWP100,IPCC AR5 GWP100; CH4=28 and N2O=265,egrid2019_data.xlsx,"ST19!STCO2AN, STCH4AN, STN2OAN, STNGENAN; reported comparison from STC2ERTA"
2019,ND,41147324.005,656.4398004673417,656.57132683604,651.560515797813,IPCC AR4 GWP100,IPCC AR5 GWP100; CH4=28 and N2O=265,egrid2019_data.xlsx,"ST19!STCO2AN, STCH4AN, STN2OAN, STNGENAN; reported comparison from STC2ERTA"
2019,NE,37297615.002,573.9590334176577,574.07965765073,569.4773224273019,IPCC AR4 GWP100,IPCC AR5 GWP100; CH4=28 and N2O=265,egrid2019_data.xlsx,"ST19!STCO2AN, STCH4AN, STN2OAN, STNGENAN; reported comparison from STC2ERTA"
2019,NH,18026594.829,116.17811646427454,116.22669451932,113.874753503705,IPCC AR4 GWP100,IPCC AR5 GWP100; CH4=28 and N2O=265,egrid2019_data.xlsx,"ST19!STCO2AN, STCH4AN, STN2OAN, STNGENAN; reported comparison from STC2ERTA"
2019,NJ,70988175.659,247.27688818035497,247.29311701556,246.36502373140894,IPCC AR4 GWP100,IPCC AR5 GWP100; CH4=28 and N2O=265,egrid2019_data.xlsx,"ST19!STCO2AN, STCH4AN, STN2OAN, STNGENAN; reported comparison from STC2ERTA"
2019,NM,35174510.001,601.7720196617252,601.8585615742701,598.4572813108865,IPCC AR4 GWP100,IPCC AR5 GWP100; CH4=28 and N2O=265,egrid2019_data.xlsx,"ST19!STCO2AN, STCH4AN, STN2OAN, STNGENAN; reported comparison from STC2ERTA"
2019,NV,39889659.989,335.33541864763765,335.35217895025005,334.5028496723242,IPCC AR4 GWP100,IPCC AR5 GWP100; CH4=28 and N2O=265,egrid2019_data.xlsx,"ST19!STCO2AN, STCH4AN, STN2OAN, STNGENAN; reported comparison from STC2ERTA"
2019,NY,131568022.702,171.6448066761346,171.56995317539003,170.87826522948274,IPCC AR4 GWP100,IPCC AR5 GWP100; CH4=28 and N2O=265,egrid2019_data.xlsx,"ST19!STCO2AN, STCH4AN, STN2OAN, STNGENAN; reported comparison from STC2ERTA"
2019,OH,119407794.239,563.4995720744562,563.5690152530901,560.3726006450296,IPCC AR4 GWP100,IPCC AR5 GWP100; CH4=28 and N2O=265,egrid2019_data.xlsx,"ST19!STCO2AN, STCH4AN, STN2OAN, STNGENAN; reported comparison from STC2ERTA"
2019,OK,85216500.998,333.0247518402627,333.04792971065,332.0080314170944,IPCC AR4 GWP100,IPCC AR5 GWP100; CH4=28 and N2O=265,egrid2019_data.xlsx,"ST19!STCO2AN, STCH4AN, STN2OAN, STNGENAN; reported comparison from STC2ERTA"
2019,OR,62258378.2,180.57421650404126,180.58918386047,179.8905644837229,IPCC AR4 GWP100,IPCC AR5 GWP100; CH4=28 and N2O=265,egrid2019_data.xlsx,"ST19!STCO2AN, STCH4AN, STN2OAN, STNGENAN; reported comparison from STC2ERTA"
2019,PA,228994206.68,344.12511177234063,344.16638588409,342.4239295114685,IPCC AR4 GWP100,IPCC AR5 GWP100; CH4=28 and N2O=265,egrid2019_data.xlsx,"ST19!STCO2AN, STCH4AN, STN2OAN, STNGENAN; reported comparison from STC2ERTA"
2019,RI,7624238.487,386.5873008619002,386.58951947308003,386.1935438968281,IPCC AR4 GWP100,IPCC AR5 GWP100; CH4=28 and N2O=265,egrid2019_data.xlsx,"ST19!STCO2AN, STCH4AN, STN2OAN, STNGENAN; reported comparison from STC2ERTA"
2019,SC,99994165.303,244.17225796590645,244.21050326904003,242.72797779392695,IPCC AR4 GWP100,IPCC AR5 GWP100; CH4=28 and N2O=265,egrid2019_data.xlsx,"ST19!STCO2AN, STCH4AN, STN2OAN, STNGENAN; reported comparison from STC2ERTA"
2019,SD,14506646.702,223.18451968080385,223.22051634729002,221.82914819589809,IPCC AR4 GWP100,IPCC AR5 GWP100; CH4=28 and N2O=265,egrid2019_data.xlsx,"ST19!STCO2AN, STCH4AN, STN2OAN, STNGENAN; reported comparison from STC2ERTA"
2019,TN,82232332.683,319.4720485316235,319.50048639586004,317.65653301960305,IPCC AR4 GWP100,IPCC AR5 GWP100; CH4=28 and N2O=265,egrid2019_data.xlsx,"ST19!STCO2AN, STCH4AN, STN2OAN, STNGENAN; reported comparison from STC2ERTA"
2019,TX,483079821.375,414.2858750879543,414.32215697488,412.5595377235305,IPCC AR4 GWP100,IPCC AR5 GWP100; CH4=28 and N2O=265,egrid2019_data.xlsx,"ST19!STCO2AN, STCH4AN, STN2OAN, STNGENAN; reported comparison from STC2ERTA"
2019,UT,39105762.001,726.4437033085785,726.57378370577,721.5026131561881,IPCC AR4 GWP100,IPCC AR5 GWP100; CH4=28 and N2O=265,egrid2019_data.xlsx,"ST19!STCO2AN, STCH4AN, STN2OAN, STNGENAN; reported comparison from STC2ERTA"
2019,VA,96827639.664,288.5551298092748,288.41580127976,287.2095097571902,IPCC AR4 GWP100,IPCC AR5 GWP100; CH4=28 and N2O=265,egrid2019_data.xlsx,"ST19!STCO2AN, STCH4AN, STN2OAN, STNGENAN; reported comparison from STC2ERTA"
2019,VT,2289797.993,23.154449649498975,23.25250566331,18.533087745300993,IPCC AR4 GWP100,IPCC AR5 GWP100; CH4=28 and N2O=265,egrid2019_data.xlsx,"ST19!STCO2AN, STCH4AN, STN2OAN, STNGENAN; reported comparison from STC2ERTA"
2019,WA,106463608.2,135.6468853025966,135.66766349752,134.8291957927858,IPCC AR4 GWP100,IPCC AR5 GWP100; CH4=28 and N2O=265,egrid2019_data.xlsx,"ST19!STCO2AN, STCH4AN, STN2OAN, STNGENAN; reported comparison from STC2ERTA"
2019,WI,62021340.696,559.1993763006893,559.2734955091901,555.8211592466916,IPCC AR4 GWP100,IPCC AR5 GWP100; CH4=28 and N2O=265,egrid2019_data.xlsx,"ST19!STCO2AN, STCH4AN, STN2OAN, STNGENAN; reported comparison from STC2ERTA"
2019,WV,63925638.663,882.1636140377021,882.34692900354,875.3768646350317,IPCC AR4 GWP100,IPCC AR5 GWP100; CH4=28 and N2O=265,egrid2019_data.xlsx,"ST19!STCO2AN, STCH4AN, STN2OAN, STNGENAN; reported comparison from STC2ERTA"
2019,WY,42145656.477,938.2994966924288,938.4789847910401,931.6618674166386,IPCC AR4 GWP100,IPCC AR5 GWP100; CH4=28 and N2O=265,egrid2019_data.xlsx,"ST19!STCO2AN, STCH4AN, STN2OAN, STNGENAN; reported comparison from STC2ERTA"
2020,AK,6156046.989,438.16825768522824,438.22828924336005,435.75099298509315,IPCC AR4 GWP100,IPCC AR5 GWP100; CH4=28 and N2O=265,egrid2020_data.xlsx,"ST20!STCO2AN, STCH4AN, STN2OAN, STNGENAN; reported comparison from STC2ERTA"
2020,AL,136842032.304,327.0811213790014,327.06640712746,325.6088046391051,IPCC AR4 GWP100,IPCC AR5 GWP100; CH4=28 and N2O=265,egrid2020_data.xlsx,"ST20!STCO2AN, STCH4AN, STN2OAN, STNGENAN; reported comparison from STC2ERTA"
2020,AR,54641258.916,431.4326675812841,431.49652488019,429.1013168499535,IPCC AR4 GWP100,IPCC AR5 GWP100; CH4=28 and N2O=265,egrid2020_data.xlsx,"ST20!STCO2AN, STCH4AN, STN2OAN, STNGENAN; reported comparison from STC2ERTA"
2020,AZ,109305056.86,334.2586550015248,334.28805125023,333.024562923917,IPCC AR4 GWP100,IPCC AR5 GWP100; CH4=28 and N2O=265,egrid2020_data.xlsx,"ST20!STCO2AN, STCH4AN, STN2OAN, STNGENAN; reported comparison from STC2ERTA"
2020,CA,192954153.405,205.51890148313856,205.53086750966,204.8033953911912,IPCC AR4 GWP100,IPCC AR5 GWP100; CH4=28 and N2O=265,egrid2020_data.xlsx,"ST20!STCO2AN, STCH4AN, STN2OAN, STNGENAN; reported comparison from STC2ERTA"
2020,CO,53792186.81,552.9563858037925,553.0366004216901,549.8485201361287,IPCC AR4 GWP100,IPCC AR5 GWP100; CH4=28 and N2O=265,egrid2020_data.xlsx,"ST20!STCO2AN, STCH4AN, STN2OAN, STNGENAN; reported comparison from STC2ERTA"
2020,CT,41190572.136,240.27193615335938,240.29781548542,238.8928588522633,IPCC AR4 GWP100,IPCC AR5 GWP100; CH4=28 and N2O=265,egrid2020_data.xlsx,"ST20!STCO2AN, STCH4AN, STN2OAN, STNGENAN; reported comparison from STC2ERTA"
2020,DC,174521.001,363.38004878615436,363.38237304677,362.9282196904987,IPCC AR4 GWP100,IPCC AR5 GWP100; CH4=28 and N2O=265,egrid2020_data.xlsx,"ST20!STCO2AN, STCH4AN, STN2OAN, STNGENAN; reported comparison from STC2ERTA"
2020,DE,5205372.001,342.46612958757845,342.4758471211,341.81873382396736,IPCC AR4 GWP100,IPCC AR5 GWP100; CH4=28 and N2O=265,egrid2020_data.xlsx,"ST20!STCO2AN, STCH4AN, STN2OAN, STNGENAN; reported comparison from STC2ERTA"
2020,FL,250780435.174,381.97201659927055,382.00143265053003,380.5683903805379,IPCC AR4 GWP100,IPCC AR5 GWP100; CH4=28 and N2O=265,egrid2020_data.xlsx,"ST20!STCO2AN, STCH4AN, STN2OAN, STNGENAN; reported comparison from STC2ERTA"
2020,GA,119593376.135,328.13560640556386,328.17997639581006,326.4808923944263,IPCC AR4 GWP100,IPCC AR5 GWP100; CH4=28 and N2O=265,egrid2020_data.xlsx,"ST20!STCO2AN, STCH4AN, STN2OAN, STNGENAN; reported comparison from STC2ERTA"
2020,HI,9069239.997,692.2641754595409,692.40965998974,687.2934060964627,IPCC AR4 GWP100,IPCC AR5 GWP100; CH4=28 and N2O=265,egrid2020_data.xlsx,"ST20!STCO2AN, STCH4AN, STN2OAN, STNGENAN; reported comparison from STC2ERTA"
2020,IA,59636671.813,279.0011152394799,279.04911883926,277.19343988783345,IPCC AR4 GWP100,IPCC AR5 GWP100; CH4=28 and N2O=265,egrid2020_data.xlsx,"ST20!STCO2AN, STCH4AN, STN2OAN, STNGENAN; reported comparison from STC2ERTA"
2020,ID,17674572.412,96.78697131552254,96.79479738852,96.54193200408552,IPCC AR4 GWP100,IPCC AR5 GWP100; CH4=28 and N2O=265,egrid2020_data.xlsx,"ST20!STCO2AN, STCH4AN, STN2OAN, STNGENAN; reported comparison from STC2ERTA"
2020,IL,173337706.25,252.36161816109538,252.39875273228,250.92796061041128,IPCC AR4 GWP100,IPCC AR5 GWP100; CH4=28 and N2O=265,egrid2020_data.xlsx,"ST20!STCO2AN, STCH4AN, STN2OAN, STNGENAN; reported comparison from STC2ERTA"
2020,IN,90072288.007,702.7112135803358,702.82096565835,698.496697689079,IPCC AR4 GWP100,IPCC AR5 GWP100; CH4=28 and N2O=265,egrid2020_data.xlsx,"ST20!STCO2AN, STCH4AN, STN2OAN, STNGENAN; reported comparison from STC2ERTA"
2020,KS,54541831.47,364.70560211768867,364.77580880741,362.0910577355384,IPCC AR4 GWP100,IPCC AR5 GWP100; CH4=28 and N2O=265,egrid2020_data.xlsx,"ST20!STCO2AN, STCH4AN, STN2OAN, STNGENAN; reported comparison from STC2ERTA"
2020,KY,63513834.15,764.1001598499215,764.24599081138,758.6671832696501,IPCC AR4 GWP100,IPCC AR5 GWP100; CH4=28 and N2O=265,egrid2020_data.xlsx,"ST20!STCO2AN, STCH4AN, STN2OAN, STNGENAN; reported comparison from STC2ERTA"
2020,LA,100554704.576,345.497153727143,345.51854473906,344.6526236459386,IPCC AR4 GWP100,IPCC AR5 GWP100; CH4=28 and N2O=265,egrid2020_data.xlsx,"ST20!STCO2AN, STCH4AN, STN2OAN, STNGENAN; reported comparison from STC2ERTA"
2020,MA,18195165.072,399.0394451264077,399.11637995537,395.1755104653154,IPCC AR4 GWP100,IPCC AR5 GWP100; CH4=28 and N2O=265,egrid2020_data.xlsx,"ST20!STCO2AN, STCH4AN, STN2OAN, STNGENAN; reported comparison from STC2ERTA"
2020,MD,35998332.922,292.68325502816634,292.71449617025,291.31499864613426,IPCC AR4 GWP100,IPCC AR5 GWP100; CH4=28 and N2O=265,egrid2020_data.xlsx,"ST20!STCO2AN, STCH4AN, STN2OAN, STNGENAN; reported comparison from STC2ERTA"
2020,ME,10001870.147,103.39463838897196,103.50025339423,99.51668490159966,IPCC AR4 GWP100,IPCC AR5 GWP100; CH4=28 and N2O=265,egrid2020_data.xlsx,"ST20!STCO2AN, STCH4AN, STN2OAN, STNGENAN; reported comparison from STC2ERTA"
2020,MI,106624721.023,425.4414938502769,425.48370442347,422.9662713208032,IPCC AR4 GWP100,IPCC AR5 GWP100; CH4=28 and N2O=265,egrid2020_data.xlsx,"ST20!STCO2AN, STCH4AN, STN2OAN, STNGENAN; reported comparison from STC2ERTA"
2020,MN,56500626.797,349.37029857428496,349.43213970742,347.0203395875995,IPCC AR4 GWP100,IPCC AR5 GWP100; CH4=28 and N2O=265,egrid2020_data.xlsx,"ST20!STCO2AN, STCH4AN, STN2OAN, STNGENAN; reported comparison from STC2ERTA"
2020,MO,71871122.027,733.9576756322526,734.1034170477701,728.5351497547764,IPCC AR4 GWP100,IPCC AR5 GWP100; CH4=28 and N2O=265,egrid2020_data.xlsx,"ST20!STCO2AN, STCH4AN, STN2OAN, STNGENAN; reported comparison from STC2ERTA"
2020,MS,66499288.151,405.54879265850764,405.57236015758,404.5358656714506,IPCC AR4 GWP100,IPCC AR5 GWP100; CH4=28 and N2O=265,egrid2020_data.xlsx,"ST20!STCO2AN, STCH4AN, STN2OAN, STNGENAN; reported comparison from STC2ERTA"
2020,MT,23353290.001,413.88212163365245,413.96517977969,410.8319305839585,IPCC AR4 GWP100,IPCC AR5 GWP100; CH4=28 and N2O=265,egrid2020_data.xlsx,"ST20!STCO2AN, STCH4AN, STN2OAN, STNGENAN; reported comparison from STC2ERTA"
2020,NC,124334264.838,294.1103001505701,294.12970436465,292.49716259726256,IPCC AR4 GWP100,IPCC AR5 GWP100; CH4=28 and N2O=265,egrid2020_data.xlsx,"ST20!STCO2AN, STCH4AN, STN2OAN, STNGENAN; reported comparison from STC2ERTA"
2020,ND,42176424.004,629.5253860763758,629.65152686128,624.845639641219,IPCC AR4 GWP100,IPCC AR5 GWP100; CH4=28 and N2O=265,egrid2020_data.xlsx,"ST20!STCO2AN, STCH4AN, STN2OAN, STNGENAN; reported comparison from STC2ERTA"
2020,NE,36756238.998,544.5061815365895,544.61384370316,540.5212245925552,IPCC AR4 GWP100,IPCC AR5 GWP100; CH4=28 and N2O=265,egrid2020_data.xlsx,"ST20!STCO2AN, STCH4AN, STN2OAN, STNGENAN; reported comparison from STC2ERTA"
2020,NH,16340973.012,112.40842740454687,112.44328056115,110.7280480123798,IPCC AR4 GWP100,IPCC AR5 GWP100; CH4=28 and N2O=265,egrid2020_data.xlsx,"ST20!STCO2AN, STCH4AN, STN2OAN, STNGENAN; reported comparison from STC2ERTA"
2020,NJ,61106458.407,223.28205232664934,223.30034860441,222.30043986250686,IPCC AR4 GWP100,IPCC AR5 GWP100; CH4=28 and N2O=265,egrid2020_data.xlsx,"ST20!STCO2AN, STCH4AN, STN2OAN, STNGENAN; reported comparison from STC2ERTA"
2020,NM,34005838.999,571.3878259866232,571.46877996901,568.2630725024909,IPCC AR4 GWP100,IPCC AR5 GWP100; CH4=28 and N2O=265,egrid2020_data.xlsx,"ST20!STCO2AN, STCH4AN, STN2OAN, STNGENAN; reported comparison from STC2ERTA"
2020,NV,40335219.989,325.042449280421,325.05472496651004,324.36360415863936,IPCC AR4 GWP100,IPCC AR5 GWP100; CH4=28 and N2O=265,egrid2020_data.xlsx,"ST20!STCO2AN, STCH4AN, STN2OAN, STNGENAN; reported comparison from STC2ERTA"
2020,NY,129411955.194,189.00303314574748,189.00967261715002,188.2207005726805,IPCC AR4 GWP100,IPCC AR5 GWP100; CH4=28 and N2O=265,egrid2020_data.xlsx,"ST20!STCO2AN, STCH4AN, STN2OAN, STNGENAN; reported comparison from STC2ERTA"
2020,OH,120992732.718,568.4101723356015,568.47733828886,565.3848530904843,IPCC AR4 GWP100,IPCC AR5 GWP100; CH4=28 and N2O=265,egrid2020_data.xlsx,"ST20!STCO2AN, STCH4AN, STN2OAN, STNGENAN; reported comparison from STC2ERTA"
2020,OK,82297831.402,321.42015937089957,321.43914018524003,320.566280781754,IPCC AR4 GWP100,IPCC AR5 GWP100; CH4=28 and N2O=265,egrid2020_data.xlsx,"ST20!STCO2AN, STCH4AN, STN2OAN, STNGENAN; reported comparison from STC2ERTA"
2020,OR,63624781.93,154.9407140022277,154.95214310807,154.3868259314453,IPCC AR4 GWP100,IPCC AR5 GWP100; CH4=28 and N2O=265,egrid2020_data.xlsx,"ST20!STCO2AN, STCH4AN, STN2OAN, STNGENAN; reported comparison from STC2ERTA"
2020,PA,230134952.99,316.3637401324633,316.39292506899005,315.08097840559276,IPCC AR4 GWP100,IPCC AR5 GWP100; CH4=28 and N2O=265,egrid2020_data.xlsx,"ST20!STCO2AN, STCH4AN, STN2OAN, STNGENAN; reported comparison from STC2ERTA"
2020,RI,8893740.309,375.37211722664506,375.37444812483,374.9877668126856,IPCC AR4 GWP100,IPCC AR5 GWP100; CH4=28 and N2O=265,egrid2020_data.xlsx,"ST20!STCO2AN, STCH4AN, STN2OAN, STNGENAN; reported comparison from STC2ERTA"
2020,SC,98528796.629,233.04890987868475,233.08342884057,231.7458358794051,IPCC AR4 GWP100,IPCC AR5 GWP100; CH4=28 and N2O=265,egrid2020_data.xlsx,"ST20!STCO2AN, STCH4AN, STN2OAN, STNGENAN; reported comparison from STC2ERTA"
2020,SD,14146525.855,154.4629941590069,154.48585015171003,153.58737923135118,IPCC AR4 GWP100,IPCC AR5 GWP100; CH4=28 and N2O=265,egrid2020_data.xlsx,"ST20!STCO2AN, STCH4AN, STN2OAN, STNGENAN; reported comparison from STC2ERTA"
2020,TN,80566010.004,259.18872635508853,259.18585536459005,257.70547684922246,IPCC AR4 GWP100,IPCC AR5 GWP100; CH4=28 and N2O=265,egrid2020_data.xlsx,"ST20!STCO2AN, STCH4AN, STN2OAN, STNGENAN; reported comparison from STC2ERTA"
2020,TX,473366236.705,388.92964370426165,388.96407553003,387.35908890372747,IPCC AR4 GWP100,IPCC AR5 GWP100; CH4=28 and N2O=265,egrid2020_data.xlsx,"ST20!STCO2AN, STCH4AN, STN2OAN, STNGENAN; reported comparison from STC2ERTA"
2020,UT,37087308.992,710.0892556594647,710.2167892512,705.2974866158821,IPCC AR4 GWP100,IPCC AR5 GWP100; CH4=28 and N2O=265,egrid2020_data.xlsx,"ST20!STCO2AN, STCH4AN, STN2OAN, STNGENAN; reported comparison from STC2ERTA"
2020,VA,102799855.681,292.6807155876813,292.49677183265004,291.4270300579319,IPCC AR4 GWP100,IPCC AR5 GWP100; CH4=28 and N2O=265,egrid2020_data.xlsx,"ST20!STCO2AN, STCH4AN, STN2OAN, STNGENAN; reported comparison from STC2ERTA"
2020,VT,2154917.77,13.678866127766877,13.7483847347,10.394292553518058,IPCC AR4 GWP100,IPCC AR5 GWP100; CH4=28 and N2O=265,egrid2020_data.xlsx,"ST20!STCO2AN, STCH4AN, STN2OAN, STNGENAN; reported comparison from STC2ERTA"
2020,WA,116079174.179,96.72412791684742,96.73945911938,96.12729270755091,IPCC AR4 GWP100,IPCC AR5 GWP100; CH4=28 and N2O=265,egrid2020_data.xlsx,"ST20!STCO2AN, STCH4AN, STN2OAN, STNGENAN; reported comparison from STC2ERTA"
2020,WI,61440537.516,540.6178632711361,540.68754814844,537.4518407523724,IPCC AR4 GWP100,IPCC AR5 GWP100; CH4=28 and N2O=265,egrid2020_data.xlsx,"ST20!STCO2AN, STCH4AN, STN2OAN, STNGENAN; reported comparison from STC2ERTA"
2020,WV,56661533.092,872.864290730183,873.0437494948401,866.2096953699313,IPCC AR4 GWP100,IPCC AR5 GWP100; CH4=28 and N2O=265,egrid2020_data.xlsx,"ST20!STCO2AN, STCH4AN, STN2OAN, STNGENAN; reported comparison from STC2ERTA"
2020,WY,42010989.65,902.5236190332504,902.69644349885,896.1272946368739,IPCC AR4 GWP100,IPCC AR5 GWP100; CH4=28 and N2O=265,egrid2020_data.xlsx,"ST20!STCO2AN, STCH4AN, STN2OAN, STNGENAN; reported comparison from STC2ERTA"
2021,AK,6595817.773,419.5032238947026,419.55661292468005,417.3116044922331,IPCC AR4 GWP100,IPCC AR5 GWP100; CH4=28 and N2O=265,egrid2021_data.xlsx,"ST21!STCO2AN, STCH4AN, STN2OAN, STNGENAN; reported comparison from STC2ERTA"
2021,AL,142731860.61,342.23379153737824,342.22501054049,340.557119400603,IPCC AR4 GWP100,IPCC AR5 GWP100; CH4=28 and N2O=265,egrid2021_data.xlsx,"ST21!STCO2AN, STCH4AN, STN2OAN, STNGENAN; reported comparison from STC2ERTA"
2021,AR,61100068.005,495.76725524316936,495.84132411891005,493.02344233048336,IPCC AR4 GWP100,IPCC AR5 GWP100; CH4=28 and N2O=265,egrid2021_data.xlsx,"ST21!STCO2AN, STCH4AN, STN2OAN, STNGENAN; reported comparison from STC2ERTA"
2021,AZ,108500973.376,330.0130041593052,330.04333385177,328.76776338897344,IPCC AR4 GWP100,IPCC AR5 GWP100; CH4=28 and N2O=265,egrid2021_data.xlsx,"ST21!STCO2AN, STCH4AN, STN2OAN, STNGENAN; reported comparison from STC2ERTA"
2021,CA,196943760.108,217.96283938749224,217.94886582315002,217.27292051619818,IPCC AR4 GWP100,IPCC AR5 GWP100; CH4=28 and N2O=265,egrid2021_data.xlsx,"ST21!STCO2AN, STCH4AN, STN2OAN, STNGENAN; reported comparison from STC2ERTA"
2021,CO,56832574.334,555.3600434311675,555.4483510529801,551.9835226836482,IPCC AR4 GWP100,IPCC AR5 GWP100; CH4=28 and N2O=265,egrid2021_data.xlsx,"ST21!STCO2AN, STCH4AN, STN2OAN, STNGENAN; reported comparison from STC2ERTA"
2021,CT,44079943.539,234.99526330950286,235.02072185283998,233.66505524607194,IPCC AR4 GWP100,IPCC AR5 GWP100; CH4=28 and N2O=265,egrid2021_data.xlsx,"ST21!STCO2AN, STCH4AN, STN2OAN, STNGENAN; reported comparison from STC2ERTA"
2021,DC,184480.001,296.0304761599726,296.03297794917,295.59358165408526,IPCC AR4 GWP100,IPCC AR5 GWP100; CH4=28 and N2O=265,egrid2021_data.xlsx,"ST21!STCO2AN, STCH4AN, STN2OAN, STNGENAN; reported comparison from STC2ERTA"
2021,DE,4305126.0,394.631120217674,394.65439181168,393.49043367427095,IPCC AR4 GWP100,IPCC AR5 GWP100; CH4=28 and N2O=265,egrid2021_data.xlsx,"ST21!STCO2AN, STCH4AN, STN2OAN, STNGENAN; reported comparison from STC2ERTA"
2021,FL,246185265.397,379.84462116448,379.87635239708004,378.3584569341653,IPCC AR4 GWP100,IPCC AR5 GWP100; CH4=28 and N2O=265,egrid2021_data.xlsx,"ST21!STCO2AN, STCH4AN, STN2OAN, STNGENAN; reported comparison from STC2ERTA"
2021,GA,124199775.463,345.77896238210315,345.83061628962,343.86026422912727,IPCC AR4 GWP100,IPCC AR5 GWP100; CH4=28 and N2O=265,egrid2021_data.xlsx,"ST21!STCO2AN, STCH4AN, STN2OAN, STNGENAN; reported comparison from STC2ERTA"
2021,HI,9180590.002,681.3952581215224,681.54657632061,676.2933981580039,IPCC AR4 GWP100,IPCC AR5 GWP100; CH4=28 and N2O=265,egrid2021_data.xlsx,"ST21!STCO2AN, STCH4AN, STN2OAN, STNGENAN; reported comparison from STC2ERTA"
2021,IA,67198724.482,351.2102489866908,351.27508550673,348.7799805262472,IPCC AR4 GWP100,IPCC AR5 GWP100; CH4=28 and N2O=265,egrid2021_data.xlsx,"ST21!STCO2AN, STCH4AN, STN2OAN, STNGENAN; reported comparison from STC2ERTA"
2021,ID,16834399.801,123.35073002337121,123.35852735283001,123.0779035403201,IPCC AR4 GWP100,IPCC AR5 GWP100; CH4=28 and N2O=265,egrid2021_data.xlsx,"ST21!STCO2AN, STCH4AN, STN2OAN, STNGENAN; reported comparison from STC2ERTA"
2021,IL,181296445.222,298.1062968636722,298.15624383314,296.2179832349012,IPCC AR4 GWP100,IPCC AR5 GWP100; CH4=28 and N2O=265,egrid2021_data.xlsx,"ST21!STCO2AN, STCH4AN, STN2OAN, STNGENAN; reported comparison from STC2ERTA"
2021,IN,94126667.181,745.0996523343708,745.2205124441001,740.5302646606427,IPCC AR4 GWP100,IPCC AR5 GWP100; CH4=28 and N2O=265,egrid2021_data.xlsx,"ST21!STCO2AN, STCH4AN, STN2OAN, STNGENAN; reported comparison from STC2ERTA"
2021,KS,56573059.816,383.0456398813082,383.1222593968,380.1946835358014,IPCC AR4 GWP100,IPCC AR5 GWP100; CH4=28 and N2O=265,egrid2021_data.xlsx,"ST21!STCO2AN, STCH4AN, STN2OAN, STNGENAN; reported comparison from STC2ERTA"
2021,KY,69904814.122,788.9916329686193,789.1418616312001,783.3931063288215,IPCC AR4 GWP100,IPCC AR5 GWP100; CH4=28 and N2O=265,egrid2021_data.xlsx,"ST21!STCO2AN, STCH4AN, STN2OAN, STNGENAN; reported comparison from STC2ERTA"
2021,LA,97167796.19,375.87834690717847,375.90923352906003,374.6863848718725,IPCC AR4 GWP100,IPCC AR5 GWP100; CH4=28 and N2O=265,egrid2021_data.xlsx,"ST21!STCO2AN, STCH4AN, STN2OAN, STNGENAN; reported comparison from STC2ERTA"
2021,MA,19429416.602,389.8285897449892,389.89983658934,386.2019747355051,IPCC AR4 GWP100,IPCC AR5 GWP100; CH4=28 and N2O=265,egrid2021_data.xlsx,"ST21!STCO2AN, STCH4AN, STN2OAN, STNGENAN; reported comparison from STC2ERTA"
2021,MD,38166718.985,318.38383778054,318.42365810948,316.69305062786543,IPCC AR4 GWP100,IPCC AR5 GWP100; CH4=28 and N2O=265,egrid2021_data.xlsx,"ST21!STCO2AN, STCH4AN, STN2OAN, STNGENAN; reported comparison from STC2ERTA"
2021,ME,10900945.883,140.23605890079295,140.33059306112,136.5497705180725,IPCC AR4 GWP100,IPCC AR5 GWP100; CH4=28 and N2O=265,egrid2021_data.xlsx,"ST21!STCO2AN, STCH4AN, STN2OAN, STNGENAN; reported comparison from STC2ERTA"
2021,MI,115299089.641,458.18023010203297,458.25575315597,455.29651306118456,IPCC AR4 GWP100,IPCC AR5 GWP100; CH4=28 and N2O=265,egrid2021_data.xlsx,"ST21!STCO2AN, STCH4AN, STN2OAN, STNGENAN; reported comparison from STC2ERTA"
2021,MN,59157704.839,377.12267501123887,377.18745682772004,374.6550265271497,IPCC AR4 GWP100,IPCC AR5 GWP100; CH4=28 and N2O=265,egrid2021_data.xlsx,"ST21!STCO2AN, STCH4AN, STN2OAN, STNGENAN; reported comparison from STC2ERTA"
2021,MO,76941409.993,747.8110680352758,747.9647462826,742.1044265434754,IPCC AR4 GWP100,IPCC AR5 GWP100; CH4=28 and N2O=265,egrid2021_data.xlsx,"ST21!STCO2AN, STCH4AN, STN2OAN, STNGENAN; reported comparison from STC2ERTA"
2021,MS,67723496.549,379.3415994333148,379.36742175794,378.2741720926958,IPCC AR4 GWP100,IPCC AR5 GWP100; CH4=28 and N2O=265,egrid2021_data.xlsx,"ST21!STCO2AN, STCH4AN, STN2OAN, STNGENAN; reported comparison from STC2ERTA"
2021,MT,24947923.138,477.5562988100064,477.65227008191,474.01472575371804,IPCC AR4 GWP100,IPCC AR5 GWP100; CH4=28 and N2O=265,egrid2021_data.xlsx,"ST21!STCO2AN, STCH4AN, STN2OAN, STNGENAN; reported comparison from STC2ERTA"
2021,NC,129730297.061,305.1550553536907,305.11208282709003,303.67280427415574,IPCC AR4 GWP100,IPCC AR5 GWP100; CH4=28 and N2O=265,egrid2021_data.xlsx,"ST21!STCO2AN, STCH4AN, STN2OAN, STNGENAN; reported comparison from STC2ERTA"
2021,ND,43032366.995,612.6638793243548,612.7860553599401,608.1251647986048,IPCC AR4 GWP100,IPCC AR5 GWP100; CH4=28 and N2O=265,egrid2021_data.xlsx,"ST21!STCO2AN, STCH4AN, STN2OAN, STNGENAN; reported comparison from STC2ERTA"
2021,NE,37910897.991,514.1362522781033,514.2417522003301,510.21906025488096,IPCC AR4 GWP100,IPCC AR5 GWP100; CH4=28 and N2O=265,egrid2021_data.xlsx,"ST21!STCO2AN, STCH4AN, STN2OAN, STNGENAN; reported comparison from STC2ERTA"
2021,NH,17193229.589,139.6898502206294,139.72686161665,137.91112801696954,IPCC AR4 GWP100,IPCC AR5 GWP100; CH4=28 and N2O=265,egrid2021_data.xlsx,"ST21!STCO2AN, STCH4AN, STN2OAN, STNGENAN; reported comparison from STC2ERTA"
2021,NJ,61421799.863,219.12733381979245,219.14589608758,218.14032931230605,IPCC AR4 GWP100,IPCC AR5 GWP100; CH4=28 and N2O=265,egrid2021_data.xlsx,"ST21!STCO2AN, STCH4AN, STN2OAN, STNGENAN; reported comparison from STC2ERTA"
2021,NM,35073356.999,517.3981552119037,517.4735978365801,514.5131129587961,IPCC AR4 GWP100,IPCC AR5 GWP100; CH4=28 and N2O=265,egrid2021_data.xlsx,"ST21!STCO2AN, STCH4AN, STN2OAN, STNGENAN; reported comparison from STC2ERTA"
2021,NV,41723320.004,325.14802282292385,325.16404072768,324.35271454864636,IPCC AR4 GWP100,IPCC AR5 GWP100; CH4=28 and N2O=265,egrid2021_data.xlsx,"ST21!STCO2AN, STCH4AN, STN2OAN, STNGENAN; reported comparison from STC2ERTA"
2021,NY,123769709.506,207.28756789399728,207.30123852977002,206.54121057086945,IPCC AR4 GWP100,IPCC AR5 GWP100; CH4=28 and N2O=265,egrid2021_data.xlsx,"ST21!STCO2AN, STCH4AN, STN2OAN, STNGENAN; reported comparison from STC2ERTA"
2021,OH,125609191.275,550.9840650503652,551.05031943346,548.0211732072097,IPCC AR4 GWP100,IPCC AR5 GWP100; CH4=28 and N2O=265,egrid2021_data.xlsx,"ST21!STCO2AN, STCH4AN, STN2OAN, STNGENAN; reported comparison from STC2ERTA"
2021,OK,80754585.812,343.1746649878009,343.20839879865,341.8023458534025,IPCC AR4 GWP100,IPCC AR5 GWP100; CH4=28 and N2O=265,egrid2021_data.xlsx,"ST21!STCO2AN, STCH4AN, STN2OAN, STNGENAN; reported comparison from STC2ERTA"
2021,OR,61016874.601,148.18998776640038,148.19724553403,147.78236529234613,IPCC AR4 GWP100,IPCC AR5 GWP100; CH4=28 and N2O=265,egrid2021_data.xlsx,"ST21!STCO2AN, STCH4AN, STN2OAN, STNGENAN; reported comparison from STC2ERTA"
2021,PA,241279607.04,330.9245260225584,330.95777606969,329.50353398145353,IPCC AR4 GWP100,IPCC AR5 GWP100; CH4=28 and N2O=265,egrid2021_data.xlsx,"ST21!STCO2AN, STCH4AN, STN2OAN, STNGENAN; reported comparison from STC2ERTA"
2021,RI,9314561.279,378.1025390338654,378.10462059986,377.71687431515005,IPCC AR4 GWP100,IPCC AR5 GWP100; CH4=28 and N2O=265,egrid2021_data.xlsx,"ST21!STCO2AN, STCH4AN, STN2OAN, STNGENAN; reported comparison from STC2ERTA"
2021,SC,98113946.629,258.6871553403392,258.72636629378,257.19857559259907,IPCC AR4 GWP100,IPCC AR5 GWP100; CH4=28 and N2O=265,egrid2021_data.xlsx,"ST21!STCO2AN, STCH4AN, STN2OAN, STNGENAN; reported comparison from STC2ERTA"
2021,SD,17322408.875,138.14022382927794,138.15924638593,137.40152303412316,IPCC AR4 GWP100,IPCC AR5 GWP100; CH4=28 and N2O=265,egrid2021_data.xlsx,"ST21!STCO2AN, STCH4AN, STN2OAN, STNGENAN; reported comparison from STC2ERTA"
2021,TN,79057209.281,318.6826306470187,318.71531800339005,316.7325763526497,IPCC AR4 GWP100,IPCC AR5 GWP100; CH4=28 and N2O=265,egrid2021_data.xlsx,"ST21!STCO2AN, STCH4AN, STN2OAN, STNGENAN; reported comparison from STC2ERTA"
2021,TX,480614368.135,390.1577724948087,390.19920755354,388.47365261860966,IPCC AR4 GWP100,IPCC AR5 GWP100; CH4=28 and N2O=265,egrid2021_data.xlsx,"ST21!STCO2AN, STCH4AN, STN2OAN, STNGENAN; reported comparison from STC2ERTA"
2021,UT,42560373.008,712.5568210224661,712.68251737452,707.8320062434078,IPCC AR4 GWP100,IPCC AR5 GWP100; CH4=28 and N2O=265,egrid2021_data.xlsx,"ST21!STCO2AN, STCH4AN, STN2OAN, STNGENAN; reported comparison from STC2ERTA"
2021,VA,93103269.048,273.1907461399224,272.85712939639,271.7973117695914,IPCC AR4 GWP100,IPCC AR5 GWP100; CH4=28 and N2O=265,egrid2021_data.xlsx,"ST21!STCO2AN, STCH4AN, STN2OAN, STNGENAN; reported comparison from STC2ERTA"
2021,VT,2107702.867,20.253630182656366,20.336360316580002,16.349705160231554,IPCC AR4 GWP100,IPCC AR5 GWP100; CH4=28 and N2O=265,egrid2021_data.xlsx,"ST21!STCO2AN, STCH4AN, STN2OAN, STNGENAN; reported comparison from STC2ERTA"
2021,WA,110808400.626,92.04586594738451,92.05838586098001,91.5472011485916,IPCC AR4 GWP100,IPCC AR5 GWP100; CH4=28 and N2O=265,egrid2021_data.xlsx,"ST21!STCO2AN, STCH4AN, STN2OAN, STNGENAN; reported comparison from STC2ERTA"
2021,WI,64242541.956,578.24790883169,578.29988106121,574.7567097636511,IPCC AR4 GWP100,IPCC AR5 GWP100; CH4=28 and N2O=265,egrid2021_data.xlsx,"ST21!STCO2AN, STCH4AN, STN2OAN, STNGENAN; reported comparison from STC2ERTA"
2021,WV,65836062.988,888.5759525992332,888.75754996875,881.8497591785284,IPCC AR4 GWP100,IPCC AR5 GWP100; CH4=28 and N2O=265,egrid2021_data.xlsx,"ST21!STCO2AN, STCH4AN, STN2OAN, STNGENAN; reported comparison from STC2ERTA"
2021,WY,43460743.876,837.8141335138722,837.9751625930301,831.8511651694887,IPCC AR4 GWP100,IPCC AR5 GWP100; CH4=28 and N2O=265,egrid2021_data.xlsx,"ST21!STCO2AN, STCH4AN, STN2OAN, STNGENAN; reported comparison from STC2ERTA"
2022,AK,6694128.234,416.09876243990334,416.14968063361,414.00008708288584,IPCC AR4 GWP100,IPCC AR5 GWP100; CH4=28 and N2O=265,egrid2022_data.xlsx,"ST22!STCO2AN, STCH4AN, STN2OAN, STNGENAN; reported comparison from STC2ERTA"
2022,AL,144788892.892,358.9202939869469,358.9593938469,357.2749352789728,IPCC AR4 GWP100,IPCC AR5 GWP100; CH4=28 and N2O=265,egrid2022_data.xlsx,"ST22!STCO2AN, STCH4AN, STN2OAN, STNGENAN; reported comparison from STC2ERTA"
2022,AR,65905029.856,481.4348754225039,481.50236211847,478.9032136589525,IPCC AR4 GWP100,IPCC AR5 GWP100; CH4=28 and N2O=265,egrid2022_data.xlsx,"ST22!STCO2AN, STCH4AN, STN2OAN, STNGENAN; reported comparison from STC2ERTA"
2022,AZ,104698773.165,322.88949793771394,322.91966568092005,321.6516314350463,IPCC AR4 GWP100,IPCC AR5 GWP100; CH4=28 and N2O=265,egrid2022_data.xlsx,"ST22!STCO2AN, STCH4AN, STN2OAN, STNGENAN; reported comparison from STC2ERTA"
2022,CA,203256382.497,207.51239918490901,207.51170538945001,206.8110107567684,IPCC AR4 GWP100,IPCC AR5 GWP100; CH4=28 and N2O=265,egrid2022_data.xlsx,"ST22!STCO2AN, STCH4AN, STN2OAN, STNGENAN; reported comparison from STC2ERTA"
2022,CO,58012255.357,532.0509593147601,532.13098168076,528.9800337442424,IPCC AR4 GWP100,IPCC AR5 GWP100; CH4=28 and N2O=265,egrid2022_data.xlsx,"ST22!STCO2AN, STCH4AN, STN2OAN, STNGENAN; reported comparison from STC2ERTA"
2022,CT,42761369.034,237.34367715817905,237.36352644389,236.25976018080658,IPCC AR4 GWP100,IPCC AR5 GWP100; CH4=28 and N2O=265,egrid2022_data.xlsx,"ST22!STCO2AN, STCH4AN, STN2OAN, STNGENAN; reported comparison from STC2ERTA"
2022,DC,160237.001,251.69391704433824,251.69613815115,251.27926166567664,IPCC AR4 GWP100,IPCC AR5 GWP100; CH4=28 and N2O=265,egrid2022_data.xlsx,"ST22!STCO2AN, STCH4AN, STN2OAN, STNGENAN; reported comparison from STC2ERTA"
2022,DE,5308370.0,408.58277587631954,408.59419252652003,407.8938476811513,IPCC AR4 GWP100,IPCC AR5 GWP100; CH4=28 and N2O=265,egrid2022_data.xlsx,"ST22!STCO2AN, STCH4AN, STN2OAN, STNGENAN; reported comparison from STC2ERTA"
2022,FL,257955504.155,371.26609648267,371.29347757194,369.9342066946885,IPCC AR4 GWP100,IPCC AR5 GWP100; CH4=28 and N2O=265,egrid2022_data.xlsx,"ST22!STCO2AN, STCH4AN, STN2OAN, STNGENAN; reported comparison from STC2ERTA"
2022,GA,126484632.485,336.15277431860244,336.19994308978,334.3831386519201,IPCC AR4 GWP100,IPCC AR5 GWP100; CH4=28 and N2O=265,egrid2022_data.xlsx,"ST22!STCO2AN, STCH4AN, STN2OAN, STNGENAN; reported comparison from STC2ERTA"
2022,HI,9304192.004,663.8762926106506,663.86237059142,659.1508334108196,IPCC AR4 GWP100,IPCC AR5 GWP100; CH4=28 and N2O=265,egrid2022_data.xlsx,"ST22!STCO2AN, STCH4AN, STN2OAN, STNGENAN; reported comparison from STC2ERTA"
2022,IA,72909386.062,281.8887791747418,281.93804864379,280.02394052151334,IPCC AR4 GWP100,IPCC AR5 GWP100; CH4=28 and N2O=265,egrid2022_data.xlsx,"ST22!STCO2AN, STCH4AN, STN2OAN, STNGENAN; reported comparison from STC2ERTA"
2022,ID,16278410.189,112.68005610598362,112.68776684858001,112.42399983789157,IPCC AR4 GWP100,IPCC AR5 GWP100; CH4=28 and N2O=265,egrid2022_data.xlsx,"ST22!STCO2AN, STCH4AN, STN2OAN, STNGENAN; reported comparison from STC2ERTA"
2022,IL,185197549.577,268.65857146735857,268.70539843378003,266.8985677297932,IPCC AR4 GWP100,IPCC AR5 GWP100; CH4=28 and N2O=265,egrid2022_data.xlsx,"ST22!STCO2AN, STCH4AN, STN2OAN, STNGENAN; reported comparison from STC2ERTA"
2022,IN,98022168.549,715.0208559086134,715.133730542,710.7404346788246,IPCC AR4 GWP100,IPCC AR5 GWP100; CH4=28 and N2O=265,egrid2022_data.xlsx,"ST22!STCO2AN, STCH4AN, STN2OAN, STNGENAN; reported comparison from STC2ERTA"
2022,KS,62194840.58,374.70555021481965,374.77752056591004,372.0242849153741,IPCC AR4 GWP100,IPCC AR5 GWP100; CH4=28 and N2O=265,egrid2022_data.xlsx,"ST22!STCO2AN, STCH4AN, STN2OAN, STNGENAN; reported comparison from STC2ERTA"
2022,KY,69146933.093,785.5939760491343,785.73765089435,780.211494031065,IPCC AR4 GWP100,IPCC AR5 GWP100; CH4=28 and N2O=265,egrid2022_data.xlsx,"ST22!STCO2AN, STCH4AN, STN2OAN, STNGENAN; reported comparison from STC2ERTA"
2022,LA,105223371.518,372.21377467038775,372.24284640235,371.0650206559723,IPCC AR4 GWP100,IPCC AR5 GWP100; CH4=28 and N2O=265,egrid2022_data.xlsx,"ST22!STCO2AN, STCH4AN, STN2OAN, STNGENAN; reported comparison from STC2ERTA"
2022,MA,21022930.789,389.66741726217555,389.73518255903,386.3422804045451,IPCC AR4 GWP100,IPCC AR5 GWP100; CH4=28 and N2O=265,egrid2022_data.xlsx,"ST22!STCO2AN, STCH4AN, STN2OAN, STNGENAN; reported comparison from STC2ERTA"
2022,MD,37134094.879,290.4899960917014,290.525912985,288.9614938280466,IPCC AR4 GWP100,IPCC AR5 GWP100; CH4=28 and N2O=265,egrid2022_data.xlsx,"ST22!STCO2AN, STCH4AN, STN2OAN, STNGENAN; reported comparison from STC2ERTA"
2022,ME,12763920.003,155.37887852663684,155.44973393796002,152.68446100130285,IPCC AR4 GWP100,IPCC AR5 GWP100; CH4=28 and N2O=265,egrid2022_data.xlsx,"ST22!STCO2AN, STCH4AN, STN2OAN, STNGENAN; reported comparison from STC2ERTA"
2022,MI,116615130.596,460.6523821897431,460.72601720299,457.8130478422535,IPCC AR4 GWP100,IPCC AR5 GWP100; CH4=28 and N2O=265,egrid2022_data.xlsx,"ST22!STCO2AN, STCH4AN, STN2OAN, STNGENAN; reported comparison from STC2ERTA"
2022,MN,58966891.046,350.929491077547,350.99476542207003,348.4684799979988,IPCC AR4 GWP100,IPCC AR5 GWP100; CH4=28 and N2O=265,egrid2022_data.xlsx,"ST22!STCO2AN, STCH4AN, STN2OAN, STNGENAN; reported comparison from STC2ERTA"
2022,MO,79361031.625,688.3104651598203,688.44753063779,683.2056856898663,IPCC AR4 GWP100,IPCC AR5 GWP100; CH4=28 and N2O=265,egrid2022_data.xlsx,"ST22!STCO2AN, STCH4AN, STN2OAN, STNGENAN; reported comparison from STC2ERTA"
2022,MS,67781239.54,403.0812178291575,403.10753921900005,401.97833990298375,IPCC AR4 GWP100,IPCC AR5 GWP100; CH4=28 and N2O=265,egrid2022_data.xlsx,"ST22!STCO2AN, STCH4AN, STN2OAN, STNGENAN; reported comparison from STC2ERTA"
2022,MT,27088739.999,467.7199094361092,467.81430516898007,464.232186673327,IPCC AR4 GWP100,IPCC AR5 GWP100; CH4=28 and N2O=265,egrid2022_data.xlsx,"ST22!STCO2AN, STCH4AN, STN2OAN, STNGENAN; reported comparison from STC2ERTA"
2022,NC,134252770.682,298.0324652172543,298.06053584307,296.9078018304013,IPCC AR4 GWP100,IPCC AR5 GWP100; CH4=28 and N2O=265,egrid2022_data.xlsx,"ST22!STCO2AN, STCH4AN, STN2OAN, STNGENAN; reported comparison from STC2ERTA"
2022,ND,44400926.002,599.2722951154657,599.39328704332,594.7876392898185,IPCC AR4 GWP100,IPCC AR5 GWP100; CH4=28 and N2O=265,egrid2022_data.xlsx,"ST22!STCO2AN, STCH4AN, STN2OAN, STNGENAN; reported comparison from STC2ERTA"
2022,NE,40692718.002,501.41725957424836,501.51893981420005,497.63853028317686,IPCC AR4 GWP100,IPCC AR5 GWP100; CH4=28 and N2O=265,egrid2022_data.xlsx,"ST22!STCO2AN, STCH4AN, STN2OAN, STNGENAN; reported comparison from STC2ERTA"
2022,NH,18764370.187,138.9730987381124,139.00701052546003,137.4059102939125,IPCC AR4 GWP100,IPCC AR5 GWP100; CH4=28 and N2O=265,egrid2022_data.xlsx,"ST22!STCO2AN, STCH4AN, STN2OAN, STNGENAN; reported comparison from STC2ERTA"
2022,NJ,65039128.884,221.597071283747,221.61253139564002,220.730556802578,IPCC AR4 GWP100,IPCC AR5 GWP100; CH4=28 and N2O=265,egrid2022_data.xlsx,"ST22!STCO2AN, STCH4AN, STN2OAN, STNGENAN; reported comparison from STC2ERTA"
2022,NM,40853345.001,449.72654978001754,449.79353390125004,447.154027182826,IPCC AR4 GWP100,IPCC AR5 GWP100; CH4=28 and N2O=265,egrid2022_data.xlsx,"ST22!STCO2AN, STCH4AN, STN2OAN, STNGENAN; reported comparison from STC2ERTA"
2022,NV,41832941.006,307.8576052672265,307.87355317565004,307.063432947182,IPCC AR4 GWP100,IPCC AR5 GWP100; CH4=28 and N2O=265,egrid2022_data.xlsx,"ST22!STCO2AN, STCH4AN, STN2OAN, STNGENAN; reported comparison from STC2ERTA"
2022,NY,124473610.617,222.89307446795752,222.87170381476002,222.1279821859236,IPCC AR4 GWP100,IPCC AR5 GWP100; CH4=28 and N2O=265,egrid2022_data.xlsx,"ST22!STCO2AN, STCH4AN, STN2OAN, STNGENAN; reported comparison from STC2ERTA"
2022,OH,135802728.736,527.0736661584011,527.13239376336,524.4217326021196,IPCC AR4 GWP100,IPCC AR5 GWP100; CH4=28 and N2O=265,egrid2022_data.xlsx,"ST22!STCO2AN, STCH4AN, STN2OAN, STNGENAN; reported comparison from STC2ERTA"
2022,OK,84634922.609,312.55637890879404,312.58274916099,311.44945701396824,IPCC AR4 GWP100,IPCC AR5 GWP100; CH4=28 and N2O=265,egrid2022_data.xlsx,"ST22!STCO2AN, STCH4AN, STN2OAN, STNGENAN; reported comparison from STC2ERTA"
2022,OR,61254900.841,135.64682793838423,135.65360213405,135.26614846543248,IPCC AR4 GWP100,IPCC AR5 GWP100; CH4=28 and N2O=265,egrid2022_data.xlsx,"ST22!STCO2AN, STCH4AN, STN2OAN, STNGENAN; reported comparison from STC2ERTA"
2022,PA,239261130.761,323.9416774576439,323.96882483273004,322.67032171370647,IPCC AR4 GWP100,IPCC AR5 GWP100; CH4=28 and N2O=265,egrid2022_data.xlsx,"ST22!STCO2AN, STCH4AN, STN2OAN, STNGENAN; reported comparison from STC2ERTA"
2022,RI,7804400.21,368.3981943759305,368.40091902845,368.00715533300456,IPCC AR4 GWP100,IPCC AR5 GWP100; CH4=28 and N2O=265,egrid2022_data.xlsx,"ST22!STCO2AN, STCH4AN, STN2OAN, STNGENAN; reported comparison from STC2ERTA"
2022,SC,98658089.209,253.94449463340052,253.98179010358,252.53113114068884,IPCC AR4 GWP100,IPCC AR5 GWP100; CH4=28 and N2O=265,egrid2022_data.xlsx,"ST22!STCO2AN, STCH4AN, STN2OAN, STNGENAN; reported comparison from STC2ERTA"
2022,SD,17900462.342,148.2742378523276,148.29522148595,147.464928926971,IPCC AR4 GWP100,IPCC AR5 GWP100; CH4=28 and N2O=265,egrid2022_data.xlsx,"ST22!STCO2AN, STCH4AN, STN2OAN, STNGENAN; reported comparison from STC2ERTA"
2022,TN,78032791.39,316.4334741486964,316.48137558114,314.62602322862017,IPCC AR4 GWP100,IPCC AR5 GWP100; CH4=28 and N2O=265,egrid2022_data.xlsx,"ST22!STCO2AN, STCH4AN, STN2OAN, STNGENAN; reported comparison from STC2ERTA"
2022,TX,521881132.673,372.8155953088374,372.82843415202,371.2821527687535,IPCC AR4 GWP100,IPCC AR5 GWP100; CH4=28 and N2O=265,egrid2022_data.xlsx,"ST22!STCO2AN, STCH4AN, STN2OAN, STNGENAN; reported comparison from STC2ERTA"
2022,UT,39386042.997,691.2726219453907,691.38907715724,686.866567524327,IPCC AR4 GWP100,IPCC AR5 GWP100; CH4=28 and N2O=265,egrid2022_data.xlsx,"ST22!STCO2AN, STCH4AN, STN2OAN, STNGENAN; reported comparison from STC2ERTA"
2022,VA,89477324.859,267.97209812030604,267.60634412127,266.46241734258183,IPCC AR4 GWP100,IPCC AR5 GWP100; CH4=28 and N2O=265,egrid2022_data.xlsx,"ST22!STCO2AN, STCH4AN, STN2OAN, STNGENAN; reported comparison from STC2ERTA"
2022,VT,2182637.111,19.26120127825431,19.32711729333,16.160222160638916,IPCC AR4 GWP100,IPCC AR5 GWP100; CH4=28 and N2O=265,egrid2022_data.xlsx,"ST22!STCO2AN, STCH4AN, STN2OAN, STNGENAN; reported comparison from STC2ERTA"
2022,WA,116650629.994,84.33956627125515,84.35230508705,83.82818198146376,IPCC AR4 GWP100,IPCC AR5 GWP100; CH4=28 and N2O=265,egrid2022_data.xlsx,"ST22!STCO2AN, STCH4AN, STN2OAN, STNGENAN; reported comparison from STC2ERTA"
2022,WI,61228765.961,534.4375647494098,534.51687754696,531.3628257990389,IPCC AR4 GWP100,IPCC AR5 GWP100; CH4=28 and N2O=265,egrid2022_data.xlsx,"ST22!STCO2AN, STCH4AN, STN2OAN, STNGENAN; reported comparison from STC2ERTA"
2022,WV,56665360.441,895.3553969394001,895.5392094926201,888.5405791742605,IPCC AR4 GWP100,IPCC AR5 GWP100; CH4=28 and N2O=265,egrid2022_data.xlsx,"ST22!STCO2AN, STCH4AN, STN2OAN, STNGENAN; reported comparison from STC2ERTA"
2022,WY,46210977.449,824.2863536298626,824.44223423408,818.5014242235046,IPCC AR4 GWP100,IPCC AR5 GWP100; CH4=28 and N2O=265,egrid2022_data.xlsx,"ST22!STCO2AN, STCH4AN, STN2OAN, STNGENAN; reported comparison from STC2ERTA"
2023,AK,6678905.161,369.43135553196305,369.43148089309,367.33000651986026,IPCC AR5 GWP100,IPCC AR5 GWP100; CH4=28 and N2O=265,egrid2023_data_rev2.xlsx,"ST23!STCO2AN, STCH4AN, STN2OAN, STNGENAN; reported comparison from STC2ERTA"
2023,AL,138596256.477,323.8541379153855,323.85406596312004,322.49853553678656,IPCC AR5 GWP100,IPCC AR5 GWP100; CH4=28 and N2O=265,egrid2023_data_rev2.xlsx,"ST23!STCO2AN, STCH4AN, STN2OAN, STNGENAN; reported comparison from STC2ERTA"
2023,AR,63195646.552,452.87288650888115,452.87297250118,450.6044599161595,IPCC AR5 GWP100,IPCC AR5 GWP100; CH4=28 and N2O=265,egrid2023_data_rev2.xlsx,"ST23!STCO2AN, STCH4AN, STN2OAN, STNGENAN; reported comparison from STC2ERTA"
2023,AZ,111820945.514,312.57210241840414,312.57231653648006,311.47635639994564,IPCC AR5 GWP100,IPCC AR5 GWP100; CH4=28 and N2O=265,egrid2023_data_rev2.xlsx,"ST23!STCO2AN, STCH4AN, STN2OAN, STNGENAN; reported comparison from STC2ERTA"
2023,CA,216080235.825,179.0640050031462,179.06420631253002,178.48236643090792,IPCC AR5 GWP100,IPCC AR5 GWP100; CH4=28 and N2O=265,egrid2023_data_rev2.xlsx,"ST23!STCO2AN, STCH4AN, STN2OAN, STNGENAN; reported comparison from STC2ERTA"
2023,CO,57471488.483,494.904813803869,494.90465587486,492.15723980774715,IPCC AR5 GWP100,IPCC AR5 GWP100; CH4=28 and N2O=265,egrid2023_data_rev2.xlsx,"ST23!STCO2AN, STCH4AN, STN2OAN, STNGENAN; reported comparison from STC2ERTA"
2023,CT,40652074.995,245.24549081873042,245.24560105738001,244.1531856354547,IPCC AR5 GWP100,IPCC AR5 GWP100; CH4=28 and N2O=265,egrid2023_data_rev2.xlsx,"ST23!STCO2AN, STCH4AN, STN2OAN, STNGENAN; reported comparison from STC2ERTA"
2023,DC,171869.499,179.17415860658173,179.17397566607002,178.7601577372334,IPCC AR5 GWP100,IPCC AR5 GWP100; CH4=28 and N2O=265,egrid2023_data_rev2.xlsx,"ST23!STCO2AN, STCH4AN, STN2OAN, STNGENAN; reported comparison from STC2ERTA"
2023,DE,4772059.259,319.40645322612716,319.40659277527004,318.96362574015023,IPCC AR5 GWP100,IPCC AR5 GWP100; CH4=28 and N2O=265,egrid2023_data_rev2.xlsx,"ST23!STCO2AN, STCH4AN, STN2OAN, STNGENAN; reported comparison from STC2ERTA"
2023,FL,258099011.95,357.94455534704406,357.94470771521003,356.81601239129026,IPCC AR5 GWP100,IPCC AR5 GWP100; CH4=28 and N2O=265,egrid2023_data_rev2.xlsx,"ST23!STCO2AN, STCH4AN, STN2OAN, STNGENAN; reported comparison from STC2ERTA"
2023,GA,129220273.258,325.4274995098813,325.42757789465,323.7884682077497,IPCC AR5 GWP100,IPCC AR5 GWP100; CH4=28 and N2O=265,egrid2023_data_rev2.xlsx,"ST23!STCO2AN, STCH4AN, STN2OAN, STNGENAN; reported comparison from STC2ERTA"
2023,HI,9158617.733,632.6161474753626,632.6162065916001,628.2849076716288,IPCC AR5 GWP100,IPCC AR5 GWP100; CH4=28 and N2O=265,egrid2023_data_rev2.xlsx,"ST23!STCO2AN, STCH4AN, STN2OAN, STNGENAN; reported comparison from STC2ERTA"
2023,IA,69819809.048,287.6484249519214,287.64832298972,285.848053121799,IPCC AR5 GWP100,IPCC AR5 GWP100; CH4=28 and N2O=265,egrid2023_data_rev2.xlsx,"ST23!STCO2AN, STCH4AN, STN2OAN, STNGENAN; reported comparison from STC2ERTA"
2023,ID,17842445.937,142.3736047555775,142.3735730956,142.10707960286683,IPCC AR5 GWP100,IPCC AR5 GWP100; CH4=28 and N2O=265,egrid2023_data_rev2.xlsx,"ST23!STCO2AN, STCH4AN, STN2OAN, STNGENAN; reported comparison from STC2ERTA"
2023,IL,177690286.567,215.2004741174664,215.20054965332,213.9617723005444,IPCC AR5 GWP100,IPCC AR5 GWP100; CH4=28 and N2O=265,egrid2023_data_rev2.xlsx,"ST23!STCO2AN, STCH4AN, STN2OAN, STNGENAN; reported comparison from STC2ERTA"
2023,IN,90031870.696,664.740405019609,664.74052541974,660.9703426556702,IPCC AR5 GWP100,IPCC AR5 GWP100; CH4=28 and N2O=265,egrid2023_data_rev2.xlsx,"ST23!STCO2AN, STCH4AN, STN2OAN, STNGENAN; reported comparison from STC2ERTA"
2023,KS,58456598.044,332.6121161818401,332.61202744308,330.28767826718337,IPCC AR5 GWP100,IPCC AR5 GWP100; CH4=28 and N2O=265,egrid2023_data_rev2.xlsx,"ST23!STCO2AN, STCH4AN, STN2OAN, STNGENAN; reported comparison from STC2ERTA"
2023,KY,62417958.511,792.4276370737498,792.42768475948,786.9867272081474,IPCC AR5 GWP100,IPCC AR5 GWP100; CH4=28 and N2O=265,egrid2023_data_rev2.xlsx,"ST23!STCO2AN, STCH4AN, STN2OAN, STNGENAN; reported comparison from STC2ERTA"
2023,LA,97434806.41,346.12176904811423,346.12182259116,345.366998819146,IPCC AR5 GWP100,IPCC AR5 GWP100; CH4=28 and N2O=265,egrid2023_data_rev2.xlsx,"ST23!STCO2AN, STCH4AN, STN2OAN, STNGENAN; reported comparison from STC2ERTA"
2023,MA,19663313.081,376.52751450250565,376.52747992937003,373.0300521233588,IPCC AR5 GWP100,IPCC AR5 GWP100; CH4=28 and N2O=265,egrid2023_data_rev2.xlsx,"ST23!STCO2AN, STCH4AN, STN2OAN, STNGENAN; reported comparison from STC2ERTA"
2023,MD,35987133.297,236.8693146507776,236.86911076059002,235.87811164417764,IPCC AR5 GWP100,IPCC AR5 GWP100; CH4=28 and N2O=265,egrid2023_data_rev2.xlsx,"ST23!STCO2AN, STCH4AN, STN2OAN, STNGENAN; reported comparison from STC2ERTA"
2023,ME,12512180.99,143.71377092109228,143.71393854895,141.44076709567338,IPCC AR5 GWP100,IPCC AR5 GWP100; CH4=28 and N2O=265,egrid2023_data_rev2.xlsx,"ST23!STCO2AN, STCH4AN, STN2OAN, STNGENAN; reported comparison from STC2ERTA"
2023,MI,120648501.215,361.70897606538057,361.70907079384,359.7763209944085,IPCC AR5 GWP100,IPCC AR5 GWP100; CH4=28 and N2O=265,egrid2023_data_rev2.xlsx,"ST23!STCO2AN, STCH4AN, STN2OAN, STNGENAN; reported comparison from STC2ERTA"
2023,MN,57260118.977,341.25081216715995,341.25069412973,339.0806347455495,IPCC AR5 GWP100,IPCC AR5 GWP100; CH4=28 and N2O=265,egrid2023_data_rev2.xlsx,"ST23!STCO2AN, STCH4AN, STN2OAN, STNGENAN; reported comparison from STC2ERTA"
2023,MO,66705178.956,659.7920708036113,659.7922862554101,655.0493897548647,IPCC AR5 GWP100,IPCC AR5 GWP100; CH4=28 and N2O=265,egrid2023_data_rev2.xlsx,"ST23!STCO2AN, STCH4AN, STN2OAN, STNGENAN; reported comparison from STC2ERTA"
2023,MS,72933440.201,375.6985762929853,375.69876666938,374.8190292570256,IPCC AR5 GWP100,IPCC AR5 GWP100; CH4=28 and N2O=265,egrid2023_data_rev2.xlsx,"ST23!STCO2AN, STCH4AN, STN2OAN, STNGENAN; reported comparison from STC2ERTA"
2023,MT,26895758.013,482.5866649006598,482.5864478827701,479.0692345411206,IPCC AR5 GWP100,IPCC AR5 GWP100; CH4=28 and N2O=265,egrid2023_data_rev2.xlsx,"ST23!STCO2AN, STCH4AN, STN2OAN, STNGENAN; reported comparison from STC2ERTA"
2023,NC,126510680.084,284.1474502846105,284.14749707806,283.02275002556416,IPCC AR5 GWP100,IPCC AR5 GWP100; CH4=28 and N2O=265,egrid2023_data_rev2.xlsx,"ST23!STCO2AN, STCH4AN, STN2OAN, STNGENAN; reported comparison from STC2ERTA"
2023,ND,42068807.125,588.6959149643503,588.6957645892401,584.3921148495326,IPCC AR5 GWP100,IPCC AR5 GWP100; CH4=28 and N2O=265,egrid2023_data_rev2.xlsx,"ST23!STCO2AN, STCH4AN, STN2OAN, STNGENAN; reported comparison from STC2ERTA"
2023,NE,39445955.006,465.30509326119716,465.30503217814,461.8270178349173,IPCC AR5 GWP100,IPCC AR5 GWP100; CH4=28 and N2O=265,egrid2023_data_rev2.xlsx,"ST23!STCO2AN, STCH4AN, STN2OAN, STNGENAN; reported comparison from STC2ERTA"
2023,NH,16824998.889,125.29213065101831,125.29219162614,123.76447055584076,IPCC AR5 GWP100,IPCC AR5 GWP100; CH4=28 and N2O=265,egrid2023_data_rev2.xlsx,"ST23!STCO2AN, STCH4AN, STN2OAN, STNGENAN; reported comparison from STC2ERTA"
2023,NJ,64195046.033,213.2645617812463,213.26461741816001,212.42169675979451,IPCC AR5 GWP100,IPCC AR5 GWP100; CH4=28 and N2O=265,egrid2023_data_rev2.xlsx,"ST23!STCO2AN, STCH4AN, STN2OAN, STNGENAN; reported comparison from STC2ERTA"
2023,NM,39258858.763,350.9159352142669,350.91584034969,349.36313089162246,IPCC AR5 GWP100,IPCC AR5 GWP100; CH4=28 and N2O=265,egrid2023_data_rev2.xlsx,"ST23!STCO2AN, STCH4AN, STN2OAN, STNGENAN; reported comparison from STC2ERTA"
2023,NV,42162355.474,292.0497350515941,292.04952975583,291.37397291695663,IPCC AR5 GWP100,IPCC AR5 GWP100; CH4=28 and N2O=265,egrid2023_data_rev2.xlsx,"ST23!STCO2AN, STCH4AN, STN2OAN, STNGENAN; reported comparison from STC2ERTA"
2023,NY,123473720.157,211.65363436218823,211.65345731992,210.98200217311117,IPCC AR5 GWP100,IPCC AR5 GWP100; CH4=28 and N2O=265,egrid2023_data_rev2.xlsx,"ST23!STCO2AN, STCH4AN, STN2OAN, STNGENAN; reported comparison from STC2ERTA"
2023,OH,133121090.814,484.5589188675632,484.55912109990004,482.5511114256422,IPCC AR5 GWP100,IPCC AR5 GWP100; CH4=28 and N2O=265,egrid2023_data_rev2.xlsx,"ST23!STCO2AN, STCH4AN, STN2OAN, STNGENAN; reported comparison from STC2ERTA"
2023,OK,88878115.88,294.3061512874112,294.30615179657997,293.5679871938715,IPCC AR5 GWP100,IPCC AR5 GWP100; CH4=28 and N2O=265,egrid2023_data_rev2.xlsx,"ST23!STCO2AN, STCH4AN, STN2OAN, STNGENAN; reported comparison from STC2ERTA"
2023,OR,61683300.013,165.54455210628316,165.54443213231002,165.1811393282656,IPCC AR5 GWP100,IPCC AR5 GWP100; CH4=28 and N2O=265,egrid2023_data_rev2.xlsx,"ST23!STCO2AN, STCH4AN, STN2OAN, STNGENAN; reported comparison from STC2ERTA"
2023,PA,235912550.485,293.8693450623773,293.86934234427,292.91749904415985,IPCC AR5 GWP100,IPCC AR5 GWP100; CH4=28 and N2O=265,egrid2023_data_rev2.xlsx,"ST23!STCO2AN, STCH4AN, STN2OAN, STNGENAN; reported comparison from STC2ERTA"
2023,RI,10416553.048,381.01956302652,381.01940516948,380.62560972169643,IPCC AR5 GWP100,IPCC AR5 GWP100; CH4=28 and N2O=265,egrid2023_data_rev2.xlsx,"ST23!STCO2AN, STCH4AN, STN2OAN, STNGENAN; reported comparison from STC2ERTA"
2023,SC,100853387.4,254.1761566398344,254.17638123031003,252.7295234581406,IPCC AR5 GWP100,IPCC AR5 GWP100; CH4=28 and N2O=265,egrid2023_data_rev2.xlsx,"ST23!STCO2AN, STCH4AN, STN2OAN, STNGENAN; reported comparison from STC2ERTA"
2023,SD,17405995.526,152.21764504303394,152.21743470934,151.51440402143524,IPCC AR5 GWP100,IPCC AR5 GWP100; CH4=28 and N2O=265,egrid2023_data_rev2.xlsx,"ST23!STCO2AN, STCH4AN, STN2OAN, STNGENAN; reported comparison from STC2ERTA"
2023,TN,77754006.807,299.89990487277237,299.89985290342,298.1312404476648,IPCC AR5 GWP100,IPCC AR5 GWP100; CH4=28 and N2O=265,egrid2023_data_rev2.xlsx,"ST23!STCO2AN, STCH4AN, STN2OAN, STNGENAN; reported comparison from STC2ERTA"
2023,TX,544038647.008,349.80073139662716,349.80091030423,348.5027136359315,IPCC AR5 GWP100,IPCC AR5 GWP100; CH4=28 and N2O=265,egrid2023_data_rev2.xlsx,"ST23!STCO2AN, STCH4AN, STN2OAN, STNGENAN; reported comparison from STC2ERTA"
2023,UT,32789440.038,644.6610352492104,644.66089838458,640.9347816104034,IPCC AR5 GWP100,IPCC AR5 GWP100; CH4=28 and N2O=265,egrid2023_data_rev2.xlsx,"ST23!STCO2AN, STCH4AN, STN2OAN, STNGENAN; reported comparison from STC2ERTA"
2023,VA,91024103.437,244.7579415008848,244.75798925963002,243.51164747744673,IPCC AR5 GWP100,IPCC AR5 GWP100; CH4=28 and N2O=265,egrid2023_data_rev2.xlsx,"ST23!STCO2AN, STCH4AN, STN2OAN, STNGENAN; reported comparison from STC2ERTA"
2023,VT,2480198.747,23.695374653003146,23.69521181643,19.49567363258492,IPCC AR5 GWP100,IPCC AR5 GWP100; CH4=28 and N2O=265,egrid2023_data_rev2.xlsx,"ST23!STCO2AN, STCH4AN, STN2OAN, STNGENAN; reported comparison from STC2ERTA"
2023,WA,102953150.197,120.92099029838242,120.92092195645,120.25613617562851,IPCC AR5 GWP100,IPCC AR5 GWP100; CH4=28 and N2O=265,egrid2023_data_rev2.xlsx,"ST23!STCO2AN, STCH4AN, STN2OAN, STNGENAN; reported comparison from STC2ERTA"
2023,WI,62538903.174,527.7871563547909,527.78738114564,524.8045879747674,IPCC AR5 GWP100,IPCC AR5 GWP100; CH4=28 and N2O=265,egrid2023_data_rev2.xlsx,"ST23!STCO2AN, STCH4AN, STN2OAN, STNGENAN; reported comparison from STC2ERTA"
2023,WV,52286784.268,893.0639126032002,893.06395592953,886.4931760843995,IPCC AR5 GWP100,IPCC AR5 GWP100; CH4=28 and N2O=265,egrid2023_data_rev2.xlsx,"ST23!STCO2AN, STCH4AN, STN2OAN, STNGENAN; reported comparison from STC2ERTA"
2023,WY,43176351.213,831.5539040677187,831.55410900331,825.6822607260964,IPCC AR5 GWP100,IPCC AR5 GWP100; CH4=28 and N2O=265,egrid2023_data_rev2.xlsx,"ST23!STCO2AN, STCH4AN, STN2OAN, STNGENAN; reported comparison from STC2ERTA"
